timestamp,paper_session_id,rebalance_id,strategy_id,strategy_hash,universe_id,universe_hash,event_type,component,status,message
2026-08-14T17:30:15.211796+00:00,PAPER-2026-08-14-DRYRUN,2026-08-11,CSM001xTSM001,86EA1C067905B9AD1AAE714019057602B454D578361EC3B15B3A6B14569D32A7,FUF001_FREE_US_EQUITY_250_V1,BC7879B3830C7327EB0A5779625A347C06826C47488F64326C7D0B2884CC741D,SESSION_CREATED,controller,PASS,Dry-run session created without PAPER_T0.
2026-08-14T17:30:15.226182+00:00,PAPER-2026-08-14-DRYRUN,2026-08-11,CSM001xTSM001,86EA1C067905B9AD1AAE714019057602B454D578361EC3B15B3A6B14569D32A7,FUF001_FREE_US_EQUITY_250_V1,BC7879B3830C7327EB0A5779625A347C06826C47488F64326C7D0B2884CC741D,READINESS_CHECK,universe,PASS,Canonical FUF hash checked.
2026-08-14T17:30:15.227193+00:00,PAPER-2026-08-14-DRYRUN,2026-08-11,CSM001xTSM001,86EA1C067905B9AD1AAE714019057602B454D578361EC3B15B3A6B14569D32A7,FUF001_FREE_US_EQUITY_250_V1,BC7879B3830C7327EB0A5779625A347C06826C47488F64326C7D0B2884CC741D,READINESS_CHECK,strategy,PASS,Frozen strategy hash checked.
2026-08-14T17:30:15.252373+00:00,PAPER-2026-08-14-DRYRUN,2026-08-11,CSM001xTSM001,86EA1C067905B9AD1AAE714019057602B454D578361EC3B15B3A6B14569D32A7,FUF001_FREE_US_EQUITY_250_V1,BC7879B3830C7327EB0A5779625A347C06826C47488F64326C7D0B2884CC741D,SESSION_CREATED,controller,PASS,Dry-run session created without PAPER_T0.
2026-08-14T17:30:15.268848+00:00,PAPER-2026-08-14-DRYRUN,2026-08-11,CSM001xTSM001,86EA1C067905B9AD1AAE714019057602B454D578361EC3B15B3A6B14569D32A7,FUF001_FREE_US_EQUITY_250_V1,BC7879B3830C7327EB0A5779625A347C06826C47488F64326C7D0B2884CC741D,READINESS_CHECK,universe,PASS,Canonical FUF hash checked.
2026-08-14T17:30:15.269872+00:00,PAPER-2026-08-14-DRYRUN,2026-08-11,CSM001xTSM001,86EA1C067905B9AD1AAE714019057602B454D578361EC3B15B3A6B14569D32A7,FUF001_FREE_US_EQUITY_250_V1,BC7879B3830C7327EB0A5779625A347C06826C47488F64326C7D0B2884CC741D,READINESS_CHECK,strategy,PASS,Frozen strategy hash checked.
2026-08-14T17:30:15.713362+00:00,PAPER-2026-08-14-DRYRUN,2026-08-11,CSM001xTSM001,86EA1C067905B9AD1AAE714019057602B454D578361EC3B15B3A6B14569D32A7,FUF001_FREE_US_EQUITY_250_V1,BC7879B3830C7327EB0A5779625A347C06826C47488F64326C7D0B2884CC741D,SCHEDULE_CHECK,calendar,PASS,session=MARKET_OPEN
2026-08-14T17:30:15.713362+00:00,PAPER-2026-08-14-DRYRUN,2026-08-11,CSM001xTSM001,86EA1C067905B9AD1AAE714019057602B454D578361EC3B15B3A6B14569D32A7,FUF001_FREE_US_EQUITY_250_V1,BC7879B3830C7327EB0A5779625A347C06826C47488F64326C7D0B2884CC741D,DATA_FRESHNESS_CHECK,target_snapshot,PASS,Frozen target snapshot integrity checked.
2026-08-14T17:30:15.713362+00:00,PAPER-2026-08-14-DRYRUN,2026-08-11,CSM001xTSM001,86EA1C067905B9AD1AAE714019057602B454D578361EC3B15B3A6B14569D32A7,FUF001_FREE_US_EQUITY_250_V1,BC7879B3830C7327EB0A5779625A347C06826C47488F64326C7D0B2884CC741D,ELIGIBILITY_CHECK,csm,PASS,eligible_count=250
2026-08-14T17:30:15.733091+00:00,PAPER-2026-08-14-DRYRUN,2026-08-11,CSM001xTSM001,86EA1C067905B9AD1AAE714019057602B454D578361EC3B15B3A6B14569D32A7,FUF001_FREE_US_EQUITY_250_V1,BC7879B3830C7327EB0A5779625A347C06826C47488F64326C7D0B2884CC741D,SCHEDULE_CHECK,calendar,PASS,session=MARKET_OPEN
2026-08-14T17:30:15.734357+00:00,PAPER-2026-08-14-DRYRUN,2026-08-11,CSM001xTSM001,86EA1C067905B9AD1AAE714019057602B454D578361EC3B15B3A6B14569D32A7,FUF001_FREE_US_EQUITY_250_V1,BC7879B3830C7327EB0A5779625A347C06826C47488F64326C7D0B2884CC741D,DATA_FRESHNESS_CHECK,target_snapshot,PASS,Frozen target snapshot integrity checked.
2026-08-14T17:30:15.734357+00:00,PAPER-2026-08-14-DRYRUN,2026-08-11,CSM001xTSM001,86EA1C067905B9AD1AAE714019057602B454D578361EC3B15B3A6B14569D32A7,FUF001_FREE_US_EQUITY_250_V1,BC7879B3830C7327EB0A5779625A347C06826C47488F64326C7D0B2884CC741D,ELIGIBILITY_CHECK,csm,PASS,eligible_count=250
2026-08-14T17:30:16.909874+00:00,PAPER-2026-08-14-DRYRUN,2026-08-11,CSM001xTSM001,86EA1C067905B9AD1AAE714019057602B454D578361EC3B15B3A6B14569D32A7,FUF001_FREE_US_EQUITY_250_V1,BC7879B3830C7327EB0A5779625A347C06826C47488F64326C7D0B2884CC741D,RECONCILIATION_CHECK,positions,PASS,"{""AAOI"": ""MISSING_BROKER"", ""ACMR"": ""MISSING_BROKER"", ""ACRS"": ""MISSING_BROKER"", ""ADV"": ""MISSING_BROKER"", ""ALGT"": ""MISSING_BROKER"", ""ALIT"": ""MISSING_BROKER"", ""ALXO"": ""MISSING_BROKER"", ""AMAT"": ""MISSING_BROKER"", ""AMCR"": ""MISSING_BROKER"", ""AMD"": ""MISSING_BROKER"", ""AMKR"": ""MISSING_BROKER"", ""ANAB"": ""MISSING_BROKER"", ""ANNX"": ""MISSING_BROKER"", ""APPS"": ""MISSING_BROKER"", ""ARWR"": ""MISSING_BROKER"", ""ASML"": ""MISSING_BROKER"", ""ATEX"": ""MISSING_BROKER"", ""ATRO"": ""MISSING_BROKER"", ""AXGN"": ""MISSING_BROKER"", ""AXSM"": ""MISSING_BROKER"", ""AXTI"": ""MISSING_BROKER"", ""BAND"": ""MISSING_BROKER"", ""CALY"": ""MISSING_BROKER"", ""CDNA"": ""MISSING_BROKER"", ""CERS"": ""MISSING_BROKER""}"
2026-08-14T17:30:16.917598+00:00,PAPER-2026-08-14-DRYRUN,2026-08-11,CSM001xTSM001,86EA1C067905B9AD1AAE714019057602B454D578361EC3B15B3A6B14569D32A7,FUF001_FREE_US_EQUITY_250_V1,BC7879B3830C7327EB0A5779625A347C06826C47488F64326C7D0B2884CC741D,RECONCILIATION_CHECK,positions,PASS,"{""AAOI"": ""MISSING_BROKER"", ""ACMR"": ""MISSING_BROKER"", ""ACRS"": ""MISSING_BROKER"", ""ADV"": ""MISSING_BROKER"", ""ALGT"": ""MISSING_BROKER"", ""ALIT"": ""MISSING_BROKER"", ""ALXO"": ""MISSING_BROKER"", ""AMAT"": ""MISSING_BROKER"", ""AMCR"": ""MISSING_BROKER"", ""AMD"": ""MISSING_BROKER"", ""AMKR"": ""MISSING_BROKER"", ""ANAB"": ""MISSING_BROKER"", ""ANNX"": ""MISSING_BROKER"", ""APPS"": ""MISSING_BROKER"", ""ARWR"": ""MISSING_BROKER"", ""ASML"": ""MISSING_BROKER"", ""ATEX"": ""MISSING_BROKER"", ""ATRO"": ""MISSING_BROKER"", ""AXGN"": ""MISSING_BROKER"", ""AXSM"": ""MISSING_BROKER"", ""AXTI"": ""MISSING_BROKER"", ""BAND"": ""MISSING_BROKER"", ""CALY"": ""MISSING_BROKER"", ""CDNA"": ""MISSING_BROKER"", ""CERS"": ""MISSING_BROKER""}"
2026-08-14T17:30:16.930126+00:00,PAPER-2026-08-14-DRYRUN,2026-08-11,CSM001xTSM001,86EA1C067905B9AD1AAE714019057602B454D578361EC3B15B3A6B14569D32A7,FUF001_FREE_US_EQUITY_250_V1,BC7879B3830C7327EB0A5779625A347C06826C47488F64326C7D0B2884CC741D,RECONCILIATION_CHECK,orders,PASS,"{""CSM001xTSM001-2026-08-11-AAOI-BUY-001"": ""INTENT_ONLY"", ""CSM001xTSM001-2026-08-11-ACMR-BUY-002"": ""INTENT_ONLY"", ""CSM001xTSM001-2026-08-11-ACRS-BUY-003"": ""INTENT_ONLY"", ""CSM001xTSM001-2026-08-11-ADV-BUY-004"": ""INTENT_ONLY"", ""CSM001xTSM001-2026-08-11-ALGT-BUY-005"": ""INTENT_ONLY"", ""CSM001xTSM001-2026-08-11-ALIT-BUY-006"": ""INTENT_ONLY"", ""CSM001xTSM001-2026-08-11-ALXO-BUY-007"": ""INTENT_ONLY"", ""CSM001xTSM001-2026-08-11-AMAT-BUY-008"": ""INTENT_ONLY"", ""CSM001xTSM001-2026-08-11-AMCR-BUY-009"": ""INTENT_ONLY"", ""CSM001xTSM001-2026-08-11-AMD-BUY-010"": ""INTENT_ONLY"", ""CSM001xTSM001-2026-08-11-AMKR-BUY-011"": ""INTENT_ONLY"", ""CSM001xTSM001-2026-08-11-ANAB-BUY-012"": ""INTENT_ONLY"", ""CSM001xTSM001-2026-08-11-ANNX-BUY-013"": ""INTENT_ONLY"", ""CSM001xTSM001-2026-08-11-APPS-BUY-014"": ""INTENT_ONLY"", ""CSM001xTSM001-2026-08-11-ARWR-BUY-015"": ""INTENT_ONLY"", ""CSM001xTSM001-2026-08-11-ASML-BUY-016"": ""INTENT_ONLY"", ""CSM001xTSM001-2026-08-11-ATEX-BUY-017"": ""INTENT_ONLY"", ""CSM001xTSM001-2026-08-11-ATRO-BUY-018"": ""INTENT_ONLY"", ""CSM001xTSM001-2026-08-11-AXGN-BUY-019"": ""INTENT_ONLY"", ""CSM001xTSM001-2026-08-11-AXSM-BUY-020"": ""INTENT_ONLY"", ""CSM001xTSM001-2026-08-11-AXTI-BUY-021"": ""INTENT_ONLY"", ""CSM001xTSM001-2026-08-11-BAND-BUY-022"": ""INTENT_ONLY"", ""CSM001xTSM001-2026-08-11-CALY-BUY-023"": ""INTENT_ONLY"", ""CSM001xTSM001-2026-08-11-CDNA-BUY-024"": ""INTENT_ONLY"", ""CSM001xTSM001-2026-08-11-CERS-BUY-025"": ""INTENT_ONLY""}"
2026-08-14T17:30:16.932906+00:00,PAPER-2026-08-14-DRYRUN,2026-08-11,CSM001xTSM001,86EA1C067905B9AD1AAE714019057602B454D578361EC3B15B3A6B14569D32A7,FUF001_FREE_US_EQUITY_250_V1,BC7879B3830C7327EB0A5779625A347C06826C47488F64326C7D0B2884CC741D,RECONCILIATION_CHECK,orders,PASS,"{""CSM001xTSM001-2026-08-11-AAOI-BUY-001"": ""INTENT_ONLY"", ""CSM001xTSM001-2026-08-11-ACMR-BUY-002"": ""INTENT_ONLY"", ""CSM001xTSM001-2026-08-11-ACRS-BUY-003"": ""INTENT_ONLY"", ""CSM001xTSM001-2026-08-11-ADV-BUY-004"": ""INTENT_ONLY"", ""CSM001xTSM001-2026-08-11-ALGT-BUY-005"": ""INTENT_ONLY"", ""CSM001xTSM001-2026-08-11-ALIT-BUY-006"": ""INTENT_ONLY"", ""CSM001xTSM001-2026-08-11-ALXO-BUY-007"": ""INTENT_ONLY"", ""CSM001xTSM001-2026-08-11-AMAT-BUY-008"": ""INTENT_ONLY"", ""CSM001xTSM001-2026-08-11-AMCR-BUY-009"": ""INTENT_ONLY"", ""CSM001xTSM001-2026-08-11-AMD-BUY-010"": ""INTENT_ONLY"", ""CSM001xTSM001-2026-08-11-AMKR-BUY-011"": ""INTENT_ONLY"", ""CSM001xTSM001-2026-08-11-ANAB-BUY-012"": ""INTENT_ONLY"", ""CSM001xTSM001-2026-08-11-ANNX-BUY-013"": ""INTENT_ONLY"", ""CSM001xTSM001-2026-08-11-APPS-BUY-014"": ""INTENT_ONLY"", ""CSM001xTSM001-2026-08-11-ARWR-BUY-015"": ""INTENT_ONLY"", ""CSM001xTSM001-2026-08-11-ASML-BUY-016"": ""INTENT_ONLY"", ""CSM001xTSM001-2026-08-11-ATEX-BUY-017"": ""INTENT_ONLY"", ""CSM001xTSM001-2026-08-11-ATRO-BUY-018"": ""INTENT_ONLY"", ""CSM001xTSM001-2026-08-11-AXGN-BUY-019"": ""INTENT_ONLY"", ""CSM001xTSM001-2026-08-11-AXSM-BUY-020"": ""INTENT_ONLY"", ""CSM001xTSM001-2026-08-11-AXTI-BUY-021"": ""INTENT_ONLY"", ""CSM001xTSM001-2026-08-11-BAND-BUY-022"": ""INTENT_ONLY"", ""CSM001xTSM001-2026-08-11-CALY-BUY-023"": ""INTENT_ONLY"", ""CSM001xTSM001-2026-08-11-CDNA-BUY-024"": ""INTENT_ONLY"", ""CSM001xTSM001-2026-08-11-CERS-BUY-025"": ""INTENT_ONLY""}"
2026-08-14T17:30:16.948394+00:00,PAPER-2026-08-14-DRYRUN,2026-08-11,CSM001xTSM001,86EA1C067905B9AD1AAE714019057602B454D578361EC3B15B3A6B14569D32A7,FUF001_FREE_US_EQUITY_250_V1,BC7879B3830C7327EB0A5779625A347C06826C47488F64326C7D0B2884CC741D,ORDER_INTENTS_CREATED,order_intent,PASS,count=25
2026-08-14T17:30:16.948394+00:00,PAPER-2026-08-14-DRYRUN,2026-08-11,CSM001xTSM001,86EA1C067905B9AD1AAE714019057602B454D578361EC3B15B3A6B14569D32A7,FUF001_FREE_US_EQUITY_250_V1,BC7879B3830C7327EB0A5779625A347C06826C47488F64326C7D0B2884CC741D,RISK_GUARD_CHECK,risk,PASS,
2026-08-14T17:30:16.949495+00:00,PAPER-2026-08-14-DRYRUN,2026-08-11,CSM001xTSM001,86EA1C067905B9AD1AAE714019057602B454D578361EC3B15B3A6B14569D32A7,FUF001_FREE_US_EQUITY_250_V1,BC7879B3830C7327EB0A5779625A347C06826C47488F64326C7D0B2884CC741D,RISK_GUARD_CHECK,buying_power,PASS,required=100000.00;available=400000.00
2026-08-14T17:30:16.949495+00:00,PAPER-2026-08-14-DRYRUN,2026-08-11,CSM001xTSM001,86EA1C067905B9AD1AAE714019057602B454D578361EC3B15B3A6B14569D32A7,FUF001_FREE_US_EQUITY_250_V1,BC7879B3830C7327EB0A5779625A347C06826C47488F64326C7D0B2884CC741D,DRY_RUN_BLOCK,submission_boundary,BLOCKED,DRY_RUN_BLOCK_EXECUTION_FLAGS_FALSE
2026-08-14T17:30:16.950525+00:00,PAPER-2026-08-14-DRYRUN,2026-08-11,CSM001xTSM001,86EA1C067905B9AD1AAE714019057602B454D578361EC3B15B3A6B14569D32A7,FUF001_FREE_US_EQUITY_250_V1,BC7879B3830C7327EB0A5779625A347C06826C47488F64326C7D0B2884CC741D,ORDER_INTENTS_CREATED,order_intent,PASS,count=25
2026-08-14T17:30:16.950525+00:00,PAPER-2026-08-14-DRYRUN,2026-08-11,CSM001xTSM001,86EA1C067905B9AD1AAE714019057602B454D578361EC3B15B3A6B14569D32A7,FUF001_FREE_US_EQUITY_250_V1,BC7879B3830C7327EB0A5779625A347C06826C47488F64326C7D0B2884CC741D,RISK_GUARD_CHECK,risk,PASS,
2026-08-14T17:30:16.951523+00:00,PAPER-2026-08-14-DRYRUN,2026-08-11,CSM001xTSM001,86EA1C067905B9AD1AAE714019057602B454D578361EC3B15B3A6B14569D32A7,FUF001_FREE_US_EQUITY_250_V1,BC7879B3830C7327EB0A5779625A347C06826C47488F64326C7D0B2884CC741D,RISK_GUARD_CHECK,buying_power,PASS,required=100000.00;available=400000.00
2026-08-14T17:30:16.951523+00:00,PAPER-2026-08-14-DRYRUN,2026-08-11,CSM001xTSM001,86EA1C067905B9AD1AAE714019057602B454D578361EC3B15B3A6B14569D32A7,FUF001_FREE_US_EQUITY_250_V1,BC7879B3830C7327EB0A5779625A347C06826C47488F64326C7D0B2884CC741D,DRY_RUN_BLOCK,submission_boundary,BLOCKED,DRY_RUN_BLOCK_EXECUTION_FLAGS_FALSE
2026-08-14T17:30:16.969110+00:00,PAPER-2026-08-14-DRYRUN,2026-08-11,CSM001xTSM001,86EA1C067905B9AD1AAE714019057602B454D578361EC3B15B3A6B14569D32A7,FUF001_FREE_US_EQUITY_250_V1,BC7879B3830C7327EB0A5779625A347C06826C47488F64326C7D0B2884CC741D,SESSION_CREATED,controller,PASS,Dry-run session created without PAPER_T0.
2026-08-14T17:30:16.986366+00:00,PAPER-2026-08-14-DRYRUN,2026-08-11,CSM001xTSM001,86EA1C067905B9AD1AAE714019057602B454D578361EC3B15B3A6B14569D32A7,FUF001_FREE_US_EQUITY_250_V1,BC7879B3830C7327EB0A5779625A347C06826C47488F64326C7D0B2884CC741D,READINESS_CHECK,universe,PASS,Canonical FUF hash checked.
2026-08-14T17:30:16.987371+00:00,PAPER-2026-08-14-DRYRUN,2026-08-11,CSM001xTSM001,86EA1C067905B9AD1AAE714019057602B454D578361EC3B15B3A6B14569D32A7,FUF001_FREE_US_EQUITY_250_V1,BC7879B3830C7327EB0A5779625A347C06826C47488F64326C7D0B2884CC741D,READINESS_CHECK,strategy,PASS,Frozen strategy hash checked.
2026-08-14T17:30:17.417161+00:00,PAPER-2026-08-14-DRYRUN,2026-08-11,CSM001xTSM001,86EA1C067905B9AD1AAE714019057602B454D578361EC3B15B3A6B14569D32A7,FUF001_FREE_US_EQUITY_250_V1,BC7879B3830C7327EB0A5779625A347C06826C47488F64326C7D0B2884CC741D,SCHEDULE_CHECK,calendar,PASS,session=MARKET_OPEN
2026-08-14T17:30:17.417161+00:00,PAPER-2026-08-14-DRYRUN,2026-08-11,CSM001xTSM001,86EA1C067905B9AD1AAE714019057602B454D578361EC3B15B3A6B14569D32A7,FUF001_FREE_US_EQUITY_250_V1,BC7879B3830C7327EB0A5779625A347C06826C47488F64326C7D0B2884CC741D,DATA_FRESHNESS_CHECK,target_snapshot,PASS,Frozen target snapshot integrity checked.
2026-08-14T17:30:17.417161+00:00,PAPER-2026-08-14-DRYRUN,2026-08-11,CSM001xTSM001,86EA1C067905B9AD1AAE714019057602B454D578361EC3B15B3A6B14569D32A7,FUF001_FREE_US_EQUITY_250_V1,BC7879B3830C7327EB0A5779625A347C06826C47488F64326C7D0B2884CC741D,ELIGIBILITY_CHECK,csm,PASS,eligible_count=250
2026-08-14T17:30:18.591823+00:00,PAPER-2026-08-14-DRYRUN,2026-08-11,CSM001xTSM001,86EA1C067905B9AD1AAE714019057602B454D578361EC3B15B3A6B14569D32A7,FUF001_FREE_US_EQUITY_250_V1,BC7879B3830C7327EB0A5779625A347C06826C47488F64326C7D0B2884CC741D,RECONCILIATION_CHECK,positions,PASS,"{""AAOI"": ""MISSING_BROKER"", ""ACMR"": ""MISSING_BROKER"", ""ACRS"": ""MISSING_BROKER"", ""ADV"": ""MISSING_BROKER"", ""ALGT"": ""MISSING_BROKER"", ""ALIT"": ""MISSING_BROKER"", ""ALXO"": ""MISSING_BROKER"", ""AMAT"": ""MISSING_BROKER"", ""AMCR"": ""MISSING_BROKER"", ""AMD"": ""MISSING_BROKER"", ""AMKR"": ""MISSING_BROKER"", ""ANAB"": ""MISSING_BROKER"", ""ANNX"": ""MISSING_BROKER"", ""APPS"": ""MISSING_BROKER"", ""ARWR"": ""MISSING_BROKER"", ""ASML"": ""MISSING_BROKER"", ""ATEX"": ""MISSING_BROKER"", ""ATRO"": ""MISSING_BROKER"", ""AXGN"": ""MISSING_BROKER"", ""AXSM"": ""MISSING_BROKER"", ""AXTI"": ""MISSING_BROKER"", ""BAND"": ""MISSING_BROKER"", ""CALY"": ""MISSING_BROKER"", ""CDNA"": ""MISSING_BROKER"", ""CERS"": ""MISSING_BROKER""}"
2026-08-14T17:30:18.609010+00:00,PAPER-2026-08-14-DRYRUN,2026-08-11,CSM001xTSM001,86EA1C067905B9AD1AAE714019057602B454D578361EC3B15B3A6B14569D32A7,FUF001_FREE_US_EQUITY_250_V1,BC7879B3830C7327EB0A5779625A347C06826C47488F64326C7D0B2884CC741D,RECONCILIATION_CHECK,orders,PASS,"{""CSM001xTSM001-2026-08-11-AAOI-BUY-001"": ""INTENT_ONLY"", ""CSM001xTSM001-2026-08-11-ACMR-BUY-002"": ""INTENT_ONLY"", ""CSM001xTSM001-2026-08-11-ACRS-BUY-003"": ""INTENT_ONLY"", ""CSM001xTSM001-2026-08-11-ADV-BUY-004"": ""INTENT_ONLY"", ""CSM001xTSM001-2026-08-11-ALGT-BUY-005"": ""INTENT_ONLY"", ""CSM001xTSM001-2026-08-11-ALIT-BUY-006"": ""INTENT_ONLY"", ""CSM001xTSM001-2026-08-11-ALXO-BUY-007"": ""INTENT_ONLY"", ""CSM001xTSM001-2026-08-11-AMAT-BUY-008"": ""INTENT_ONLY"", ""CSM001xTSM001-2026-08-11-AMCR-BUY-009"": ""INTENT_ONLY"", ""CSM001xTSM001-2026-08-11-AMD-BUY-010"": ""INTENT_ONLY"", ""CSM001xTSM001-2026-08-11-AMKR-BUY-011"": ""INTENT_ONLY"", ""CSM001xTSM001-2026-08-11-ANAB-BUY-012"": ""INTENT_ONLY"", ""CSM001xTSM001-2026-08-11-ANNX-BUY-013"": ""INTENT_ONLY"", ""CSM001xTSM001-2026-08-11-APPS-BUY-014"": ""INTENT_ONLY"", ""CSM001xTSM001-2026-08-11-ARWR-BUY-015"": ""INTENT_ONLY"", ""CSM001xTSM001-2026-08-11-ASML-BUY-016"": ""INTENT_ONLY"", ""CSM001xTSM001-2026-08-11-ATEX-BUY-017"": ""INTENT_ONLY"", ""CSM001xTSM001-2026-08-11-ATRO-BUY-018"": ""INTENT_ONLY"", ""CSM001xTSM001-2026-08-11-AXGN-BUY-019"": ""INTENT_ONLY"", ""CSM001xTSM001-2026-08-11-AXSM-BUY-020"": ""INTENT_ONLY"", ""CSM001xTSM001-2026-08-11-AXTI-BUY-021"": ""INTENT_ONLY"", ""CSM001xTSM001-2026-08-11-BAND-BUY-022"": ""INTENT_ONLY"", ""CSM001xTSM001-2026-08-11-CALY-BUY-023"": ""INTENT_ONLY"", ""CSM001xTSM001-2026-08-11-CDNA-BUY-024"": ""INTENT_ONLY"", ""CSM001xTSM001-2026-08-11-CERS-BUY-025"": ""INTENT_ONLY""}"
2026-08-14T17:30:18.622194+00:00,PAPER-2026-08-14-DRYRUN,2026-08-11,CSM001xTSM001,86EA1C067905B9AD1AAE714019057602B454D578361EC3B15B3A6B14569D32A7,FUF001_FREE_US_EQUITY_250_V1,BC7879B3830C7327EB0A5779625A347C06826C47488F64326C7D0B2884CC741D,ORDER_INTENTS_CREATED,order_intent,PASS,count=25
2026-08-14T17:30:18.623229+00:00,PAPER-2026-08-14-DRYRUN,2026-08-11,CSM001xTSM001,86EA1C067905B9AD1AAE714019057602B454D578361EC3B15B3A6B14569D32A7,FUF001_FREE_US_EQUITY_250_V1,BC7879B3830C7327EB0A5779625A347C06826C47488F64326C7D0B2884CC741D,RISK_GUARD_CHECK,risk,PASS,
2026-08-14T17:30:18.623229+00:00,PAPER-2026-08-14-DRYRUN,2026-08-11,CSM001xTSM001,86EA1C067905B9AD1AAE714019057602B454D578361EC3B15B3A6B14569D32A7,FUF001_FREE_US_EQUITY_250_V1,BC7879B3830C7327EB0A5779625A347C06826C47488F64326C7D0B2884CC741D,RISK_GUARD_CHECK,buying_power,PASS,required=100000.00;available=400000.00
2026-08-14T17:30:18.624254+00:00,PAPER-2026-08-14-DRYRUN,2026-08-11,CSM001xTSM001,86EA1C067905B9AD1AAE714019057602B454D578361EC3B15B3A6B14569D32A7,FUF001_FREE_US_EQUITY_250_V1,BC7879B3830C7327EB0A5779625A347C06826C47488F64326C7D0B2884CC741D,DRY_RUN_BLOCK,submission_boundary,BLOCKED,DRY_RUN_BLOCK_EXECUTION_FLAGS_FALSE
2026-08-14T17:43:23.041116+00:00,PAPER-2026-08-14-DRYRUN,2026-08-14,CSM001xTSM001,86EA1C067905B9AD1AAE714019057602B454D578361EC3B15B3A6B14569D32A7,FUF001_FREE_US_EQUITY_250_V1,BC7879B3830C7327EB0A5779625A347C06826C47488F64326C7D0B2884CC741D,SESSION_CREATED,controller,PASS,Dry-run session created without PAPER_T0.
2026-08-14T17:43:23.056004+00:00,PAPER-2026-08-14-DRYRUN,2026-08-14,CSM001xTSM001,86EA1C067905B9AD1AAE714019057602B454D578361EC3B15B3A6B14569D32A7,FUF001_FREE_US_EQUITY_250_V1,BC7879B3830C7327EB0A5779625A347C06826C47488F64326C7D0B2884CC741D,SESSION_CREATED,controller,PASS,Dry-run session created without PAPER_T0.
2026-08-14T17:43:23.063173+00:00,PAPER-2026-08-14-DRYRUN,2026-08-14,CSM001xTSM001,86EA1C067905B9AD1AAE714019057602B454D578361EC3B15B3A6B14569D32A7,FUF001_FREE_US_EQUITY_250_V1,BC7879B3830C7327EB0A5779625A347C06826C47488F64326C7D0B2884CC741D,READINESS_CHECK,universe,PASS,Canonical FUF hash checked.
2026-08-14T17:43:23.064201+00:00,PAPER-2026-08-14-DRYRUN,2026-08-14,CSM001xTSM001,86EA1C067905B9AD1AAE714019057602B454D578361EC3B15B3A6B14569D32A7,FUF001_FREE_US_EQUITY_250_V1,BC7879B3830C7327EB0A5779625A347C06826C47488F64326C7D0B2884CC741D,READINESS_CHECK,strategy,PASS,Frozen strategy hash checked.
2026-08-14T17:43:23.080464+00:00,PAPER-2026-08-14-DRYRUN,2026-08-14,CSM001xTSM001,86EA1C067905B9AD1AAE714019057602B454D578361EC3B15B3A6B14569D32A7,FUF001_FREE_US_EQUITY_250_V1,BC7879B3830C7327EB0A5779625A347C06826C47488F64326C7D0B2884CC741D,READINESS_CHECK,universe,PASS,Canonical FUF hash checked.
2026-08-14T17:43:23.081462+00:00,PAPER-2026-08-14-DRYRUN,2026-08-14,CSM001xTSM001,86EA1C067905B9AD1AAE714019057602B454D578361EC3B15B3A6B14569D32A7,FUF001_FREE_US_EQUITY_250_V1,BC7879B3830C7327EB0A5779625A347C06826C47488F64326C7D0B2884CC741D,READINESS_CHECK,strategy,PASS,Frozen strategy hash checked.
2026-08-14T17:43:51.818142+00:00,PAPER-2026-08-14-DRYRUN,2026-08-13,CSM001xTSM001,86EA1C067905B9AD1AAE714019057602B454D578361EC3B15B3A6B14569D32A7,FUF001_FREE_US_EQUITY_250_V1,BC7879B3830C7327EB0A5779625A347C06826C47488F64326C7D0B2884CC741D,INCIDENT,signal_pipeline,FUTURE_BAR,Current signal pipeline failed.
2026-08-14T17:43:51.819137+00:00,PAPER-2026-08-14-DRYRUN,2026-08-13,CSM001xTSM001,86EA1C067905B9AD1AAE714019057602B454D578361EC3B15B3A6B14569D32A7,FUF001_FREE_US_EQUITY_250_V1,BC7879B3830C7327EB0A5779625A347C06826C47488F64326C7D0B2884CC741D,INCIDENT,target_portfolio,FUTURE_BAR,Target portfolio invariant failed.
2026-08-14T17:43:51.819137+00:00,PAPER-2026-08-14-DRYRUN,2026-08-13,CSM001xTSM001,86EA1C067905B9AD1AAE714019057602B454D578361EC3B15B3A6B14569D32A7,FUF001_FREE_US_EQUITY_250_V1,BC7879B3830C7327EB0A5779625A347C06826C47488F64326C7D0B2884CC741D,SCHEDULE_CHECK,calendar,PASS,session=MARKET_OPEN
2026-08-14T17:43:51.820135+00:00,PAPER-2026-08-14-DRYRUN,2026-08-13,CSM001xTSM001,86EA1C067905B9AD1AAE714019057602B454D578361EC3B15B3A6B14569D32A7,FUF001_FREE_US_EQUITY_250_V1,BC7879B3830C7327EB0A5779625A347C06826C47488F64326C7D0B2884CC741D,DATA_FRESHNESS_CHECK,alpaca_daily_bars,PASS,fresh=250;stale=0
2026-08-14T17:43:51.820135+00:00,PAPER-2026-08-14-DRYRUN,2026-08-13,CSM001xTSM001,86EA1C067905B9AD1AAE714019057602B454D578361EC3B15B3A6B14569D32A7,FUF001_FREE_US_EQUITY_250_V1,BC7879B3830C7327EB0A5779625A347C06826C47488F64326C7D0B2884CC741D,ELIGIBILITY_CHECK,csm,PASS,eligible_count=250
2026-08-14T17:43:53.005158+00:00,PAPER-2026-08-14-DRYRUN,2026-08-13,CSM001xTSM001,86EA1C067905B9AD1AAE714019057602B454D578361EC3B15B3A6B14569D32A7,FUF001_FREE_US_EQUITY_250_V1,BC7879B3830C7327EB0A5779625A347C06826C47488F64326C7D0B2884CC741D,RECONCILIATION_CHECK,positions,PASS,"{""AAOI"": ""MISSING_BROKER"", ""ACMR"": ""MISSING_BROKER"", ""ACRS"": ""MISSING_BROKER"", ""AEIS"": ""MISSING_BROKER"", ""ALXO"": ""MISSING_BROKER"", ""AMAT"": ""MISSING_BROKER"", ""AMD"": ""MISSING_BROKER"", ""AMKR"": ""MISSING_BROKER"", ""AMRX"": ""MISSING_BROKER"", ""ANAB"": ""MISSING_BROKER"", ""ANNX"": ""MISSING_BROKER"", ""APPS"": ""MISSING_BROKER"", ""ARCB"": ""MISSING_BROKER"", ""ARWR"": ""MISSING_BROKER"", ""ASML"": ""MISSING_BROKER"", ""ATEX"": ""MISSING_BROKER"", ""ATRO"": ""MISSING_BROKER"", ""AXGN"": ""MISSING_BROKER"", ""AXSM"": ""MISSING_BROKER"", ""AXTI"": ""MISSING_BROKER"", ""BAND"": ""MISSING_BROKER"", ""BELFB"": ""MISSING_BROKER"", ""CALY"": ""MISSING_BROKER"", ""CDNA"": ""MISSING_BROKER"", ""CERS"": ""MISSING_BROKER""}"
2026-08-14T17:43:53.006155+00:00,PAPER-2026-08-14-DRYRUN,2026-08-13,CSM001xTSM001,86EA1C067905B9AD1AAE714019057602B454D578361EC3B15B3A6B14569D32A7,FUF001_FREE_US_EQUITY_250_V1,BC7879B3830C7327EB0A5779625A347C06826C47488F64326C7D0B2884CC741D,RECONCILIATION_CHECK,orders,PASS,"{""CSM001xTSM001-2026-08-13-AAOI-BUY-001"": ""INTENT_ONLY"", ""CSM001xTSM001-2026-08-13-ACMR-BUY-002"": ""INTENT_ONLY"", ""CSM001xTSM001-2026-08-13-ACRS-BUY-003"": ""INTENT_ONLY"", ""CSM001xTSM001-2026-08-13-AEIS-BUY-004"": ""INTENT_ONLY"", ""CSM001xTSM001-2026-08-13-ALXO-BUY-005"": ""INTENT_ONLY"", ""CSM001xTSM001-2026-08-13-AMAT-BUY-006"": ""INTENT_ONLY"", ""CSM001xTSM001-2026-08-13-AMD-BUY-007"": ""INTENT_ONLY"", ""CSM001xTSM001-2026-08-13-AMKR-BUY-008"": ""INTENT_ONLY"", ""CSM001xTSM001-2026-08-13-AMRX-BUY-009"": ""INTENT_ONLY"", ""CSM001xTSM001-2026-08-13-ANAB-BUY-010"": ""INTENT_ONLY"", ""CSM001xTSM001-2026-08-13-ANNX-BUY-011"": ""INTENT_ONLY"", ""CSM001xTSM001-2026-08-13-APPS-BUY-012"": ""INTENT_ONLY"", ""CSM001xTSM001-2026-08-13-ARCB-BUY-013"": ""INTENT_ONLY"", ""CSM001xTSM001-2026-08-13-ARWR-BUY-014"": ""INTENT_ONLY"", ""CSM001xTSM001-2026-08-13-ASML-BUY-015"": ""INTENT_ONLY"", ""CSM001xTSM001-2026-08-13-ATEX-BUY-016"": ""INTENT_ONLY"", ""CSM001xTSM001-2026-08-13-ATRO-BUY-017"": ""INTENT_ONLY"", ""CSM001xTSM001-2026-08-13-AXGN-BUY-018"": ""INTENT_ONLY"", ""CSM001xTSM001-2026-08-13-AXSM-BUY-019"": ""INTENT_ONLY"", ""CSM001xTSM001-2026-08-13-AXTI-BUY-020"": ""INTENT_ONLY"", ""CSM001xTSM001-2026-08-13-BAND-BUY-021"": ""INTENT_ONLY"", ""CSM001xTSM001-2026-08-13-BELFB-BUY-022"": ""INTENT_ONLY"", ""CSM001xTSM001-2026-08-13-CALY-BUY-023"": ""INTENT_ONLY"", ""CSM001xTSM001-2026-08-13-CDNA-BUY-024"": ""INTENT_ONLY"", ""CSM001xTSM001-2026-08-13-CERS-BUY-025"": ""INTENT_ONLY""}"
2026-08-14T17:43:53.018946+00:00,PAPER-2026-08-14-DRYRUN,2026-08-13,CSM001xTSM001,86EA1C067905B9AD1AAE714019057602B454D578361EC3B15B3A6B14569D32A7,FUF001_FREE_US_EQUITY_250_V1,BC7879B3830C7327EB0A5779625A347C06826C47488F64326C7D0B2884CC741D,ORDER_INTENTS_CREATED,order_intent,PASS,count=25
2026-08-14T17:43:53.018946+00:00,PAPER-2026-08-14-DRYRUN,2026-08-13,CSM001xTSM001,86EA1C067905B9AD1AAE714019057602B454D578361EC3B15B3A6B14569D32A7,FUF001_FREE_US_EQUITY_250_V1,BC7879B3830C7327EB0A5779625A347C06826C47488F64326C7D0B2884CC741D,RISK_GUARD_CHECK,risk,PASS,
2026-08-14T17:43:53.019943+00:00,PAPER-2026-08-14-DRYRUN,2026-08-13,CSM001xTSM001,86EA1C067905B9AD1AAE714019057602B454D578361EC3B15B3A6B14569D32A7,FUF001_FREE_US_EQUITY_250_V1,BC7879B3830C7327EB0A5779625A347C06826C47488F64326C7D0B2884CC741D,RISK_GUARD_CHECK,buying_power,PASS,required=100000.00;available=400000.00
2026-08-14T17:43:53.019943+00:00,PAPER-2026-08-14-DRYRUN,2026-08-13,CSM001xTSM001,86EA1C067905B9AD1AAE714019057602B454D578361EC3B15B3A6B14569D32A7,FUF001_FREE_US_EQUITY_250_V1,BC7879B3830C7327EB0A5779625A347C06826C47488F64326C7D0B2884CC741D,DRY_RUN_BLOCK,submission_boundary,BLOCKED,BLOCKED_BY_GUARDS
2026-08-14T17:43:53.020940+00:00,PAPER-2026-08-14-DRYRUN,2026-08-14,CSM001xTSM001,86EA1C067905B9AD1AAE714019057602B454D578361EC3B15B3A6B14569D32A7,FUF001_FREE_US_EQUITY_250_V1,BC7879B3830C7327EB0A5779625A347C06826C47488F64326C7D0B2884CC741D,SESSION_CREATED,controller,PASS,Dry-run session created without PAPER_T0.
2026-08-14T17:43:53.036072+00:00,PAPER-2026-08-14-DRYRUN,2026-08-14,CSM001xTSM001,86EA1C067905B9AD1AAE714019057602B454D578361EC3B15B3A6B14569D32A7,FUF001_FREE_US_EQUITY_250_V1,BC7879B3830C7327EB0A5779625A347C06826C47488F64326C7D0B2884CC741D,READINESS_CHECK,universe,PASS,Canonical FUF hash checked.
2026-08-14T17:43:53.037582+00:00,PAPER-2026-08-14-DRYRUN,2026-08-14,CSM001xTSM001,86EA1C067905B9AD1AAE714019057602B454D578361EC3B15B3A6B14569D32A7,FUF001_FREE_US_EQUITY_250_V1,BC7879B3830C7327EB0A5779625A347C06826C47488F64326C7D0B2884CC741D,READINESS_CHECK,strategy,PASS,Frozen strategy hash checked.
2026-08-14T17:43:54.937282+00:00,PAPER-2026-08-14-DRYRUN,2026-08-13,CSM001xTSM001,86EA1C067905B9AD1AAE714019057602B454D578361EC3B15B3A6B14569D32A7,FUF001_FREE_US_EQUITY_250_V1,BC7879B3830C7327EB0A5779625A347C06826C47488F64326C7D0B2884CC741D,INCIDENT,signal_pipeline,FUTURE_BAR,Current signal pipeline failed.
2026-08-14T17:43:54.939466+00:00,PAPER-2026-08-14-DRYRUN,2026-08-13,CSM001xTSM001,86EA1C067905B9AD1AAE714019057602B454D578361EC3B15B3A6B14569D32A7,FUF001_FREE_US_EQUITY_250_V1,BC7879B3830C7327EB0A5779625A347C06826C47488F64326C7D0B2884CC741D,INCIDENT,target_portfolio,FUTURE_BAR,Target portfolio invariant failed.
2026-08-14T17:43:54.939466+00:00,PAPER-2026-08-14-DRYRUN,2026-08-13,CSM001xTSM001,86EA1C067905B9AD1AAE714019057602B454D578361EC3B15B3A6B14569D32A7,FUF001_FREE_US_EQUITY_250_V1,BC7879B3830C7327EB0A5779625A347C06826C47488F64326C7D0B2884CC741D,SCHEDULE_CHECK,calendar,PASS,session=MARKET_OPEN
2026-08-14T17:43:54.939466+00:00,PAPER-2026-08-14-DRYRUN,2026-08-13,CSM001xTSM001,86EA1C067905B9AD1AAE714019057602B454D578361EC3B15B3A6B14569D32A7,FUF001_FREE_US_EQUITY_250_V1,BC7879B3830C7327EB0A5779625A347C06826C47488F64326C7D0B2884CC741D,DATA_FRESHNESS_CHECK,alpaca_daily_bars,PASS,fresh=250;stale=0
2026-08-14T17:43:54.939466+00:00,PAPER-2026-08-14-DRYRUN,2026-08-13,CSM001xTSM001,86EA1C067905B9AD1AAE714019057602B454D578361EC3B15B3A6B14569D32A7,FUF001_FREE_US_EQUITY_250_V1,BC7879B3830C7327EB0A5779625A347C06826C47488F64326C7D0B2884CC741D,ELIGIBILITY_CHECK,csm,PASS,eligible_count=250
2026-08-14T17:43:56.107534+00:00,PAPER-2026-08-14-DRYRUN,2026-08-13,CSM001xTSM001,86EA1C067905B9AD1AAE714019057602B454D578361EC3B15B3A6B14569D32A7,FUF001_FREE_US_EQUITY_250_V1,BC7879B3830C7327EB0A5779625A347C06826C47488F64326C7D0B2884CC741D,RECONCILIATION_CHECK,positions,PASS,"{""AAOI"": ""MISSING_BROKER"", ""ACMR"": ""MISSING_BROKER"", ""ACRS"": ""MISSING_BROKER"", ""AEIS"": ""MISSING_BROKER"", ""ALXO"": ""MISSING_BROKER"", ""AMAT"": ""MISSING_BROKER"", ""AMD"": ""MISSING_BROKER"", ""AMKR"": ""MISSING_BROKER"", ""AMRX"": ""MISSING_BROKER"", ""ANAB"": ""MISSING_BROKER"", ""ANNX"": ""MISSING_BROKER"", ""APPS"": ""MISSING_BROKER"", ""ARCB"": ""MISSING_BROKER"", ""ARWR"": ""MISSING_BROKER"", ""ASML"": ""MISSING_BROKER"", ""ATEX"": ""MISSING_BROKER"", ""ATRO"": ""MISSING_BROKER"", ""AXGN"": ""MISSING_BROKER"", ""AXSM"": ""MISSING_BROKER"", ""AXTI"": ""MISSING_BROKER"", ""BAND"": ""MISSING_BROKER"", ""BELFB"": ""MISSING_BROKER"", ""CALY"": ""MISSING_BROKER"", ""CDNA"": ""MISSING_BROKER"", ""CERS"": ""MISSING_BROKER""}"
2026-08-14T17:43:56.108830+00:00,PAPER-2026-08-14-DRYRUN,2026-08-13,CSM001xTSM001,86EA1C067905B9AD1AAE714019057602B454D578361EC3B15B3A6B14569D32A7,FUF001_FREE_US_EQUITY_250_V1,BC7879B3830C7327EB0A5779625A347C06826C47488F64326C7D0B2884CC741D,RECONCILIATION_CHECK,orders,PASS,"{""CSM001xTSM001-2026-08-13-AAOI-BUY-001"": ""INTENT_ONLY"", ""CSM001xTSM001-2026-08-13-ACMR-BUY-002"": ""INTENT_ONLY"", ""CSM001xTSM001-2026-08-13-ACRS-BUY-003"": ""INTENT_ONLY"", ""CSM001xTSM001-2026-08-13-AEIS-BUY-004"": ""INTENT_ONLY"", ""CSM001xTSM001-2026-08-13-ALXO-BUY-005"": ""INTENT_ONLY"", ""CSM001xTSM001-2026-08-13-AMAT-BUY-006"": ""INTENT_ONLY"", ""CSM001xTSM001-2026-08-13-AMD-BUY-007"": ""INTENT_ONLY"", ""CSM001xTSM001-2026-08-13-AMKR-BUY-008"": ""INTENT_ONLY"", ""CSM001xTSM001-2026-08-13-AMRX-BUY-009"": ""INTENT_ONLY"", ""CSM001xTSM001-2026-08-13-ANAB-BUY-010"": ""INTENT_ONLY"", ""CSM001xTSM001-2026-08-13-ANNX-BUY-011"": ""INTENT_ONLY"", ""CSM001xTSM001-2026-08-13-APPS-BUY-012"": ""INTENT_ONLY"", ""CSM001xTSM001-2026-08-13-ARCB-BUY-013"": ""INTENT_ONLY"", ""CSM001xTSM001-2026-08-13-ARWR-BUY-014"": ""INTENT_ONLY"", ""CSM001xTSM001-2026-08-13-ASML-BUY-015"": ""INTENT_ONLY"", ""CSM001xTSM001-2026-08-13-ATEX-BUY-016"": ""INTENT_ONLY"", ""CSM001xTSM001-2026-08-13-ATRO-BUY-017"": ""INTENT_ONLY"", ""CSM001xTSM001-2026-08-13-AXGN-BUY-018"": ""INTENT_ONLY"", ""CSM001xTSM001-2026-08-13-AXSM-BUY-019"": ""INTENT_ONLY"", ""CSM001xTSM001-2026-08-13-AXTI-BUY-020"": ""INTENT_ONLY"", ""CSM001xTSM001-2026-08-13-BAND-BUY-021"": ""INTENT_ONLY"", ""CSM001xTSM001-2026-08-13-BELFB-BUY-022"": ""INTENT_ONLY"", ""CSM001xTSM001-2026-08-13-CALY-BUY-023"": ""INTENT_ONLY"", ""CSM001xTSM001-2026-08-13-CDNA-BUY-024"": ""INTENT_ONLY"", ""CSM001xTSM001-2026-08-13-CERS-BUY-025"": ""INTENT_ONLY""}"
2026-08-14T17:43:56.119517+00:00,PAPER-2026-08-14-DRYRUN,2026-08-13,CSM001xTSM001,86EA1C067905B9AD1AAE714019057602B454D578361EC3B15B3A6B14569D32A7,FUF001_FREE_US_EQUITY_250_V1,BC7879B3830C7327EB0A5779625A347C06826C47488F64326C7D0B2884CC741D,ORDER_INTENTS_CREATED,order_intent,PASS,count=25
2026-08-14T17:43:56.119517+00:00,PAPER-2026-08-14-DRYRUN,2026-08-13,CSM001xTSM001,86EA1C067905B9AD1AAE714019057602B454D578361EC3B15B3A6B14569D32A7,FUF001_FREE_US_EQUITY_250_V1,BC7879B3830C7327EB0A5779625A347C06826C47488F64326C7D0B2884CC741D,RISK_GUARD_CHECK,risk,PASS,
2026-08-14T17:43:56.119517+00:00,PAPER-2026-08-14-DRYRUN,2026-08-13,CSM001xTSM001,86EA1C067905B9AD1AAE714019057602B454D578361EC3B15B3A6B14569D32A7,FUF001_FREE_US_EQUITY_250_V1,BC7879B3830C7327EB0A5779625A347C06826C47488F64326C7D0B2884CC741D,RISK_GUARD_CHECK,buying_power,PASS,required=100000.00;available=400000.00
2026-08-14T17:43:56.120515+00:00,PAPER-2026-08-14-DRYRUN,2026-08-13,CSM001xTSM001,86EA1C067905B9AD1AAE714019057602B454D578361EC3B15B3A6B14569D32A7,FUF001_FREE_US_EQUITY_250_V1,BC7879B3830C7327EB0A5779625A347C06826C47488F64326C7D0B2884CC741D,DRY_RUN_BLOCK,submission_boundary,BLOCKED,BLOCKED_BY_GUARDS
2026-08-14T17:44:27.108241+00:00,PAPER-2026-08-14-DRYRUN,2026-08-13,CSM001xTSM001,86EA1C067905B9AD1AAE714019057602B454D578361EC3B15B3A6B14569D32A7,FUF001_FREE_US_EQUITY_250_V1,BC7879B3830C7327EB0A5779625A347C06826C47488F64326C7D0B2884CC741D,INCIDENT,signal_pipeline,FUTURE_BAR,Current signal pipeline failed.
2026-08-14T17:44:27.110652+00:00,PAPER-2026-08-14-DRYRUN,2026-08-13,CSM001xTSM001,86EA1C067905B9AD1AAE714019057602B454D578361EC3B15B3A6B14569D32A7,FUF001_FREE_US_EQUITY_250_V1,BC7879B3830C7327EB0A5779625A347C06826C47488F64326C7D0B2884CC741D,INCIDENT,target_portfolio,FUTURE_BAR,Target portfolio invariant failed.
2026-08-14T17:44:27.110652+00:00,PAPER-2026-08-14-DRYRUN,2026-08-13,CSM001xTSM001,86EA1C067905B9AD1AAE714019057602B454D578361EC3B15B3A6B14569D32A7,FUF001_FREE_US_EQUITY_250_V1,BC7879B3830C7327EB0A5779625A347C06826C47488F64326C7D0B2884CC741D,SCHEDULE_CHECK,calendar,PASS,session=MARKET_OPEN
2026-08-14T17:44:27.110652+00:00,PAPER-2026-08-14-DRYRUN,2026-08-13,CSM001xTSM001,86EA1C067905B9AD1AAE714019057602B454D578361EC3B15B3A6B14569D32A7,FUF001_FREE_US_EQUITY_250_V1,BC7879B3830C7327EB0A5779625A347C06826C47488F64326C7D0B2884CC741D,DATA_FRESHNESS_CHECK,alpaca_daily_bars,PASS,fresh=250;stale=0
2026-08-14T17:44:27.111861+00:00,PAPER-2026-08-14-DRYRUN,2026-08-13,CSM001xTSM001,86EA1C067905B9AD1AAE714019057602B454D578361EC3B15B3A6B14569D32A7,FUF001_FREE_US_EQUITY_250_V1,BC7879B3830C7327EB0A5779625A347C06826C47488F64326C7D0B2884CC741D,ELIGIBILITY_CHECK,csm,PASS,eligible_count=250
2026-08-14T17:44:28.294017+00:00,PAPER-2026-08-14-DRYRUN,2026-08-13,CSM001xTSM001,86EA1C067905B9AD1AAE714019057602B454D578361EC3B15B3A6B14569D32A7,FUF001_FREE_US_EQUITY_250_V1,BC7879B3830C7327EB0A5779625A347C06826C47488F64326C7D0B2884CC741D,RECONCILIATION_CHECK,positions,PASS,"{""AAOI"": ""MISSING_BROKER"", ""ACMR"": ""MISSING_BROKER"", ""ACRS"": ""MISSING_BROKER"", ""AEIS"": ""MISSING_BROKER"", ""ALXO"": ""MISSING_BROKER"", ""AMAT"": ""MISSING_BROKER"", ""AMD"": ""MISSING_BROKER"", ""AMKR"": ""MISSING_BROKER"", ""AMRX"": ""MISSING_BROKER"", ""ANAB"": ""MISSING_BROKER"", ""ANNX"": ""MISSING_BROKER"", ""APPS"": ""MISSING_BROKER"", ""ARCB"": ""MISSING_BROKER"", ""ARWR"": ""MISSING_BROKER"", ""ASML"": ""MISSING_BROKER"", ""ATEX"": ""MISSING_BROKER"", ""ATRO"": ""MISSING_BROKER"", ""AXGN"": ""MISSING_BROKER"", ""AXSM"": ""MISSING_BROKER"", ""AXTI"": ""MISSING_BROKER"", ""BAND"": ""MISSING_BROKER"", ""BELFB"": ""MISSING_BROKER"", ""CALY"": ""MISSING_BROKER"", ""CDNA"": ""MISSING_BROKER"", ""CERS"": ""MISSING_BROKER""}"
2026-08-14T17:44:28.296088+00:00,PAPER-2026-08-14-DRYRUN,2026-08-13,CSM001xTSM001,86EA1C067905B9AD1AAE714019057602B454D578361EC3B15B3A6B14569D32A7,FUF001_FREE_US_EQUITY_250_V1,BC7879B3830C7327EB0A5779625A347C06826C47488F64326C7D0B2884CC741D,RECONCILIATION_CHECK,orders,PASS,"{""CSM001xTSM001-2026-08-13-AAOI-BUY-001"": ""INTENT_ONLY"", ""CSM001xTSM001-2026-08-13-ACMR-BUY-002"": ""INTENT_ONLY"", ""CSM001xTSM001-2026-08-13-ACRS-BUY-003"": ""INTENT_ONLY"", ""CSM001xTSM001-2026-08-13-AEIS-BUY-004"": ""INTENT_ONLY"", ""CSM001xTSM001-2026-08-13-ALXO-BUY-005"": ""INTENT_ONLY"", ""CSM001xTSM001-2026-08-13-AMAT-BUY-006"": ""INTENT_ONLY"", ""CSM001xTSM001-2026-08-13-AMD-BUY-007"": ""INTENT_ONLY"", ""CSM001xTSM001-2026-08-13-AMKR-BUY-008"": ""INTENT_ONLY"", ""CSM001xTSM001-2026-08-13-AMRX-BUY-009"": ""INTENT_ONLY"", ""CSM001xTSM001-2026-08-13-ANAB-BUY-010"": ""INTENT_ONLY"", ""CSM001xTSM001-2026-08-13-ANNX-BUY-011"": ""INTENT_ONLY"", ""CSM001xTSM001-2026-08-13-APPS-BUY-012"": ""INTENT_ONLY"", ""CSM001xTSM001-2026-08-13-ARCB-BUY-013"": ""INTENT_ONLY"", ""CSM001xTSM001-2026-08-13-ARWR-BUY-014"": ""INTENT_ONLY"", ""CSM001xTSM001-2026-08-13-ASML-BUY-015"": ""INTENT_ONLY"", ""CSM001xTSM001-2026-08-13-ATEX-BUY-016"": ""INTENT_ONLY"", ""CSM001xTSM001-2026-08-13-ATRO-BUY-017"": ""INTENT_ONLY"", ""CSM001xTSM001-2026-08-13-AXGN-BUY-018"": ""INTENT_ONLY"", ""CSM001xTSM001-2026-08-13-AXSM-BUY-019"": ""INTENT_ONLY"", ""CSM001xTSM001-2026-08-13-AXTI-BUY-020"": ""INTENT_ONLY"", ""CSM001xTSM001-2026-08-13-BAND-BUY-021"": ""INTENT_ONLY"", ""CSM001xTSM001-2026-08-13-BELFB-BUY-022"": ""INTENT_ONLY"", ""CSM001xTSM001-2026-08-13-CALY-BUY-023"": ""INTENT_ONLY"", ""CSM001xTSM001-2026-08-13-CDNA-BUY-024"": ""INTENT_ONLY"", ""CSM001xTSM001-2026-08-13-CERS-BUY-025"": ""INTENT_ONLY""}"
2026-08-14T17:44:28.311741+00:00,PAPER-2026-08-14-DRYRUN,2026-08-13,CSM001xTSM001,86EA1C067905B9AD1AAE714019057602B454D578361EC3B15B3A6B14569D32A7,FUF001_FREE_US_EQUITY_250_V1,BC7879B3830C7327EB0A5779625A347C06826C47488F64326C7D0B2884CC741D,ORDER_INTENTS_CREATED,order_intent,PASS,count=25
2026-08-14T17:44:28.311741+00:00,PAPER-2026-08-14-DRYRUN,2026-08-13,CSM001xTSM001,86EA1C067905B9AD1AAE714019057602B454D578361EC3B15B3A6B14569D32A7,FUF001_FREE_US_EQUITY_250_V1,BC7879B3830C7327EB0A5779625A347C06826C47488F64326C7D0B2884CC741D,RISK_GUARD_CHECK,risk,PASS,
2026-08-14T17:44:28.312738+00:00,PAPER-2026-08-14-DRYRUN,2026-08-13,CSM001xTSM001,86EA1C067905B9AD1AAE714019057602B454D578361EC3B15B3A6B14569D32A7,FUF001_FREE_US_EQUITY_250_V1,BC7879B3830C7327EB0A5779625A347C06826C47488F64326C7D0B2884CC741D,RISK_GUARD_CHECK,buying_power,PASS,required=100000.00;available=400000.00
2026-08-14T17:44:28.312738+00:00,PAPER-2026-08-14-DRYRUN,2026-08-13,CSM001xTSM001,86EA1C067905B9AD1AAE714019057602B454D578361EC3B15B3A6B14569D32A7,FUF001_FREE_US_EQUITY_250_V1,BC7879B3830C7327EB0A5779625A347C06826C47488F64326C7D0B2884CC741D,DRY_RUN_BLOCK,submission_boundary,BLOCKED,BLOCKED_BY_GUARDS
2026-08-14T17:45:28.886437+00:00,PAPER-2026-08-14-DRYRUN,2026-08-14,CSM001xTSM001,86EA1C067905B9AD1AAE714019057602B454D578361EC3B15B3A6B14569D32A7,FUF001_FREE_US_EQUITY_250_V1,BC7879B3830C7327EB0A5779625A347C06826C47488F64326C7D0B2884CC741D,SESSION_CREATED,controller,PASS,Dry-run session created without PAPER_T0.
2026-08-14T17:45:28.886437+00:00,PAPER-2026-08-14-DRYRUN,2026-08-14,CSM001xTSM001,86EA1C067905B9AD1AAE714019057602B454D578361EC3B15B3A6B14569D32A7,FUF001_FREE_US_EQUITY_250_V1,BC7879B3830C7327EB0A5779625A347C06826C47488F64326C7D0B2884CC741D,SESSION_CREATED,controller,PASS,Dry-run session created without PAPER_T0.
2026-08-14T17:45:28.901841+00:00,PAPER-2026-08-14-DRYRUN,2026-08-14,CSM001xTSM001,86EA1C067905B9AD1AAE714019057602B454D578361EC3B15B3A6B14569D32A7,FUF001_FREE_US_EQUITY_250_V1,BC7879B3830C7327EB0A5779625A347C06826C47488F64326C7D0B2884CC741D,READINESS_CHECK,universe,PASS,Canonical FUF hash checked.
2026-08-14T17:45:28.901841+00:00,PAPER-2026-08-14-DRYRUN,2026-08-14,CSM001xTSM001,86EA1C067905B9AD1AAE714019057602B454D578361EC3B15B3A6B14569D32A7,FUF001_FREE_US_EQUITY_250_V1,BC7879B3830C7327EB0A5779625A347C06826C47488F64326C7D0B2884CC741D,READINESS_CHECK,universe,PASS,Canonical FUF hash checked.
2026-08-14T17:45:28.901841+00:00,PAPER-2026-08-14-DRYRUN,2026-08-14,CSM001xTSM001,86EA1C067905B9AD1AAE714019057602B454D578361EC3B15B3A6B14569D32A7,FUF001_FREE_US_EQUITY_250_V1,BC7879B3830C7327EB0A5779625A347C06826C47488F64326C7D0B2884CC741D,READINESS_CHECK,strategy,PASS,Frozen strategy hash checked.
2026-08-14T17:45:28.902964+00:00,PAPER-2026-08-14-DRYRUN,2026-08-14,CSM001xTSM001,86EA1C067905B9AD1AAE714019057602B454D578361EC3B15B3A6B14569D32A7,FUF001_FREE_US_EQUITY_250_V1,BC7879B3830C7327EB0A5779625A347C06826C47488F64326C7D0B2884CC741D,READINESS_CHECK,strategy,PASS,Frozen strategy hash checked.
2026-08-14T17:46:25.743626+00:00,PAPER-2026-08-14-DRYRUN,2026-08-13,CSM001xTSM001,86EA1C067905B9AD1AAE714019057602B454D578361EC3B15B3A6B14569D32A7,FUF001_FREE_US_EQUITY_250_V1,BC7879B3830C7327EB0A5779625A347C06826C47488F64326C7D0B2884CC741D,SCHEDULE_CHECK,calendar,PASS,session=MARKET_OPEN
2026-08-14T17:46:25.744624+00:00,PAPER-2026-08-14-DRYRUN,2026-08-13,CSM001xTSM001,86EA1C067905B9AD1AAE714019057602B454D578361EC3B15B3A6B14569D32A7,FUF001_FREE_US_EQUITY_250_V1,BC7879B3830C7327EB0A5779625A347C06826C47488F64326C7D0B2884CC741D,DATA_FRESHNESS_CHECK,alpaca_daily_bars,PASS,fresh=250;stale=0
2026-08-14T17:46:25.744624+00:00,PAPER-2026-08-14-DRYRUN,2026-08-13,CSM001xTSM001,86EA1C067905B9AD1AAE714019057602B454D578361EC3B15B3A6B14569D32A7,FUF001_FREE_US_EQUITY_250_V1,BC7879B3830C7327EB0A5779625A347C06826C47488F64326C7D0B2884CC741D,ELIGIBILITY_CHECK,csm,PASS,eligible_count=250
2026-08-14T17:46:26.324065+00:00,PAPER-2026-08-14-DRYRUN,2026-08-13,CSM001xTSM001,86EA1C067905B9AD1AAE714019057602B454D578361EC3B15B3A6B14569D32A7,FUF001_FREE_US_EQUITY_250_V1,BC7879B3830C7327EB0A5779625A347C06826C47488F64326C7D0B2884CC741D,SCHEDULE_CHECK,calendar,PASS,session=MARKET_OPEN
2026-08-14T17:46:26.324065+00:00,PAPER-2026-08-14-DRYRUN,2026-08-13,CSM001xTSM001,86EA1C067905B9AD1AAE714019057602B454D578361EC3B15B3A6B14569D32A7,FUF001_FREE_US_EQUITY_250_V1,BC7879B3830C7327EB0A5779625A347C06826C47488F64326C7D0B2884CC741D,DATA_FRESHNESS_CHECK,alpaca_daily_bars,PASS,fresh=250;stale=0
2026-08-14T17:46:26.325571+00:00,PAPER-2026-08-14-DRYRUN,2026-08-13,CSM001xTSM001,86EA1C067905B9AD1AAE714019057602B454D578361EC3B15B3A6B14569D32A7,FUF001_FREE_US_EQUITY_250_V1,BC7879B3830C7327EB0A5779625A347C06826C47488F64326C7D0B2884CC741D,ELIGIBILITY_CHECK,csm,PASS,eligible_count=250
2026-08-14T17:46:26.925845+00:00,PAPER-2026-08-14-DRYRUN,2026-08-13,CSM001xTSM001,86EA1C067905B9AD1AAE714019057602B454D578361EC3B15B3A6B14569D32A7,FUF001_FREE_US_EQUITY_250_V1,BC7879B3830C7327EB0A5779625A347C06826C47488F64326C7D0B2884CC741D,RECONCILIATION_CHECK,positions,PASS,"{""AAOI"": ""MISSING_BROKER"", ""ACMR"": ""MISSING_BROKER"", ""ACRS"": ""MISSING_BROKER"", ""AEIS"": ""MISSING_BROKER"", ""ALXO"": ""MISSING_BROKER"", ""AMAT"": ""MISSING_BROKER"", ""AMD"": ""MISSING_BROKER"", ""AMKR"": ""MISSING_BROKER"", ""AMRX"": ""MISSING_BROKER"", ""ANAB"": ""MISSING_BROKER"", ""ANNX"": ""MISSING_BROKER"", ""APPS"": ""MISSING_BROKER"", ""ARCB"": ""MISSING_BROKER"", ""ARWR"": ""MISSING_BROKER"", ""ASML"": ""MISSING_BROKER"", ""ATEX"": ""MISSING_BROKER"", ""ATRO"": ""MISSING_BROKER"", ""AXGN"": ""MISSING_BROKER"", ""AXSM"": ""MISSING_BROKER"", ""AXTI"": ""MISSING_BROKER"", ""BAND"": ""MISSING_BROKER"", ""BELFB"": ""MISSING_BROKER"", ""CALY"": ""MISSING_BROKER"", ""CDNA"": ""MISSING_BROKER"", ""CERS"": ""MISSING_BROKER""}"
2026-08-14T17:46:26.927265+00:00,PAPER-2026-08-14-DRYRUN,2026-08-13,CSM001xTSM001,86EA1C067905B9AD1AAE714019057602B454D578361EC3B15B3A6B14569D32A7,FUF001_FREE_US_EQUITY_250_V1,BC7879B3830C7327EB0A5779625A347C06826C47488F64326C7D0B2884CC741D,RECONCILIATION_CHECK,orders,PASS,"{""CSM001xTSM001-2026-08-13-AAOI-BUY-001"": ""INTENT_ONLY"", ""CSM001xTSM001-2026-08-13-ACMR-BUY-002"": ""INTENT_ONLY"", ""CSM001xTSM001-2026-08-13-ACRS-BUY-003"": ""INTENT_ONLY"", ""CSM001xTSM001-2026-08-13-AEIS-BUY-004"": ""INTENT_ONLY"", ""CSM001xTSM001-2026-08-13-ALXO-BUY-005"": ""INTENT_ONLY"", ""CSM001xTSM001-2026-08-13-AMAT-BUY-006"": ""INTENT_ONLY"", ""CSM001xTSM001-2026-08-13-AMD-BUY-007"": ""INTENT_ONLY"", ""CSM001xTSM001-2026-08-13-AMKR-BUY-008"": ""INTENT_ONLY"", ""CSM001xTSM001-2026-08-13-AMRX-BUY-009"": ""INTENT_ONLY"", ""CSM001xTSM001-2026-08-13-ANAB-BUY-010"": ""INTENT_ONLY"", ""CSM001xTSM001-2026-08-13-ANNX-BUY-011"": ""INTENT_ONLY"", ""CSM001xTSM001-2026-08-13-APPS-BUY-012"": ""INTENT_ONLY"", ""CSM001xTSM001-2026-08-13-ARCB-BUY-013"": ""INTENT_ONLY"", ""CSM001xTSM001-2026-08-13-ARWR-BUY-014"": ""INTENT_ONLY"", ""CSM001xTSM001-2026-08-13-ASML-BUY-015"": ""INTENT_ONLY"", ""CSM001xTSM001-2026-08-13-ATEX-BUY-016"": ""INTENT_ONLY"", ""CSM001xTSM001-2026-08-13-ATRO-BUY-017"": ""INTENT_ONLY"", ""CSM001xTSM001-2026-08-13-AXGN-BUY-018"": ""INTENT_ONLY"", ""CSM001xTSM001-2026-08-13-AXSM-BUY-019"": ""INTENT_ONLY"", ""CSM001xTSM001-2026-08-13-AXTI-BUY-020"": ""INTENT_ONLY"", ""CSM001xTSM001-2026-08-13-BAND-BUY-021"": ""INTENT_ONLY"", ""CSM001xTSM001-2026-08-13-BELFB-BUY-022"": ""INTENT_ONLY"", ""CSM001xTSM001-2026-08-13-CALY-BUY-023"": ""INTENT_ONLY"", ""CSM001xTSM001-2026-08-13-CDNA-BUY-024"": ""INTENT_ONLY"", ""CSM001xTSM001-2026-08-13-CERS-BUY-025"": ""INTENT_ONLY""}"
2026-08-14T17:46:26.939348+00:00,PAPER-2026-08-14-DRYRUN,2026-08-13,CSM001xTSM001,86EA1C067905B9AD1AAE714019057602B454D578361EC3B15B3A6B14569D32A7,FUF001_FREE_US_EQUITY_250_V1,BC7879B3830C7327EB0A5779625A347C06826C47488F64326C7D0B2884CC741D,ORDER_INTENTS_CREATED,order_intent,PASS,count=25
2026-08-14T17:46:26.939348+00:00,PAPER-2026-08-14-DRYRUN,2026-08-13,CSM001xTSM001,86EA1C067905B9AD1AAE714019057602B454D578361EC3B15B3A6B14569D32A7,FUF001_FREE_US_EQUITY_250_V1,BC7879B3830C7327EB0A5779625A347C06826C47488F64326C7D0B2884CC741D,RISK_GUARD_CHECK,risk,PASS,
2026-08-14T17:46:26.940598+00:00,PAPER-2026-08-14-DRYRUN,2026-08-13,CSM001xTSM001,86EA1C067905B9AD1AAE714019057602B454D578361EC3B15B3A6B14569D32A7,FUF001_FREE_US_EQUITY_250_V1,BC7879B3830C7327EB0A5779625A347C06826C47488F64326C7D0B2884CC741D,RISK_GUARD_CHECK,buying_power,PASS,required=100000.00;available=400000.00
2026-08-14T17:46:26.940598+00:00,PAPER-2026-08-14-DRYRUN,2026-08-13,CSM001xTSM001,86EA1C067905B9AD1AAE714019057602B454D578361EC3B15B3A6B14569D32A7,FUF001_FREE_US_EQUITY_250_V1,BC7879B3830C7327EB0A5779625A347C06826C47488F64326C7D0B2884CC741D,DRY_RUN_BLOCK,submission_boundary,BLOCKED,DRY_RUN_BLOCK_EXECUTION_FLAGS_FALSE
2026-08-14T17:46:26.941602+00:00,PAPER-2026-08-14-DRYRUN,2026-08-14,CSM001xTSM001,86EA1C067905B9AD1AAE714019057602B454D578361EC3B15B3A6B14569D32A7,FUF001_FREE_US_EQUITY_250_V1,BC7879B3830C7327EB0A5779625A347C06826C47488F64326C7D0B2884CC741D,SESSION_CREATED,controller,PASS,Dry-run session created without PAPER_T0.
2026-08-14T17:46:26.958074+00:00,PAPER-2026-08-14-DRYRUN,2026-08-14,CSM001xTSM001,86EA1C067905B9AD1AAE714019057602B454D578361EC3B15B3A6B14569D32A7,FUF001_FREE_US_EQUITY_250_V1,BC7879B3830C7327EB0A5779625A347C06826C47488F64326C7D0B2884CC741D,READINESS_CHECK,universe,PASS,Canonical FUF hash checked.
2026-08-14T17:46:26.958074+00:00,PAPER-2026-08-14-DRYRUN,2026-08-14,CSM001xTSM001,86EA1C067905B9AD1AAE714019057602B454D578361EC3B15B3A6B14569D32A7,FUF001_FREE_US_EQUITY_250_V1,BC7879B3830C7327EB0A5779625A347C06826C47488F64326C7D0B2884CC741D,READINESS_CHECK,strategy,PASS,Frozen strategy hash checked.
2026-08-14T17:46:27.480229+00:00,PAPER-2026-08-14-DRYRUN,2026-08-13,CSM001xTSM001,86EA1C067905B9AD1AAE714019057602B454D578361EC3B15B3A6B14569D32A7,FUF001_FREE_US_EQUITY_250_V1,BC7879B3830C7327EB0A5779625A347C06826C47488F64326C7D0B2884CC741D,RECONCILIATION_CHECK,positions,PASS,"{""AAOI"": ""MISSING_BROKER"", ""ACMR"": ""MISSING_BROKER"", ""ACRS"": ""MISSING_BROKER"", ""AEIS"": ""MISSING_BROKER"", ""ALXO"": ""MISSING_BROKER"", ""AMAT"": ""MISSING_BROKER"", ""AMD"": ""MISSING_BROKER"", ""AMKR"": ""MISSING_BROKER"", ""AMRX"": ""MISSING_BROKER"", ""ANAB"": ""MISSING_BROKER"", ""ANNX"": ""MISSING_BROKER"", ""APPS"": ""MISSING_BROKER"", ""ARCB"": ""MISSING_BROKER"", ""ARWR"": ""MISSING_BROKER"", ""ASML"": ""MISSING_BROKER"", ""ATEX"": ""MISSING_BROKER"", ""ATRO"": ""MISSING_BROKER"", ""AXGN"": ""MISSING_BROKER"", ""AXSM"": ""MISSING_BROKER"", ""AXTI"": ""MISSING_BROKER"", ""BAND"": ""MISSING_BROKER"", ""BELFB"": ""MISSING_BROKER"", ""CALY"": ""MISSING_BROKER"", ""CDNA"": ""MISSING_BROKER"", ""CERS"": ""MISSING_BROKER""}"
2026-08-14T17:46:27.481562+00:00,PAPER-2026-08-14-DRYRUN,2026-08-13,CSM001xTSM001,86EA1C067905B9AD1AAE714019057602B454D578361EC3B15B3A6B14569D32A7,FUF001_FREE_US_EQUITY_250_V1,BC7879B3830C7327EB0A5779625A347C06826C47488F64326C7D0B2884CC741D,RECONCILIATION_CHECK,orders,PASS,"{""CSM001xTSM001-2026-08-13-AAOI-BUY-001"": ""INTENT_ONLY"", ""CSM001xTSM001-2026-08-13-ACMR-BUY-002"": ""INTENT_ONLY"", ""CSM001xTSM001-2026-08-13-ACRS-BUY-003"": ""INTENT_ONLY"", ""CSM001xTSM001-2026-08-13-AEIS-BUY-004"": ""INTENT_ONLY"", ""CSM001xTSM001-2026-08-13-ALXO-BUY-005"": ""INTENT_ONLY"", ""CSM001xTSM001-2026-08-13-AMAT-BUY-006"": ""INTENT_ONLY"", ""CSM001xTSM001-2026-08-13-AMD-BUY-007"": ""INTENT_ONLY"", ""CSM001xTSM001-2026-08-13-AMKR-BUY-008"": ""INTENT_ONLY"", ""CSM001xTSM001-2026-08-13-AMRX-BUY-009"": ""INTENT_ONLY"", ""CSM001xTSM001-2026-08-13-ANAB-BUY-010"": ""INTENT_ONLY"", ""CSM001xTSM001-2026-08-13-ANNX-BUY-011"": ""INTENT_ONLY"", ""CSM001xTSM001-2026-08-13-APPS-BUY-012"": ""INTENT_ONLY"", ""CSM001xTSM001-2026-08-13-ARCB-BUY-013"": ""INTENT_ONLY"", ""CSM001xTSM001-2026-08-13-ARWR-BUY-014"": ""INTENT_ONLY"", ""CSM001xTSM001-2026-08-13-ASML-BUY-015"": ""INTENT_ONLY"", ""CSM001xTSM001-2026-08-13-ATEX-BUY-016"": ""INTENT_ONLY"", ""CSM001xTSM001-2026-08-13-ATRO-BUY-017"": ""INTENT_ONLY"", ""CSM001xTSM001-2026-08-13-AXGN-BUY-018"": ""INTENT_ONLY"", ""CSM001xTSM001-2026-08-13-AXSM-BUY-019"": ""INTENT_ONLY"", ""CSM001xTSM001-2026-08-13-AXTI-BUY-020"": ""INTENT_ONLY"", ""CSM001xTSM001-2026-08-13-BAND-BUY-021"": ""INTENT_ONLY"", ""CSM001xTSM001-2026-08-13-BELFB-BUY-022"": ""INTENT_ONLY"", ""CSM001xTSM001-2026-08-13-CALY-BUY-023"": ""INTENT_ONLY"", ""CSM001xTSM001-2026-08-13-CDNA-BUY-024"": ""INTENT_ONLY"", ""CSM001xTSM001-2026-08-13-CERS-BUY-025"": ""INTENT_ONLY""}"
2026-08-14T17:46:27.491381+00:00,PAPER-2026-08-14-DRYRUN,2026-08-13,CSM001xTSM001,86EA1C067905B9AD1AAE714019057602B454D578361EC3B15B3A6B14569D32A7,FUF001_FREE_US_EQUITY_250_V1,BC7879B3830C7327EB0A5779625A347C06826C47488F64326C7D0B2884CC741D,ORDER_INTENTS_CREATED,order_intent,PASS,count=25
2026-08-14T17:46:27.491381+00:00,PAPER-2026-08-14-DRYRUN,2026-08-13,CSM001xTSM001,86EA1C067905B9AD1AAE714019057602B454D578361EC3B15B3A6B14569D32A7,FUF001_FREE_US_EQUITY_250_V1,BC7879B3830C7327EB0A5779625A347C06826C47488F64326C7D0B2884CC741D,RISK_GUARD_CHECK,risk,PASS,
2026-08-14T17:46:27.491381+00:00,PAPER-2026-08-14-DRYRUN,2026-08-13,CSM001xTSM001,86EA1C067905B9AD1AAE714019057602B454D578361EC3B15B3A6B14569D32A7,FUF001_FREE_US_EQUITY_250_V1,BC7879B3830C7327EB0A5779625A347C06826C47488F64326C7D0B2884CC741D,RISK_GUARD_CHECK,buying_power,PASS,required=100000.00;available=400000.00
2026-08-14T17:46:27.491381+00:00,PAPER-2026-08-14-DRYRUN,2026-08-13,CSM001xTSM001,86EA1C067905B9AD1AAE714019057602B454D578361EC3B15B3A6B14569D32A7,FUF001_FREE_US_EQUITY_250_V1,BC7879B3830C7327EB0A5779625A347C06826C47488F64326C7D0B2884CC741D,DRY_RUN_BLOCK,submission_boundary,BLOCKED,DRY_RUN_BLOCK_EXECUTION_FLAGS_FALSE
2026-08-14T17:47:11.544465+00:00,PAPER-2026-08-14-DRYRUN,2026-08-13,CSM001xTSM001,86EA1C067905B9AD1AAE714019057602B454D578361EC3B15B3A6B14569D32A7,FUF001_FREE_US_EQUITY_250_V1,BC7879B3830C7327EB0A5779625A347C06826C47488F64326C7D0B2884CC741D,SCHEDULE_CHECK,calendar,PASS,session=MARKET_OPEN
2026-08-14T17:47:11.544465+00:00,PAPER-2026-08-14-DRYRUN,2026-08-13,CSM001xTSM001,86EA1C067905B9AD1AAE714019057602B454D578361EC3B15B3A6B14569D32A7,FUF001_FREE_US_EQUITY_250_V1,BC7879B3830C7327EB0A5779625A347C06826C47488F64326C7D0B2884CC741D,DATA_FRESHNESS_CHECK,alpaca_daily_bars,PASS,fresh=250;stale=0
2026-08-14T17:47:11.544465+00:00,PAPER-2026-08-14-DRYRUN,2026-08-13,CSM001xTSM001,86EA1C067905B9AD1AAE714019057602B454D578361EC3B15B3A6B14569D32A7,FUF001_FREE_US_EQUITY_250_V1,BC7879B3830C7327EB0A5779625A347C06826C47488F64326C7D0B2884CC741D,ELIGIBILITY_CHECK,csm,PASS,eligible_count=250
2026-08-14T17:47:12.718567+00:00,PAPER-2026-08-14-DRYRUN,2026-08-13,CSM001xTSM001,86EA1C067905B9AD1AAE714019057602B454D578361EC3B15B3A6B14569D32A7,FUF001_FREE_US_EQUITY_250_V1,BC7879B3830C7327EB0A5779625A347C06826C47488F64326C7D0B2884CC741D,RECONCILIATION_CHECK,positions,PASS,"{""AAOI"": ""MISSING_BROKER"", ""ACMR"": ""MISSING_BROKER"", ""ACRS"": ""MISSING_BROKER"", ""AEIS"": ""MISSING_BROKER"", ""ALXO"": ""MISSING_BROKER"", ""AMAT"": ""MISSING_BROKER"", ""AMD"": ""MISSING_BROKER"", ""AMKR"": ""MISSING_BROKER"", ""AMRX"": ""MISSING_BROKER"", ""ANAB"": ""MISSING_BROKER"", ""ANNX"": ""MISSING_BROKER"", ""APPS"": ""MISSING_BROKER"", ""ARCB"": ""MISSING_BROKER"", ""ARWR"": ""MISSING_BROKER"", ""ASML"": ""MISSING_BROKER"", ""ATEX"": ""MISSING_BROKER"", ""ATRO"": ""MISSING_BROKER"", ""AXGN"": ""MISSING_BROKER"", ""AXSM"": ""MISSING_BROKER"", ""AXTI"": ""MISSING_BROKER"", ""BAND"": ""MISSING_BROKER"", ""BELFB"": ""MISSING_BROKER"", ""CALY"": ""MISSING_BROKER"", ""CDNA"": ""MISSING_BROKER"", ""CERS"": ""MISSING_BROKER""}"
2026-08-14T17:47:12.719571+00:00,PAPER-2026-08-14-DRYRUN,2026-08-13,CSM001xTSM001,86EA1C067905B9AD1AAE714019057602B454D578361EC3B15B3A6B14569D32A7,FUF001_FREE_US_EQUITY_250_V1,BC7879B3830C7327EB0A5779625A347C06826C47488F64326C7D0B2884CC741D,RECONCILIATION_CHECK,orders,PASS,"{""CSM001xTSM001-2026-08-13-AAOI-BUY-001"": ""INTENT_ONLY"", ""CSM001xTSM001-2026-08-13-ACMR-BUY-002"": ""INTENT_ONLY"", ""CSM001xTSM001-2026-08-13-ACRS-BUY-003"": ""INTENT_ONLY"", ""CSM001xTSM001-2026-08-13-AEIS-BUY-004"": ""INTENT_ONLY"", ""CSM001xTSM001-2026-08-13-ALXO-BUY-005"": ""INTENT_ONLY"", ""CSM001xTSM001-2026-08-13-AMAT-BUY-006"": ""INTENT_ONLY"", ""CSM001xTSM001-2026-08-13-AMD-BUY-007"": ""INTENT_ONLY"", ""CSM001xTSM001-2026-08-13-AMKR-BUY-008"": ""INTENT_ONLY"", ""CSM001xTSM001-2026-08-13-AMRX-BUY-009"": ""INTENT_ONLY"", ""CSM001xTSM001-2026-08-13-ANAB-BUY-010"": ""INTENT_ONLY"", ""CSM001xTSM001-2026-08-13-ANNX-BUY-011"": ""INTENT_ONLY"", ""CSM001xTSM001-2026-08-13-APPS-BUY-012"": ""INTENT_ONLY"", ""CSM001xTSM001-2026-08-13-ARCB-BUY-013"": ""INTENT_ONLY"", ""CSM001xTSM001-2026-08-13-ARWR-BUY-014"": ""INTENT_ONLY"", ""CSM001xTSM001-2026-08-13-ASML-BUY-015"": ""INTENT_ONLY"", ""CSM001xTSM001-2026-08-13-ATEX-BUY-016"": ""INTENT_ONLY"", ""CSM001xTSM001-2026-08-13-ATRO-BUY-017"": ""INTENT_ONLY"", ""CSM001xTSM001-2026-08-13-AXGN-BUY-018"": ""INTENT_ONLY"", ""CSM001xTSM001-2026-08-13-AXSM-BUY-019"": ""INTENT_ONLY"", ""CSM001xTSM001-2026-08-13-AXTI-BUY-020"": ""INTENT_ONLY"", ""CSM001xTSM001-2026-08-13-BAND-BUY-021"": ""INTENT_ONLY"", ""CSM001xTSM001-2026-08-13-BELFB-BUY-022"": ""INTENT_ONLY"", ""CSM001xTSM001-2026-08-13-CALY-BUY-023"": ""INTENT_ONLY"", ""CSM001xTSM001-2026-08-13-CDNA-BUY-024"": ""INTENT_ONLY"", ""CSM001xTSM001-2026-08-13-CERS-BUY-025"": ""INTENT_ONLY""}"
2026-08-14T17:47:12.730298+00:00,PAPER-2026-08-14-DRYRUN,2026-08-13,CSM001xTSM001,86EA1C067905B9AD1AAE714019057602B454D578361EC3B15B3A6B14569D32A7,FUF001_FREE_US_EQUITY_250_V1,BC7879B3830C7327EB0A5779625A347C06826C47488F64326C7D0B2884CC741D,ORDER_INTENTS_CREATED,order_intent,PASS,count=25
2026-08-14T17:47:12.731336+00:00,PAPER-2026-08-14-DRYRUN,2026-08-13,CSM001xTSM001,86EA1C067905B9AD1AAE714019057602B454D578361EC3B15B3A6B14569D32A7,FUF001_FREE_US_EQUITY_250_V1,BC7879B3830C7327EB0A5779625A347C06826C47488F64326C7D0B2884CC741D,RISK_GUARD_CHECK,risk,PASS,
2026-08-14T17:47:12.731336+00:00,PAPER-2026-08-14-DRYRUN,2026-08-13,CSM001xTSM001,86EA1C067905B9AD1AAE714019057602B454D578361EC3B15B3A6B14569D32A7,FUF001_FREE_US_EQUITY_250_V1,BC7879B3830C7327EB0A5779625A347C06826C47488F64326C7D0B2884CC741D,RISK_GUARD_CHECK,buying_power,PASS,required=100000.00;available=400000.00
2026-08-14T17:47:12.731336+00:00,PAPER-2026-08-14-DRYRUN,2026-08-13,CSM001xTSM001,86EA1C067905B9AD1AAE714019057602B454D578361EC3B15B3A6B14569D32A7,FUF001_FREE_US_EQUITY_250_V1,BC7879B3830C7327EB0A5779625A347C06826C47488F64326C7D0B2884CC741D,DRY_RUN_BLOCK,submission_boundary,BLOCKED,DRY_RUN_BLOCK_EXECUTION_FLAGS_FALSE
2026-08-14T17:50:16.359984+00:00,PAPER-2026-08-14-DRYRUN,2026-08-14,CSM001xTSM001,86EA1C067905B9AD1AAE714019057602B454D578361EC3B15B3A6B14569D32A7,FUF001_FREE_US_EQUITY_250_V1,BC7879B3830C7327EB0A5779625A347C06826C47488F64326C7D0B2884CC741D,SESSION_CREATED,controller,PASS,Dry-run session created without PAPER_T0.
2026-08-14T17:50:16.373494+00:00,PAPER-2026-08-14-DRYRUN,2026-08-14,CSM001xTSM001,86EA1C067905B9AD1AAE714019057602B454D578361EC3B15B3A6B14569D32A7,FUF001_FREE_US_EQUITY_250_V1,BC7879B3830C7327EB0A5779625A347C06826C47488F64326C7D0B2884CC741D,READINESS_CHECK,universe,PASS,Canonical FUF hash checked.
2026-08-14T17:50:16.373494+00:00,PAPER-2026-08-14-DRYRUN,2026-08-14,CSM001xTSM001,86EA1C067905B9AD1AAE714019057602B454D578361EC3B15B3A6B14569D32A7,FUF001_FREE_US_EQUITY_250_V1,BC7879B3830C7327EB0A5779625A347C06826C47488F64326C7D0B2884CC741D,READINESS_CHECK,strategy,PASS,Frozen strategy hash checked.
2026-08-14T17:50:16.376486+00:00,PAPER-2026-08-14-DRYRUN,2026-08-14,CSM001xTSM001,86EA1C067905B9AD1AAE714019057602B454D578361EC3B15B3A6B14569D32A7,FUF001_FREE_US_EQUITY_250_V1,BC7879B3830C7327EB0A5779625A347C06826C47488F64326C7D0B2884CC741D,SESSION_CREATED,controller,PASS,Dry-run session created without PAPER_T0.
2026-08-14T17:50:16.390587+00:00,PAPER-2026-08-14-DRYRUN,2026-08-14,CSM001xTSM001,86EA1C067905B9AD1AAE714019057602B454D578361EC3B15B3A6B14569D32A7,FUF001_FREE_US_EQUITY_250_V1,BC7879B3830C7327EB0A5779625A347C06826C47488F64326C7D0B2884CC741D,READINESS_CHECK,universe,PASS,Canonical FUF hash checked.
2026-08-14T17:50:16.390587+00:00,PAPER-2026-08-14-DRYRUN,2026-08-14,CSM001xTSM001,86EA1C067905B9AD1AAE714019057602B454D578361EC3B15B3A6B14569D32A7,FUF001_FREE_US_EQUITY_250_V1,BC7879B3830C7327EB0A5779625A347C06826C47488F64326C7D0B2884CC741D,READINESS_CHECK,strategy,PASS,Frozen strategy hash checked.
2026-08-14T17:50:36.156639+00:00,PAPER-2026-08-14-DRYRUN,2026-08-13,CSM001xTSM001,86EA1C067905B9AD1AAE714019057602B454D578361EC3B15B3A6B14569D32A7,FUF001_FREE_US_EQUITY_250_V1,BC7879B3830C7327EB0A5779625A347C06826C47488F64326C7D0B2884CC741D,SCHEDULE_CHECK,calendar,PASS,session=MARKET_OPEN
2026-08-14T17:50:36.156639+00:00,PAPER-2026-08-14-DRYRUN,2026-08-13,CSM001xTSM001,86EA1C067905B9AD1AAE714019057602B454D578361EC3B15B3A6B14569D32A7,FUF001_FREE_US_EQUITY_250_V1,BC7879B3830C7327EB0A5779625A347C06826C47488F64326C7D0B2884CC741D,DATA_FRESHNESS_CHECK,alpaca_daily_bars,PASS,fresh=250;stale=0
2026-08-14T17:50:36.156639+00:00,PAPER-2026-08-14-DRYRUN,2026-08-13,CSM001xTSM001,86EA1C067905B9AD1AAE714019057602B454D578361EC3B15B3A6B14569D32A7,FUF001_FREE_US_EQUITY_250_V1,BC7879B3830C7327EB0A5779625A347C06826C47488F64326C7D0B2884CC741D,ELIGIBILITY_CHECK,csm,PASS,eligible_count=250
2026-08-14T17:50:36.396866+00:00,PAPER-2026-08-14-DRYRUN,2026-08-13,CSM001xTSM001,86EA1C067905B9AD1AAE714019057602B454D578361EC3B15B3A6B14569D32A7,FUF001_FREE_US_EQUITY_250_V1,BC7879B3830C7327EB0A5779625A347C06826C47488F64326C7D0B2884CC741D,SCHEDULE_CHECK,calendar,PASS,session=MARKET_OPEN
2026-08-14T17:50:36.396866+00:00,PAPER-2026-08-14-DRYRUN,2026-08-13,CSM001xTSM001,86EA1C067905B9AD1AAE714019057602B454D578361EC3B15B3A6B14569D32A7,FUF001_FREE_US_EQUITY_250_V1,BC7879B3830C7327EB0A5779625A347C06826C47488F64326C7D0B2884CC741D,DATA_FRESHNESS_CHECK,alpaca_daily_bars,PASS,fresh=250;stale=0
2026-08-14T17:50:36.397995+00:00,PAPER-2026-08-14-DRYRUN,2026-08-13,CSM001xTSM001,86EA1C067905B9AD1AAE714019057602B454D578361EC3B15B3A6B14569D32A7,FUF001_FREE_US_EQUITY_250_V1,BC7879B3830C7327EB0A5779625A347C06826C47488F64326C7D0B2884CC741D,ELIGIBILITY_CHECK,csm,PASS,eligible_count=250
2026-08-14T17:50:37.307088+00:00,PAPER-2026-08-14-DRYRUN,2026-08-13,CSM001xTSM001,86EA1C067905B9AD1AAE714019057602B454D578361EC3B15B3A6B14569D32A7,FUF001_FREE_US_EQUITY_250_V1,BC7879B3830C7327EB0A5779625A347C06826C47488F64326C7D0B2884CC741D,RECONCILIATION_CHECK,positions,PASS,"{""AAOI"": ""MISSING_BROKER"", ""ACMR"": ""MISSING_BROKER"", ""ACRS"": ""MISSING_BROKER"", ""AEIS"": ""MISSING_BROKER"", ""ALXO"": ""MISSING_BROKER"", ""AMAT"": ""MISSING_BROKER"", ""AMD"": ""MISSING_BROKER"", ""AMKR"": ""MISSING_BROKER"", ""AMRX"": ""MISSING_BROKER"", ""ANAB"": ""MISSING_BROKER"", ""ANNX"": ""MISSING_BROKER"", ""APPS"": ""MISSING_BROKER"", ""ARCB"": ""MISSING_BROKER"", ""ARWR"": ""MISSING_BROKER"", ""ASML"": ""MISSING_BROKER"", ""ATEX"": ""MISSING_BROKER"", ""ATRO"": ""MISSING_BROKER"", ""AXGN"": ""MISSING_BROKER"", ""AXSM"": ""MISSING_BROKER"", ""AXTI"": ""MISSING_BROKER"", ""BAND"": ""MISSING_BROKER"", ""BELFB"": ""MISSING_BROKER"", ""CALY"": ""MISSING_BROKER"", ""CDNA"": ""MISSING_BROKER"", ""CERS"": ""MISSING_BROKER""}"
2026-08-14T17:50:37.307088+00:00,PAPER-2026-08-14-DRYRUN,2026-08-13,CSM001xTSM001,86EA1C067905B9AD1AAE714019057602B454D578361EC3B15B3A6B14569D32A7,FUF001_FREE_US_EQUITY_250_V1,BC7879B3830C7327EB0A5779625A347C06826C47488F64326C7D0B2884CC741D,RECONCILIATION_CHECK,orders,PASS,"{""CSM001xTSM001-2026-08-13-AAOI-BUY-001"": ""INTENT_ONLY"", ""CSM001xTSM001-2026-08-13-ACMR-BUY-002"": ""INTENT_ONLY"", ""CSM001xTSM001-2026-08-13-ACRS-BUY-003"": ""INTENT_ONLY"", ""CSM001xTSM001-2026-08-13-AEIS-BUY-004"": ""INTENT_ONLY"", ""CSM001xTSM001-2026-08-13-ALXO-BUY-005"": ""INTENT_ONLY"", ""CSM001xTSM001-2026-08-13-AMAT-BUY-006"": ""INTENT_ONLY"", ""CSM001xTSM001-2026-08-13-AMD-BUY-007"": ""INTENT_ONLY"", ""CSM001xTSM001-2026-08-13-AMKR-BUY-008"": ""INTENT_ONLY"", ""CSM001xTSM001-2026-08-13-AMRX-BUY-009"": ""INTENT_ONLY"", ""CSM001xTSM001-2026-08-13-ANAB-BUY-010"": ""INTENT_ONLY"", ""CSM001xTSM001-2026-08-13-ANNX-BUY-011"": ""INTENT_ONLY"", ""CSM001xTSM001-2026-08-13-APPS-BUY-012"": ""INTENT_ONLY"", ""CSM001xTSM001-2026-08-13-ARCB-BUY-013"": ""INTENT_ONLY"", ""CSM001xTSM001-2026-08-13-ARWR-BUY-014"": ""INTENT_ONLY"", ""CSM001xTSM001-2026-08-13-ASML-BUY-015"": ""INTENT_ONLY"", ""CSM001xTSM001-2026-08-13-ATEX-BUY-016"": ""INTENT_ONLY"", ""CSM001xTSM001-2026-08-13-ATRO-BUY-017"": ""INTENT_ONLY"", ""CSM001xTSM001-2026-08-13-AXGN-BUY-018"": ""INTENT_ONLY"", ""CSM001xTSM001-2026-08-13-AXSM-BUY-019"": ""INTENT_ONLY"", ""CSM001xTSM001-2026-08-13-AXTI-BUY-020"": ""INTENT_ONLY"", ""CSM001xTSM001-2026-08-13-BAND-BUY-021"": ""INTENT_ONLY"", ""CSM001xTSM001-2026-08-13-BELFB-BUY-022"": ""INTENT_ONLY"", ""CSM001xTSM001-2026-08-13-CALY-BUY-023"": ""INTENT_ONLY"", ""CSM001xTSM001-2026-08-13-CDNA-BUY-024"": ""INTENT_ONLY"", ""CSM001xTSM001-2026-08-13-CERS-BUY-025"": ""INTENT_ONLY""}"
2026-08-14T17:50:37.316995+00:00,PAPER-2026-08-14-DRYRUN,2026-08-13,CSM001xTSM001,86EA1C067905B9AD1AAE714019057602B454D578361EC3B15B3A6B14569D32A7,FUF001_FREE_US_EQUITY_250_V1,BC7879B3830C7327EB0A5779625A347C06826C47488F64326C7D0B2884CC741D,ORDER_INTENTS_CREATED,order_intent,PASS,count=25
2026-08-14T17:50:37.316995+00:00,PAPER-2026-08-14-DRYRUN,2026-08-13,CSM001xTSM001,86EA1C067905B9AD1AAE714019057602B454D578361EC3B15B3A6B14569D32A7,FUF001_FREE_US_EQUITY_250_V1,BC7879B3830C7327EB0A5779625A347C06826C47488F64326C7D0B2884CC741D,RISK_GUARD_CHECK,risk,PASS,
2026-08-14T17:50:37.316995+00:00,PAPER-2026-08-14-DRYRUN,2026-08-13,CSM001xTSM001,86EA1C067905B9AD1AAE714019057602B454D578361EC3B15B3A6B14569D32A7,FUF001_FREE_US_EQUITY_250_V1,BC7879B3830C7327EB0A5779625A347C06826C47488F64326C7D0B2884CC741D,RISK_GUARD_CHECK,buying_power,PASS,required=100000.00;available=400000.00
2026-08-14T17:50:37.318314+00:00,PAPER-2026-08-14-DRYRUN,2026-08-13,CSM001xTSM001,86EA1C067905B9AD1AAE714019057602B454D578361EC3B15B3A6B14569D32A7,FUF001_FREE_US_EQUITY_250_V1,BC7879B3830C7327EB0A5779625A347C06826C47488F64326C7D0B2884CC741D,DRY_RUN_BLOCK,submission_boundary,BLOCKED,DRY_RUN_BLOCK_EXECUTION_FLAGS_FALSE
2026-08-14T17:50:37.319319+00:00,PAPER-2026-08-14-DRYRUN,2026-08-14,CSM001xTSM001,86EA1C067905B9AD1AAE714019057602B454D578361EC3B15B3A6B14569D32A7,FUF001_FREE_US_EQUITY_250_V1,BC7879B3830C7327EB0A5779625A347C06826C47488F64326C7D0B2884CC741D,SESSION_CREATED,controller,PASS,Dry-run session created without PAPER_T0.
2026-08-14T17:50:37.332047+00:00,PAPER-2026-08-14-DRYRUN,2026-08-14,CSM001xTSM001,86EA1C067905B9AD1AAE714019057602B454D578361EC3B15B3A6B14569D32A7,FUF001_FREE_US_EQUITY_250_V1,BC7879B3830C7327EB0A5779625A347C06826C47488F64326C7D0B2884CC741D,READINESS_CHECK,universe,PASS,Canonical FUF hash checked.
2026-08-14T17:50:37.333045+00:00,PAPER-2026-08-14-DRYRUN,2026-08-14,CSM001xTSM001,86EA1C067905B9AD1AAE714019057602B454D578361EC3B15B3A6B14569D32A7,FUF001_FREE_US_EQUITY_250_V1,BC7879B3830C7327EB0A5779625A347C06826C47488F64326C7D0B2884CC741D,READINESS_CHECK,strategy,PASS,Frozen strategy hash checked.
2026-08-14T17:50:37.586033+00:00,PAPER-2026-08-14-DRYRUN,2026-08-13,CSM001xTSM001,86EA1C067905B9AD1AAE714019057602B454D578361EC3B15B3A6B14569D32A7,FUF001_FREE_US_EQUITY_250_V1,BC7879B3830C7327EB0A5779625A347C06826C47488F64326C7D0B2884CC741D,RECONCILIATION_CHECK,positions,PASS,"{""AAOI"": ""MISSING_BROKER"", ""ACMR"": ""MISSING_BROKER"", ""ACRS"": ""MISSING_BROKER"", ""AEIS"": ""MISSING_BROKER"", ""ALXO"": ""MISSING_BROKER"", ""AMAT"": ""MISSING_BROKER"", ""AMD"": ""MISSING_BROKER"", ""AMKR"": ""MISSING_BROKER"", ""AMRX"": ""MISSING_BROKER"", ""ANAB"": ""MISSING_BROKER"", ""ANNX"": ""MISSING_BROKER"", ""APPS"": ""MISSING_BROKER"", ""ARCB"": ""MISSING_BROKER"", ""ARWR"": ""MISSING_BROKER"", ""ASML"": ""MISSING_BROKER"", ""ATEX"": ""MISSING_BROKER"", ""ATRO"": ""MISSING_BROKER"", ""AXGN"": ""MISSING_BROKER"", ""AXSM"": ""MISSING_BROKER"", ""AXTI"": ""MISSING_BROKER"", ""BAND"": ""MISSING_BROKER"", ""BELFB"": ""MISSING_BROKER"", ""CALY"": ""MISSING_BROKER"", ""CDNA"": ""MISSING_BROKER"", ""CERS"": ""MISSING_BROKER""}"
2026-08-14T17:50:37.587070+00:00,PAPER-2026-08-14-DRYRUN,2026-08-13,CSM001xTSM001,86EA1C067905B9AD1AAE714019057602B454D578361EC3B15B3A6B14569D32A7,FUF001_FREE_US_EQUITY_250_V1,BC7879B3830C7327EB0A5779625A347C06826C47488F64326C7D0B2884CC741D,RECONCILIATION_CHECK,orders,PASS,"{""CSM001xTSM001-2026-08-13-AAOI-BUY-001"": ""INTENT_ONLY"", ""CSM001xTSM001-2026-08-13-ACMR-BUY-002"": ""INTENT_ONLY"", ""CSM001xTSM001-2026-08-13-ACRS-BUY-003"": ""INTENT_ONLY"", ""CSM001xTSM001-2026-08-13-AEIS-BUY-004"": ""INTENT_ONLY"", ""CSM001xTSM001-2026-08-13-ALXO-BUY-005"": ""INTENT_ONLY"", ""CSM001xTSM001-2026-08-13-AMAT-BUY-006"": ""INTENT_ONLY"", ""CSM001xTSM001-2026-08-13-AMD-BUY-007"": ""INTENT_ONLY"", ""CSM001xTSM001-2026-08-13-AMKR-BUY-008"": ""INTENT_ONLY"", ""CSM001xTSM001-2026-08-13-AMRX-BUY-009"": ""INTENT_ONLY"", ""CSM001xTSM001-2026-08-13-ANAB-BUY-010"": ""INTENT_ONLY"", ""CSM001xTSM001-2026-08-13-ANNX-BUY-011"": ""INTENT_ONLY"", ""CSM001xTSM001-2026-08-13-APPS-BUY-012"": ""INTENT_ONLY"", ""CSM001xTSM001-2026-08-13-ARCB-BUY-013"": ""INTENT_ONLY"", ""CSM001xTSM001-2026-08-13-ARWR-BUY-014"": ""INTENT_ONLY"", ""CSM001xTSM001-2026-08-13-ASML-BUY-015"": ""INTENT_ONLY"", ""CSM001xTSM001-2026-08-13-ATEX-BUY-016"": ""INTENT_ONLY"", ""CSM001xTSM001-2026-08-13-ATRO-BUY-017"": ""INTENT_ONLY"", ""CSM001xTSM001-2026-08-13-AXGN-BUY-018"": ""INTENT_ONLY"", ""CSM001xTSM001-2026-08-13-AXSM-BUY-019"": ""INTENT_ONLY"", ""CSM001xTSM001-2026-08-13-AXTI-BUY-020"": ""INTENT_ONLY"", ""CSM001xTSM001-2026-08-13-BAND-BUY-021"": ""INTENT_ONLY"", ""CSM001xTSM001-2026-08-13-BELFB-BUY-022"": ""INTENT_ONLY"", ""CSM001xTSM001-2026-08-13-CALY-BUY-023"": ""INTENT_ONLY"", ""CSM001xTSM001-2026-08-13-CDNA-BUY-024"": ""INTENT_ONLY"", ""CSM001xTSM001-2026-08-13-CERS-BUY-025"": ""INTENT_ONLY""}"
2026-08-14T17:50:37.597697+00:00,PAPER-2026-08-14-DRYRUN,2026-08-13,CSM001xTSM001,86EA1C067905B9AD1AAE714019057602B454D578361EC3B15B3A6B14569D32A7,FUF001_FREE_US_EQUITY_250_V1,BC7879B3830C7327EB0A5779625A347C06826C47488F64326C7D0B2884CC741D,ORDER_INTENTS_CREATED,order_intent,PASS,count=25
2026-08-14T17:50:37.597697+00:00,PAPER-2026-08-14-DRYRUN,2026-08-13,CSM001xTSM001,86EA1C067905B9AD1AAE714019057602B454D578361EC3B15B3A6B14569D32A7,FUF001_FREE_US_EQUITY_250_V1,BC7879B3830C7327EB0A5779625A347C06826C47488F64326C7D0B2884CC741D,RISK_GUARD_CHECK,risk,PASS,
2026-08-14T17:50:37.598701+00:00,PAPER-2026-08-14-DRYRUN,2026-08-13,CSM001xTSM001,86EA1C067905B9AD1AAE714019057602B454D578361EC3B15B3A6B14569D32A7,FUF001_FREE_US_EQUITY_250_V1,BC7879B3830C7327EB0A5779625A347C06826C47488F64326C7D0B2884CC741D,RISK_GUARD_CHECK,buying_power,PASS,required=100000.00;available=400000.00
2026-08-14T17:50:37.598701+00:00,PAPER-2026-08-14-DRYRUN,2026-08-13,CSM001xTSM001,86EA1C067905B9AD1AAE714019057602B454D578361EC3B15B3A6B14569D32A7,FUF001_FREE_US_EQUITY_250_V1,BC7879B3830C7327EB0A5779625A347C06826C47488F64326C7D0B2884CC741D,DRY_RUN_BLOCK,submission_boundary,BLOCKED,DRY_RUN_BLOCK_EXECUTION_FLAGS_FALSE
2026-08-14T17:50:57.503128+00:00,PAPER-2026-08-14-DRYRUN,2026-08-13,CSM001xTSM001,86EA1C067905B9AD1AAE714019057602B454D578361EC3B15B3A6B14569D32A7,FUF001_FREE_US_EQUITY_250_V1,BC7879B3830C7327EB0A5779625A347C06826C47488F64326C7D0B2884CC741D,SCHEDULE_CHECK,calendar,PASS,session=MARKET_OPEN
2026-08-14T17:50:57.503128+00:00,PAPER-2026-08-14-DRYRUN,2026-08-13,CSM001xTSM001,86EA1C067905B9AD1AAE714019057602B454D578361EC3B15B3A6B14569D32A7,FUF001_FREE_US_EQUITY_250_V1,BC7879B3830C7327EB0A5779625A347C06826C47488F64326C7D0B2884CC741D,DATA_FRESHNESS_CHECK,alpaca_daily_bars,PASS,fresh=250;stale=0
2026-08-14T17:50:57.503128+00:00,PAPER-2026-08-14-DRYRUN,2026-08-13,CSM001xTSM001,86EA1C067905B9AD1AAE714019057602B454D578361EC3B15B3A6B14569D32A7,FUF001_FREE_US_EQUITY_250_V1,BC7879B3830C7327EB0A5779625A347C06826C47488F64326C7D0B2884CC741D,ELIGIBILITY_CHECK,csm,PASS,eligible_count=250
2026-08-14T17:50:58.709911+00:00,PAPER-2026-08-14-DRYRUN,2026-08-13,CSM001xTSM001,86EA1C067905B9AD1AAE714019057602B454D578361EC3B15B3A6B14569D32A7,FUF001_FREE_US_EQUITY_250_V1,BC7879B3830C7327EB0A5779625A347C06826C47488F64326C7D0B2884CC741D,RECONCILIATION_CHECK,positions,PASS,"{""AAOI"": ""MISSING_BROKER"", ""ACMR"": ""MISSING_BROKER"", ""ACRS"": ""MISSING_BROKER"", ""AEIS"": ""MISSING_BROKER"", ""ALXO"": ""MISSING_BROKER"", ""AMAT"": ""MISSING_BROKER"", ""AMD"": ""MISSING_BROKER"", ""AMKR"": ""MISSING_BROKER"", ""AMRX"": ""MISSING_BROKER"", ""ANAB"": ""MISSING_BROKER"", ""ANNX"": ""MISSING_BROKER"", ""APPS"": ""MISSING_BROKER"", ""ARCB"": ""MISSING_BROKER"", ""ARWR"": ""MISSING_BROKER"", ""ASML"": ""MISSING_BROKER"", ""ATEX"": ""MISSING_BROKER"", ""ATRO"": ""MISSING_BROKER"", ""AXGN"": ""MISSING_BROKER"", ""AXSM"": ""MISSING_BROKER"", ""AXTI"": ""MISSING_BROKER"", ""BAND"": ""MISSING_BROKER"", ""BELFB"": ""MISSING_BROKER"", ""CALY"": ""MISSING_BROKER"", ""CDNA"": ""MISSING_BROKER"", ""CERS"": ""MISSING_BROKER""}"
2026-08-14T17:50:58.711216+00:00,PAPER-2026-08-14-DRYRUN,2026-08-13,CSM001xTSM001,86EA1C067905B9AD1AAE714019057602B454D578361EC3B15B3A6B14569D32A7,FUF001_FREE_US_EQUITY_250_V1,BC7879B3830C7327EB0A5779625A347C06826C47488F64326C7D0B2884CC741D,RECONCILIATION_CHECK,orders,PASS,"{""CSM001xTSM001-2026-08-13-AAOI-BUY-001"": ""INTENT_ONLY"", ""CSM001xTSM001-2026-08-13-ACMR-BUY-002"": ""INTENT_ONLY"", ""CSM001xTSM001-2026-08-13-ACRS-BUY-003"": ""INTENT_ONLY"", ""CSM001xTSM001-2026-08-13-AEIS-BUY-004"": ""INTENT_ONLY"", ""CSM001xTSM001-2026-08-13-ALXO-BUY-005"": ""INTENT_ONLY"", ""CSM001xTSM001-2026-08-13-AMAT-BUY-006"": ""INTENT_ONLY"", ""CSM001xTSM001-2026-08-13-AMD-BUY-007"": ""INTENT_ONLY"", ""CSM001xTSM001-2026-08-13-AMKR-BUY-008"": ""INTENT_ONLY"", ""CSM001xTSM001-2026-08-13-AMRX-BUY-009"": ""INTENT_ONLY"", ""CSM001xTSM001-2026-08-13-ANAB-BUY-010"": ""INTENT_ONLY"", ""CSM001xTSM001-2026-08-13-ANNX-BUY-011"": ""INTENT_ONLY"", ""CSM001xTSM001-2026-08-13-APPS-BUY-012"": ""INTENT_ONLY"", ""CSM001xTSM001-2026-08-13-ARCB-BUY-013"": ""INTENT_ONLY"", ""CSM001xTSM001-2026-08-13-ARWR-BUY-014"": ""INTENT_ONLY"", ""CSM001xTSM001-2026-08-13-ASML-BUY-015"": ""INTENT_ONLY"", ""CSM001xTSM001-2026-08-13-ATEX-BUY-016"": ""INTENT_ONLY"", ""CSM001xTSM001-2026-08-13-ATRO-BUY-017"": ""INTENT_ONLY"", ""CSM001xTSM001-2026-08-13-AXGN-BUY-018"": ""INTENT_ONLY"", ""CSM001xTSM001-2026-08-13-AXSM-BUY-019"": ""INTENT_ONLY"", ""CSM001xTSM001-2026-08-13-AXTI-BUY-020"": ""INTENT_ONLY"", ""CSM001xTSM001-2026-08-13-BAND-BUY-021"": ""INTENT_ONLY"", ""CSM001xTSM001-2026-08-13-BELFB-BUY-022"": ""INTENT_ONLY"", ""CSM001xTSM001-2026-08-13-CALY-BUY-023"": ""INTENT_ONLY"", ""CSM001xTSM001-2026-08-13-CDNA-BUY-024"": ""INTENT_ONLY"", ""CSM001xTSM001-2026-08-13-CERS-BUY-025"": ""INTENT_ONLY""}"
2026-08-14T17:50:58.719570+00:00,PAPER-2026-08-14-DRYRUN,2026-08-13,CSM001xTSM001,86EA1C067905B9AD1AAE714019057602B454D578361EC3B15B3A6B14569D32A7,FUF001_FREE_US_EQUITY_250_V1,BC7879B3830C7327EB0A5779625A347C06826C47488F64326C7D0B2884CC741D,ORDER_INTENTS_CREATED,order_intent,PASS,count=25
2026-08-14T17:50:58.719570+00:00,PAPER-2026-08-14-DRYRUN,2026-08-13,CSM001xTSM001,86EA1C067905B9AD1AAE714019057602B454D578361EC3B15B3A6B14569D32A7,FUF001_FREE_US_EQUITY_250_V1,BC7879B3830C7327EB0A5779625A347C06826C47488F64326C7D0B2884CC741D,RISK_GUARD_CHECK,risk,PASS,
2026-08-14T17:50:58.720579+00:00,PAPER-2026-08-14-DRYRUN,2026-08-13,CSM001xTSM001,86EA1C067905B9AD1AAE714019057602B454D578361EC3B15B3A6B14569D32A7,FUF001_FREE_US_EQUITY_250_V1,BC7879B3830C7327EB0A5779625A347C06826C47488F64326C7D0B2884CC741D,RISK_GUARD_CHECK,buying_power,PASS,required=100000.00;available=400000.00
2026-08-14T17:50:58.720579+00:00,PAPER-2026-08-14-DRYRUN,2026-08-13,CSM001xTSM001,86EA1C067905B9AD1AAE714019057602B454D578361EC3B15B3A6B14569D32A7,FUF001_FREE_US_EQUITY_250_V1,BC7879B3830C7327EB0A5779625A347C06826C47488F64326C7D0B2884CC741D,DRY_RUN_BLOCK,submission_boundary,BLOCKED,DRY_RUN_BLOCK_EXECUTION_FLAGS_FALSE
2026-08-24T23:17:14.734423+00:00,PAPER-2026-08-24-DRYRUN,2026-08-25,CSM001xTSM001,86EA1C067905B9AD1AAE714019057602B454D578361EC3B15B3A6B14569D32A7,FUF001_FREE_US_EQUITY_250_V1,BC7879B3830C7327EB0A5779625A347C06826C47488F64326C7D0B2884CC741D,SESSION_CREATED,controller,PASS,Dry-run session created without PAPER_T0.
2026-08-24T23:17:14.749496+00:00,PAPER-2026-08-24-DRYRUN,2026-08-25,CSM001xTSM001,86EA1C067905B9AD1AAE714019057602B454D578361EC3B15B3A6B14569D32A7,FUF001_FREE_US_EQUITY_250_V1,BC7879B3830C7327EB0A5779625A347C06826C47488F64326C7D0B2884CC741D,READINESS_CHECK,universe,PASS,Canonical FUF hash checked.
2026-08-24T23:17:14.749496+00:00,PAPER-2026-08-24-DRYRUN,2026-08-25,CSM001xTSM001,86EA1C067905B9AD1AAE714019057602B454D578361EC3B15B3A6B14569D32A7,FUF001_FREE_US_EQUITY_250_V1,BC7879B3830C7327EB0A5779625A347C06826C47488F64326C7D0B2884CC741D,READINESS_CHECK,strategy,PASS,Frozen strategy hash checked.
2026-08-24T23:17:31.416897+00:00,PAPER-2026-08-24-DRYRUN,2026-08-24,CSM001xTSM001,86EA1C067905B9AD1AAE714019057602B454D578361EC3B15B3A6B14569D32A7,FUF001_FREE_US_EQUITY_250_V1,BC7879B3830C7327EB0A5779625A347C06826C47488F64326C7D0B2884CC741D,INCIDENT,signal_pipeline,STALE_DATA,Current signal pipeline failed.
2026-08-24T23:17:31.418433+00:00,PAPER-2026-08-24-DRYRUN,2026-08-24,CSM001xTSM001,86EA1C067905B9AD1AAE714019057602B454D578361EC3B15B3A6B14569D32A7,FUF001_FREE_US_EQUITY_250_V1,BC7879B3830C7327EB0A5779625A347C06826C47488F64326C7D0B2884CC741D,INCIDENT,target_portfolio,STALE_DATA,Target portfolio invariant failed.
2026-08-24T23:17:31.419447+00:00,PAPER-2026-08-24-DRYRUN,2026-08-24,CSM001xTSM001,86EA1C067905B9AD1AAE714019057602B454D578361EC3B15B3A6B14569D32A7,FUF001_FREE_US_EQUITY_250_V1,BC7879B3830C7327EB0A5779625A347C06826C47488F64326C7D0B2884CC741D,SCHEDULE_CHECK,calendar,PASS,session=POST_CLOSE
2026-08-24T23:17:31.419447+00:00,PAPER-2026-08-24-DRYRUN,2026-08-24,CSM001xTSM001,86EA1C067905B9AD1AAE714019057602B454D578361EC3B15B3A6B14569D32A7,FUF001_FREE_US_EQUITY_250_V1,BC7879B3830C7327EB0A5779625A347C06826C47488F64326C7D0B2884CC741D,DATA_FRESHNESS_CHECK,alpaca_daily_bars,FAIL,fresh=249;stale=1
2026-08-24T23:17:31.420442+00:00,PAPER-2026-08-24-DRYRUN,2026-08-24,CSM001xTSM001,86EA1C067905B9AD1AAE714019057602B454D578361EC3B15B3A6B14569D32A7,FUF001_FREE_US_EQUITY_250_V1,BC7879B3830C7327EB0A5779625A347C06826C47488F64326C7D0B2884CC741D,INCIDENT,freshness,STALE_DATA,Target snapshot failed integrity checks.
2026-08-24T23:17:31.421443+00:00,PAPER-2026-08-24-DRYRUN,2026-08-24,CSM001xTSM001,86EA1C067905B9AD1AAE714019057602B454D578361EC3B15B3A6B14569D32A7,FUF001_FREE_US_EQUITY_250_V1,BC7879B3830C7327EB0A5779625A347C06826C47488F64326C7D0B2884CC741D,ELIGIBILITY_CHECK,csm,PASS,eligible_count=249
2026-08-24T23:17:32.607415+00:00,PAPER-2026-08-24-DRYRUN,2026-08-24,CSM001xTSM001,86EA1C067905B9AD1AAE714019057602B454D578361EC3B15B3A6B14569D32A7,FUF001_FREE_US_EQUITY_250_V1,BC7879B3830C7327EB0A5779625A347C06826C47488F64326C7D0B2884CC741D,RECONCILIATION_CHECK,positions,PASS,"{""AAOI"": ""MISSING_BROKER"", ""ACMR"": ""MISSING_BROKER"", ""ACRS"": ""MISSING_BROKER"", ""AEIS"": ""MISSING_BROKER"", ""ALXO"": ""MISSING_BROKER"", ""AMAT"": ""MISSING_BROKER"", ""AMD"": ""MISSING_BROKER"", ""AMKR"": ""MISSING_BROKER"", ""ANAB"": ""MISSING_BROKER"", ""ANDE"": ""MISSING_BROKER"", ""ANNX"": ""MISSING_BROKER"", ""APPS"": ""MISSING_BROKER"", ""ARCB"": ""MISSING_BROKER"", ""ARWR"": ""MISSING_BROKER"", ""ASML"": ""MISSING_BROKER"", ""ATEX"": ""MISSING_BROKER"", ""ATRO"": ""MISSING_BROKER"", ""AXGN"": ""MISSING_BROKER"", ""AXSM"": ""MISSING_BROKER"", ""AXTI"": ""MISSING_BROKER"", ""BAND"": ""MISSING_BROKER"", ""BELFB"": ""MISSING_BROKER"", ""CDNA"": ""MISSING_BROKER"", ""CENX"": ""MISSING_BROKER"", ""CERS"": ""MISSING_BROKER""}"
2026-08-24T23:17:32.608273+00:00,PAPER-2026-08-24-DRYRUN,2026-08-24,CSM001xTSM001,86EA1C067905B9AD1AAE714019057602B454D578361EC3B15B3A6B14569D32A7,FUF001_FREE_US_EQUITY_250_V1,BC7879B3830C7327EB0A5779625A347C06826C47488F64326C7D0B2884CC741D,RECONCILIATION_CHECK,orders,PASS,"{""CSM001xTSM001-2026-08-24-AAOI-BUY-001"": ""INTENT_ONLY"", ""CSM001xTSM001-2026-08-24-ACMR-BUY-002"": ""INTENT_ONLY"", ""CSM001xTSM001-2026-08-24-ACRS-BUY-003"": ""INTENT_ONLY"", ""CSM001xTSM001-2026-08-24-AEIS-BUY-004"": ""INTENT_ONLY"", ""CSM001xTSM001-2026-08-24-ALXO-BUY-005"": ""INTENT_ONLY"", ""CSM001xTSM001-2026-08-24-AMAT-BUY-006"": ""INTENT_ONLY"", ""CSM001xTSM001-2026-08-24-AMD-BUY-007"": ""INTENT_ONLY"", ""CSM001xTSM001-2026-08-24-AMKR-BUY-008"": ""INTENT_ONLY"", ""CSM001xTSM001-2026-08-24-ANAB-BUY-009"": ""INTENT_ONLY"", ""CSM001xTSM001-2026-08-24-ANDE-BUY-010"": ""INTENT_ONLY"", ""CSM001xTSM001-2026-08-24-ANNX-BUY-011"": ""INTENT_ONLY"", ""CSM001xTSM001-2026-08-24-APPS-BUY-012"": ""INTENT_ONLY"", ""CSM001xTSM001-2026-08-24-ARCB-BUY-013"": ""INTENT_ONLY"", ""CSM001xTSM001-2026-08-24-ARWR-BUY-014"": ""INTENT_ONLY"", ""CSM001xTSM001-2026-08-24-ASML-BUY-015"": ""INTENT_ONLY"", ""CSM001xTSM001-2026-08-24-ATEX-BUY-016"": ""INTENT_ONLY"", ""CSM001xTSM001-2026-08-24-ATRO-BUY-017"": ""INTENT_ONLY"", ""CSM001xTSM001-2026-08-24-AXGN-BUY-018"": ""INTENT_ONLY"", ""CSM001xTSM001-2026-08-24-AXSM-BUY-019"": ""INTENT_ONLY"", ""CSM001xTSM001-2026-08-24-AXTI-BUY-020"": ""INTENT_ONLY"", ""CSM001xTSM001-2026-08-24-BAND-BUY-021"": ""INTENT_ONLY"", ""CSM001xTSM001-2026-08-24-BELFB-BUY-022"": ""INTENT_ONLY"", ""CSM001xTSM001-2026-08-24-CDNA-BUY-023"": ""INTENT_ONLY"", ""CSM001xTSM001-2026-08-24-CENX-BUY-024"": ""INTENT_ONLY"", ""CSM001xTSM001-2026-08-24-CERS-BUY-025"": ""INTENT_ONLY""}"
2026-08-24T23:17:32.621908+00:00,PAPER-2026-08-24-DRYRUN,2026-08-24,CSM001xTSM001,86EA1C067905B9AD1AAE714019057602B454D578361EC3B15B3A6B14569D32A7,FUF001_FREE_US_EQUITY_250_V1,BC7879B3830C7327EB0A5779625A347C06826C47488F64326C7D0B2884CC741D,ORDER_INTENTS_CREATED,order_intent,PASS,count=25
2026-08-24T23:17:32.621908+00:00,PAPER-2026-08-24-DRYRUN,2026-08-24,CSM001xTSM001,86EA1C067905B9AD1AAE714019057602B454D578361EC3B15B3A6B14569D32A7,FUF001_FREE_US_EQUITY_250_V1,BC7879B3830C7327EB0A5779625A347C06826C47488F64326C7D0B2884CC741D,RISK_GUARD_CHECK,risk,PASS,
2026-08-24T23:17:32.622912+00:00,PAPER-2026-08-24-DRYRUN,2026-08-24,CSM001xTSM001,86EA1C067905B9AD1AAE714019057602B454D578361EC3B15B3A6B14569D32A7,FUF001_FREE_US_EQUITY_250_V1,BC7879B3830C7327EB0A5779625A347C06826C47488F64326C7D0B2884CC741D,RISK_GUARD_CHECK,buying_power,PASS,required=100000.00;available=400000.00
2026-08-24T23:17:32.623910+00:00,PAPER-2026-08-24-DRYRUN,2026-08-24,CSM001xTSM001,86EA1C067905B9AD1AAE714019057602B454D578361EC3B15B3A6B14569D32A7,FUF001_FREE_US_EQUITY_250_V1,BC7879B3830C7327EB0A5779625A347C06826C47488F64326C7D0B2884CC741D,INCIDENT,timing,SCHEDULER_FAILURE,session=POST_CLOSE
2026-08-24T23:17:32.623910+00:00,PAPER-2026-08-24-DRYRUN,2026-08-24,CSM001xTSM001,86EA1C067905B9AD1AAE714019057602B454D578361EC3B15B3A6B14569D32A7,FUF001_FREE_US_EQUITY_250_V1,BC7879B3830C7327EB0A5779625A347C06826C47488F64326C7D0B2884CC741D,DRY_RUN_BLOCK,submission_boundary,BLOCKED,BLOCKED_BY_GUARDS
2026-08-24T23:19:14.155177+00:00,PAPER-2026-08-24-DRYRUN,2026-08-25,CSM001xTSM001,86EA1C067905B9AD1AAE714019057602B454D578361EC3B15B3A6B14569D32A7,FUF001_FREE_US_EQUITY_250_V1,BC7879B3830C7327EB0A5779625A347C06826C47488F64326C7D0B2884CC741D,SESSION_CREATED,controller,PASS,Dry-run session created without PAPER_T0.
2026-08-24T23:19:14.164705+00:00,PAPER-2026-08-24-DRYRUN,2026-08-25,CSM001xTSM001,86EA1C067905B9AD1AAE714019057602B454D578361EC3B15B3A6B14569D32A7,FUF001_FREE_US_EQUITY_250_V1,BC7879B3830C7327EB0A5779625A347C06826C47488F64326C7D0B2884CC741D,READINESS_CHECK,universe,PASS,Canonical FUF hash checked.
2026-08-24T23:19:14.164705+00:00,PAPER-2026-08-24-DRYRUN,2026-08-25,CSM001xTSM001,86EA1C067905B9AD1AAE714019057602B454D578361EC3B15B3A6B14569D32A7,FUF001_FREE_US_EQUITY_250_V1,BC7879B3830C7327EB0A5779625A347C06826C47488F64326C7D0B2884CC741D,READINESS_CHECK,strategy,PASS,Frozen strategy hash checked.
2026-08-24T23:19:30.146560+00:00,PAPER-2026-08-24-DRYRUN,2026-08-24,CSM001xTSM001,86EA1C067905B9AD1AAE714019057602B454D578361EC3B15B3A6B14569D32A7,FUF001_FREE_US_EQUITY_250_V1,BC7879B3830C7327EB0A5779625A347C06826C47488F64326C7D0B2884CC741D,INCIDENT,signal_pipeline,STALE_DATA,Current signal pipeline failed.
2026-08-24T23:19:30.148719+00:00,PAPER-2026-08-24-DRYRUN,2026-08-24,CSM001xTSM001,86EA1C067905B9AD1AAE714019057602B454D578361EC3B15B3A6B14569D32A7,FUF001_FREE_US_EQUITY_250_V1,BC7879B3830C7327EB0A5779625A347C06826C47488F64326C7D0B2884CC741D,INCIDENT,target_portfolio,STALE_DATA,Target portfolio invariant failed.
2026-08-24T23:19:30.149704+00:00,PAPER-2026-08-24-DRYRUN,2026-08-24,CSM001xTSM001,86EA1C067905B9AD1AAE714019057602B454D578361EC3B15B3A6B14569D32A7,FUF001_FREE_US_EQUITY_250_V1,BC7879B3830C7327EB0A5779625A347C06826C47488F64326C7D0B2884CC741D,SCHEDULE_CHECK,calendar,PASS,session=POST_CLOSE
2026-08-24T23:19:30.149704+00:00,PAPER-2026-08-24-DRYRUN,2026-08-24,CSM001xTSM001,86EA1C067905B9AD1AAE714019057602B454D578361EC3B15B3A6B14569D32A7,FUF001_FREE_US_EQUITY_250_V1,BC7879B3830C7327EB0A5779625A347C06826C47488F64326C7D0B2884CC741D,DATA_FRESHNESS_CHECK,alpaca_daily_bars,FAIL,fresh=249;stale=1
2026-08-24T23:19:30.150919+00:00,PAPER-2026-08-24-DRYRUN,2026-08-24,CSM001xTSM001,86EA1C067905B9AD1AAE714019057602B454D578361EC3B15B3A6B14569D32A7,FUF001_FREE_US_EQUITY_250_V1,BC7879B3830C7327EB0A5779625A347C06826C47488F64326C7D0B2884CC741D,INCIDENT,freshness,STALE_DATA,Target snapshot failed integrity checks.
2026-08-24T23:19:30.152244+00:00,PAPER-2026-08-24-DRYRUN,2026-08-24,CSM001xTSM001,86EA1C067905B9AD1AAE714019057602B454D578361EC3B15B3A6B14569D32A7,FUF001_FREE_US_EQUITY_250_V1,BC7879B3830C7327EB0A5779625A347C06826C47488F64326C7D0B2884CC741D,ELIGIBILITY_CHECK,csm,PASS,eligible_count=249
2026-08-24T23:19:31.335917+00:00,PAPER-2026-08-24-DRYRUN,2026-08-24,CSM001xTSM001,86EA1C067905B9AD1AAE714019057602B454D578361EC3B15B3A6B14569D32A7,FUF001_FREE_US_EQUITY_250_V1,BC7879B3830C7327EB0A5779625A347C06826C47488F64326C7D0B2884CC741D,RECONCILIATION_CHECK,positions,PASS,"{""AAOI"": ""MISSING_BROKER"", ""ACMR"": ""MISSING_BROKER"", ""ACRS"": ""MISSING_BROKER"", ""AEIS"": ""MISSING_BROKER"", ""ALXO"": ""MISSING_BROKER"", ""AMAT"": ""MISSING_BROKER"", ""AMD"": ""MISSING_BROKER"", ""AMKR"": ""MISSING_BROKER"", ""ANAB"": ""MISSING_BROKER"", ""ANDE"": ""MISSING_BROKER"", ""ANNX"": ""MISSING_BROKER"", ""APPS"": ""MISSING_BROKER"", ""ARCB"": ""MISSING_BROKER"", ""ARWR"": ""MISSING_BROKER"", ""ASML"": ""MISSING_BROKER"", ""ATEX"": ""MISSING_BROKER"", ""ATRO"": ""MISSING_BROKER"", ""AXGN"": ""MISSING_BROKER"", ""AXSM"": ""MISSING_BROKER"", ""AXTI"": ""MISSING_BROKER"", ""BAND"": ""MISSING_BROKER"", ""BELFB"": ""MISSING_BROKER"", ""CDNA"": ""MISSING_BROKER"", ""CENX"": ""MISSING_BROKER"", ""CERS"": ""MISSING_BROKER""}"
2026-08-24T23:19:31.336948+00:00,PAPER-2026-08-24-DRYRUN,2026-08-24,CSM001xTSM001,86EA1C067905B9AD1AAE714019057602B454D578361EC3B15B3A6B14569D32A7,FUF001_FREE_US_EQUITY_250_V1,BC7879B3830C7327EB0A5779625A347C06826C47488F64326C7D0B2884CC741D,RECONCILIATION_CHECK,orders,PASS,"{""CSM001xTSM001-2026-08-24-AAOI-BUY-001"": ""INTENT_ONLY"", ""CSM001xTSM001-2026-08-24-ACMR-BUY-002"": ""INTENT_ONLY"", ""CSM001xTSM001-2026-08-24-ACRS-BUY-003"": ""INTENT_ONLY"", ""CSM001xTSM001-2026-08-24-AEIS-BUY-004"": ""INTENT_ONLY"", ""CSM001xTSM001-2026-08-24-ALXO-BUY-005"": ""INTENT_ONLY"", ""CSM001xTSM001-2026-08-24-AMAT-BUY-006"": ""INTENT_ONLY"", ""CSM001xTSM001-2026-08-24-AMD-BUY-007"": ""INTENT_ONLY"", ""CSM001xTSM001-2026-08-24-AMKR-BUY-008"": ""INTENT_ONLY"", ""CSM001xTSM001-2026-08-24-ANAB-BUY-009"": ""INTENT_ONLY"", ""CSM001xTSM001-2026-08-24-ANDE-BUY-010"": ""INTENT_ONLY"", ""CSM001xTSM001-2026-08-24-ANNX-BUY-011"": ""INTENT_ONLY"", ""CSM001xTSM001-2026-08-24-APPS-BUY-012"": ""INTENT_ONLY"", ""CSM001xTSM001-2026-08-24-ARCB-BUY-013"": ""INTENT_ONLY"", ""CSM001xTSM001-2026-08-24-ARWR-BUY-014"": ""INTENT_ONLY"", ""CSM001xTSM001-2026-08-24-ASML-BUY-015"": ""INTENT_ONLY"", ""CSM001xTSM001-2026-08-24-ATEX-BUY-016"": ""INTENT_ONLY"", ""CSM001xTSM001-2026-08-24-ATRO-BUY-017"": ""INTENT_ONLY"", ""CSM001xTSM001-2026-08-24-AXGN-BUY-018"": ""INTENT_ONLY"", ""CSM001xTSM001-2026-08-24-AXSM-BUY-019"": ""INTENT_ONLY"", ""CSM001xTSM001-2026-08-24-AXTI-BUY-020"": ""INTENT_ONLY"", ""CSM001xTSM001-2026-08-24-BAND-BUY-021"": ""INTENT_ONLY"", ""CSM001xTSM001-2026-08-24-BELFB-BUY-022"": ""INTENT_ONLY"", ""CSM001xTSM001-2026-08-24-CDNA-BUY-023"": ""INTENT_ONLY"", ""CSM001xTSM001-2026-08-24-CENX-BUY-024"": ""INTENT_ONLY"", ""CSM001xTSM001-2026-08-24-CERS-BUY-025"": ""INTENT_ONLY""}"
2026-08-24T23:19:31.353327+00:00,PAPER-2026-08-24-DRYRUN,2026-08-24,CSM001xTSM001,86EA1C067905B9AD1AAE714019057602B454D578361EC3B15B3A6B14569D32A7,FUF001_FREE_US_EQUITY_250_V1,BC7879B3830C7327EB0A5779625A347C06826C47488F64326C7D0B2884CC741D,ORDER_INTENTS_CREATED,order_intent,PASS,count=25
2026-08-24T23:19:31.353327+00:00,PAPER-2026-08-24-DRYRUN,2026-08-24,CSM001xTSM001,86EA1C067905B9AD1AAE714019057602B454D578361EC3B15B3A6B14569D32A7,FUF001_FREE_US_EQUITY_250_V1,BC7879B3830C7327EB0A5779625A347C06826C47488F64326C7D0B2884CC741D,RISK_GUARD_CHECK,risk,PASS,
2026-08-24T23:19:31.353327+00:00,PAPER-2026-08-24-DRYRUN,2026-08-24,CSM001xTSM001,86EA1C067905B9AD1AAE714019057602B454D578361EC3B15B3A6B14569D32A7,FUF001_FREE_US_EQUITY_250_V1,BC7879B3830C7327EB0A5779625A347C06826C47488F64326C7D0B2884CC741D,RISK_GUARD_CHECK,buying_power,PASS,required=100000.00;available=400000.00
2026-08-24T23:19:31.353327+00:00,PAPER-2026-08-24-DRYRUN,2026-08-24,CSM001xTSM001,86EA1C067905B9AD1AAE714019057602B454D578361EC3B15B3A6B14569D32A7,FUF001_FREE_US_EQUITY_250_V1,BC7879B3830C7327EB0A5779625A347C06826C47488F64326C7D0B2884CC741D,INCIDENT,timing,SCHEDULER_FAILURE,session=POST_CLOSE
2026-08-24T23:19:31.353327+00:00,PAPER-2026-08-24-DRYRUN,2026-08-24,CSM001xTSM001,86EA1C067905B9AD1AAE714019057602B454D578361EC3B15B3A6B14569D32A7,FUF001_FREE_US_EQUITY_250_V1,BC7879B3830C7327EB0A5779625A347C06826C47488F64326C7D0B2884CC741D,DRY_RUN_BLOCK,submission_boundary,BLOCKED,BLOCKED_BY_GUARDS
2026-08-25T14:34:34.289657+00:00,PAPER-2026-08-25-DRYRUN,2026-08-25,CSM001xTSM001,86EA1C067905B9AD1AAE714019057602B454D578361EC3B15B3A6B14569D32A7,FUF001_FREE_US_EQUITY_250_V1,BC7879B3830C7327EB0A5779625A347C06826C47488F64326C7D0B2884CC741D,SESSION_CREATED,controller,PASS,Dry-run session created without PAPER_T0.
2026-08-25T14:34:34.299691+00:00,PAPER-2026-08-25-DRYRUN,2026-08-25,CSM001xTSM001,86EA1C067905B9AD1AAE714019057602B454D578361EC3B15B3A6B14569D32A7,FUF001_FREE_US_EQUITY_250_V1,BC7879B3830C7327EB0A5779625A347C06826C47488F64326C7D0B2884CC741D,READINESS_CHECK,universe,PASS,Canonical FUF hash checked.
2026-08-25T14:34:34.300716+00:00,PAPER-2026-08-25-DRYRUN,2026-08-25,CSM001xTSM001,86EA1C067905B9AD1AAE714019057602B454D578361EC3B15B3A6B14569D32A7,FUF001_FREE_US_EQUITY_250_V1,BC7879B3830C7327EB0A5779625A347C06826C47488F64326C7D0B2884CC741D,READINESS_CHECK,strategy,PASS,Frozen strategy hash checked.
2026-08-25T14:34:50.208778+00:00,PAPER-2026-08-25-DRYRUN,2026-08-24,CSM001xTSM001,86EA1C067905B9AD1AAE714019057602B454D578361EC3B15B3A6B14569D32A7,FUF001_FREE_US_EQUITY_250_V1,BC7879B3830C7327EB0A5779625A347C06826C47488F64326C7D0B2884CC741D,INCIDENT,signal_pipeline,STALE_DATA,Current signal pipeline failed.
2026-08-25T14:34:50.209753+00:00,PAPER-2026-08-25-DRYRUN,2026-08-24,CSM001xTSM001,86EA1C067905B9AD1AAE714019057602B454D578361EC3B15B3A6B14569D32A7,FUF001_FREE_US_EQUITY_250_V1,BC7879B3830C7327EB0A5779625A347C06826C47488F64326C7D0B2884CC741D,INCIDENT,target_portfolio,STALE_DATA,Target portfolio invariant failed.
2026-08-25T14:34:50.209753+00:00,PAPER-2026-08-25-DRYRUN,2026-08-24,CSM001xTSM001,86EA1C067905B9AD1AAE714019057602B454D578361EC3B15B3A6B14569D32A7,FUF001_FREE_US_EQUITY_250_V1,BC7879B3830C7327EB0A5779625A347C06826C47488F64326C7D0B2884CC741D,SCHEDULE_CHECK,calendar,PASS,session=MARKET_OPEN
2026-08-25T14:34:50.210751+00:00,PAPER-2026-08-25-DRYRUN,2026-08-24,CSM001xTSM001,86EA1C067905B9AD1AAE714019057602B454D578361EC3B15B3A6B14569D32A7,FUF001_FREE_US_EQUITY_250_V1,BC7879B3830C7327EB0A5779625A347C06826C47488F64326C7D0B2884CC741D,DATA_FRESHNESS_CHECK,alpaca_daily_bars,FAIL,fresh=249;stale=1
2026-08-25T14:34:50.210751+00:00,PAPER-2026-08-25-DRYRUN,2026-08-24,CSM001xTSM001,86EA1C067905B9AD1AAE714019057602B454D578361EC3B15B3A6B14569D32A7,FUF001_FREE_US_EQUITY_250_V1,BC7879B3830C7327EB0A5779625A347C06826C47488F64326C7D0B2884CC741D,INCIDENT,freshness,STALE_DATA,Target snapshot failed integrity checks.
2026-08-25T14:34:50.211765+00:00,PAPER-2026-08-25-DRYRUN,2026-08-24,CSM001xTSM001,86EA1C067905B9AD1AAE714019057602B454D578361EC3B15B3A6B14569D32A7,FUF001_FREE_US_EQUITY_250_V1,BC7879B3830C7327EB0A5779625A347C06826C47488F64326C7D0B2884CC741D,ELIGIBILITY_CHECK,csm,PASS,eligible_count=249
2026-08-25T14:34:51.399579+00:00,PAPER-2026-08-25-DRYRUN,2026-08-24,CSM001xTSM001,86EA1C067905B9AD1AAE714019057602B454D578361EC3B15B3A6B14569D32A7,FUF001_FREE_US_EQUITY_250_V1,BC7879B3830C7327EB0A5779625A347C06826C47488F64326C7D0B2884CC741D,RECONCILIATION_CHECK,positions,PASS,"{""AAOI"": ""MISSING_BROKER"", ""ACMR"": ""MISSING_BROKER"", ""ACRS"": ""MISSING_BROKER"", ""AEIS"": ""MISSING_BROKER"", ""ALXO"": ""MISSING_BROKER"", ""AMAT"": ""MISSING_BROKER"", ""AMD"": ""MISSING_BROKER"", ""AMKR"": ""MISSING_BROKER"", ""ANAB"": ""MISSING_BROKER"", ""ANDE"": ""MISSING_BROKER"", ""ANNX"": ""MISSING_BROKER"", ""APPS"": ""MISSING_BROKER"", ""ARCB"": ""MISSING_BROKER"", ""ARWR"": ""MISSING_BROKER"", ""ASML"": ""MISSING_BROKER"", ""ATEX"": ""MISSING_BROKER"", ""ATRO"": ""MISSING_BROKER"", ""AXGN"": ""MISSING_BROKER"", ""AXSM"": ""MISSING_BROKER"", ""AXTI"": ""MISSING_BROKER"", ""BAND"": ""MISSING_BROKER"", ""BELFB"": ""MISSING_BROKER"", ""CDNA"": ""MISSING_BROKER"", ""CENX"": ""MISSING_BROKER"", ""CERS"": ""MISSING_BROKER""}"
2026-08-25T14:34:51.400579+00:00,PAPER-2026-08-25-DRYRUN,2026-08-24,CSM001xTSM001,86EA1C067905B9AD1AAE714019057602B454D578361EC3B15B3A6B14569D32A7,FUF001_FREE_US_EQUITY_250_V1,BC7879B3830C7327EB0A5779625A347C06826C47488F64326C7D0B2884CC741D,RECONCILIATION_CHECK,orders,PASS,"{""CSM001xTSM001-2026-08-24-AAOI-BUY-001"": ""INTENT_ONLY"", ""CSM001xTSM001-2026-08-24-ACMR-BUY-002"": ""INTENT_ONLY"", ""CSM001xTSM001-2026-08-24-ACRS-BUY-003"": ""INTENT_ONLY"", ""CSM001xTSM001-2026-08-24-AEIS-BUY-004"": ""INTENT_ONLY"", ""CSM001xTSM001-2026-08-24-ALXO-BUY-005"": ""INTENT_ONLY"", ""CSM001xTSM001-2026-08-24-AMAT-BUY-006"": ""INTENT_ONLY"", ""CSM001xTSM001-2026-08-24-AMD-BUY-007"": ""INTENT_ONLY"", ""CSM001xTSM001-2026-08-24-AMKR-BUY-008"": ""INTENT_ONLY"", ""CSM001xTSM001-2026-08-24-ANAB-BUY-009"": ""INTENT_ONLY"", ""CSM001xTSM001-2026-08-24-ANDE-BUY-010"": ""INTENT_ONLY"", ""CSM001xTSM001-2026-08-24-ANNX-BUY-011"": ""INTENT_ONLY"", ""CSM001xTSM001-2026-08-24-APPS-BUY-012"": ""INTENT_ONLY"", ""CSM001xTSM001-2026-08-24-ARCB-BUY-013"": ""INTENT_ONLY"", ""CSM001xTSM001-2026-08-24-ARWR-BUY-014"": ""INTENT_ONLY"", ""CSM001xTSM001-2026-08-24-ASML-BUY-015"": ""INTENT_ONLY"", ""CSM001xTSM001-2026-08-24-ATEX-BUY-016"": ""INTENT_ONLY"", ""CSM001xTSM001-2026-08-24-ATRO-BUY-017"": ""INTENT_ONLY"", ""CSM001xTSM001-2026-08-24-AXGN-BUY-018"": ""INTENT_ONLY"", ""CSM001xTSM001-2026-08-24-AXSM-BUY-019"": ""INTENT_ONLY"", ""CSM001xTSM001-2026-08-24-AXTI-BUY-020"": ""INTENT_ONLY"", ""CSM001xTSM001-2026-08-24-BAND-BUY-021"": ""INTENT_ONLY"", ""CSM001xTSM001-2026-08-24-BELFB-BUY-022"": ""INTENT_ONLY"", ""CSM001xTSM001-2026-08-24-CDNA-BUY-023"": ""INTENT_ONLY"", ""CSM001xTSM001-2026-08-24-CENX-BUY-024"": ""INTENT_ONLY"", ""CSM001xTSM001-2026-08-24-CERS-BUY-025"": ""INTENT_ONLY""}"
2026-08-25T14:34:51.410580+00:00,PAPER-2026-08-25-DRYRUN,2026-08-24,CSM001xTSM001,86EA1C067905B9AD1AAE714019057602B454D578361EC3B15B3A6B14569D32A7,FUF001_FREE_US_EQUITY_250_V1,BC7879B3830C7327EB0A5779625A347C06826C47488F64326C7D0B2884CC741D,ORDER_INTENTS_CREATED,order_intent,PASS,count=25
2026-08-25T14:34:51.411615+00:00,PAPER-2026-08-25-DRYRUN,2026-08-24,CSM001xTSM001,86EA1C067905B9AD1AAE714019057602B454D578361EC3B15B3A6B14569D32A7,FUF001_FREE_US_EQUITY_250_V1,BC7879B3830C7327EB0A5779625A347C06826C47488F64326C7D0B2884CC741D,RISK_GUARD_CHECK,risk,PASS,
2026-08-25T14:34:51.411615+00:00,PAPER-2026-08-25-DRYRUN,2026-08-24,CSM001xTSM001,86EA1C067905B9AD1AAE714019057602B454D578361EC3B15B3A6B14569D32A7,FUF001_FREE_US_EQUITY_250_V1,BC7879B3830C7327EB0A5779625A347C06826C47488F64326C7D0B2884CC741D,RISK_GUARD_CHECK,buying_power,PASS,required=100000.00;available=400000.00
2026-08-25T14:34:51.412579+00:00,PAPER-2026-08-25-DRYRUN,2026-08-24,CSM001xTSM001,86EA1C067905B9AD1AAE714019057602B454D578361EC3B15B3A6B14569D32A7,FUF001_FREE_US_EQUITY_250_V1,BC7879B3830C7327EB0A5779625A347C06826C47488F64326C7D0B2884CC741D,DRY_RUN_BLOCK,submission_boundary,BLOCKED,BLOCKED_BY_GUARDS
2026-08-25T14:43:46.118111+00:00,PAPER-2026-08-25-DRYRUN,2026-08-25,CSM001xTSM001,86EA1C067905B9AD1AAE714019057602B454D578361EC3B15B3A6B14569D32A7,FUF001_FREE_US_EQUITY_250_V1,BC7879B3830C7327EB0A5779625A347C06826C47488F64326C7D0B2884CC741D,SESSION_CREATED,controller,PASS,Dry-run session created without PAPER_T0.
2026-08-25T14:43:46.134375+00:00,PAPER-2026-08-25-DRYRUN,2026-08-25,CSM001xTSM001,86EA1C067905B9AD1AAE714019057602B454D578361EC3B15B3A6B14569D32A7,FUF001_FREE_US_EQUITY_250_V1,BC7879B3830C7327EB0A5779625A347C06826C47488F64326C7D0B2884CC741D,READINESS_CHECK,universe,PASS,Canonical FUF hash checked.
2026-08-25T14:43:46.135374+00:00,PAPER-2026-08-25-DRYRUN,2026-08-25,CSM001xTSM001,86EA1C067905B9AD1AAE714019057602B454D578361EC3B15B3A6B14569D32A7,FUF001_FREE_US_EQUITY_250_V1,BC7879B3830C7327EB0A5779625A347C06826C47488F64326C7D0B2884CC741D,READINESS_CHECK,strategy,PASS,Frozen strategy hash checked.
2026-08-25T14:44:03.178302+00:00,PAPER-2026-08-25-DRYRUN,2026-08-24,CSM001xTSM001,86EA1C067905B9AD1AAE714019057602B454D578361EC3B15B3A6B14569D32A7,FUF001_FREE_US_EQUITY_250_V1,BC7879B3830C7327EB0A5779625A347C06826C47488F64326C7D0B2884CC741D,SCHEDULE_CHECK,calendar,PASS,session=MARKET_OPEN
2026-08-25T14:44:03.179310+00:00,PAPER-2026-08-25-DRYRUN,2026-08-24,CSM001xTSM001,86EA1C067905B9AD1AAE714019057602B454D578361EC3B15B3A6B14569D32A7,FUF001_FREE_US_EQUITY_250_V1,BC7879B3830C7327EB0A5779625A347C06826C47488F64326C7D0B2884CC741D,DATA_FRESHNESS_CHECK,alpaca_daily_bars,PASS,fresh=249;stale=0;inactive=1
2026-08-25T14:44:03.179310+00:00,PAPER-2026-08-25-DRYRUN,2026-08-24,CSM001xTSM001,86EA1C067905B9AD1AAE714019057602B454D578361EC3B15B3A6B14569D32A7,FUF001_FREE_US_EQUITY_250_V1,BC7879B3830C7327EB0A5779625A347C06826C47488F64326C7D0B2884CC741D,ELIGIBILITY_CHECK,csm,PASS,eligible_count=249
2026-08-25T14:44:04.343987+00:00,PAPER-2026-08-25-DRYRUN,2026-08-24,CSM001xTSM001,86EA1C067905B9AD1AAE714019057602B454D578361EC3B15B3A6B14569D32A7,FUF001_FREE_US_EQUITY_250_V1,BC7879B3830C7327EB0A5779625A347C06826C47488F64326C7D0B2884CC741D,RECONCILIATION_CHECK,positions,PASS,"{""AAOI"": ""MISSING_BROKER"", ""ACMR"": ""MISSING_BROKER"", ""ACRS"": ""MISSING_BROKER"", ""AEIS"": ""MISSING_BROKER"", ""ALXO"": ""MISSING_BROKER"", ""AMAT"": ""MISSING_BROKER"", ""AMD"": ""MISSING_BROKER"", ""AMKR"": ""MISSING_BROKER"", ""ANAB"": ""MISSING_BROKER"", ""ANDE"": ""MISSING_BROKER"", ""ANNX"": ""MISSING_BROKER"", ""APPS"": ""MISSING_BROKER"", ""ARCB"": ""MISSING_BROKER"", ""ARWR"": ""MISSING_BROKER"", ""ASML"": ""MISSING_BROKER"", ""ATEX"": ""MISSING_BROKER"", ""ATRO"": ""MISSING_BROKER"", ""AXGN"": ""MISSING_BROKER"", ""AXSM"": ""MISSING_BROKER"", ""AXTI"": ""MISSING_BROKER"", ""BAND"": ""MISSING_BROKER"", ""BELFB"": ""MISSING_BROKER"", ""CDNA"": ""MISSING_BROKER"", ""CENX"": ""MISSING_BROKER"", ""CERS"": ""MISSING_BROKER""}"
2026-08-25T14:44:04.344988+00:00,PAPER-2026-08-25-DRYRUN,2026-08-24,CSM001xTSM001,86EA1C067905B9AD1AAE714019057602B454D578361EC3B15B3A6B14569D32A7,FUF001_FREE_US_EQUITY_250_V1,BC7879B3830C7327EB0A5779625A347C06826C47488F64326C7D0B2884CC741D,RECONCILIATION_CHECK,orders,PASS,"{""CSM001xTSM001-2026-08-24-AAOI-BUY-001"": ""INTENT_ONLY"", ""CSM001xTSM001-2026-08-24-ACMR-BUY-002"": ""INTENT_ONLY"", ""CSM001xTSM001-2026-08-24-ACRS-BUY-003"": ""INTENT_ONLY"", ""CSM001xTSM001-2026-08-24-AEIS-BUY-004"": ""INTENT_ONLY"", ""CSM001xTSM001-2026-08-24-ALXO-BUY-005"": ""INTENT_ONLY"", ""CSM001xTSM001-2026-08-24-AMAT-BUY-006"": ""INTENT_ONLY"", ""CSM001xTSM001-2026-08-24-AMD-BUY-007"": ""INTENT_ONLY"", ""CSM001xTSM001-2026-08-24-AMKR-BUY-008"": ""INTENT_ONLY"", ""CSM001xTSM001-2026-08-24-ANAB-BUY-009"": ""INTENT_ONLY"", ""CSM001xTSM001-2026-08-24-ANDE-BUY-010"": ""INTENT_ONLY"", ""CSM001xTSM001-2026-08-24-ANNX-BUY-011"": ""INTENT_ONLY"", ""CSM001xTSM001-2026-08-24-APPS-BUY-012"": ""INTENT_ONLY"", ""CSM001xTSM001-2026-08-24-ARCB-BUY-013"": ""INTENT_ONLY"", ""CSM001xTSM001-2026-08-24-ARWR-BUY-014"": ""INTENT_ONLY"", ""CSM001xTSM001-2026-08-24-ASML-BUY-015"": ""INTENT_ONLY"", ""CSM001xTSM001-2026-08-24-ATEX-BUY-016"": ""INTENT_ONLY"", ""CSM001xTSM001-2026-08-24-ATRO-BUY-017"": ""INTENT_ONLY"", ""CSM001xTSM001-2026-08-24-AXGN-BUY-018"": ""INTENT_ONLY"", ""CSM001xTSM001-2026-08-24-AXSM-BUY-019"": ""INTENT_ONLY"", ""CSM001xTSM001-2026-08-24-AXTI-BUY-020"": ""INTENT_ONLY"", ""CSM001xTSM001-2026-08-24-BAND-BUY-021"": ""INTENT_ONLY"", ""CSM001xTSM001-2026-08-24-BELFB-BUY-022"": ""INTENT_ONLY"", ""CSM001xTSM001-2026-08-24-CDNA-BUY-023"": ""INTENT_ONLY"", ""CSM001xTSM001-2026-08-24-CENX-BUY-024"": ""INTENT_ONLY"", ""CSM001xTSM001-2026-08-24-CERS-BUY-025"": ""INTENT_ONLY""}"
2026-08-25T14:44:04.355169+00:00,PAPER-2026-08-25-DRYRUN,2026-08-24,CSM001xTSM001,86EA1C067905B9AD1AAE714019057602B454D578361EC3B15B3A6B14569D32A7,FUF001_FREE_US_EQUITY_250_V1,BC7879B3830C7327EB0A5779625A347C06826C47488F64326C7D0B2884CC741D,ORDER_INTENTS_CREATED,order_intent,PASS,count=25
2026-08-25T14:44:04.355169+00:00,PAPER-2026-08-25-DRYRUN,2026-08-24,CSM001xTSM001,86EA1C067905B9AD1AAE714019057602B454D578361EC3B15B3A6B14569D32A7,FUF001_FREE_US_EQUITY_250_V1,BC7879B3830C7327EB0A5779625A347C06826C47488F64326C7D0B2884CC741D,RISK_GUARD_CHECK,risk,PASS,
2026-08-25T14:44:04.355169+00:00,PAPER-2026-08-25-DRYRUN,2026-08-24,CSM001xTSM001,86EA1C067905B9AD1AAE714019057602B454D578361EC3B15B3A6B14569D32A7,FUF001_FREE_US_EQUITY_250_V1,BC7879B3830C7327EB0A5779625A347C06826C47488F64326C7D0B2884CC741D,RISK_GUARD_CHECK,buying_power,PASS,required=100000.00;available=400000.00
2026-08-25T14:44:04.356169+00:00,PAPER-2026-08-25-DRYRUN,2026-08-24,CSM001xTSM001,86EA1C067905B9AD1AAE714019057602B454D578361EC3B15B3A6B14569D32A7,FUF001_FREE_US_EQUITY_250_V1,BC7879B3830C7327EB0A5779625A347C06826C47488F64326C7D0B2884CC741D,DRY_RUN_BLOCK,submission_boundary,BLOCKED,DRY_RUN_BLOCK_EXECUTION_FLAGS_FALSE
2026-08-25T14:57:22.419060+00:00,PAPER-2026-08-25-DRYRUN,2026-08-25,CSM001xTSM001,86EA1C067905B9AD1AAE714019057602B454D578361EC3B15B3A6B14569D32A7,FUF001_FREE_US_EQUITY_250_V1,BC7879B3830C7327EB0A5779625A347C06826C47488F64326C7D0B2884CC741D,SESSION_CREATED,controller,PASS,Dry-run session created without PAPER_T0.
2026-08-25T14:57:22.436082+00:00,PAPER-2026-08-25-DRYRUN,2026-08-25,CSM001xTSM001,86EA1C067905B9AD1AAE714019057602B454D578361EC3B15B3A6B14569D32A7,FUF001_FREE_US_EQUITY_250_V1,BC7879B3830C7327EB0A5779625A347C06826C47488F64326C7D0B2884CC741D,READINESS_CHECK,universe,PASS,Canonical FUF hash checked.
2026-08-25T14:57:22.437067+00:00,PAPER-2026-08-25-DRYRUN,2026-08-25,CSM001xTSM001,86EA1C067905B9AD1AAE714019057602B454D578361EC3B15B3A6B14569D32A7,FUF001_FREE_US_EQUITY_250_V1,BC7879B3830C7327EB0A5779625A347C06826C47488F64326C7D0B2884CC741D,READINESS_CHECK,strategy,PASS,Frozen strategy hash checked.
2026-08-25T14:57:39.635639+00:00,PAPER-2026-08-25-DRYRUN,2026-08-24,CSM001xTSM001,86EA1C067905B9AD1AAE714019057602B454D578361EC3B15B3A6B14569D32A7,FUF001_FREE_US_EQUITY_250_V1,BC7879B3830C7327EB0A5779625A347C06826C47488F64326C7D0B2884CC741D,SCHEDULE_CHECK,calendar,PASS,session=MARKET_OPEN
2026-08-25T14:57:39.636638+00:00,PAPER-2026-08-25-DRYRUN,2026-08-24,CSM001xTSM001,86EA1C067905B9AD1AAE714019057602B454D578361EC3B15B3A6B14569D32A7,FUF001_FREE_US_EQUITY_250_V1,BC7879B3830C7327EB0A5779625A347C06826C47488F64326C7D0B2884CC741D,DATA_FRESHNESS_CHECK,alpaca_daily_bars,PASS,fresh=249;stale=0;inactive=1
2026-08-25T14:57:39.636638+00:00,PAPER-2026-08-25-DRYRUN,2026-08-24,CSM001xTSM001,86EA1C067905B9AD1AAE714019057602B454D578361EC3B15B3A6B14569D32A7,FUF001_FREE_US_EQUITY_250_V1,BC7879B3830C7327EB0A5779625A347C06826C47488F64326C7D0B2884CC741D,ELIGIBILITY_CHECK,csm,PASS,eligible_count=249
2026-08-25T14:57:40.868183+00:00,PAPER-2026-08-25-DRYRUN,2026-08-24,CSM001xTSM001,86EA1C067905B9AD1AAE714019057602B454D578361EC3B15B3A6B14569D32A7,FUF001_FREE_US_EQUITY_250_V1,BC7879B3830C7327EB0A5779625A347C06826C47488F64326C7D0B2884CC741D,RECONCILIATION_CHECK,positions,PASS,"{""AAOI"": ""MISSING_BROKER"", ""ACMR"": ""MISSING_BROKER"", ""ACRS"": ""MISSING_BROKER"", ""AEIS"": ""MISSING_BROKER"", ""ALXO"": ""MISSING_BROKER"", ""AMAT"": ""MISSING_BROKER"", ""AMD"": ""MISSING_BROKER"", ""AMKR"": ""MISSING_BROKER"", ""ANAB"": ""MISSING_BROKER"", ""ANDE"": ""MISSING_BROKER"", ""ANNX"": ""MISSING_BROKER"", ""APPS"": ""MISSING_BROKER"", ""ARCB"": ""MISSING_BROKER"", ""ARWR"": ""MISSING_BROKER"", ""ASML"": ""MISSING_BROKER"", ""ATEX"": ""MISSING_BROKER"", ""ATRO"": ""MISSING_BROKER"", ""AXGN"": ""MISSING_BROKER"", ""AXSM"": ""MISSING_BROKER"", ""AXTI"": ""MISSING_BROKER"", ""BAND"": ""MISSING_BROKER"", ""BELFB"": ""MISSING_BROKER"", ""CDNA"": ""MISSING_BROKER"", ""CENX"": ""MISSING_BROKER"", ""CERS"": ""MISSING_BROKER""}"
2026-08-25T14:57:40.868183+00:00,PAPER-2026-08-25-DRYRUN,2026-08-24,CSM001xTSM001,86EA1C067905B9AD1AAE714019057602B454D578361EC3B15B3A6B14569D32A7,FUF001_FREE_US_EQUITY_250_V1,BC7879B3830C7327EB0A5779625A347C06826C47488F64326C7D0B2884CC741D,RECONCILIATION_CHECK,orders,PASS,"{""CSM001xTSM001-2026-08-24-AAOI-BUY-001"": ""INTENT_ONLY"", ""CSM001xTSM001-2026-08-24-ACMR-BUY-002"": ""INTENT_ONLY"", ""CSM001xTSM001-2026-08-24-ACRS-BUY-003"": ""INTENT_ONLY"", ""CSM001xTSM001-2026-08-24-AEIS-BUY-004"": ""INTENT_ONLY"", ""CSM001xTSM001-2026-08-24-ALXO-BUY-005"": ""INTENT_ONLY"", ""CSM001xTSM001-2026-08-24-AMAT-BUY-006"": ""INTENT_ONLY"", ""CSM001xTSM001-2026-08-24-AMD-BUY-007"": ""INTENT_ONLY"", ""CSM001xTSM001-2026-08-24-AMKR-BUY-008"": ""INTENT_ONLY"", ""CSM001xTSM001-2026-08-24-ANAB-BUY-009"": ""INTENT_ONLY"", ""CSM001xTSM001-2026-08-24-ANDE-BUY-010"": ""INTENT_ONLY"", ""CSM001xTSM001-2026-08-24-ANNX-BUY-011"": ""INTENT_ONLY"", ""CSM001xTSM001-2026-08-24-APPS-BUY-012"": ""INTENT_ONLY"", ""CSM001xTSM001-2026-08-24-ARCB-BUY-013"": ""INTENT_ONLY"", ""CSM001xTSM001-2026-08-24-ARWR-BUY-014"": ""INTENT_ONLY"", ""CSM001xTSM001-2026-08-24-ASML-BUY-015"": ""INTENT_ONLY"", ""CSM001xTSM001-2026-08-24-ATEX-BUY-016"": ""INTENT_ONLY"", ""CSM001xTSM001-2026-08-24-ATRO-BUY-017"": ""INTENT_ONLY"", ""CSM001xTSM001-2026-08-24-AXGN-BUY-018"": ""INTENT_ONLY"", ""CSM001xTSM001-2026-08-24-AXSM-BUY-019"": ""INTENT_ONLY"", ""CSM001xTSM001-2026-08-24-AXTI-BUY-020"": ""INTENT_ONLY"", ""CSM001xTSM001-2026-08-24-BAND-BUY-021"": ""INTENT_ONLY"", ""CSM001xTSM001-2026-08-24-BELFB-BUY-022"": ""INTENT_ONLY"", ""CSM001xTSM001-2026-08-24-CDNA-BUY-023"": ""INTENT_ONLY"", ""CSM001xTSM001-2026-08-24-CENX-BUY-024"": ""INTENT_ONLY"", ""CSM001xTSM001-2026-08-24-CERS-BUY-025"": ""INTENT_ONLY""}"
2026-08-25T14:57:40.882729+00:00,PAPER-2026-08-25-DRYRUN,2026-08-24,CSM001xTSM001,86EA1C067905B9AD1AAE714019057602B454D578361EC3B15B3A6B14569D32A7,FUF001_FREE_US_EQUITY_250_V1,BC7879B3830C7327EB0A5779625A347C06826C47488F64326C7D0B2884CC741D,ORDER_INTENTS_CREATED,order_intent,PASS,count=25
2026-08-25T14:57:40.882729+00:00,PAPER-2026-08-25-DRYRUN,2026-08-24,CSM001xTSM001,86EA1C067905B9AD1AAE714019057602B454D578361EC3B15B3A6B14569D32A7,FUF001_FREE_US_EQUITY_250_V1,BC7879B3830C7327EB0A5779625A347C06826C47488F64326C7D0B2884CC741D,RISK_GUARD_CHECK,risk,PASS,
2026-08-25T14:57:40.883728+00:00,PAPER-2026-08-25-DRYRUN,2026-08-24,CSM001xTSM001,86EA1C067905B9AD1AAE714019057602B454D578361EC3B15B3A6B14569D32A7,FUF001_FREE_US_EQUITY_250_V1,BC7879B3830C7327EB0A5779625A347C06826C47488F64326C7D0B2884CC741D,RISK_GUARD_CHECK,buying_power,PASS,required=100000.00;available=400000.00
2026-08-25T14:57:40.883728+00:00,PAPER-2026-08-25-DRYRUN,2026-08-24,CSM001xTSM001,86EA1C067905B9AD1AAE714019057602B454D578361EC3B15B3A6B14569D32A7,FUF001_FREE_US_EQUITY_250_V1,BC7879B3830C7327EB0A5779625A347C06826C47488F64326C7D0B2884CC741D,DRY_RUN_BLOCK,submission_boundary,BLOCKED,DRY_RUN_BLOCK_EXECUTION_FLAGS_FALSE
2026-08-25T16:02:23.484865+00:00,PAPER-2026-08-25-DRYRUN,2026-08-25,CSM001xTSM001,86EA1C067905B9AD1AAE714019057602B454D578361EC3B15B3A6B14569D32A7,FUF001_FREE_US_EQUITY_250_V1,BC7879B3830C7327EB0A5779625A347C06826C47488F64326C7D0B2884CC741D,SESSION_CREATED,controller,PASS,Dry-run session created without PAPER_T0.
2026-08-25T16:02:23.511380+00:00,PAPER-2026-08-25-DRYRUN,2026-08-25,CSM001xTSM001,86EA1C067905B9AD1AAE714019057602B454D578361EC3B15B3A6B14569D32A7,FUF001_FREE_US_EQUITY_250_V1,BC7879B3830C7327EB0A5779625A347C06826C47488F64326C7D0B2884CC741D,READINESS_CHECK,universe,PASS,Canonical FUF hash checked.
2026-08-25T16:02:23.512389+00:00,PAPER-2026-08-25-DRYRUN,2026-08-25,CSM001xTSM001,86EA1C067905B9AD1AAE714019057602B454D578361EC3B15B3A6B14569D32A7,FUF001_FREE_US_EQUITY_250_V1,BC7879B3830C7327EB0A5779625A347C06826C47488F64326C7D0B2884CC741D,READINESS_CHECK,strategy,PASS,Frozen strategy hash checked.
2026-08-25T16:04:06.647690+00:00,PAPER-2026-08-25-DRYRUN,2026-08-24,CSM001xTSM001,86EA1C067905B9AD1AAE714019057602B454D578361EC3B15B3A6B14569D32A7,FUF001_FREE_US_EQUITY_250_V1,BC7879B3830C7327EB0A5779625A347C06826C47488F64326C7D0B2884CC741D,IDENTITY_RESOLUTION,identity_resolver,PASS,registry_hash=0C776FC8F75B874B;resolved_count=250
2026-08-25T16:04:26.740382+00:00,PAPER-2026-08-25-DRYRUN,2026-08-24,CSM001xTSM001,86EA1C067905B9AD1AAE714019057602B454D578361EC3B15B3A6B14569D32A7,FUF001_FREE_US_EQUITY_250_V1,BC7879B3830C7327EB0A5779625A347C06826C47488F64326C7D0B2884CC741D,INCIDENT,signal_pipeline,BLOCK_IDENTITY_MISMATCH,Current signal pipeline failed.
2026-08-25T16:04:26.741381+00:00,PAPER-2026-08-25-DRYRUN,2026-08-24,CSM001xTSM001,86EA1C067905B9AD1AAE714019057602B454D578361EC3B15B3A6B14569D32A7,FUF001_FREE_US_EQUITY_250_V1,BC7879B3830C7327EB0A5779625A347C06826C47488F64326C7D0B2884CC741D,INCIDENT,target_portfolio,BLOCK_IDENTITY_MISMATCH,Target portfolio invariant failed.
2026-08-25T16:04:26.741381+00:00,PAPER-2026-08-25-DRYRUN,2026-08-24,CSM001xTSM001,86EA1C067905B9AD1AAE714019057602B454D578361EC3B15B3A6B14569D32A7,FUF001_FREE_US_EQUITY_250_V1,BC7879B3830C7327EB0A5779625A347C06826C47488F64326C7D0B2884CC741D,SCHEDULE_CHECK,calendar,PASS,session=MARKET_OPEN
2026-08-25T16:04:26.741381+00:00,PAPER-2026-08-25-DRYRUN,2026-08-24,CSM001xTSM001,86EA1C067905B9AD1AAE714019057602B454D578361EC3B15B3A6B14569D32A7,FUF001_FREE_US_EQUITY_250_V1,BC7879B3830C7327EB0A5779625A347C06826C47488F64326C7D0B2884CC741D,DATA_FRESHNESS_CHECK,alpaca_daily_bars,FAIL,fresh=250;stale=0;inactive=0
2026-08-25T16:04:26.742388+00:00,PAPER-2026-08-25-DRYRUN,2026-08-24,CSM001xTSM001,86EA1C067905B9AD1AAE714019057602B454D578361EC3B15B3A6B14569D32A7,FUF001_FREE_US_EQUITY_250_V1,BC7879B3830C7327EB0A5779625A347C06826C47488F64326C7D0B2884CC741D,INCIDENT,freshness,STALE_DATA,Target snapshot failed integrity checks.
2026-08-25T16:04:26.742388+00:00,PAPER-2026-08-25-DRYRUN,2026-08-24,CSM001xTSM001,86EA1C067905B9AD1AAE714019057602B454D578361EC3B15B3A6B14569D32A7,FUF001_FREE_US_EQUITY_250_V1,BC7879B3830C7327EB0A5779625A347C06826C47488F64326C7D0B2884CC741D,ELIGIBILITY_CHECK,csm,PASS,eligible_count=249
2026-08-25T16:04:27.982310+00:00,PAPER-2026-08-25-DRYRUN,2026-08-24,CSM001xTSM001,86EA1C067905B9AD1AAE714019057602B454D578361EC3B15B3A6B14569D32A7,FUF001_FREE_US_EQUITY_250_V1,BC7879B3830C7327EB0A5779625A347C06826C47488F64326C7D0B2884CC741D,RECONCILIATION_CHECK,positions,PASS,"{""AAOI"": ""MISSING_BROKER"", ""ACMR"": ""MISSING_BROKER"", ""ACRS"": ""MISSING_BROKER"", ""AEIS"": ""MISSING_BROKER"", ""ALXO"": ""MISSING_BROKER"", ""AMAT"": ""MISSING_BROKER"", ""AMD"": ""MISSING_BROKER"", ""AMKR"": ""MISSING_BROKER"", ""ANAB"": ""MISSING_BROKER"", ""ANDE"": ""MISSING_BROKER"", ""ANNX"": ""MISSING_BROKER"", ""APPS"": ""MISSING_BROKER"", ""ARCB"": ""MISSING_BROKER"", ""ARWR"": ""MISSING_BROKER"", ""ASML"": ""MISSING_BROKER"", ""ATEX"": ""MISSING_BROKER"", ""ATRO"": ""MISSING_BROKER"", ""AXGN"": ""MISSING_BROKER"", ""AXSM"": ""MISSING_BROKER"", ""AXTI"": ""MISSING_BROKER"", ""BAND"": ""MISSING_BROKER"", ""BELFB"": ""MISSING_BROKER"", ""CDNA"": ""MISSING_BROKER"", ""CENX"": ""MISSING_BROKER"", ""CERS"": ""MISSING_BROKER""}"
2026-08-25T16:04:27.983310+00:00,PAPER-2026-08-25-DRYRUN,2026-08-24,CSM001xTSM001,86EA1C067905B9AD1AAE714019057602B454D578361EC3B15B3A6B14569D32A7,FUF001_FREE_US_EQUITY_250_V1,BC7879B3830C7327EB0A5779625A347C06826C47488F64326C7D0B2884CC741D,RECONCILIATION_CHECK,orders,PASS,"{""CSM001xTSM001-2026-08-24-AAOI-BUY-001"": ""INTENT_ONLY"", ""CSM001xTSM001-2026-08-24-ACMR-BUY-002"": ""INTENT_ONLY"", ""CSM001xTSM001-2026-08-24-ACRS-BUY-003"": ""INTENT_ONLY"", ""CSM001xTSM001-2026-08-24-AEIS-BUY-004"": ""INTENT_ONLY"", ""CSM001xTSM001-2026-08-24-ALXO-BUY-005"": ""INTENT_ONLY"", ""CSM001xTSM001-2026-08-24-AMAT-BUY-006"": ""INTENT_ONLY"", ""CSM001xTSM001-2026-08-24-AMD-BUY-007"": ""INTENT_ONLY"", ""CSM001xTSM001-2026-08-24-AMKR-BUY-008"": ""INTENT_ONLY"", ""CSM001xTSM001-2026-08-24-ANAB-BUY-009"": ""INTENT_ONLY"", ""CSM001xTSM001-2026-08-24-ANDE-BUY-010"": ""INTENT_ONLY"", ""CSM001xTSM001-2026-08-24-ANNX-BUY-011"": ""INTENT_ONLY"", ""CSM001xTSM001-2026-08-24-APPS-BUY-012"": ""INTENT_ONLY"", ""CSM001xTSM001-2026-08-24-ARCB-BUY-013"": ""INTENT_ONLY"", ""CSM001xTSM001-2026-08-24-ARWR-BUY-014"": ""INTENT_ONLY"", ""CSM001xTSM001-2026-08-24-ASML-BUY-015"": ""INTENT_ONLY"", ""CSM001xTSM001-2026-08-24-ATEX-BUY-016"": ""INTENT_ONLY"", ""CSM001xTSM001-2026-08-24-ATRO-BUY-017"": ""INTENT_ONLY"", ""CSM001xTSM001-2026-08-24-AXGN-BUY-018"": ""INTENT_ONLY"", ""CSM001xTSM001-2026-08-24-AXSM-BUY-019"": ""INTENT_ONLY"", ""CSM001xTSM001-2026-08-24-AXTI-BUY-020"": ""INTENT_ONLY"", ""CSM001xTSM001-2026-08-24-BAND-BUY-021"": ""INTENT_ONLY"", ""CSM001xTSM001-2026-08-24-BELFB-BUY-022"": ""INTENT_ONLY"", ""CSM001xTSM001-2026-08-24-CDNA-BUY-023"": ""INTENT_ONLY"", ""CSM001xTSM001-2026-08-24-CENX-BUY-024"": ""INTENT_ONLY"", ""CSM001xTSM001-2026-08-24-CERS-BUY-025"": ""INTENT_ONLY""}"
2026-08-25T16:04:27.995312+00:00,PAPER-2026-08-25-DRYRUN,2026-08-24,CSM001xTSM001,86EA1C067905B9AD1AAE714019057602B454D578361EC3B15B3A6B14569D32A7,FUF001_FREE_US_EQUITY_250_V1,BC7879B3830C7327EB0A5779625A347C06826C47488F64326C7D0B2884CC741D,ORDER_INTENTS_CREATED,order_intent,PASS,count=25
2026-08-25T16:04:27.995312+00:00,PAPER-2026-08-25-DRYRUN,2026-08-24,CSM001xTSM001,86EA1C067905B9AD1AAE714019057602B454D578361EC3B15B3A6B14569D32A7,FUF001_FREE_US_EQUITY_250_V1,BC7879B3830C7327EB0A5779625A347C06826C47488F64326C7D0B2884CC741D,RISK_GUARD_CHECK,risk,PASS,
2026-08-25T16:04:27.995312+00:00,PAPER-2026-08-25-DRYRUN,2026-08-24,CSM001xTSM001,86EA1C067905B9AD1AAE714019057602B454D578361EC3B15B3A6B14569D32A7,FUF001_FREE_US_EQUITY_250_V1,BC7879B3830C7327EB0A5779625A347C06826C47488F64326C7D0B2884CC741D,RISK_GUARD_CHECK,buying_power,PASS,required=100000.00;available=400000.00
2026-08-25T16:04:27.996824+00:00,PAPER-2026-08-25-DRYRUN,2026-08-24,CSM001xTSM001,86EA1C067905B9AD1AAE714019057602B454D578361EC3B15B3A6B14569D32A7,FUF001_FREE_US_EQUITY_250_V1,BC7879B3830C7327EB0A5779625A347C06826C47488F64326C7D0B2884CC741D,DRY_RUN_BLOCK,submission_boundary,BLOCKED,BLOCKED_BY_GUARDS
2026-08-25T16:08:24.252397+00:00,PAPER-2026-08-25-DRYRUN,2026-08-25,CSM001xTSM001,86EA1C067905B9AD1AAE714019057602B454D578361EC3B15B3A6B14569D32A7,FUF001_FREE_US_EQUITY_250_V1,BC7879B3830C7327EB0A5779625A347C06826C47488F64326C7D0B2884CC741D,SESSION_CREATED,controller,PASS,Dry-run session created without PAPER_T0.
2026-08-25T16:08:24.277391+00:00,PAPER-2026-08-25-DRYRUN,2026-08-25,CSM001xTSM001,86EA1C067905B9AD1AAE714019057602B454D578361EC3B15B3A6B14569D32A7,FUF001_FREE_US_EQUITY_250_V1,BC7879B3830C7327EB0A5779625A347C06826C47488F64326C7D0B2884CC741D,READINESS_CHECK,universe,PASS,Canonical FUF hash checked.
2026-08-25T16:08:24.277391+00:00,PAPER-2026-08-25-DRYRUN,2026-08-25,CSM001xTSM001,86EA1C067905B9AD1AAE714019057602B454D578361EC3B15B3A6B14569D32A7,FUF001_FREE_US_EQUITY_250_V1,BC7879B3830C7327EB0A5779625A347C06826C47488F64326C7D0B2884CC741D,READINESS_CHECK,strategy,PASS,Frozen strategy hash checked.
2026-08-25T16:10:06.941198+00:00,PAPER-2026-08-25-DRYRUN,2026-08-24,CSM001xTSM001,86EA1C067905B9AD1AAE714019057602B454D578361EC3B15B3A6B14569D32A7,FUF001_FREE_US_EQUITY_250_V1,BC7879B3830C7327EB0A5779625A347C06826C47488F64326C7D0B2884CC741D,IDENTITY_RESOLUTION,identity_resolver,PASS,registry_hash=B026C0954CA8F261;resolved_count=250
2026-08-25T16:10:25.808792+00:00,PAPER-2026-08-25-DRYRUN,2026-08-24,CSM001xTSM001,86EA1C067905B9AD1AAE714019057602B454D578361EC3B15B3A6B14569D32A7,FUF001_FREE_US_EQUITY_250_V1,BC7879B3830C7327EB0A5779625A347C06826C47488F64326C7D0B2884CC741D,SCHEDULE_CHECK,calendar,PASS,session=MARKET_OPEN
2026-08-25T16:10:25.808792+00:00,PAPER-2026-08-25-DRYRUN,2026-08-24,CSM001xTSM001,86EA1C067905B9AD1AAE714019057602B454D578361EC3B15B3A6B14569D32A7,FUF001_FREE_US_EQUITY_250_V1,BC7879B3830C7327EB0A5779625A347C06826C47488F64326C7D0B2884CC741D,DATA_FRESHNESS_CHECK,alpaca_daily_bars,PASS,fresh=250;stale=0;inactive=0
2026-08-25T16:10:25.809799+00:00,PAPER-2026-08-25-DRYRUN,2026-08-24,CSM001xTSM001,86EA1C067905B9AD1AAE714019057602B454D578361EC3B15B3A6B14569D32A7,FUF001_FREE_US_EQUITY_250_V1,BC7879B3830C7327EB0A5779625A347C06826C47488F64326C7D0B2884CC741D,ELIGIBILITY_CHECK,csm,PASS,eligible_count=249
2026-08-25T16:10:27.034014+00:00,PAPER-2026-08-25-DRYRUN,2026-08-24,CSM001xTSM001,86EA1C067905B9AD1AAE714019057602B454D578361EC3B15B3A6B14569D32A7,FUF001_FREE_US_EQUITY_250_V1,BC7879B3830C7327EB0A5779625A347C06826C47488F64326C7D0B2884CC741D,RECONCILIATION_CHECK,positions,PASS,"{""AAOI"": ""MISSING_BROKER"", ""ACMR"": ""MISSING_BROKER"", ""ACRS"": ""MISSING_BROKER"", ""AEIS"": ""MISSING_BROKER"", ""ALXO"": ""MISSING_BROKER"", ""AMAT"": ""MISSING_BROKER"", ""AMD"": ""MISSING_BROKER"", ""AMKR"": ""MISSING_BROKER"", ""ANAB"": ""MISSING_BROKER"", ""ANDE"": ""MISSING_BROKER"", ""ANNX"": ""MISSING_BROKER"", ""APPS"": ""MISSING_BROKER"", ""ARCB"": ""MISSING_BROKER"", ""ARWR"": ""MISSING_BROKER"", ""ASML"": ""MISSING_BROKER"", ""ATEX"": ""MISSING_BROKER"", ""ATRO"": ""MISSING_BROKER"", ""AXGN"": ""MISSING_BROKER"", ""AXSM"": ""MISSING_BROKER"", ""AXTI"": ""MISSING_BROKER"", ""BAND"": ""MISSING_BROKER"", ""BELFB"": ""MISSING_BROKER"", ""CDNA"": ""MISSING_BROKER"", ""CENX"": ""MISSING_BROKER"", ""CERS"": ""MISSING_BROKER""}"
2026-08-25T16:10:27.035083+00:00,PAPER-2026-08-25-DRYRUN,2026-08-24,CSM001xTSM001,86EA1C067905B9AD1AAE714019057602B454D578361EC3B15B3A6B14569D32A7,FUF001_FREE_US_EQUITY_250_V1,BC7879B3830C7327EB0A5779625A347C06826C47488F64326C7D0B2884CC741D,RECONCILIATION_CHECK,orders,PASS,"{""CSM001xTSM001-2026-08-24-AAOI-BUY-001"": ""INTENT_ONLY"", ""CSM001xTSM001-2026-08-24-ACMR-BUY-002"": ""INTENT_ONLY"", ""CSM001xTSM001-2026-08-24-ACRS-BUY-003"": ""INTENT_ONLY"", ""CSM001xTSM001-2026-08-24-AEIS-BUY-004"": ""INTENT_ONLY"", ""CSM001xTSM001-2026-08-24-ALXO-BUY-005"": ""INTENT_ONLY"", ""CSM001xTSM001-2026-08-24-AMAT-BUY-006"": ""INTENT_ONLY"", ""CSM001xTSM001-2026-08-24-AMD-BUY-007"": ""INTENT_ONLY"", ""CSM001xTSM001-2026-08-24-AMKR-BUY-008"": ""INTENT_ONLY"", ""CSM001xTSM001-2026-08-24-ANAB-BUY-009"": ""INTENT_ONLY"", ""CSM001xTSM001-2026-08-24-ANDE-BUY-010"": ""INTENT_ONLY"", ""CSM001xTSM001-2026-08-24-ANNX-BUY-011"": ""INTENT_ONLY"", ""CSM001xTSM001-2026-08-24-APPS-BUY-012"": ""INTENT_ONLY"", ""CSM001xTSM001-2026-08-24-ARCB-BUY-013"": ""INTENT_ONLY"", ""CSM001xTSM001-2026-08-24-ARWR-BUY-014"": ""INTENT_ONLY"", ""CSM001xTSM001-2026-08-24-ASML-BUY-015"": ""INTENT_ONLY"", ""CSM001xTSM001-2026-08-24-ATEX-BUY-016"": ""INTENT_ONLY"", ""CSM001xTSM001-2026-08-24-ATRO-BUY-017"": ""INTENT_ONLY"", ""CSM001xTSM001-2026-08-24-AXGN-BUY-018"": ""INTENT_ONLY"", ""CSM001xTSM001-2026-08-24-AXSM-BUY-019"": ""INTENT_ONLY"", ""CSM001xTSM001-2026-08-24-AXTI-BUY-020"": ""INTENT_ONLY"", ""CSM001xTSM001-2026-08-24-BAND-BUY-021"": ""INTENT_ONLY"", ""CSM001xTSM001-2026-08-24-BELFB-BUY-022"": ""INTENT_ONLY"", ""CSM001xTSM001-2026-08-24-CDNA-BUY-023"": ""INTENT_ONLY"", ""CSM001xTSM001-2026-08-24-CENX-BUY-024"": ""INTENT_ONLY"", ""CSM001xTSM001-2026-08-24-CERS-BUY-025"": ""INTENT_ONLY""}"
2026-08-25T16:10:27.045022+00:00,PAPER-2026-08-25-DRYRUN,2026-08-24,CSM001xTSM001,86EA1C067905B9AD1AAE714019057602B454D578361EC3B15B3A6B14569D32A7,FUF001_FREE_US_EQUITY_250_V1,BC7879B3830C7327EB0A5779625A347C06826C47488F64326C7D0B2884CC741D,ORDER_INTENTS_CREATED,order_intent,PASS,count=25
2026-08-25T16:10:27.046021+00:00,PAPER-2026-08-25-DRYRUN,2026-08-24,CSM001xTSM001,86EA1C067905B9AD1AAE714019057602B454D578361EC3B15B3A6B14569D32A7,FUF001_FREE_US_EQUITY_250_V1,BC7879B3830C7327EB0A5779625A347C06826C47488F64326C7D0B2884CC741D,RISK_GUARD_CHECK,risk,PASS,
2026-08-25T16:10:27.046021+00:00,PAPER-2026-08-25-DRYRUN,2026-08-24,CSM001xTSM001,86EA1C067905B9AD1AAE714019057602B454D578361EC3B15B3A6B14569D32A7,FUF001_FREE_US_EQUITY_250_V1,BC7879B3830C7327EB0A5779625A347C06826C47488F64326C7D0B2884CC741D,RISK_GUARD_CHECK,buying_power,PASS,required=100000.00;available=400000.00
2026-08-25T16:10:27.047021+00:00,PAPER-2026-08-25-DRYRUN,2026-08-24,CSM001xTSM001,86EA1C067905B9AD1AAE714019057602B454D578361EC3B15B3A6B14569D32A7,FUF001_FREE_US_EQUITY_250_V1,BC7879B3830C7327EB0A5779625A347C06826C47488F64326C7D0B2884CC741D,DRY_RUN_BLOCK,submission_boundary,BLOCKED,DRY_RUN_BLOCK_EXECUTION_FLAGS_FALSE
2026-08-25T19:52:13.659241+00:00,PAPER-2026-08-25-DRYRUN,2026-08-25,CSM001xTSM001,86EA1C067905B9AD1AAE714019057602B454D578361EC3B15B3A6B14569D32A7,FUF001_FREE_US_EQUITY_250_V1,BC7879B3830C7327EB0A5779625A347C06826C47488F64326C7D0B2884CC741D,SESSION_CREATED,controller,PASS,Dry-run session created without PAPER_T0.
2026-08-25T19:52:13.679260+00:00,PAPER-2026-08-25-DRYRUN,2026-08-25,CSM001xTSM001,86EA1C067905B9AD1AAE714019057602B454D578361EC3B15B3A6B14569D32A7,FUF001_FREE_US_EQUITY_250_V1,BC7879B3830C7327EB0A5779625A347C06826C47488F64326C7D0B2884CC741D,READINESS_CHECK,universe,PASS,Canonical FUF hash checked.
2026-08-25T19:52:13.679260+00:00,PAPER-2026-08-25-DRYRUN,2026-08-25,CSM001xTSM001,86EA1C067905B9AD1AAE714019057602B454D578361EC3B15B3A6B14569D32A7,FUF001_FREE_US_EQUITY_250_V1,BC7879B3830C7327EB0A5779625A347C06826C47488F64326C7D0B2884CC741D,READINESS_CHECK,strategy,PASS,Frozen strategy hash checked.
2026-08-25T19:53:54.590799+00:00,PAPER-2026-08-25-DRYRUN,2026-08-24,CSM001xTSM001,86EA1C067905B9AD1AAE714019057602B454D578361EC3B15B3A6B14569D32A7,FUF001_FREE_US_EQUITY_250_V1,BC7879B3830C7327EB0A5779625A347C06826C47488F64326C7D0B2884CC741D,IDENTITY_RESOLUTION,identity_resolver,PASS,registry_hash=B026C0954CA8F261;resolved_count=250
2026-08-25T19:54:36.881257+00:00,PAPER-2026-08-25-DRYRUN,2026-08-24,CSM001xTSM001,86EA1C067905B9AD1AAE714019057602B454D578361EC3B15B3A6B14569D32A7,FUF001_FREE_US_EQUITY_250_V1,BC7879B3830C7327EB0A5779625A347C06826C47488F64326C7D0B2884CC741D,SCHEDULE_CHECK,calendar,PASS,session=MARKET_OPEN
2026-08-25T19:54:36.881257+00:00,PAPER-2026-08-25-DRYRUN,2026-08-24,CSM001xTSM001,86EA1C067905B9AD1AAE714019057602B454D578361EC3B15B3A6B14569D32A7,FUF001_FREE_US_EQUITY_250_V1,BC7879B3830C7327EB0A5779625A347C06826C47488F64326C7D0B2884CC741D,DATA_FRESHNESS_CHECK,alpaca_daily_bars,PASS,fresh=250;stale=0;inactive=0
2026-08-25T19:54:36.882261+00:00,PAPER-2026-08-25-DRYRUN,2026-08-24,CSM001xTSM001,86EA1C067905B9AD1AAE714019057602B454D578361EC3B15B3A6B14569D32A7,FUF001_FREE_US_EQUITY_250_V1,BC7879B3830C7327EB0A5779625A347C06826C47488F64326C7D0B2884CC741D,ELIGIBILITY_CHECK,csm,PASS,eligible_count=249
2026-08-25T19:54:38.113475+00:00,PAPER-2026-08-25-DRYRUN,2026-08-24,CSM001xTSM001,86EA1C067905B9AD1AAE714019057602B454D578361EC3B15B3A6B14569D32A7,FUF001_FREE_US_EQUITY_250_V1,BC7879B3830C7327EB0A5779625A347C06826C47488F64326C7D0B2884CC741D,RECONCILIATION_CHECK,positions,PASS,"{""AAOI"": ""MISSING_BROKER"", ""ACMR"": ""MISSING_BROKER"", ""ACRS"": ""MISSING_BROKER"", ""AEIS"": ""MISSING_BROKER"", ""ALXO"": ""MISSING_BROKER"", ""AMAT"": ""MISSING_BROKER"", ""AMD"": ""MISSING_BROKER"", ""AMKR"": ""MISSING_BROKER"", ""ANAB"": ""MISSING_BROKER"", ""ANDE"": ""MISSING_BROKER"", ""ANNX"": ""MISSING_BROKER"", ""APPS"": ""MISSING_BROKER"", ""ARCB"": ""MISSING_BROKER"", ""ARWR"": ""MISSING_BROKER"", ""ASML"": ""MISSING_BROKER"", ""ATEX"": ""MISSING_BROKER"", ""ATRO"": ""MISSING_BROKER"", ""AXGN"": ""MISSING_BROKER"", ""AXSM"": ""MISSING_BROKER"", ""AXTI"": ""MISSING_BROKER"", ""BAND"": ""MISSING_BROKER"", ""BELFB"": ""MISSING_BROKER"", ""CDNA"": ""MISSING_BROKER"", ""CENX"": ""MISSING_BROKER"", ""CERS"": ""MISSING_BROKER""}"
2026-08-25T19:54:38.115394+00:00,PAPER-2026-08-25-DRYRUN,2026-08-24,CSM001xTSM001,86EA1C067905B9AD1AAE714019057602B454D578361EC3B15B3A6B14569D32A7,FUF001_FREE_US_EQUITY_250_V1,BC7879B3830C7327EB0A5779625A347C06826C47488F64326C7D0B2884CC741D,RECONCILIATION_CHECK,orders,PASS,"{""CSM001xTSM001-2026-08-24-AAOI-BUY-001"": ""INTENT_ONLY"", ""CSM001xTSM001-2026-08-24-ACMR-BUY-002"": ""INTENT_ONLY"", ""CSM001xTSM001-2026-08-24-ACRS-BUY-003"": ""INTENT_ONLY"", ""CSM001xTSM001-2026-08-24-AEIS-BUY-004"": ""INTENT_ONLY"", ""CSM001xTSM001-2026-08-24-ALXO-BUY-005"": ""INTENT_ONLY"", ""CSM001xTSM001-2026-08-24-AMAT-BUY-006"": ""INTENT_ONLY"", ""CSM001xTSM001-2026-08-24-AMD-BUY-007"": ""INTENT_ONLY"", ""CSM001xTSM001-2026-08-24-AMKR-BUY-008"": ""INTENT_ONLY"", ""CSM001xTSM001-2026-08-24-ANAB-BUY-009"": ""INTENT_ONLY"", ""CSM001xTSM001-2026-08-24-ANDE-BUY-010"": ""INTENT_ONLY"", ""CSM001xTSM001-2026-08-24-ANNX-BUY-011"": ""INTENT_ONLY"", ""CSM001xTSM001-2026-08-24-APPS-BUY-012"": ""INTENT_ONLY"", ""CSM001xTSM001-2026-08-24-ARCB-BUY-013"": ""INTENT_ONLY"", ""CSM001xTSM001-2026-08-24-ARWR-BUY-014"": ""INTENT_ONLY"", ""CSM001xTSM001-2026-08-24-ASML-BUY-015"": ""INTENT_ONLY"", ""CSM001xTSM001-2026-08-24-ATEX-BUY-016"": ""INTENT_ONLY"", ""CSM001xTSM001-2026-08-24-ATRO-BUY-017"": ""INTENT_ONLY"", ""CSM001xTSM001-2026-08-24-AXGN-BUY-018"": ""INTENT_ONLY"", ""CSM001xTSM001-2026-08-24-AXSM-BUY-019"": ""INTENT_ONLY"", ""CSM001xTSM001-2026-08-24-AXTI-BUY-020"": ""INTENT_ONLY"", ""CSM001xTSM001-2026-08-24-BAND-BUY-021"": ""INTENT_ONLY"", ""CSM001xTSM001-2026-08-24-BELFB-BUY-022"": ""INTENT_ONLY"", ""CSM001xTSM001-2026-08-24-CDNA-BUY-023"": ""INTENT_ONLY"", ""CSM001xTSM001-2026-08-24-CENX-BUY-024"": ""INTENT_ONLY"", ""CSM001xTSM001-2026-08-24-CERS-BUY-025"": ""INTENT_ONLY""}"
2026-08-25T19:54:38.124888+00:00,PAPER-2026-08-25-DRYRUN,2026-08-24,CSM001xTSM001,86EA1C067905B9AD1AAE714019057602B454D578361EC3B15B3A6B14569D32A7,FUF001_FREE_US_EQUITY_250_V1,BC7879B3830C7327EB0A5779625A347C06826C47488F64326C7D0B2884CC741D,ORDER_INTENTS_CREATED,order_intent,PASS,count=25
2026-08-25T19:54:38.124888+00:00,PAPER-2026-08-25-DRYRUN,2026-08-24,CSM001xTSM001,86EA1C067905B9AD1AAE714019057602B454D578361EC3B15B3A6B14569D32A7,FUF001_FREE_US_EQUITY_250_V1,BC7879B3830C7327EB0A5779625A347C06826C47488F64326C7D0B2884CC741D,RISK_GUARD_CHECK,risk,PASS,
2026-08-25T19:54:38.125888+00:00,PAPER-2026-08-25-DRYRUN,2026-08-24,CSM001xTSM001,86EA1C067905B9AD1AAE714019057602B454D578361EC3B15B3A6B14569D32A7,FUF001_FREE_US_EQUITY_250_V1,BC7879B3830C7327EB0A5779625A347C06826C47488F64326C7D0B2884CC741D,RISK_GUARD_CHECK,buying_power,PASS,required=100000.00;available=400000.00
2026-08-25T19:54:38.125888+00:00,PAPER-2026-08-25-DRYRUN,2026-08-24,CSM001xTSM001,86EA1C067905B9AD1AAE714019057602B454D578361EC3B15B3A6B14569D32A7,FUF001_FREE_US_EQUITY_250_V1,BC7879B3830C7327EB0A5779625A347C06826C47488F64326C7D0B2884CC741D,DRY_RUN_BLOCK,submission_boundary,BLOCKED,WAITING_FOR_SCHEDULED_MONTHLY_REBALANCE
2026-08-25T20:40:59.304755+00:00,PAPER-2026-08-25-DRYRUN,2026-08-25,CSM001xTSM001,86EA1C067905B9AD1AAE714019057602B454D578361EC3B15B3A6B14569D32A7,FUF001_FREE_US_EQUITY_250_V1,BC7879B3830C7327EB0A5779625A347C06826C47488F64326C7D0B2884CC741D,SESSION_CREATED,controller,PASS,Dry-run session created without PAPER_T0.
2026-08-25T20:40:59.326683+00:00,PAPER-2026-08-25-DRYRUN,2026-08-25,CSM001xTSM001,86EA1C067905B9AD1AAE714019057602B454D578361EC3B15B3A6B14569D32A7,FUF001_FREE_US_EQUITY_250_V1,BC7879B3830C7327EB0A5779625A347C06826C47488F64326C7D0B2884CC741D,READINESS_CHECK,universe,PASS,Canonical FUF hash checked.
2026-08-25T20:40:59.328104+00:00,PAPER-2026-08-25-DRYRUN,2026-08-25,CSM001xTSM001,86EA1C067905B9AD1AAE714019057602B454D578361EC3B15B3A6B14569D32A7,FUF001_FREE_US_EQUITY_250_V1,BC7879B3830C7327EB0A5779625A347C06826C47488F64326C7D0B2884CC741D,READINESS_CHECK,strategy,PASS,Frozen strategy hash checked.
2026-08-25T20:42:39.717966+00:00,PAPER-2026-08-25-DRYRUN,2026-08-25,CSM001xTSM001,86EA1C067905B9AD1AAE714019057602B454D578361EC3B15B3A6B14569D32A7,FUF001_FREE_US_EQUITY_250_V1,BC7879B3830C7327EB0A5779625A347C06826C47488F64326C7D0B2884CC741D,IDENTITY_RESOLUTION,identity_resolver,PASS,registry_hash=E77980C024FC6707;resolved_count=250
2026-08-25T20:43:20.795616+00:00,PAPER-2026-08-25-DRYRUN,2026-08-25,CSM001xTSM001,86EA1C067905B9AD1AAE714019057602B454D578361EC3B15B3A6B14569D32A7,FUF001_FREE_US_EQUITY_250_V1,BC7879B3830C7327EB0A5779625A347C06826C47488F64326C7D0B2884CC741D,SCHEDULE_CHECK,calendar,PASS,session=POST_CLOSE
2026-08-25T20:43:20.796617+00:00,PAPER-2026-08-25-DRYRUN,2026-08-25,CSM001xTSM001,86EA1C067905B9AD1AAE714019057602B454D578361EC3B15B3A6B14569D32A7,FUF001_FREE_US_EQUITY_250_V1,BC7879B3830C7327EB0A5779625A347C06826C47488F64326C7D0B2884CC741D,DATA_FRESHNESS_CHECK,alpaca_daily_bars,PASS,fresh=250;stale=0;inactive=0
2026-08-25T20:43:20.796617+00:00,PAPER-2026-08-25-DRYRUN,2026-08-25,CSM001xTSM001,86EA1C067905B9AD1AAE714019057602B454D578361EC3B15B3A6B14569D32A7,FUF001_FREE_US_EQUITY_250_V1,BC7879B3830C7327EB0A5779625A347C06826C47488F64326C7D0B2884CC741D,ELIGIBILITY_CHECK,csm,PASS,eligible_count=249
2026-08-25T20:43:22.001197+00:00,PAPER-2026-08-25-DRYRUN,2026-08-25,CSM001xTSM001,86EA1C067905B9AD1AAE714019057602B454D578361EC3B15B3A6B14569D32A7,FUF001_FREE_US_EQUITY_250_V1,BC7879B3830C7327EB0A5779625A347C06826C47488F64326C7D0B2884CC741D,RECONCILIATION_CHECK,positions,PASS,"{""AAOI"": ""MISSING_BROKER"", ""ACMR"": ""MISSING_BROKER"", ""ACRS"": ""MISSING_BROKER"", ""AEIS"": ""MISSING_BROKER"", ""AMAT"": ""MISSING_BROKER"", ""AMD"": ""MISSING_BROKER"", ""AMKR"": ""MISSING_BROKER"", ""AMRX"": ""MISSING_BROKER"", ""ANAB"": ""MISSING_BROKER"", ""ANNX"": ""MISSING_BROKER"", ""APPS"": ""MISSING_BROKER"", ""ARCB"": ""MISSING_BROKER"", ""ARWR"": ""MISSING_BROKER"", ""ASML"": ""MISSING_BROKER"", ""ATEX"": ""MISSING_BROKER"", ""ATRO"": ""MISSING_BROKER"", ""AXGN"": ""MISSING_BROKER"", ""AXSM"": ""MISSING_BROKER"", ""AXTI"": ""MISSING_BROKER"", ""BAND"": ""MISSING_BROKER"", ""BELFB"": ""MISSING_BROKER"", ""BJRI"": ""MISSING_BROKER"", ""CDNA"": ""MISSING_BROKER"", ""CENX"": ""MISSING_BROKER"", ""CERS"": ""MISSING_BROKER""}"
2026-08-25T20:43:22.002203+00:00,PAPER-2026-08-25-DRYRUN,2026-08-25,CSM001xTSM001,86EA1C067905B9AD1AAE714019057602B454D578361EC3B15B3A6B14569D32A7,FUF001_FREE_US_EQUITY_250_V1,BC7879B3830C7327EB0A5779625A347C06826C47488F64326C7D0B2884CC741D,RECONCILIATION_CHECK,orders,PASS,"{""CSM001xTSM001-2026-08-25-AAOI-BUY-001"": ""INTENT_ONLY"", ""CSM001xTSM001-2026-08-25-ACMR-BUY-002"": ""INTENT_ONLY"", ""CSM001xTSM001-2026-08-25-ACRS-BUY-003"": ""INTENT_ONLY"", ""CSM001xTSM001-2026-08-25-AEIS-BUY-004"": ""INTENT_ONLY"", ""CSM001xTSM001-2026-08-25-AMAT-BUY-005"": ""INTENT_ONLY"", ""CSM001xTSM001-2026-08-25-AMD-BUY-006"": ""INTENT_ONLY"", ""CSM001xTSM001-2026-08-25-AMKR-BUY-007"": ""INTENT_ONLY"", ""CSM001xTSM001-2026-08-25-AMRX-BUY-008"": ""INTENT_ONLY"", ""CSM001xTSM001-2026-08-25-ANAB-BUY-009"": ""INTENT_ONLY"", ""CSM001xTSM001-2026-08-25-ANNX-BUY-010"": ""INTENT_ONLY"", ""CSM001xTSM001-2026-08-25-APPS-BUY-011"": ""INTENT_ONLY"", ""CSM001xTSM001-2026-08-25-ARCB-BUY-012"": ""INTENT_ONLY"", ""CSM001xTSM001-2026-08-25-ARWR-BUY-013"": ""INTENT_ONLY"", ""CSM001xTSM001-2026-08-25-ASML-BUY-014"": ""INTENT_ONLY"", ""CSM001xTSM001-2026-08-25-ATEX-BUY-015"": ""INTENT_ONLY"", ""CSM001xTSM001-2026-08-25-ATRO-BUY-016"": ""INTENT_ONLY"", ""CSM001xTSM001-2026-08-25-AXGN-BUY-017"": ""INTENT_ONLY"", ""CSM001xTSM001-2026-08-25-AXSM-BUY-018"": ""INTENT_ONLY"", ""CSM001xTSM001-2026-08-25-AXTI-BUY-019"": ""INTENT_ONLY"", ""CSM001xTSM001-2026-08-25-BAND-BUY-020"": ""INTENT_ONLY"", ""CSM001xTSM001-2026-08-25-BELFB-BUY-021"": ""INTENT_ONLY"", ""CSM001xTSM001-2026-08-25-BJRI-BUY-022"": ""INTENT_ONLY"", ""CSM001xTSM001-2026-08-25-CDNA-BUY-023"": ""INTENT_ONLY"", ""CSM001xTSM001-2026-08-25-CENX-BUY-024"": ""INTENT_ONLY"", ""CSM001xTSM001-2026-08-25-CERS-BUY-025"": ""INTENT_ONLY""}"
2026-08-25T20:43:22.013419+00:00,PAPER-2026-08-25-DRYRUN,2026-08-25,CSM001xTSM001,86EA1C067905B9AD1AAE714019057602B454D578361EC3B15B3A6B14569D32A7,FUF001_FREE_US_EQUITY_250_V1,BC7879B3830C7327EB0A5779625A347C06826C47488F64326C7D0B2884CC741D,ORDER_INTENTS_CREATED,order_intent,PASS,count=25
2026-08-25T20:43:22.014419+00:00,PAPER-2026-08-25-DRYRUN,2026-08-25,CSM001xTSM001,86EA1C067905B9AD1AAE714019057602B454D578361EC3B15B3A6B14569D32A7,FUF001_FREE_US_EQUITY_250_V1,BC7879B3830C7327EB0A5779625A347C06826C47488F64326C7D0B2884CC741D,RISK_GUARD_CHECK,risk,PASS,
2026-08-25T20:43:22.014419+00:00,PAPER-2026-08-25-DRYRUN,2026-08-25,CSM001xTSM001,86EA1C067905B9AD1AAE714019057602B454D578361EC3B15B3A6B14569D32A7,FUF001_FREE_US_EQUITY_250_V1,BC7879B3830C7327EB0A5779625A347C06826C47488F64326C7D0B2884CC741D,RISK_GUARD_CHECK,buying_power,PASS,required=100000.00;available=400000.00
2026-08-25T20:43:22.015420+00:00,PAPER-2026-08-25-DRYRUN,2026-08-25,CSM001xTSM001,86EA1C067905B9AD1AAE714019057602B454D578361EC3B15B3A6B14569D32A7,FUF001_FREE_US_EQUITY_250_V1,BC7879B3830C7327EB0A5779625A347C06826C47488F64326C7D0B2884CC741D,INCIDENT,timing,SCHEDULER_FAILURE,session=POST_CLOSE
2026-08-25T20:43:22.016418+00:00,PAPER-2026-08-25-DRYRUN,2026-08-25,CSM001xTSM001,86EA1C067905B9AD1AAE714019057602B454D578361EC3B15B3A6B14569D32A7,FUF001_FREE_US_EQUITY_250_V1,BC7879B3830C7327EB0A5779625A347C06826C47488F64326C7D0B2884CC741D,DRY_RUN_BLOCK,submission_boundary,BLOCKED,WAITING_FOR_SCHEDULED_MONTHLY_REBALANCE
2026-08-25T23:22:28.774944+00:00,PAPER-2026-08-25-DRYRUN,2026-08-26,CSM001xTSM001,86EA1C067905B9AD1AAE714019057602B454D578361EC3B15B3A6B14569D32A7,FUF001_FREE_US_EQUITY_250_V1,BC7879B3830C7327EB0A5779625A347C06826C47488F64326C7D0B2884CC741D,SESSION_CREATED,controller,PASS,Dry-run session created without PAPER_T0.
2026-08-25T23:22:28.794581+00:00,PAPER-2026-08-25-DRYRUN,2026-08-26,CSM001xTSM001,86EA1C067905B9AD1AAE714019057602B454D578361EC3B15B3A6B14569D32A7,FUF001_FREE_US_EQUITY_250_V1,BC7879B3830C7327EB0A5779625A347C06826C47488F64326C7D0B2884CC741D,READINESS_CHECK,universe,PASS,Canonical FUF hash checked.
2026-08-25T23:22:28.795580+00:00,PAPER-2026-08-25-DRYRUN,2026-08-26,CSM001xTSM001,86EA1C067905B9AD1AAE714019057602B454D578361EC3B15B3A6B14569D32A7,FUF001_FREE_US_EQUITY_250_V1,BC7879B3830C7327EB0A5779625A347C06826C47488F64326C7D0B2884CC741D,READINESS_CHECK,strategy,PASS,Frozen strategy hash checked.
2026-08-25T23:24:08.697044+00:00,PAPER-2026-08-25-DRYRUN,2026-08-25,CSM001xTSM001,86EA1C067905B9AD1AAE714019057602B454D578361EC3B15B3A6B14569D32A7,FUF001_FREE_US_EQUITY_250_V1,BC7879B3830C7327EB0A5779625A347C06826C47488F64326C7D0B2884CC741D,IDENTITY_RESOLUTION,identity_resolver,PASS,registry_hash=E77980C024FC6707;resolved_count=250
2026-08-25T23:24:50.966755+00:00,PAPER-2026-08-25-DRYRUN,2026-08-25,CSM001xTSM001,86EA1C067905B9AD1AAE714019057602B454D578361EC3B15B3A6B14569D32A7,FUF001_FREE_US_EQUITY_250_V1,BC7879B3830C7327EB0A5779625A347C06826C47488F64326C7D0B2884CC741D,SCHEDULE_CHECK,calendar,PASS,session=MARKET_OPEN
2026-08-25T23:24:50.966755+00:00,PAPER-2026-08-25-DRYRUN,2026-08-25,CSM001xTSM001,86EA1C067905B9AD1AAE714019057602B454D578361EC3B15B3A6B14569D32A7,FUF001_FREE_US_EQUITY_250_V1,BC7879B3830C7327EB0A5779625A347C06826C47488F64326C7D0B2884CC741D,DATA_FRESHNESS_CHECK,alpaca_daily_bars,PASS,fresh=250;stale=0;inactive=0
2026-08-25T23:24:50.968014+00:00,PAPER-2026-08-25-DRYRUN,2026-08-25,CSM001xTSM001,86EA1C067905B9AD1AAE714019057602B454D578361EC3B15B3A6B14569D32A7,FUF001_FREE_US_EQUITY_250_V1,BC7879B3830C7327EB0A5779625A347C06826C47488F64326C7D0B2884CC741D,ELIGIBILITY_CHECK,csm,PASS,eligible_count=249
2026-08-25T23:24:52.175591+00:00,PAPER-2026-08-25-DRYRUN,2026-08-25,CSM001xTSM001,86EA1C067905B9AD1AAE714019057602B454D578361EC3B15B3A6B14569D32A7,FUF001_FREE_US_EQUITY_250_V1,BC7879B3830C7327EB0A5779625A347C06826C47488F64326C7D0B2884CC741D,RECONCILIATION_CHECK,positions,PASS,"{""AAOI"": ""MISSING_BROKER"", ""ACMR"": ""MISSING_BROKER"", ""ACRS"": ""MISSING_BROKER"", ""AEIS"": ""MISSING_BROKER"", ""AMAT"": ""MISSING_BROKER"", ""AMD"": ""MISSING_BROKER"", ""AMKR"": ""MISSING_BROKER"", ""AMRX"": ""MISSING_BROKER"", ""ANAB"": ""MISSING_BROKER"", ""ANNX"": ""MISSING_BROKER"", ""APPS"": ""MISSING_BROKER"", ""ARCB"": ""MISSING_BROKER"", ""ARWR"": ""MISSING_BROKER"", ""ASML"": ""MISSING_BROKER"", ""ATEX"": ""MISSING_BROKER"", ""ATRO"": ""MISSING_BROKER"", ""AXGN"": ""MISSING_BROKER"", ""AXSM"": ""MISSING_BROKER"", ""AXTI"": ""MISSING_BROKER"", ""BAND"": ""MISSING_BROKER"", ""BELFB"": ""MISSING_BROKER"", ""BJRI"": ""MISSING_BROKER"", ""CDNA"": ""MISSING_BROKER"", ""CENX"": ""MISSING_BROKER"", ""CERS"": ""MISSING_BROKER""}"
2026-08-25T23:24:52.176956+00:00,PAPER-2026-08-25-DRYRUN,2026-08-25,CSM001xTSM001,86EA1C067905B9AD1AAE714019057602B454D578361EC3B15B3A6B14569D32A7,FUF001_FREE_US_EQUITY_250_V1,BC7879B3830C7327EB0A5779625A347C06826C47488F64326C7D0B2884CC741D,RECONCILIATION_CHECK,orders,PASS,"{""CSM001xTSM001-2026-08-25-AAOI-BUY-001"": ""INTENT_ONLY"", ""CSM001xTSM001-2026-08-25-ACMR-BUY-002"": ""INTENT_ONLY"", ""CSM001xTSM001-2026-08-25-ACRS-BUY-003"": ""INTENT_ONLY"", ""CSM001xTSM001-2026-08-25-AEIS-BUY-004"": ""INTENT_ONLY"", ""CSM001xTSM001-2026-08-25-AMAT-BUY-005"": ""INTENT_ONLY"", ""CSM001xTSM001-2026-08-25-AMD-BUY-006"": ""INTENT_ONLY"", ""CSM001xTSM001-2026-08-25-AMKR-BUY-007"": ""INTENT_ONLY"", ""CSM001xTSM001-2026-08-25-AMRX-BUY-008"": ""INTENT_ONLY"", ""CSM001xTSM001-2026-08-25-ANAB-BUY-009"": ""INTENT_ONLY"", ""CSM001xTSM001-2026-08-25-ANNX-BUY-010"": ""INTENT_ONLY"", ""CSM001xTSM001-2026-08-25-APPS-BUY-011"": ""INTENT_ONLY"", ""CSM001xTSM001-2026-08-25-ARCB-BUY-012"": ""INTENT_ONLY"", ""CSM001xTSM001-2026-08-25-ARWR-BUY-013"": ""INTENT_ONLY"", ""CSM001xTSM001-2026-08-25-ASML-BUY-014"": ""INTENT_ONLY"", ""CSM001xTSM001-2026-08-25-ATEX-BUY-015"": ""INTENT_ONLY"", ""CSM001xTSM001-2026-08-25-ATRO-BUY-016"": ""INTENT_ONLY"", ""CSM001xTSM001-2026-08-25-AXGN-BUY-017"": ""INTENT_ONLY"", ""CSM001xTSM001-2026-08-25-AXSM-BUY-018"": ""INTENT_ONLY"", ""CSM001xTSM001-2026-08-25-AXTI-BUY-019"": ""INTENT_ONLY"", ""CSM001xTSM001-2026-08-25-BAND-BUY-020"": ""INTENT_ONLY"", ""CSM001xTSM001-2026-08-25-BELFB-BUY-021"": ""INTENT_ONLY"", ""CSM001xTSM001-2026-08-25-BJRI-BUY-022"": ""INTENT_ONLY"", ""CSM001xTSM001-2026-08-25-CDNA-BUY-023"": ""INTENT_ONLY"", ""CSM001xTSM001-2026-08-25-CENX-BUY-024"": ""INTENT_ONLY"", ""CSM001xTSM001-2026-08-25-CERS-BUY-025"": ""INTENT_ONLY""}"
2026-08-25T23:24:52.186965+00:00,PAPER-2026-08-25-DRYRUN,2026-08-25,CSM001xTSM001,86EA1C067905B9AD1AAE714019057602B454D578361EC3B15B3A6B14569D32A7,FUF001_FREE_US_EQUITY_250_V1,BC7879B3830C7327EB0A5779625A347C06826C47488F64326C7D0B2884CC741D,ORDER_INTENTS_CREATED,order_intent,PASS,count=25
2026-08-25T23:24:52.187957+00:00,PAPER-2026-08-25-DRYRUN,2026-08-25,CSM001xTSM001,86EA1C067905B9AD1AAE714019057602B454D578361EC3B15B3A6B14569D32A7,FUF001_FREE_US_EQUITY_250_V1,BC7879B3830C7327EB0A5779625A347C06826C47488F64326C7D0B2884CC741D,RISK_GUARD_CHECK,risk,PASS,
2026-08-25T23:24:52.187957+00:00,PAPER-2026-08-25-DRYRUN,2026-08-25,CSM001xTSM001,86EA1C067905B9AD1AAE714019057602B454D578361EC3B15B3A6B14569D32A7,FUF001_FREE_US_EQUITY_250_V1,BC7879B3830C7327EB0A5779625A347C06826C47488F64326C7D0B2884CC741D,RISK_GUARD_CHECK,buying_power,PASS,required=100000.00;available=400000.00
2026-08-25T23:24:52.188960+00:00,PAPER-2026-08-25-DRYRUN,2026-08-25,CSM001xTSM001,86EA1C067905B9AD1AAE714019057602B454D578361EC3B15B3A6B14569D32A7,FUF001_FREE_US_EQUITY_250_V1,BC7879B3830C7327EB0A5779625A347C06826C47488F64326C7D0B2884CC741D,INCIDENT,timing,T_PLUS_1_TIMING_VIOLATION,signal=2026-08-25;earliest=2026-08-26;execution=2026-08-25
2026-08-25T23:24:52.188960+00:00,PAPER-2026-08-25-DRYRUN,2026-08-25,CSM001xTSM001,86EA1C067905B9AD1AAE714019057602B454D578361EC3B15B3A6B14569D32A7,FUF001_FREE_US_EQUITY_250_V1,BC7879B3830C7327EB0A5779625A347C06826C47488F64326C7D0B2884CC741D,DRY_RUN_BLOCK,submission_boundary,BLOCKED,BLOCKED_BY_GUARDS
2026-08-25T23:25:39.162633+00:00,PAPER-2026-08-25-DRYRUN,2026-08-26,CSM001xTSM001,86EA1C067905B9AD1AAE714019057602B454D578361EC3B15B3A6B14569D32A7,FUF001_FREE_US_EQUITY_250_V1,BC7879B3830C7327EB0A5779625A347C06826C47488F64326C7D0B2884CC741D,SESSION_CREATED,controller,PASS,Dry-run session created without PAPER_T0.
2026-08-25T23:25:39.183580+00:00,PAPER-2026-08-25-DRYRUN,2026-08-26,CSM001xTSM001,86EA1C067905B9AD1AAE714019057602B454D578361EC3B15B3A6B14569D32A7,FUF001_FREE_US_EQUITY_250_V1,BC7879B3830C7327EB0A5779625A347C06826C47488F64326C7D0B2884CC741D,READINESS_CHECK,universe,PASS,Canonical FUF hash checked.
2026-08-25T23:25:39.183580+00:00,PAPER-2026-08-25-DRYRUN,2026-08-26,CSM001xTSM001,86EA1C067905B9AD1AAE714019057602B454D578361EC3B15B3A6B14569D32A7,FUF001_FREE_US_EQUITY_250_V1,BC7879B3830C7327EB0A5779625A347C06826C47488F64326C7D0B2884CC741D,READINESS_CHECK,strategy,PASS,Frozen strategy hash checked.
2026-08-25T23:27:18.941693+00:00,PAPER-2026-08-25-DRYRUN,2026-08-25,CSM001xTSM001,86EA1C067905B9AD1AAE714019057602B454D578361EC3B15B3A6B14569D32A7,FUF001_FREE_US_EQUITY_250_V1,BC7879B3830C7327EB0A5779625A347C06826C47488F64326C7D0B2884CC741D,IDENTITY_RESOLUTION,identity_resolver,PASS,registry_hash=E77980C024FC6707;resolved_count=250
2026-08-25T23:28:01.228180+00:00,PAPER-2026-08-25-DRYRUN,2026-08-25,CSM001xTSM001,86EA1C067905B9AD1AAE714019057602B454D578361EC3B15B3A6B14569D32A7,FUF001_FREE_US_EQUITY_250_V1,BC7879B3830C7327EB0A5779625A347C06826C47488F64326C7D0B2884CC741D,SCHEDULE_CHECK,calendar,PASS,session=MARKET_OPEN
2026-08-25T23:28:01.229199+00:00,PAPER-2026-08-25-DRYRUN,2026-08-25,CSM001xTSM001,86EA1C067905B9AD1AAE714019057602B454D578361EC3B15B3A6B14569D32A7,FUF001_FREE_US_EQUITY_250_V1,BC7879B3830C7327EB0A5779625A347C06826C47488F64326C7D0B2884CC741D,DATA_FRESHNESS_CHECK,alpaca_daily_bars,PASS,fresh=250;stale=0;inactive=0
2026-08-25T23:28:01.229199+00:00,PAPER-2026-08-25-DRYRUN,2026-08-25,CSM001xTSM001,86EA1C067905B9AD1AAE714019057602B454D578361EC3B15B3A6B14569D32A7,FUF001_FREE_US_EQUITY_250_V1,BC7879B3830C7327EB0A5779625A347C06826C47488F64326C7D0B2884CC741D,ELIGIBILITY_CHECK,csm,PASS,eligible_count=249
2026-08-25T23:28:02.426338+00:00,PAPER-2026-08-25-DRYRUN,2026-08-25,CSM001xTSM001,86EA1C067905B9AD1AAE714019057602B454D578361EC3B15B3A6B14569D32A7,FUF001_FREE_US_EQUITY_250_V1,BC7879B3830C7327EB0A5779625A347C06826C47488F64326C7D0B2884CC741D,RECONCILIATION_CHECK,positions,PASS,"{""AAOI"": ""MISSING_BROKER"", ""ACMR"": ""MISSING_BROKER"", ""ACRS"": ""MISSING_BROKER"", ""AEIS"": ""MISSING_BROKER"", ""AMAT"": ""MISSING_BROKER"", ""AMD"": ""MISSING_BROKER"", ""AMKR"": ""MISSING_BROKER"", ""AMRX"": ""MISSING_BROKER"", ""ANAB"": ""MISSING_BROKER"", ""ANNX"": ""MISSING_BROKER"", ""APPS"": ""MISSING_BROKER"", ""ARCB"": ""MISSING_BROKER"", ""ARWR"": ""MISSING_BROKER"", ""ASML"": ""MISSING_BROKER"", ""ATEX"": ""MISSING_BROKER"", ""ATRO"": ""MISSING_BROKER"", ""AXGN"": ""MISSING_BROKER"", ""AXSM"": ""MISSING_BROKER"", ""AXTI"": ""MISSING_BROKER"", ""BAND"": ""MISSING_BROKER"", ""BELFB"": ""MISSING_BROKER"", ""BJRI"": ""MISSING_BROKER"", ""CDNA"": ""MISSING_BROKER"", ""CENX"": ""MISSING_BROKER"", ""CERS"": ""MISSING_BROKER""}"
2026-08-25T23:28:02.427376+00:00,PAPER-2026-08-25-DRYRUN,2026-08-25,CSM001xTSM001,86EA1C067905B9AD1AAE714019057602B454D578361EC3B15B3A6B14569D32A7,FUF001_FREE_US_EQUITY_250_V1,BC7879B3830C7327EB0A5779625A347C06826C47488F64326C7D0B2884CC741D,RECONCILIATION_CHECK,orders,PASS,"{""CSM001xTSM001-2026-08-25-AAOI-BUY-001"": ""INTENT_ONLY"", ""CSM001xTSM001-2026-08-25-ACMR-BUY-002"": ""INTENT_ONLY"", ""CSM001xTSM001-2026-08-25-ACRS-BUY-003"": ""INTENT_ONLY"", ""CSM001xTSM001-2026-08-25-AEIS-BUY-004"": ""INTENT_ONLY"", ""CSM001xTSM001-2026-08-25-AMAT-BUY-005"": ""INTENT_ONLY"", ""CSM001xTSM001-2026-08-25-AMD-BUY-006"": ""INTENT_ONLY"", ""CSM001xTSM001-2026-08-25-AMKR-BUY-007"": ""INTENT_ONLY"", ""CSM001xTSM001-2026-08-25-AMRX-BUY-008"": ""INTENT_ONLY"", ""CSM001xTSM001-2026-08-25-ANAB-BUY-009"": ""INTENT_ONLY"", ""CSM001xTSM001-2026-08-25-ANNX-BUY-010"": ""INTENT_ONLY"", ""CSM001xTSM001-2026-08-25-APPS-BUY-011"": ""INTENT_ONLY"", ""CSM001xTSM001-2026-08-25-ARCB-BUY-012"": ""INTENT_ONLY"", ""CSM001xTSM001-2026-08-25-ARWR-BUY-013"": ""INTENT_ONLY"", ""CSM001xTSM001-2026-08-25-ASML-BUY-014"": ""INTENT_ONLY"", ""CSM001xTSM001-2026-08-25-ATEX-BUY-015"": ""INTENT_ONLY"", ""CSM001xTSM001-2026-08-25-ATRO-BUY-016"": ""INTENT_ONLY"", ""CSM001xTSM001-2026-08-25-AXGN-BUY-017"": ""INTENT_ONLY"", ""CSM001xTSM001-2026-08-25-AXSM-BUY-018"": ""INTENT_ONLY"", ""CSM001xTSM001-2026-08-25-AXTI-BUY-019"": ""INTENT_ONLY"", ""CSM001xTSM001-2026-08-25-BAND-BUY-020"": ""INTENT_ONLY"", ""CSM001xTSM001-2026-08-25-BELFB-BUY-021"": ""INTENT_ONLY"", ""CSM001xTSM001-2026-08-25-BJRI-BUY-022"": ""INTENT_ONLY"", ""CSM001xTSM001-2026-08-25-CDNA-BUY-023"": ""INTENT_ONLY"", ""CSM001xTSM001-2026-08-25-CENX-BUY-024"": ""INTENT_ONLY"", ""CSM001xTSM001-2026-08-25-CERS-BUY-025"": ""INTENT_ONLY""}"
2026-08-25T23:28:02.437350+00:00,PAPER-2026-08-25-DRYRUN,2026-08-25,CSM001xTSM001,86EA1C067905B9AD1AAE714019057602B454D578361EC3B15B3A6B14569D32A7,FUF001_FREE_US_EQUITY_250_V1,BC7879B3830C7327EB0A5779625A347C06826C47488F64326C7D0B2884CC741D,ORDER_INTENTS_CREATED,order_intent,PASS,count=25
2026-08-25T23:28:02.438338+00:00,PAPER-2026-08-25-DRYRUN,2026-08-25,CSM001xTSM001,86EA1C067905B9AD1AAE714019057602B454D578361EC3B15B3A6B14569D32A7,FUF001_FREE_US_EQUITY_250_V1,BC7879B3830C7327EB0A5779625A347C06826C47488F64326C7D0B2884CC741D,RISK_GUARD_CHECK,risk,PASS,
2026-08-25T23:28:02.438338+00:00,PAPER-2026-08-25-DRYRUN,2026-08-25,CSM001xTSM001,86EA1C067905B9AD1AAE714019057602B454D578361EC3B15B3A6B14569D32A7,FUF001_FREE_US_EQUITY_250_V1,BC7879B3830C7327EB0A5779625A347C06826C47488F64326C7D0B2884CC741D,RISK_GUARD_CHECK,buying_power,PASS,required=100000.00;available=400000.00
2026-08-25T23:28:02.438338+00:00,PAPER-2026-08-25-DRYRUN,2026-08-25,CSM001xTSM001,86EA1C067905B9AD1AAE714019057602B454D578361EC3B15B3A6B14569D32A7,FUF001_FREE_US_EQUITY_250_V1,BC7879B3830C7327EB0A5779625A347C06826C47488F64326C7D0B2884CC741D,INCIDENT,timing,T_PLUS_1_TIMING_VIOLATION,signal=2026-08-25;earliest=2026-08-26;execution=2026-08-25
2026-08-25T23:28:02.439341+00:00,PAPER-2026-08-25-DRYRUN,2026-08-25,CSM001xTSM001,86EA1C067905B9AD1AAE714019057602B454D578361EC3B15B3A6B14569D32A7,FUF001_FREE_US_EQUITY_250_V1,BC7879B3830C7327EB0A5779625A347C06826C47488F64326C7D0B2884CC741D,DRY_RUN_BLOCK,submission_boundary,BLOCKED,BLOCKED_BY_GUARDS
2026-08-25T23:28:03.629885+00:00,PAPER-2026-08-25-DRYRUN,2026-08-26,CSM001xTSM001,86EA1C067905B9AD1AAE714019057602B454D578361EC3B15B3A6B14569D32A7,FUF001_FREE_US_EQUITY_250_V1,BC7879B3830C7327EB0A5779625A347C06826C47488F64326C7D0B2884CC741D,SESSION_CREATED,controller,PASS,Dry-run session created without PAPER_T0.
2026-08-25T23:28:03.641882+00:00,PAPER-2026-08-25-DRYRUN,2026-08-26,CSM001xTSM001,86EA1C067905B9AD1AAE714019057602B454D578361EC3B15B3A6B14569D32A7,FUF001_FREE_US_EQUITY_250_V1,BC7879B3830C7327EB0A5779625A347C06826C47488F64326C7D0B2884CC741D,READINESS_CHECK,universe,PASS,Canonical FUF hash checked.
2026-08-25T23:28:03.642882+00:00,PAPER-2026-08-25-DRYRUN,2026-08-26,CSM001xTSM001,86EA1C067905B9AD1AAE714019057602B454D578361EC3B15B3A6B14569D32A7,FUF001_FREE_US_EQUITY_250_V1,BC7879B3830C7327EB0A5779625A347C06826C47488F64326C7D0B2884CC741D,READINESS_CHECK,strategy,PASS,Frozen strategy hash checked.
2026-08-25T23:29:43.578693+00:00,PAPER-2026-08-25-DRYRUN,2026-08-25,CSM001xTSM001,86EA1C067905B9AD1AAE714019057602B454D578361EC3B15B3A6B14569D32A7,FUF001_FREE_US_EQUITY_250_V1,BC7879B3830C7327EB0A5779625A347C06826C47488F64326C7D0B2884CC741D,IDENTITY_RESOLUTION,identity_resolver,PASS,registry_hash=E77980C024FC6707;resolved_count=250
2026-08-25T23:30:26.979212+00:00,PAPER-2026-08-25-DRYRUN,2026-08-25,CSM001xTSM001,86EA1C067905B9AD1AAE714019057602B454D578361EC3B15B3A6B14569D32A7,FUF001_FREE_US_EQUITY_250_V1,BC7879B3830C7327EB0A5779625A347C06826C47488F64326C7D0B2884CC741D,SCHEDULE_CHECK,calendar,PASS,session=MARKET_OPEN
2026-08-25T23:30:26.980213+00:00,PAPER-2026-08-25-DRYRUN,2026-08-25,CSM001xTSM001,86EA1C067905B9AD1AAE714019057602B454D578361EC3B15B3A6B14569D32A7,FUF001_FREE_US_EQUITY_250_V1,BC7879B3830C7327EB0A5779625A347C06826C47488F64326C7D0B2884CC741D,DATA_FRESHNESS_CHECK,alpaca_daily_bars,PASS,fresh=250;stale=0;inactive=0
2026-08-25T23:30:26.980213+00:00,PAPER-2026-08-25-DRYRUN,2026-08-25,CSM001xTSM001,86EA1C067905B9AD1AAE714019057602B454D578361EC3B15B3A6B14569D32A7,FUF001_FREE_US_EQUITY_250_V1,BC7879B3830C7327EB0A5779625A347C06826C47488F64326C7D0B2884CC741D,ELIGIBILITY_CHECK,csm,PASS,eligible_count=249
2026-08-25T23:30:28.180436+00:00,PAPER-2026-08-25-DRYRUN,2026-08-25,CSM001xTSM001,86EA1C067905B9AD1AAE714019057602B454D578361EC3B15B3A6B14569D32A7,FUF001_FREE_US_EQUITY_250_V1,BC7879B3830C7327EB0A5779625A347C06826C47488F64326C7D0B2884CC741D,RECONCILIATION_CHECK,positions,PASS,"{""AAOI"": ""MISSING_BROKER"", ""ACMR"": ""MISSING_BROKER"", ""ACRS"": ""MISSING_BROKER"", ""AEIS"": ""MISSING_BROKER"", ""AMAT"": ""MISSING_BROKER"", ""AMD"": ""MISSING_BROKER"", ""AMKR"": ""MISSING_BROKER"", ""AMRX"": ""MISSING_BROKER"", ""ANAB"": ""MISSING_BROKER"", ""ANNX"": ""MISSING_BROKER"", ""APPS"": ""MISSING_BROKER"", ""ARCB"": ""MISSING_BROKER"", ""ARWR"": ""MISSING_BROKER"", ""ASML"": ""MISSING_BROKER"", ""ATEX"": ""MISSING_BROKER"", ""ATRO"": ""MISSING_BROKER"", ""AXGN"": ""MISSING_BROKER"", ""AXSM"": ""MISSING_BROKER"", ""AXTI"": ""MISSING_BROKER"", ""BAND"": ""MISSING_BROKER"", ""BELFB"": ""MISSING_BROKER"", ""BJRI"": ""MISSING_BROKER"", ""CDNA"": ""MISSING_BROKER"", ""CENX"": ""MISSING_BROKER"", ""CERS"": ""MISSING_BROKER""}"
2026-08-25T23:30:28.181445+00:00,PAPER-2026-08-25-DRYRUN,2026-08-25,CSM001xTSM001,86EA1C067905B9AD1AAE714019057602B454D578361EC3B15B3A6B14569D32A7,FUF001_FREE_US_EQUITY_250_V1,BC7879B3830C7327EB0A5779625A347C06826C47488F64326C7D0B2884CC741D,RECONCILIATION_CHECK,orders,PASS,"{""CSM001xTSM001-2026-08-25-AAOI-BUY-001"": ""INTENT_ONLY"", ""CSM001xTSM001-2026-08-25-ACMR-BUY-002"": ""INTENT_ONLY"", ""CSM001xTSM001-2026-08-25-ACRS-BUY-003"": ""INTENT_ONLY"", ""CSM001xTSM001-2026-08-25-AEIS-BUY-004"": ""INTENT_ONLY"", ""CSM001xTSM001-2026-08-25-AMAT-BUY-005"": ""INTENT_ONLY"", ""CSM001xTSM001-2026-08-25-AMD-BUY-006"": ""INTENT_ONLY"", ""CSM001xTSM001-2026-08-25-AMKR-BUY-007"": ""INTENT_ONLY"", ""CSM001xTSM001-2026-08-25-AMRX-BUY-008"": ""INTENT_ONLY"", ""CSM001xTSM001-2026-08-25-ANAB-BUY-009"": ""INTENT_ONLY"", ""CSM001xTSM001-2026-08-25-ANNX-BUY-010"": ""INTENT_ONLY"", ""CSM001xTSM001-2026-08-25-APPS-BUY-011"": ""INTENT_ONLY"", ""CSM001xTSM001-2026-08-25-ARCB-BUY-012"": ""INTENT_ONLY"", ""CSM001xTSM001-2026-08-25-ARWR-BUY-013"": ""INTENT_ONLY"", ""CSM001xTSM001-2026-08-25-ASML-BUY-014"": ""INTENT_ONLY"", ""CSM001xTSM001-2026-08-25-ATEX-BUY-015"": ""INTENT_ONLY"", ""CSM001xTSM001-2026-08-25-ATRO-BUY-016"": ""INTENT_ONLY"", ""CSM001xTSM001-2026-08-25-AXGN-BUY-017"": ""INTENT_ONLY"", ""CSM001xTSM001-2026-08-25-AXSM-BUY-018"": ""INTENT_ONLY"", ""CSM001xTSM001-2026-08-25-AXTI-BUY-019"": ""INTENT_ONLY"", ""CSM001xTSM001-2026-08-25-BAND-BUY-020"": ""INTENT_ONLY"", ""CSM001xTSM001-2026-08-25-BELFB-BUY-021"": ""INTENT_ONLY"", ""CSM001xTSM001-2026-08-25-BJRI-BUY-022"": ""INTENT_ONLY"", ""CSM001xTSM001-2026-08-25-CDNA-BUY-023"": ""INTENT_ONLY"", ""CSM001xTSM001-2026-08-25-CENX-BUY-024"": ""INTENT_ONLY"", ""CSM001xTSM001-2026-08-25-CERS-BUY-025"": ""INTENT_ONLY""}"
2026-08-25T23:30:28.192444+00:00,PAPER-2026-08-25-DRYRUN,2026-08-25,CSM001xTSM001,86EA1C067905B9AD1AAE714019057602B454D578361EC3B15B3A6B14569D32A7,FUF001_FREE_US_EQUITY_250_V1,BC7879B3830C7327EB0A5779625A347C06826C47488F64326C7D0B2884CC741D,ORDER_INTENTS_CREATED,order_intent,PASS,count=25
2026-08-25T23:30:28.192444+00:00,PAPER-2026-08-25-DRYRUN,2026-08-25,CSM001xTSM001,86EA1C067905B9AD1AAE714019057602B454D578361EC3B15B3A6B14569D32A7,FUF001_FREE_US_EQUITY_250_V1,BC7879B3830C7327EB0A5779625A347C06826C47488F64326C7D0B2884CC741D,RISK_GUARD_CHECK,risk,PASS,
2026-08-25T23:30:28.192444+00:00,PAPER-2026-08-25-DRYRUN,2026-08-25,CSM001xTSM001,86EA1C067905B9AD1AAE714019057602B454D578361EC3B15B3A6B14569D32A7,FUF001_FREE_US_EQUITY_250_V1,BC7879B3830C7327EB0A5779625A347C06826C47488F64326C7D0B2884CC741D,RISK_GUARD_CHECK,buying_power,PASS,required=100000.00;available=400000.00
2026-08-25T23:30:28.193444+00:00,PAPER-2026-08-25-DRYRUN,2026-08-25,CSM001xTSM001,86EA1C067905B9AD1AAE714019057602B454D578361EC3B15B3A6B14569D32A7,FUF001_FREE_US_EQUITY_250_V1,BC7879B3830C7327EB0A5779625A347C06826C47488F64326C7D0B2884CC741D,INCIDENT,timing,T_PLUS_1_TIMING_VIOLATION,signal=2026-08-25;earliest=2026-08-26;execution=2026-08-25
2026-08-25T23:30:28.193444+00:00,PAPER-2026-08-25-DRYRUN,2026-08-25,CSM001xTSM001,86EA1C067905B9AD1AAE714019057602B454D578361EC3B15B3A6B14569D32A7,FUF001_FREE_US_EQUITY_250_V1,BC7879B3830C7327EB0A5779625A347C06826C47488F64326C7D0B2884CC741D,DRY_RUN_BLOCK,submission_boundary,BLOCKED,BLOCKED_BY_GUARDS
2026-08-25T23:30:29.367086+00:00,PAPER-2026-08-25-DRYRUN,2026-08-26,CSM001xTSM001,86EA1C067905B9AD1AAE714019057602B454D578361EC3B15B3A6B14569D32A7,FUF001_FREE_US_EQUITY_250_V1,BC7879B3830C7327EB0A5779625A347C06826C47488F64326C7D0B2884CC741D,SESSION_CREATED,controller,PASS,Dry-run session created without PAPER_T0.
2026-08-25T23:30:29.378120+00:00,PAPER-2026-08-25-DRYRUN,2026-08-26,CSM001xTSM001,86EA1C067905B9AD1AAE714019057602B454D578361EC3B15B3A6B14569D32A7,FUF001_FREE_US_EQUITY_250_V1,BC7879B3830C7327EB0A5779625A347C06826C47488F64326C7D0B2884CC741D,READINESS_CHECK,universe,PASS,Canonical FUF hash checked.
2026-08-25T23:30:29.378120+00:00,PAPER-2026-08-25-DRYRUN,2026-08-26,CSM001xTSM001,86EA1C067905B9AD1AAE714019057602B454D578361EC3B15B3A6B14569D32A7,FUF001_FREE_US_EQUITY_250_V1,BC7879B3830C7327EB0A5779625A347C06826C47488F64326C7D0B2884CC741D,READINESS_CHECK,strategy,PASS,Frozen strategy hash checked.
2026-08-25T23:32:09.373229+00:00,PAPER-2026-08-25-DRYRUN,2026-08-25,CSM001xTSM001,86EA1C067905B9AD1AAE714019057602B454D578361EC3B15B3A6B14569D32A7,FUF001_FREE_US_EQUITY_250_V1,BC7879B3830C7327EB0A5779625A347C06826C47488F64326C7D0B2884CC741D,IDENTITY_RESOLUTION,identity_resolver,PASS,registry_hash=E77980C024FC6707;resolved_count=250
2026-08-25T23:32:51.564679+00:00,PAPER-2026-08-25-DRYRUN,2026-08-25,CSM001xTSM001,86EA1C067905B9AD1AAE714019057602B454D578361EC3B15B3A6B14569D32A7,FUF001_FREE_US_EQUITY_250_V1,BC7879B3830C7327EB0A5779625A347C06826C47488F64326C7D0B2884CC741D,SCHEDULE_CHECK,calendar,PASS,session=MARKET_OPEN
2026-08-25T23:32:51.564679+00:00,PAPER-2026-08-25-DRYRUN,2026-08-25,CSM001xTSM001,86EA1C067905B9AD1AAE714019057602B454D578361EC3B15B3A6B14569D32A7,FUF001_FREE_US_EQUITY_250_V1,BC7879B3830C7327EB0A5779625A347C06826C47488F64326C7D0B2884CC741D,DATA_FRESHNESS_CHECK,alpaca_daily_bars,PASS,fresh=250;stale=0;inactive=0
2026-08-25T23:32:51.565647+00:00,PAPER-2026-08-25-DRYRUN,2026-08-25,CSM001xTSM001,86EA1C067905B9AD1AAE714019057602B454D578361EC3B15B3A6B14569D32A7,FUF001_FREE_US_EQUITY_250_V1,BC7879B3830C7327EB0A5779625A347C06826C47488F64326C7D0B2884CC741D,ELIGIBILITY_CHECK,csm,PASS,eligible_count=249
2026-08-25T23:32:52.763312+00:00,PAPER-2026-08-25-DRYRUN,2026-08-25,CSM001xTSM001,86EA1C067905B9AD1AAE714019057602B454D578361EC3B15B3A6B14569D32A7,FUF001_FREE_US_EQUITY_250_V1,BC7879B3830C7327EB0A5779625A347C06826C47488F64326C7D0B2884CC741D,RECONCILIATION_CHECK,positions,PASS,"{""AAOI"": ""MISSING_BROKER"", ""ACMR"": ""MISSING_BROKER"", ""ACRS"": ""MISSING_BROKER"", ""AEIS"": ""MISSING_BROKER"", ""AMAT"": ""MISSING_BROKER"", ""AMD"": ""MISSING_BROKER"", ""AMKR"": ""MISSING_BROKER"", ""AMRX"": ""MISSING_BROKER"", ""ANAB"": ""MISSING_BROKER"", ""ANNX"": ""MISSING_BROKER"", ""APPS"": ""MISSING_BROKER"", ""ARCB"": ""MISSING_BROKER"", ""ARWR"": ""MISSING_BROKER"", ""ASML"": ""MISSING_BROKER"", ""ATEX"": ""MISSING_BROKER"", ""ATRO"": ""MISSING_BROKER"", ""AXGN"": ""MISSING_BROKER"", ""AXSM"": ""MISSING_BROKER"", ""AXTI"": ""MISSING_BROKER"", ""BAND"": ""MISSING_BROKER"", ""BELFB"": ""MISSING_BROKER"", ""BJRI"": ""MISSING_BROKER"", ""CDNA"": ""MISSING_BROKER"", ""CENX"": ""MISSING_BROKER"", ""CERS"": ""MISSING_BROKER""}"
2026-08-25T23:32:52.764379+00:00,PAPER-2026-08-25-DRYRUN,2026-08-25,CSM001xTSM001,86EA1C067905B9AD1AAE714019057602B454D578361EC3B15B3A6B14569D32A7,FUF001_FREE_US_EQUITY_250_V1,BC7879B3830C7327EB0A5779625A347C06826C47488F64326C7D0B2884CC741D,RECONCILIATION_CHECK,orders,PASS,"{""CSM001xTSM001-2026-08-25-AAOI-BUY-001"": ""INTENT_ONLY"", ""CSM001xTSM001-2026-08-25-ACMR-BUY-002"": ""INTENT_ONLY"", ""CSM001xTSM001-2026-08-25-ACRS-BUY-003"": ""INTENT_ONLY"", ""CSM001xTSM001-2026-08-25-AEIS-BUY-004"": ""INTENT_ONLY"", ""CSM001xTSM001-2026-08-25-AMAT-BUY-005"": ""INTENT_ONLY"", ""CSM001xTSM001-2026-08-25-AMD-BUY-006"": ""INTENT_ONLY"", ""CSM001xTSM001-2026-08-25-AMKR-BUY-007"": ""INTENT_ONLY"", ""CSM001xTSM001-2026-08-25-AMRX-BUY-008"": ""INTENT_ONLY"", ""CSM001xTSM001-2026-08-25-ANAB-BUY-009"": ""INTENT_ONLY"", ""CSM001xTSM001-2026-08-25-ANNX-BUY-010"": ""INTENT_ONLY"", ""CSM001xTSM001-2026-08-25-APPS-BUY-011"": ""INTENT_ONLY"", ""CSM001xTSM001-2026-08-25-ARCB-BUY-012"": ""INTENT_ONLY"", ""CSM001xTSM001-2026-08-25-ARWR-BUY-013"": ""INTENT_ONLY"", ""CSM001xTSM001-2026-08-25-ASML-BUY-014"": ""INTENT_ONLY"", ""CSM001xTSM001-2026-08-25-ATEX-BUY-015"": ""INTENT_ONLY"", ""CSM001xTSM001-2026-08-25-ATRO-BUY-016"": ""INTENT_ONLY"", ""CSM001xTSM001-2026-08-25-AXGN-BUY-017"": ""INTENT_ONLY"", ""CSM001xTSM001-2026-08-25-AXSM-BUY-018"": ""INTENT_ONLY"", ""CSM001xTSM001-2026-08-25-AXTI-BUY-019"": ""INTENT_ONLY"", ""CSM001xTSM001-2026-08-25-BAND-BUY-020"": ""INTENT_ONLY"", ""CSM001xTSM001-2026-08-25-BELFB-BUY-021"": ""INTENT_ONLY"", ""CSM001xTSM001-2026-08-25-BJRI-BUY-022"": ""INTENT_ONLY"", ""CSM001xTSM001-2026-08-25-CDNA-BUY-023"": ""INTENT_ONLY"", ""CSM001xTSM001-2026-08-25-CENX-BUY-024"": ""INTENT_ONLY"", ""CSM001xTSM001-2026-08-25-CERS-BUY-025"": ""INTENT_ONLY""}"
2026-08-25T23:32:52.774527+00:00,PAPER-2026-08-25-DRYRUN,2026-08-25,CSM001xTSM001,86EA1C067905B9AD1AAE714019057602B454D578361EC3B15B3A6B14569D32A7,FUF001_FREE_US_EQUITY_250_V1,BC7879B3830C7327EB0A5779625A347C06826C47488F64326C7D0B2884CC741D,ORDER_INTENTS_CREATED,order_intent,PASS,count=25
2026-08-25T23:32:52.774527+00:00,PAPER-2026-08-25-DRYRUN,2026-08-25,CSM001xTSM001,86EA1C067905B9AD1AAE714019057602B454D578361EC3B15B3A6B14569D32A7,FUF001_FREE_US_EQUITY_250_V1,BC7879B3830C7327EB0A5779625A347C06826C47488F64326C7D0B2884CC741D,RISK_GUARD_CHECK,risk,PASS,
2026-08-25T23:32:52.775527+00:00,PAPER-2026-08-25-DRYRUN,2026-08-25,CSM001xTSM001,86EA1C067905B9AD1AAE714019057602B454D578361EC3B15B3A6B14569D32A7,FUF001_FREE_US_EQUITY_250_V1,BC7879B3830C7327EB0A5779625A347C06826C47488F64326C7D0B2884CC741D,RISK_GUARD_CHECK,buying_power,PASS,required=100000.00;available=400000.00
2026-08-25T23:32:52.776528+00:00,PAPER-2026-08-25-DRYRUN,2026-08-25,CSM001xTSM001,86EA1C067905B9AD1AAE714019057602B454D578361EC3B15B3A6B14569D32A7,FUF001_FREE_US_EQUITY_250_V1,BC7879B3830C7327EB0A5779625A347C06826C47488F64326C7D0B2884CC741D,INCIDENT,timing,T_PLUS_1_TIMING_VIOLATION,signal=2026-08-25;earliest=2026-08-26;execution=2026-08-25
2026-08-25T23:32:52.776528+00:00,PAPER-2026-08-25-DRYRUN,2026-08-25,CSM001xTSM001,86EA1C067905B9AD1AAE714019057602B454D578361EC3B15B3A6B14569D32A7,FUF001_FREE_US_EQUITY_250_V1,BC7879B3830C7327EB0A5779625A347C06826C47488F64326C7D0B2884CC741D,DRY_RUN_BLOCK,submission_boundary,BLOCKED,BLOCKED_BY_GUARDS
2026-08-26T20:30:05.683821+00:00,PAPER-2026-08-26-DRYRUN,2026-08-26,CSM001xTSM001,86EA1C067905B9AD1AAE714019057602B454D578361EC3B15B3A6B14569D32A7,FUF001_FREE_US_EQUITY_250_V1,BC7879B3830C7327EB0A5779625A347C06826C47488F64326C7D0B2884CC741D,SESSION_CREATED,controller,PASS,Dry-run session created without PAPER_T0.
2026-08-26T20:30:05.731632+00:00,PAPER-2026-08-26-DRYRUN,2026-08-26,CSM001xTSM001,86EA1C067905B9AD1AAE714019057602B454D578361EC3B15B3A6B14569D32A7,FUF001_FREE_US_EQUITY_250_V1,BC7879B3830C7327EB0A5779625A347C06826C47488F64326C7D0B2884CC741D,READINESS_CHECK,universe,PASS,Canonical FUF hash checked.
2026-08-26T20:30:05.731632+00:00,PAPER-2026-08-26-DRYRUN,2026-08-26,CSM001xTSM001,86EA1C067905B9AD1AAE714019057602B454D578361EC3B15B3A6B14569D32A7,FUF001_FREE_US_EQUITY_250_V1,BC7879B3830C7327EB0A5779625A347C06826C47488F64326C7D0B2884CC741D,READINESS_CHECK,strategy,PASS,Frozen strategy hash checked.
2026-08-26T20:31:44.661034+00:00,PAPER-2026-08-26-DRYRUN,2026-08-26,CSM001xTSM001,86EA1C067905B9AD1AAE714019057602B454D578361EC3B15B3A6B14569D32A7,FUF001_FREE_US_EQUITY_250_V1,BC7879B3830C7327EB0A5779625A347C06826C47488F64326C7D0B2884CC741D,IDENTITY_RESOLUTION,identity_resolver,PASS,registry_hash=E77980C024FC6707;resolved_count=250
2026-08-26T20:32:35.212037+00:00,PAPER-2026-08-26-DRYRUN,2026-08-26,CSM001xTSM001,86EA1C067905B9AD1AAE714019057602B454D578361EC3B15B3A6B14569D32A7,FUF001_FREE_US_EQUITY_250_V1,BC7879B3830C7327EB0A5779625A347C06826C47488F64326C7D0B2884CC741D,SCHEDULE_CHECK,calendar,PASS,session=POST_CLOSE
2026-08-26T20:32:35.212037+00:00,PAPER-2026-08-26-DRYRUN,2026-08-26,CSM001xTSM001,86EA1C067905B9AD1AAE714019057602B454D578361EC3B15B3A6B14569D32A7,FUF001_FREE_US_EQUITY_250_V1,BC7879B3830C7327EB0A5779625A347C06826C47488F64326C7D0B2884CC741D,DATA_FRESHNESS_CHECK,alpaca_daily_bars,PASS,fresh=250;stale=0;inactive=0
2026-08-26T20:32:35.212037+00:00,PAPER-2026-08-26-DRYRUN,2026-08-26,CSM001xTSM001,86EA1C067905B9AD1AAE714019057602B454D578361EC3B15B3A6B14569D32A7,FUF001_FREE_US_EQUITY_250_V1,BC7879B3830C7327EB0A5779625A347C06826C47488F64326C7D0B2884CC741D,ELIGIBILITY_CHECK,csm,PASS,eligible_count=249
2026-08-26T20:32:36.465499+00:00,PAPER-2026-08-26-DRYRUN,2026-08-26,CSM001xTSM001,86EA1C067905B9AD1AAE714019057602B454D578361EC3B15B3A6B14569D32A7,FUF001_FREE_US_EQUITY_250_V1,BC7879B3830C7327EB0A5779625A347C06826C47488F64326C7D0B2884CC741D,RECONCILIATION_CHECK,positions,PASS,"{""AAOI"": ""MISSING_BROKER"", ""ACMR"": ""MISSING_BROKER"", ""ACRS"": ""MISSING_BROKER"", ""AIR"": ""MISSING_BROKER"", ""AMAT"": ""MISSING_BROKER"", ""AMD"": ""MISSING_BROKER"", ""AMKR"": ""MISSING_BROKER"", ""AMRX"": ""MISSING_BROKER"", ""ANAB"": ""MISSING_BROKER"", ""ANNX"": ""MISSING_BROKER"", ""APPS"": ""MISSING_BROKER"", ""ARCB"": ""MISSING_BROKER"", ""ARWR"": ""MISSING_BROKER"", ""ASML"": ""MISSING_BROKER"", ""ATEX"": ""MISSING_BROKER"", ""ATRO"": ""MISSING_BROKER"", ""AXGN"": ""MISSING_BROKER"", ""AXSM"": ""MISSING_BROKER"", ""AXTI"": ""MISSING_BROKER"", ""BAND"": ""MISSING_BROKER"", ""BJRI"": ""MISSING_BROKER"", ""CALY"": ""MISSING_BROKER"", ""CDNA"": ""MISSING_BROKER"", ""CENX"": ""MISSING_BROKER"", ""CERS"": ""MISSING_BROKER""}"
2026-08-26T20:32:36.465499+00:00,PAPER-2026-08-26-DRYRUN,2026-08-26,CSM001xTSM001,86EA1C067905B9AD1AAE714019057602B454D578361EC3B15B3A6B14569D32A7,FUF001_FREE_US_EQUITY_250_V1,BC7879B3830C7327EB0A5779625A347C06826C47488F64326C7D0B2884CC741D,RECONCILIATION_CHECK,orders,PASS,"{""CSM001xTSM001-2026-08-26-AAOI-BUY-001"": ""INTENT_ONLY"", ""CSM001xTSM001-2026-08-26-ACMR-BUY-002"": ""INTENT_ONLY"", ""CSM001xTSM001-2026-08-26-ACRS-BUY-003"": ""INTENT_ONLY"", ""CSM001xTSM001-2026-08-26-AIR-BUY-004"": ""INTENT_ONLY"", ""CSM001xTSM001-2026-08-26-AMAT-BUY-005"": ""INTENT_ONLY"", ""CSM001xTSM001-2026-08-26-AMD-BUY-006"": ""INTENT_ONLY"", ""CSM001xTSM001-2026-08-26-AMKR-BUY-007"": ""INTENT_ONLY"", ""CSM001xTSM001-2026-08-26-AMRX-BUY-008"": ""INTENT_ONLY"", ""CSM001xTSM001-2026-08-26-ANAB-BUY-009"": ""INTENT_ONLY"", ""CSM001xTSM001-2026-08-26-ANNX-BUY-010"": ""INTENT_ONLY"", ""CSM001xTSM001-2026-08-26-APPS-BUY-011"": ""INTENT_ONLY"", ""CSM001xTSM001-2026-08-26-ARCB-BUY-012"": ""INTENT_ONLY"", ""CSM001xTSM001-2026-08-26-ARWR-BUY-013"": ""INTENT_ONLY"", ""CSM001xTSM001-2026-08-26-ASML-BUY-014"": ""INTENT_ONLY"", ""CSM001xTSM001-2026-08-26-ATEX-BUY-015"": ""INTENT_ONLY"", ""CSM001xTSM001-2026-08-26-ATRO-BUY-016"": ""INTENT_ONLY"", ""CSM001xTSM001-2026-08-26-AXGN-BUY-017"": ""INTENT_ONLY"", ""CSM001xTSM001-2026-08-26-AXSM-BUY-018"": ""INTENT_ONLY"", ""CSM001xTSM001-2026-08-26-AXTI-BUY-019"": ""INTENT_ONLY"", ""CSM001xTSM001-2026-08-26-BAND-BUY-020"": ""INTENT_ONLY"", ""CSM001xTSM001-2026-08-26-BJRI-BUY-021"": ""INTENT_ONLY"", ""CSM001xTSM001-2026-08-26-CALY-BUY-022"": ""INTENT_ONLY"", ""CSM001xTSM001-2026-08-26-CDNA-BUY-023"": ""INTENT_ONLY"", ""CSM001xTSM001-2026-08-26-CENX-BUY-024"": ""INTENT_ONLY"", ""CSM001xTSM001-2026-08-26-CERS-BUY-025"": ""INTENT_ONLY""}"
2026-08-26T20:32:37.597327+00:00,PAPER-2026-08-26-DRYRUN,2026-08-26,CSM001xTSM001,86EA1C067905B9AD1AAE714019057602B454D578361EC3B15B3A6B14569D32A7,FUF001_FREE_US_EQUITY_250_V1,BC7879B3830C7327EB0A5779625A347C06826C47488F64326C7D0B2884CC741D,ORDER_INTENTS_CREATED,order_intent,PASS,count=25
2026-08-26T20:32:37.597327+00:00,PAPER-2026-08-26-DRYRUN,2026-08-26,CSM001xTSM001,86EA1C067905B9AD1AAE714019057602B454D578361EC3B15B3A6B14569D32A7,FUF001_FREE_US_EQUITY_250_V1,BC7879B3830C7327EB0A5779625A347C06826C47488F64326C7D0B2884CC741D,RISK_GUARD_CHECK,risk,PASS,
2026-08-26T20:32:37.597327+00:00,PAPER-2026-08-26-DRYRUN,2026-08-26,CSM001xTSM001,86EA1C067905B9AD1AAE714019057602B454D578361EC3B15B3A6B14569D32A7,FUF001_FREE_US_EQUITY_250_V1,BC7879B3830C7327EB0A5779625A347C06826C47488F64326C7D0B2884CC741D,RISK_GUARD_CHECK,buying_power,PASS,required=100000.00;available=400000.00
2026-08-26T20:32:39.118518+00:00,PAPER-2026-08-26-DRYRUN,2026-08-26,CSM001xTSM001,86EA1C067905B9AD1AAE714019057602B454D578361EC3B15B3A6B14569D32A7,FUF001_FREE_US_EQUITY_250_V1,BC7879B3830C7327EB0A5779625A347C06826C47488F64326C7D0B2884CC741D,INCIDENT,timing,SCHEDULER_FAILURE,session=POST_CLOSE
2026-08-26T20:32:39.118518+00:00,PAPER-2026-08-26-DRYRUN,2026-08-26,CSM001xTSM001,86EA1C067905B9AD1AAE714019057602B454D578361EC3B15B3A6B14569D32A7,FUF001_FREE_US_EQUITY_250_V1,BC7879B3830C7327EB0A5779625A347C06826C47488F64326C7D0B2884CC741D,DRY_RUN_BLOCK,submission_boundary,BLOCKED,WAITING_FOR_SCHEDULED_MONTHLY_REBALANCE
2026-08-27T20:30:06.949268+00:00,PAPER-2026-08-27-DRYRUN,2026-08-27,CSM001xTSM001,86EA1C067905B9AD1AAE714019057602B454D578361EC3B15B3A6B14569D32A7,FUF001_FREE_US_EQUITY_250_V1,BC7879B3830C7327EB0A5779625A347C06826C47488F64326C7D0B2884CC741D,SESSION_CREATED,controller,PASS,Dry-run session created without PAPER_T0.
2026-08-27T20:30:07.000298+00:00,PAPER-2026-08-27-DRYRUN,2026-08-27,CSM001xTSM001,86EA1C067905B9AD1AAE714019057602B454D578361EC3B15B3A6B14569D32A7,FUF001_FREE_US_EQUITY_250_V1,BC7879B3830C7327EB0A5779625A347C06826C47488F64326C7D0B2884CC741D,READINESS_CHECK,universe,PASS,Canonical FUF hash checked.
2026-08-27T20:30:07.000298+00:00,PAPER-2026-08-27-DRYRUN,2026-08-27,CSM001xTSM001,86EA1C067905B9AD1AAE714019057602B454D578361EC3B15B3A6B14569D32A7,FUF001_FREE_US_EQUITY_250_V1,BC7879B3830C7327EB0A5779625A347C06826C47488F64326C7D0B2884CC741D,READINESS_CHECK,strategy,PASS,Frozen strategy hash checked.
2026-08-27T20:31:49.214709+00:00,PAPER-2026-08-27-DRYRUN,2026-08-27,CSM001xTSM001,86EA1C067905B9AD1AAE714019057602B454D578361EC3B15B3A6B14569D32A7,FUF001_FREE_US_EQUITY_250_V1,BC7879B3830C7327EB0A5779625A347C06826C47488F64326C7D0B2884CC741D,IDENTITY_RESOLUTION,identity_resolver,PASS,registry_hash=E77980C024FC6707;resolved_count=250
2026-08-27T20:32:33.160649+00:00,PAPER-2026-08-27-DRYRUN,2026-08-27,CSM001xTSM001,86EA1C067905B9AD1AAE714019057602B454D578361EC3B15B3A6B14569D32A7,FUF001_FREE_US_EQUITY_250_V1,BC7879B3830C7327EB0A5779625A347C06826C47488F64326C7D0B2884CC741D,SCHEDULE_CHECK,calendar,PASS,session=POST_CLOSE
2026-08-27T20:32:33.161648+00:00,PAPER-2026-08-27-DRYRUN,2026-08-27,CSM001xTSM001,86EA1C067905B9AD1AAE714019057602B454D578361EC3B15B3A6B14569D32A7,FUF001_FREE_US_EQUITY_250_V1,BC7879B3830C7327EB0A5779625A347C06826C47488F64326C7D0B2884CC741D,DATA_FRESHNESS_CHECK,alpaca_daily_bars,PASS,fresh=250;stale=0;inactive=0
2026-08-27T20:32:33.161648+00:00,PAPER-2026-08-27-DRYRUN,2026-08-27,CSM001xTSM001,86EA1C067905B9AD1AAE714019057602B454D578361EC3B15B3A6B14569D32A7,FUF001_FREE_US_EQUITY_250_V1,BC7879B3830C7327EB0A5779625A347C06826C47488F64326C7D0B2884CC741D,ELIGIBILITY_CHECK,csm,PASS,eligible_count=249
2026-08-27T20:32:34.340648+00:00,PAPER-2026-08-27-DRYRUN,2026-08-27,CSM001xTSM001,86EA1C067905B9AD1AAE714019057602B454D578361EC3B15B3A6B14569D32A7,FUF001_FREE_US_EQUITY_250_V1,BC7879B3830C7327EB0A5779625A347C06826C47488F64326C7D0B2884CC741D,RECONCILIATION_CHECK,positions,PASS,"{""AAOI"": ""MISSING_BROKER"", ""ACMR"": ""MISSING_BROKER"", ""ACRS"": ""MISSING_BROKER"", ""AMAT"": ""MISSING_BROKER"", ""AMD"": ""MISSING_BROKER"", ""AMKR"": ""MISSING_BROKER"", ""AMRX"": ""MISSING_BROKER"", ""ANAB"": ""MISSING_BROKER"", ""ANNX"": ""MISSING_BROKER"", ""APPS"": ""MISSING_BROKER"", ""ARCB"": ""MISSING_BROKER"", ""ARWR"": ""MISSING_BROKER"", ""ASML"": ""MISSING_BROKER"", ""ATEX"": ""MISSING_BROKER"", ""ATRO"": ""MISSING_BROKER"", ""AXGN"": ""MISSING_BROKER"", ""AXSM"": ""MISSING_BROKER"", ""AXTI"": ""MISSING_BROKER"", ""BAND"": ""MISSING_BROKER"", ""BJRI"": ""MISSING_BROKER"", ""BRKR"": ""MISSING_BROKER"", ""CALY"": ""MISSING_BROKER"", ""CDNA"": ""MISSING_BROKER"", ""CENX"": ""MISSING_BROKER"", ""CERS"": ""MISSING_BROKER""}"
2026-08-27T20:32:34.342646+00:00,PAPER-2026-08-27-DRYRUN,2026-08-27,CSM001xTSM001,86EA1C067905B9AD1AAE714019057602B454D578361EC3B15B3A6B14569D32A7,FUF001_FREE_US_EQUITY_250_V1,BC7879B3830C7327EB0A5779625A347C06826C47488F64326C7D0B2884CC741D,RECONCILIATION_CHECK,orders,PASS,"{""CSM001xTSM001-2026-08-27-AAOI-BUY-001"": ""INTENT_ONLY"", ""CSM001xTSM001-2026-08-27-ACMR-BUY-002"": ""INTENT_ONLY"", ""CSM001xTSM001-2026-08-27-ACRS-BUY-003"": ""INTENT_ONLY"", ""CSM001xTSM001-2026-08-27-AMAT-BUY-004"": ""INTENT_ONLY"", ""CSM001xTSM001-2026-08-27-AMD-BUY-005"": ""INTENT_ONLY"", ""CSM001xTSM001-2026-08-27-AMKR-BUY-006"": ""INTENT_ONLY"", ""CSM001xTSM001-2026-08-27-AMRX-BUY-007"": ""INTENT_ONLY"", ""CSM001xTSM001-2026-08-27-ANAB-BUY-008"": ""INTENT_ONLY"", ""CSM001xTSM001-2026-08-27-ANNX-BUY-009"": ""INTENT_ONLY"", ""CSM001xTSM001-2026-08-27-APPS-BUY-010"": ""INTENT_ONLY"", ""CSM001xTSM001-2026-08-27-ARCB-BUY-011"": ""INTENT_ONLY"", ""CSM001xTSM001-2026-08-27-ARWR-BUY-012"": ""INTENT_ONLY"", ""CSM001xTSM001-2026-08-27-ASML-BUY-013"": ""INTENT_ONLY"", ""CSM001xTSM001-2026-08-27-ATEX-BUY-014"": ""INTENT_ONLY"", ""CSM001xTSM001-2026-08-27-ATRO-BUY-015"": ""INTENT_ONLY"", ""CSM001xTSM001-2026-08-27-AXGN-BUY-016"": ""INTENT_ONLY"", ""CSM001xTSM001-2026-08-27-AXSM-BUY-017"": ""INTENT_ONLY"", ""CSM001xTSM001-2026-08-27-AXTI-BUY-018"": ""INTENT_ONLY"", ""CSM001xTSM001-2026-08-27-BAND-BUY-019"": ""INTENT_ONLY"", ""CSM001xTSM001-2026-08-27-BJRI-BUY-020"": ""INTENT_ONLY"", ""CSM001xTSM001-2026-08-27-BRKR-BUY-021"": ""INTENT_ONLY"", ""CSM001xTSM001-2026-08-27-CALY-BUY-022"": ""INTENT_ONLY"", ""CSM001xTSM001-2026-08-27-CDNA-BUY-023"": ""INTENT_ONLY"", ""CSM001xTSM001-2026-08-27-CENX-BUY-024"": ""INTENT_ONLY"", ""CSM001xTSM001-2026-08-27-CERS-BUY-025"": ""INTENT_ONLY""}"
2026-08-27T20:32:34.354298+00:00,PAPER-2026-08-27-DRYRUN,2026-08-27,CSM001xTSM001,86EA1C067905B9AD1AAE714019057602B454D578361EC3B15B3A6B14569D32A7,FUF001_FREE_US_EQUITY_250_V1,BC7879B3830C7327EB0A5779625A347C06826C47488F64326C7D0B2884CC741D,ORDER_INTENTS_CREATED,order_intent,PASS,count=25
2026-08-27T20:32:34.354298+00:00,PAPER-2026-08-27-DRYRUN,2026-08-27,CSM001xTSM001,86EA1C067905B9AD1AAE714019057602B454D578361EC3B15B3A6B14569D32A7,FUF001_FREE_US_EQUITY_250_V1,BC7879B3830C7327EB0A5779625A347C06826C47488F64326C7D0B2884CC741D,RISK_GUARD_CHECK,risk,PASS,
2026-08-27T20:32:34.354298+00:00,PAPER-2026-08-27-DRYRUN,2026-08-27,CSM001xTSM001,86EA1C067905B9AD1AAE714019057602B454D578361EC3B15B3A6B14569D32A7,FUF001_FREE_US_EQUITY_250_V1,BC7879B3830C7327EB0A5779625A347C06826C47488F64326C7D0B2884CC741D,RISK_GUARD_CHECK,buying_power,PASS,required=100000.00;available=400000.00
2026-08-27T20:32:34.355939+00:00,PAPER-2026-08-27-DRYRUN,2026-08-27,CSM001xTSM001,86EA1C067905B9AD1AAE714019057602B454D578361EC3B15B3A6B14569D32A7,FUF001_FREE_US_EQUITY_250_V1,BC7879B3830C7327EB0A5779625A347C06826C47488F64326C7D0B2884CC741D,INCIDENT,timing,SCHEDULER_FAILURE,session=POST_CLOSE
2026-08-27T20:32:34.355939+00:00,PAPER-2026-08-27-DRYRUN,2026-08-27,CSM001xTSM001,86EA1C067905B9AD1AAE714019057602B454D578361EC3B15B3A6B14569D32A7,FUF001_FREE_US_EQUITY_250_V1,BC7879B3830C7327EB0A5779625A347C06826C47488F64326C7D0B2884CC741D,DRY_RUN_BLOCK,submission_boundary,BLOCKED,WAITING_FOR_SCHEDULED_MONTHLY_REBALANCE
2026-08-28T20:30:06.866001+00:00,PAPER-2026-08-28-DRYRUN,2026-08-28,CSM001xTSM001,86EA1C067905B9AD1AAE714019057602B454D578361EC3B15B3A6B14569D32A7,FUF001_FREE_US_EQUITY_250_V1,BC7879B3830C7327EB0A5779625A347C06826C47488F64326C7D0B2884CC741D,SESSION_CREATED,controller,PASS,Dry-run session created without PAPER_T0.
2026-08-28T20:30:06.916581+00:00,PAPER-2026-08-28-DRYRUN,2026-08-28,CSM001xTSM001,86EA1C067905B9AD1AAE714019057602B454D578361EC3B15B3A6B14569D32A7,FUF001_FREE_US_EQUITY_250_V1,BC7879B3830C7327EB0A5779625A347C06826C47488F64326C7D0B2884CC741D,READINESS_CHECK,universe,PASS,Canonical FUF hash checked.
2026-08-28T20:30:06.916581+00:00,PAPER-2026-08-28-DRYRUN,2026-08-28,CSM001xTSM001,86EA1C067905B9AD1AAE714019057602B454D578361EC3B15B3A6B14569D32A7,FUF001_FREE_US_EQUITY_250_V1,BC7879B3830C7327EB0A5779625A347C06826C47488F64326C7D0B2884CC741D,READINESS_CHECK,strategy,PASS,Frozen strategy hash checked.
2026-08-28T20:31:46.569594+00:00,PAPER-2026-08-28-DRYRUN,2026-08-28,CSM001xTSM001,86EA1C067905B9AD1AAE714019057602B454D578361EC3B15B3A6B14569D32A7,FUF001_FREE_US_EQUITY_250_V1,BC7879B3830C7327EB0A5779625A347C06826C47488F64326C7D0B2884CC741D,IDENTITY_RESOLUTION,identity_resolver,PASS,registry_hash=E77980C024FC6707;resolved_count=250
2026-08-28T20:32:33.095010+00:00,PAPER-2026-08-28-DRYRUN,2026-08-28,CSM001xTSM001,86EA1C067905B9AD1AAE714019057602B454D578361EC3B15B3A6B14569D32A7,FUF001_FREE_US_EQUITY_250_V1,BC7879B3830C7327EB0A5779625A347C06826C47488F64326C7D0B2884CC741D,SCHEDULE_CHECK,calendar,PASS,session=POST_CLOSE
2026-08-28T20:32:33.096019+00:00,PAPER-2026-08-28-DRYRUN,2026-08-28,CSM001xTSM001,86EA1C067905B9AD1AAE714019057602B454D578361EC3B15B3A6B14569D32A7,FUF001_FREE_US_EQUITY_250_V1,BC7879B3830C7327EB0A5779625A347C06826C47488F64326C7D0B2884CC741D,DATA_FRESHNESS_CHECK,alpaca_daily_bars,PASS,fresh=250;stale=0;inactive=0
2026-08-28T20:32:33.096019+00:00,PAPER-2026-08-28-DRYRUN,2026-08-28,CSM001xTSM001,86EA1C067905B9AD1AAE714019057602B454D578361EC3B15B3A6B14569D32A7,FUF001_FREE_US_EQUITY_250_V1,BC7879B3830C7327EB0A5779625A347C06826C47488F64326C7D0B2884CC741D,ELIGIBILITY_CHECK,csm,PASS,eligible_count=249
2026-08-28T20:32:34.289061+00:00,PAPER-2026-08-28-DRYRUN,2026-08-28,CSM001xTSM001,86EA1C067905B9AD1AAE714019057602B454D578361EC3B15B3A6B14569D32A7,FUF001_FREE_US_EQUITY_250_V1,BC7879B3830C7327EB0A5779625A347C06826C47488F64326C7D0B2884CC741D,RECONCILIATION_CHECK,positions,PASS,"{""AAOI"": ""MISSING_BROKER"", ""ACMR"": ""MISSING_BROKER"", ""ACRS"": ""MISSING_BROKER"", ""AMAT"": ""MISSING_BROKER"", ""AMD"": ""MISSING_BROKER"", ""AMKR"": ""MISSING_BROKER"", ""AMRX"": ""MISSING_BROKER"", ""ANAB"": ""MISSING_BROKER"", ""ANIK"": ""MISSING_BROKER"", ""ANNX"": ""MISSING_BROKER"", ""APPS"": ""MISSING_BROKER"", ""ARCB"": ""MISSING_BROKER"", ""ARWR"": ""MISSING_BROKER"", ""ASML"": ""MISSING_BROKER"", ""ATEX"": ""MISSING_BROKER"", ""ATRO"": ""MISSING_BROKER"", ""AXGN"": ""MISSING_BROKER"", ""AXSM"": ""MISSING_BROKER"", ""AXTI"": ""MISSING_BROKER"", ""BAND"": ""MISSING_BROKER"", ""BJRI"": ""MISSING_BROKER"", ""BRKR"": ""MISSING_BROKER"", ""CDNA"": ""MISSING_BROKER"", ""CENX"": ""MISSING_BROKER"", ""CERS"": ""MISSING_BROKER""}"
2026-08-28T20:32:34.290059+00:00,PAPER-2026-08-28-DRYRUN,2026-08-28,CSM001xTSM001,86EA1C067905B9AD1AAE714019057602B454D578361EC3B15B3A6B14569D32A7,FUF001_FREE_US_EQUITY_250_V1,BC7879B3830C7327EB0A5779625A347C06826C47488F64326C7D0B2884CC741D,RECONCILIATION_CHECK,orders,PASS,"{""CSM001xTSM001-2026-08-28-AAOI-BUY-001"": ""INTENT_ONLY"", ""CSM001xTSM001-2026-08-28-ACMR-BUY-002"": ""INTENT_ONLY"", ""CSM001xTSM001-2026-08-28-ACRS-BUY-003"": ""INTENT_ONLY"", ""CSM001xTSM001-2026-08-28-AMAT-BUY-004"": ""INTENT_ONLY"", ""CSM001xTSM001-2026-08-28-AMD-BUY-005"": ""INTENT_ONLY"", ""CSM001xTSM001-2026-08-28-AMKR-BUY-006"": ""INTENT_ONLY"", ""CSM001xTSM001-2026-08-28-AMRX-BUY-007"": ""INTENT_ONLY"", ""CSM001xTSM001-2026-08-28-ANAB-BUY-008"": ""INTENT_ONLY"", ""CSM001xTSM001-2026-08-28-ANIK-BUY-009"": ""INTENT_ONLY"", ""CSM001xTSM001-2026-08-28-ANNX-BUY-010"": ""INTENT_ONLY"", ""CSM001xTSM001-2026-08-28-APPS-BUY-011"": ""INTENT_ONLY"", ""CSM001xTSM001-2026-08-28-ARCB-BUY-012"": ""INTENT_ONLY"", ""CSM001xTSM001-2026-08-28-ARWR-BUY-013"": ""INTENT_ONLY"", ""CSM001xTSM001-2026-08-28-ASML-BUY-014"": ""INTENT_ONLY"", ""CSM001xTSM001-2026-08-28-ATEX-BUY-015"": ""INTENT_ONLY"", ""CSM001xTSM001-2026-08-28-ATRO-BUY-016"": ""INTENT_ONLY"", ""CSM001xTSM001-2026-08-28-AXGN-BUY-017"": ""INTENT_ONLY"", ""CSM001xTSM001-2026-08-28-AXSM-BUY-018"": ""INTENT_ONLY"", ""CSM001xTSM001-2026-08-28-AXTI-BUY-019"": ""INTENT_ONLY"", ""CSM001xTSM001-2026-08-28-BAND-BUY-020"": ""INTENT_ONLY"", ""CSM001xTSM001-2026-08-28-BJRI-BUY-021"": ""INTENT_ONLY"", ""CSM001xTSM001-2026-08-28-BRKR-BUY-022"": ""INTENT_ONLY"", ""CSM001xTSM001-2026-08-28-CDNA-BUY-023"": ""INTENT_ONLY"", ""CSM001xTSM001-2026-08-28-CENX-BUY-024"": ""INTENT_ONLY"", ""CSM001xTSM001-2026-08-28-CERS-BUY-025"": ""INTENT_ONLY""}"
2026-08-28T20:32:34.304090+00:00,PAPER-2026-08-28-DRYRUN,2026-08-28,CSM001xTSM001,86EA1C067905B9AD1AAE714019057602B454D578361EC3B15B3A6B14569D32A7,FUF001_FREE_US_EQUITY_250_V1,BC7879B3830C7327EB0A5779625A347C06826C47488F64326C7D0B2884CC741D,ORDER_INTENTS_CREATED,order_intent,PASS,count=25
2026-08-28T20:32:34.304090+00:00,PAPER-2026-08-28-DRYRUN,2026-08-28,CSM001xTSM001,86EA1C067905B9AD1AAE714019057602B454D578361EC3B15B3A6B14569D32A7,FUF001_FREE_US_EQUITY_250_V1,BC7879B3830C7327EB0A5779625A347C06826C47488F64326C7D0B2884CC741D,RISK_GUARD_CHECK,risk,PASS,
2026-08-28T20:32:34.305121+00:00,PAPER-2026-08-28-DRYRUN,2026-08-28,CSM001xTSM001,86EA1C067905B9AD1AAE714019057602B454D578361EC3B15B3A6B14569D32A7,FUF001_FREE_US_EQUITY_250_V1,BC7879B3830C7327EB0A5779625A347C06826C47488F64326C7D0B2884CC741D,RISK_GUARD_CHECK,buying_power,PASS,required=100000.00;available=400000.00
2026-08-28T20:32:34.306104+00:00,PAPER-2026-08-28-DRYRUN,2026-08-28,CSM001xTSM001,86EA1C067905B9AD1AAE714019057602B454D578361EC3B15B3A6B14569D32A7,FUF001_FREE_US_EQUITY_250_V1,BC7879B3830C7327EB0A5779625A347C06826C47488F64326C7D0B2884CC741D,INCIDENT,timing,SCHEDULER_FAILURE,session=POST_CLOSE
2026-08-28T20:32:34.306104+00:00,PAPER-2026-08-28-DRYRUN,2026-08-28,CSM001xTSM001,86EA1C067905B9AD1AAE714019057602B454D578361EC3B15B3A6B14569D32A7,FUF001_FREE_US_EQUITY_250_V1,BC7879B3830C7327EB0A5779625A347C06826C47488F64326C7D0B2884CC741D,DRY_RUN_BLOCK,submission_boundary,BLOCKED,WAITING_FOR_SCHEDULED_MONTHLY_REBALANCE
2026-08-30T09:59:41.464807+00:00,PAPER-2026-08-31-DRYRUN,2026-08-30,CSM001xTSM001,86EA1C067905B9AD1AAE714019057602B454D578361EC3B15B3A6B14569D32A7,FUF001_FREE_US_EQUITY_250_V1,BC7879B3830C7327EB0A5779625A347C06826C47488F64326C7D0B2884CC741D,SESSION_CREATED,controller,PASS,Dry-run session created without PAPER_T0.
2026-08-30T09:59:41.558294+00:00,PAPER-2026-08-31-DRYRUN,2026-08-30,CSM001xTSM001,86EA1C067905B9AD1AAE714019057602B454D578361EC3B15B3A6B14569D32A7,FUF001_FREE_US_EQUITY_250_V1,BC7879B3830C7327EB0A5779625A347C06826C47488F64326C7D0B2884CC741D,READINESS_CHECK,universe,PASS,Canonical FUF hash checked.
2026-08-30T09:59:41.558294+00:00,PAPER-2026-08-31-DRYRUN,2026-08-30,CSM001xTSM001,86EA1C067905B9AD1AAE714019057602B454D578361EC3B15B3A6B14569D32A7,FUF001_FREE_US_EQUITY_250_V1,BC7879B3830C7327EB0A5779625A347C06826C47488F64326C7D0B2884CC741D,READINESS_CHECK,strategy,PASS,Frozen strategy hash checked.
2026-08-30T09:59:41.563512+00:00,PAPER-2026-08-31-DRYRUN,2026-08-30,CSM001xTSM001,86EA1C067905B9AD1AAE714019057602B454D578361EC3B15B3A6B14569D32A7,FUF001_FREE_US_EQUITY_250_V1,BC7879B3830C7327EB0A5779625A347C06826C47488F64326C7D0B2884CC741D,INCIDENT,calendar,SCHEDULER_FAILURE,NETWORK_FAIL
2026-08-30T09:59:49.540046+00:00,PAPER-2026-08-31-DRYRUN,2026-08-30,CSM001xTSM001,86EA1C067905B9AD1AAE714019057602B454D578361EC3B15B3A6B14569D32A7,FUF001_FREE_US_EQUITY_250_V1,BC7879B3830C7327EB0A5779625A347C06826C47488F64326C7D0B2884CC741D,SESSION_CREATED,controller,PASS,Dry-run session created without PAPER_T0.
2026-08-30T09:59:49.564891+00:00,PAPER-2026-08-31-DRYRUN,2026-08-30,CSM001xTSM001,86EA1C067905B9AD1AAE714019057602B454D578361EC3B15B3A6B14569D32A7,FUF001_FREE_US_EQUITY_250_V1,BC7879B3830C7327EB0A5779625A347C06826C47488F64326C7D0B2884CC741D,READINESS_CHECK,universe,PASS,Canonical FUF hash checked.
2026-08-30T09:59:49.564891+00:00,PAPER-2026-08-31-DRYRUN,2026-08-30,CSM001xTSM001,86EA1C067905B9AD1AAE714019057602B454D578361EC3B15B3A6B14569D32A7,FUF001_FREE_US_EQUITY_250_V1,BC7879B3830C7327EB0A5779625A347C06826C47488F64326C7D0B2884CC741D,READINESS_CHECK,strategy,PASS,Frozen strategy hash checked.
2026-08-30T09:59:49.569901+00:00,PAPER-2026-08-31-DRYRUN,2026-08-30,CSM001xTSM001,86EA1C067905B9AD1AAE714019057602B454D578361EC3B15B3A6B14569D32A7,FUF001_FREE_US_EQUITY_250_V1,BC7879B3830C7327EB0A5779625A347C06826C47488F64326C7D0B2884CC741D,INCIDENT,calendar,SCHEDULER_FAILURE,NETWORK_FAIL
2026-08-30T09:59:50.074734+00:00,PAPER-2026-08-31-DRYRUN,2026-08-30,CSM001xTSM001,86EA1C067905B9AD1AAE714019057602B454D578361EC3B15B3A6B14569D32A7,FUF001_FREE_US_EQUITY_250_V1,BC7879B3830C7327EB0A5779625A347C06826C47488F64326C7D0B2884CC741D,IDENTITY_RESOLUTION,identity_resolver,PASS,registry_hash=E77980C024FC6707;resolved_count=250
2026-08-30T09:59:50.080619+00:00,PAPER-2026-08-31-DRYRUN,2026-08-30,CSM001xTSM001,86EA1C067905B9AD1AAE714019057602B454D578361EC3B15B3A6B14569D32A7,FUF001_FREE_US_EQUITY_250_V1,BC7879B3830C7327EB0A5779625A347C06826C47488F64326C7D0B2884CC741D,INCIDENT,signal_pipeline,SCHEDULER_FAILURE,Current signal pipeline failed.
2026-08-30T09:59:50.081972+00:00,PAPER-2026-08-31-DRYRUN,2026-08-30,CSM001xTSM001,86EA1C067905B9AD1AAE714019057602B454D578361EC3B15B3A6B14569D32A7,FUF001_FREE_US_EQUITY_250_V1,BC7879B3830C7327EB0A5779625A347C06826C47488F64326C7D0B2884CC741D,INCIDENT,target_portfolio,SCHEDULER_FAILURE,Target portfolio invariant failed.
2026-08-30T09:59:50.082973+00:00,PAPER-2026-08-31-DRYRUN,2026-08-30,CSM001xTSM001,86EA1C067905B9AD1AAE714019057602B454D578361EC3B15B3A6B14569D32A7,FUF001_FREE_US_EQUITY_250_V1,BC7879B3830C7327EB0A5779625A347C06826C47488F64326C7D0B2884CC741D,INCIDENT,calendar,SCHEDULER_FAILURE,NETWORK_FAIL
2026-08-30T09:59:50.082973+00:00,PAPER-2026-08-31-DRYRUN,2026-08-30,CSM001xTSM001,86EA1C067905B9AD1AAE714019057602B454D578361EC3B15B3A6B14569D32A7,FUF001_FREE_US_EQUITY_250_V1,BC7879B3830C7327EB0A5779625A347C06826C47488F64326C7D0B2884CC741D,SCHEDULE_CHECK,calendar,NETWORK_FAIL,session=UNKNOWN
2026-08-30T09:59:50.082973+00:00,PAPER-2026-08-31-DRYRUN,2026-08-30,CSM001xTSM001,86EA1C067905B9AD1AAE714019057602B454D578361EC3B15B3A6B14569D32A7,FUF001_FREE_US_EQUITY_250_V1,BC7879B3830C7327EB0A5779625A347C06826C47488F64326C7D0B2884CC741D,DATA_FRESHNESS_CHECK,alpaca_daily_bars,FAIL,fresh=0;stale=250;inactive=0
2026-08-30T09:59:50.083990+00:00,PAPER-2026-08-31-DRYRUN,2026-08-30,CSM001xTSM001,86EA1C067905B9AD1AAE714019057602B454D578361EC3B15B3A6B14569D32A7,FUF001_FREE_US_EQUITY_250_V1,BC7879B3830C7327EB0A5779625A347C06826C47488F64326C7D0B2884CC741D,INCIDENT,freshness,STALE_DATA,Target snapshot failed integrity checks.
2026-08-30T09:59:50.084984+00:00,PAPER-2026-08-31-DRYRUN,2026-08-30,CSM001xTSM001,86EA1C067905B9AD1AAE714019057602B454D578361EC3B15B3A6B14569D32A7,FUF001_FREE_US_EQUITY_250_V1,BC7879B3830C7327EB0A5779625A347C06826C47488F64326C7D0B2884CC741D,ELIGIBILITY_CHECK,csm,REBALANCE_BLOCKED_INSUFFICIENT_ELIGIBILITY,eligible_count=0
2026-08-30T09:59:50.084984+00:00,PAPER-2026-08-31-DRYRUN,2026-08-30,CSM001xTSM001,86EA1C067905B9AD1AAE714019057602B454D578361EC3B15B3A6B14569D32A7,FUF001_FREE_US_EQUITY_250_V1,BC7879B3830C7327EB0A5779625A347C06826C47488F64326C7D0B2884CC741D,INCIDENT,eligibility,ELIGIBILITY_FAILURE,eligible_count=0
2026-08-30T09:59:50.085973+00:00,PAPER-2026-08-31-DRYRUN,2026-08-30,CSM001xTSM001,86EA1C067905B9AD1AAE714019057602B454D578361EC3B15B3A6B14569D32A7,FUF001_FREE_US_EQUITY_250_V1,BC7879B3830C7327EB0A5779625A347C06826C47488F64326C7D0B2884CC741D,INCIDENT,broker,AUTH_FAILURE,account_status=NETWORK_FAIL
2026-08-30T09:59:50.086976+00:00,PAPER-2026-08-31-DRYRUN,2026-08-30,CSM001xTSM001,86EA1C067905B9AD1AAE714019057602B454D578361EC3B15B3A6B14569D32A7,FUF001_FREE_US_EQUITY_250_V1,BC7879B3830C7327EB0A5779625A347C06826C47488F64326C7D0B2884CC741D,INCIDENT,broker,POSITION_MISMATCH,positions_status=NETWORK_FAIL
2026-08-30T09:59:50.086976+00:00,PAPER-2026-08-31-DRYRUN,2026-08-30,CSM001xTSM001,86EA1C067905B9AD1AAE714019057602B454D578361EC3B15B3A6B14569D32A7,FUF001_FREE_US_EQUITY_250_V1,BC7879B3830C7327EB0A5779625A347C06826C47488F64326C7D0B2884CC741D,INCIDENT,broker,ORDER_MISMATCH,orders_status=NETWORK_FAIL
2026-08-30T09:59:56.153895+00:00,PAPER-2026-08-31-DRYRUN,2026-08-30,CSM001xTSM001,86EA1C067905B9AD1AAE714019057602B454D578361EC3B15B3A6B14569D32A7,FUF001_FREE_US_EQUITY_250_V1,BC7879B3830C7327EB0A5779625A347C06826C47488F64326C7D0B2884CC741D,SESSION_CREATED,controller,PASS,Dry-run session created without PAPER_T0.
2026-08-30T09:59:56.178570+00:00,PAPER-2026-08-31-DRYRUN,2026-08-30,CSM001xTSM001,86EA1C067905B9AD1AAE714019057602B454D578361EC3B15B3A6B14569D32A7,FUF001_FREE_US_EQUITY_250_V1,BC7879B3830C7327EB0A5779625A347C06826C47488F64326C7D0B2884CC741D,READINESS_CHECK,universe,PASS,Canonical FUF hash checked.
2026-08-30T09:59:56.179567+00:00,PAPER-2026-08-31-DRYRUN,2026-08-30,CSM001xTSM001,86EA1C067905B9AD1AAE714019057602B454D578361EC3B15B3A6B14569D32A7,FUF001_FREE_US_EQUITY_250_V1,BC7879B3830C7327EB0A5779625A347C06826C47488F64326C7D0B2884CC741D,READINESS_CHECK,strategy,PASS,Frozen strategy hash checked.
2026-08-30T09:59:56.183739+00:00,PAPER-2026-08-31-DRYRUN,2026-08-30,CSM001xTSM001,86EA1C067905B9AD1AAE714019057602B454D578361EC3B15B3A6B14569D32A7,FUF001_FREE_US_EQUITY_250_V1,BC7879B3830C7327EB0A5779625A347C06826C47488F64326C7D0B2884CC741D,INCIDENT,calendar,SCHEDULER_FAILURE,NETWORK_FAIL
2026-08-30T09:59:56.735410+00:00,PAPER-2026-08-31-DRYRUN,2026-08-30,CSM001xTSM001,86EA1C067905B9AD1AAE714019057602B454D578361EC3B15B3A6B14569D32A7,FUF001_FREE_US_EQUITY_250_V1,BC7879B3830C7327EB0A5779625A347C06826C47488F64326C7D0B2884CC741D,IDENTITY_RESOLUTION,identity_resolver,PASS,registry_hash=E77980C024FC6707;resolved_count=250
2026-08-30T09:59:56.737347+00:00,PAPER-2026-08-31-DRYRUN,2026-08-30,CSM001xTSM001,86EA1C067905B9AD1AAE714019057602B454D578361EC3B15B3A6B14569D32A7,FUF001_FREE_US_EQUITY_250_V1,BC7879B3830C7327EB0A5779625A347C06826C47488F64326C7D0B2884CC741D,INCIDENT,signal_pipeline,SCHEDULER_FAILURE,Current signal pipeline failed.
2026-08-30T09:59:56.738367+00:00,PAPER-2026-08-31-DRYRUN,2026-08-30,CSM001xTSM001,86EA1C067905B9AD1AAE714019057602B454D578361EC3B15B3A6B14569D32A7,FUF001_FREE_US_EQUITY_250_V1,BC7879B3830C7327EB0A5779625A347C06826C47488F64326C7D0B2884CC741D,INCIDENT,target_portfolio,SCHEDULER_FAILURE,Target portfolio invariant failed.
2026-08-30T09:59:56.739347+00:00,PAPER-2026-08-31-DRYRUN,2026-08-30,CSM001xTSM001,86EA1C067905B9AD1AAE714019057602B454D578361EC3B15B3A6B14569D32A7,FUF001_FREE_US_EQUITY_250_V1,BC7879B3830C7327EB0A5779625A347C06826C47488F64326C7D0B2884CC741D,INCIDENT,calendar,SCHEDULER_FAILURE,NETWORK_FAIL
2026-08-30T09:59:56.739347+00:00,PAPER-2026-08-31-DRYRUN,2026-08-30,CSM001xTSM001,86EA1C067905B9AD1AAE714019057602B454D578361EC3B15B3A6B14569D32A7,FUF001_FREE_US_EQUITY_250_V1,BC7879B3830C7327EB0A5779625A347C06826C47488F64326C7D0B2884CC741D,SCHEDULE_CHECK,calendar,NETWORK_FAIL,session=UNKNOWN
2026-08-30T09:59:56.739347+00:00,PAPER-2026-08-31-DRYRUN,2026-08-30,CSM001xTSM001,86EA1C067905B9AD1AAE714019057602B454D578361EC3B15B3A6B14569D32A7,FUF001_FREE_US_EQUITY_250_V1,BC7879B3830C7327EB0A5779625A347C06826C47488F64326C7D0B2884CC741D,DATA_FRESHNESS_CHECK,alpaca_daily_bars,FAIL,fresh=0;stale=250;inactive=0
2026-08-30T09:59:56.740346+00:00,PAPER-2026-08-31-DRYRUN,2026-08-30,CSM001xTSM001,86EA1C067905B9AD1AAE714019057602B454D578361EC3B15B3A6B14569D32A7,FUF001_FREE_US_EQUITY_250_V1,BC7879B3830C7327EB0A5779625A347C06826C47488F64326C7D0B2884CC741D,INCIDENT,freshness,STALE_DATA,Target snapshot failed integrity checks.
2026-08-30T09:59:56.740346+00:00,PAPER-2026-08-31-DRYRUN,2026-08-30,CSM001xTSM001,86EA1C067905B9AD1AAE714019057602B454D578361EC3B15B3A6B14569D32A7,FUF001_FREE_US_EQUITY_250_V1,BC7879B3830C7327EB0A5779625A347C06826C47488F64326C7D0B2884CC741D,ELIGIBILITY_CHECK,csm,REBALANCE_BLOCKED_INSUFFICIENT_ELIGIBILITY,eligible_count=0
2026-08-30T09:59:56.741346+00:00,PAPER-2026-08-31-DRYRUN,2026-08-30,CSM001xTSM001,86EA1C067905B9AD1AAE714019057602B454D578361EC3B15B3A6B14569D32A7,FUF001_FREE_US_EQUITY_250_V1,BC7879B3830C7327EB0A5779625A347C06826C47488F64326C7D0B2884CC741D,INCIDENT,eligibility,ELIGIBILITY_FAILURE,eligible_count=0
2026-08-30T09:59:56.742349+00:00,PAPER-2026-08-31-DRYRUN,2026-08-30,CSM001xTSM001,86EA1C067905B9AD1AAE714019057602B454D578361EC3B15B3A6B14569D32A7,FUF001_FREE_US_EQUITY_250_V1,BC7879B3830C7327EB0A5779625A347C06826C47488F64326C7D0B2884CC741D,INCIDENT,broker,AUTH_FAILURE,account_status=NETWORK_FAIL
2026-08-30T09:59:56.743347+00:00,PAPER-2026-08-31-DRYRUN,2026-08-30,CSM001xTSM001,86EA1C067905B9AD1AAE714019057602B454D578361EC3B15B3A6B14569D32A7,FUF001_FREE_US_EQUITY_250_V1,BC7879B3830C7327EB0A5779625A347C06826C47488F64326C7D0B2884CC741D,INCIDENT,broker,POSITION_MISMATCH,positions_status=NETWORK_FAIL
2026-08-30T09:59:56.744347+00:00,PAPER-2026-08-31-DRYRUN,2026-08-30,CSM001xTSM001,86EA1C067905B9AD1AAE714019057602B454D578361EC3B15B3A6B14569D32A7,FUF001_FREE_US_EQUITY_250_V1,BC7879B3830C7327EB0A5779625A347C06826C47488F64326C7D0B2884CC741D,INCIDENT,broker,ORDER_MISMATCH,orders_status=NETWORK_FAIL
2026-08-30T09:59:56.744347+00:00,PAPER-2026-08-31-DRYRUN,2026-08-30,CSM001xTSM001,86EA1C067905B9AD1AAE714019057602B454D578361EC3B15B3A6B14569D32A7,FUF001_FREE_US_EQUITY_250_V1,BC7879B3830C7327EB0A5779625A347C06826C47488F64326C7D0B2884CC741D,RECONCILIATION_CHECK,positions,PASS,{}
2026-08-30T10:00:02.908299+00:00,PAPER-2026-08-31-DRYRUN,2026-08-30,CSM001xTSM001,86EA1C067905B9AD1AAE714019057602B454D578361EC3B15B3A6B14569D32A7,FUF001_FREE_US_EQUITY_250_V1,BC7879B3830C7327EB0A5779625A347C06826C47488F64326C7D0B2884CC741D,SESSION_CREATED,controller,PASS,Dry-run session created without PAPER_T0.
2026-08-30T10:00:02.929415+00:00,PAPER-2026-08-31-DRYRUN,2026-08-30,CSM001xTSM001,86EA1C067905B9AD1AAE714019057602B454D578361EC3B15B3A6B14569D32A7,FUF001_FREE_US_EQUITY_250_V1,BC7879B3830C7327EB0A5779625A347C06826C47488F64326C7D0B2884CC741D,READINESS_CHECK,universe,PASS,Canonical FUF hash checked.
2026-08-30T10:00:02.930415+00:00,PAPER-2026-08-31-DRYRUN,2026-08-30,CSM001xTSM001,86EA1C067905B9AD1AAE714019057602B454D578361EC3B15B3A6B14569D32A7,FUF001_FREE_US_EQUITY_250_V1,BC7879B3830C7327EB0A5779625A347C06826C47488F64326C7D0B2884CC741D,READINESS_CHECK,strategy,PASS,Frozen strategy hash checked.
2026-08-30T10:00:02.935415+00:00,PAPER-2026-08-31-DRYRUN,2026-08-30,CSM001xTSM001,86EA1C067905B9AD1AAE714019057602B454D578361EC3B15B3A6B14569D32A7,FUF001_FREE_US_EQUITY_250_V1,BC7879B3830C7327EB0A5779625A347C06826C47488F64326C7D0B2884CC741D,INCIDENT,calendar,SCHEDULER_FAILURE,NETWORK_FAIL
2026-08-30T10:00:03.428200+00:00,PAPER-2026-08-31-DRYRUN,2026-08-30,CSM001xTSM001,86EA1C067905B9AD1AAE714019057602B454D578361EC3B15B3A6B14569D32A7,FUF001_FREE_US_EQUITY_250_V1,BC7879B3830C7327EB0A5779625A347C06826C47488F64326C7D0B2884CC741D,IDENTITY_RESOLUTION,identity_resolver,PASS,registry_hash=E77980C024FC6707;resolved_count=250
2026-08-30T10:00:03.431167+00:00,PAPER-2026-08-31-DRYRUN,2026-08-30,CSM001xTSM001,86EA1C067905B9AD1AAE714019057602B454D578361EC3B15B3A6B14569D32A7,FUF001_FREE_US_EQUITY_250_V1,BC7879B3830C7327EB0A5779625A347C06826C47488F64326C7D0B2884CC741D,INCIDENT,signal_pipeline,SCHEDULER_FAILURE,Current signal pipeline failed.
2026-08-30T10:00:03.431167+00:00,PAPER-2026-08-31-DRYRUN,2026-08-30,CSM001xTSM001,86EA1C067905B9AD1AAE714019057602B454D578361EC3B15B3A6B14569D32A7,FUF001_FREE_US_EQUITY_250_V1,BC7879B3830C7327EB0A5779625A347C06826C47488F64326C7D0B2884CC741D,INCIDENT,target_portfolio,SCHEDULER_FAILURE,Target portfolio invariant failed.
2026-08-30T10:00:03.432546+00:00,PAPER-2026-08-31-DRYRUN,2026-08-30,CSM001xTSM001,86EA1C067905B9AD1AAE714019057602B454D578361EC3B15B3A6B14569D32A7,FUF001_FREE_US_EQUITY_250_V1,BC7879B3830C7327EB0A5779625A347C06826C47488F64326C7D0B2884CC741D,INCIDENT,calendar,SCHEDULER_FAILURE,NETWORK_FAIL
2026-08-30T10:00:03.432546+00:00,PAPER-2026-08-31-DRYRUN,2026-08-30,CSM001xTSM001,86EA1C067905B9AD1AAE714019057602B454D578361EC3B15B3A6B14569D32A7,FUF001_FREE_US_EQUITY_250_V1,BC7879B3830C7327EB0A5779625A347C06826C47488F64326C7D0B2884CC741D,SCHEDULE_CHECK,calendar,NETWORK_FAIL,session=UNKNOWN
2026-08-30T10:00:03.432546+00:00,PAPER-2026-08-31-DRYRUN,2026-08-30,CSM001xTSM001,86EA1C067905B9AD1AAE714019057602B454D578361EC3B15B3A6B14569D32A7,FUF001_FREE_US_EQUITY_250_V1,BC7879B3830C7327EB0A5779625A347C06826C47488F64326C7D0B2884CC741D,DATA_FRESHNESS_CHECK,alpaca_daily_bars,FAIL,fresh=0;stale=250;inactive=0
2026-08-30T10:00:03.433587+00:00,PAPER-2026-08-31-DRYRUN,2026-08-30,CSM001xTSM001,86EA1C067905B9AD1AAE714019057602B454D578361EC3B15B3A6B14569D32A7,FUF001_FREE_US_EQUITY_250_V1,BC7879B3830C7327EB0A5779625A347C06826C47488F64326C7D0B2884CC741D,INCIDENT,freshness,STALE_DATA,Target snapshot failed integrity checks.
2026-08-30T10:00:03.434550+00:00,PAPER-2026-08-31-DRYRUN,2026-08-30,CSM001xTSM001,86EA1C067905B9AD1AAE714019057602B454D578361EC3B15B3A6B14569D32A7,FUF001_FREE_US_EQUITY_250_V1,BC7879B3830C7327EB0A5779625A347C06826C47488F64326C7D0B2884CC741D,ELIGIBILITY_CHECK,csm,REBALANCE_BLOCKED_INSUFFICIENT_ELIGIBILITY,eligible_count=0
2026-08-30T10:00:03.434550+00:00,PAPER-2026-08-31-DRYRUN,2026-08-30,CSM001xTSM001,86EA1C067905B9AD1AAE714019057602B454D578361EC3B15B3A6B14569D32A7,FUF001_FREE_US_EQUITY_250_V1,BC7879B3830C7327EB0A5779625A347C06826C47488F64326C7D0B2884CC741D,INCIDENT,eligibility,ELIGIBILITY_FAILURE,eligible_count=0
2026-08-30T10:00:03.435565+00:00,PAPER-2026-08-31-DRYRUN,2026-08-30,CSM001xTSM001,86EA1C067905B9AD1AAE714019057602B454D578361EC3B15B3A6B14569D32A7,FUF001_FREE_US_EQUITY_250_V1,BC7879B3830C7327EB0A5779625A347C06826C47488F64326C7D0B2884CC741D,INCIDENT,broker,AUTH_FAILURE,account_status=NETWORK_FAIL
2026-08-30T10:00:03.436547+00:00,PAPER-2026-08-31-DRYRUN,2026-08-30,CSM001xTSM001,86EA1C067905B9AD1AAE714019057602B454D578361EC3B15B3A6B14569D32A7,FUF001_FREE_US_EQUITY_250_V1,BC7879B3830C7327EB0A5779625A347C06826C47488F64326C7D0B2884CC741D,INCIDENT,broker,POSITION_MISMATCH,positions_status=NETWORK_FAIL
2026-08-30T10:00:03.436547+00:00,PAPER-2026-08-31-DRYRUN,2026-08-30,CSM001xTSM001,86EA1C067905B9AD1AAE714019057602B454D578361EC3B15B3A6B14569D32A7,FUF001_FREE_US_EQUITY_250_V1,BC7879B3830C7327EB0A5779625A347C06826C47488F64326C7D0B2884CC741D,INCIDENT,broker,ORDER_MISMATCH,orders_status=NETWORK_FAIL
2026-08-30T10:00:03.437569+00:00,PAPER-2026-08-31-DRYRUN,2026-08-30,CSM001xTSM001,86EA1C067905B9AD1AAE714019057602B454D578361EC3B15B3A6B14569D32A7,FUF001_FREE_US_EQUITY_250_V1,BC7879B3830C7327EB0A5779625A347C06826C47488F64326C7D0B2884CC741D,RECONCILIATION_CHECK,positions,PASS,{}
2026-08-30T10:00:03.437569+00:00,PAPER-2026-08-31-DRYRUN,2026-08-30,CSM001xTSM001,86EA1C067905B9AD1AAE714019057602B454D578361EC3B15B3A6B14569D32A7,FUF001_FREE_US_EQUITY_250_V1,BC7879B3830C7327EB0A5779625A347C06826C47488F64326C7D0B2884CC741D,RECONCILIATION_CHECK,orders,PASS,{}
2026-08-30T10:00:03.438548+00:00,PAPER-2026-08-31-DRYRUN,2026-08-30,CSM001xTSM001,86EA1C067905B9AD1AAE714019057602B454D578361EC3B15B3A6B14569D32A7,FUF001_FREE_US_EQUITY_250_V1,BC7879B3830C7327EB0A5779625A347C06826C47488F64326C7D0B2884CC741D,ORDER_INTENTS_CREATED,order_intent,PASS,count=0
2026-08-30T10:00:03.438548+00:00,PAPER-2026-08-31-DRYRUN,2026-08-30,CSM001xTSM001,86EA1C067905B9AD1AAE714019057602B454D578361EC3B15B3A6B14569D32A7,FUF001_FREE_US_EQUITY_250_V1,BC7879B3830C7327EB0A5779625A347C06826C47488F64326C7D0B2884CC741D,RISK_GUARD_CHECK,risk,PASS,
2026-08-30T10:00:03.438548+00:00,PAPER-2026-08-31-DRYRUN,2026-08-30,CSM001xTSM001,86EA1C067905B9AD1AAE714019057602B454D578361EC3B15B3A6B14569D32A7,FUF001_FREE_US_EQUITY_250_V1,BC7879B3830C7327EB0A5779625A347C06826C47488F64326C7D0B2884CC741D,RISK_GUARD_CHECK,buying_power,PASS,required=0.00;available=0.00
2026-08-30T10:00:03.439562+00:00,PAPER-2026-08-31-DRYRUN,2026-08-30,CSM001xTSM001,86EA1C067905B9AD1AAE714019057602B454D578361EC3B15B3A6B14569D32A7,FUF001_FREE_US_EQUITY_250_V1,BC7879B3830C7327EB0A5779625A347C06826C47488F64326C7D0B2884CC741D,INCIDENT,timing,T_PLUS_1_TIMING_VIOLATION,signal=None;earliest=None;execution=None
2026-08-30T10:00:03.440547+00:00,PAPER-2026-08-31-DRYRUN,2026-08-30,CSM001xTSM001,86EA1C067905B9AD1AAE714019057602B454D578361EC3B15B3A6B14569D32A7,FUF001_FREE_US_EQUITY_250_V1,BC7879B3830C7327EB0A5779625A347C06826C47488F64326C7D0B2884CC741D,INCIDENT,timing,SCHEDULER_FAILURE,session=UNKNOWN
2026-08-30T10:00:03.440547+00:00,PAPER-2026-08-31-DRYRUN,2026-08-30,CSM001xTSM001,86EA1C067905B9AD1AAE714019057602B454D578361EC3B15B3A6B14569D32A7,FUF001_FREE_US_EQUITY_250_V1,BC7879B3830C7327EB0A5779625A347C06826C47488F64326C7D0B2884CC741D,DRY_RUN_BLOCK,submission_boundary,BLOCKED,BLOCKED_BY_GUARDS
2026-08-30T10:00:09.387603+00:00,PAPER-2026-08-31-DRYRUN,2026-08-30,CSM001xTSM001,86EA1C067905B9AD1AAE714019057602B454D578361EC3B15B3A6B14569D32A7,FUF001_FREE_US_EQUITY_250_V1,BC7879B3830C7327EB0A5779625A347C06826C47488F64326C7D0B2884CC741D,SESSION_CREATED,controller,PASS,Dry-run session created without PAPER_T0.
2026-08-30T10:00:09.409380+00:00,PAPER-2026-08-31-DRYRUN,2026-08-30,CSM001xTSM001,86EA1C067905B9AD1AAE714019057602B454D578361EC3B15B3A6B14569D32A7,FUF001_FREE_US_EQUITY_250_V1,BC7879B3830C7327EB0A5779625A347C06826C47488F64326C7D0B2884CC741D,READINESS_CHECK,universe,PASS,Canonical FUF hash checked.
2026-08-30T10:00:09.410347+00:00,PAPER-2026-08-31-DRYRUN,2026-08-30,CSM001xTSM001,86EA1C067905B9AD1AAE714019057602B454D578361EC3B15B3A6B14569D32A7,FUF001_FREE_US_EQUITY_250_V1,BC7879B3830C7327EB0A5779625A347C06826C47488F64326C7D0B2884CC741D,READINESS_CHECK,strategy,PASS,Frozen strategy hash checked.
2026-08-30T10:00:09.414617+00:00,PAPER-2026-08-31-DRYRUN,2026-08-30,CSM001xTSM001,86EA1C067905B9AD1AAE714019057602B454D578361EC3B15B3A6B14569D32A7,FUF001_FREE_US_EQUITY_250_V1,BC7879B3830C7327EB0A5779625A347C06826C47488F64326C7D0B2884CC741D,INCIDENT,calendar,SCHEDULER_FAILURE,NETWORK_FAIL
2026-08-30T10:00:09.907140+00:00,PAPER-2026-08-31-DRYRUN,2026-08-30,CSM001xTSM001,86EA1C067905B9AD1AAE714019057602B454D578361EC3B15B3A6B14569D32A7,FUF001_FREE_US_EQUITY_250_V1,BC7879B3830C7327EB0A5779625A347C06826C47488F64326C7D0B2884CC741D,IDENTITY_RESOLUTION,identity_resolver,PASS,registry_hash=E77980C024FC6707;resolved_count=250
2026-08-30T10:00:09.909142+00:00,PAPER-2026-08-31-DRYRUN,2026-08-30,CSM001xTSM001,86EA1C067905B9AD1AAE714019057602B454D578361EC3B15B3A6B14569D32A7,FUF001_FREE_US_EQUITY_250_V1,BC7879B3830C7327EB0A5779625A347C06826C47488F64326C7D0B2884CC741D,INCIDENT,signal_pipeline,SCHEDULER_FAILURE,Current signal pipeline failed.
2026-08-30T10:00:09.910108+00:00,PAPER-2026-08-31-DRYRUN,2026-08-30,CSM001xTSM001,86EA1C067905B9AD1AAE714019057602B454D578361EC3B15B3A6B14569D32A7,FUF001_FREE_US_EQUITY_250_V1,BC7879B3830C7327EB0A5779625A347C06826C47488F64326C7D0B2884CC741D,INCIDENT,target_portfolio,SCHEDULER_FAILURE,Target portfolio invariant failed.
2026-08-30T10:00:09.911108+00:00,PAPER-2026-08-31-DRYRUN,2026-08-30,CSM001xTSM001,86EA1C067905B9AD1AAE714019057602B454D578361EC3B15B3A6B14569D32A7,FUF001_FREE_US_EQUITY_250_V1,BC7879B3830C7327EB0A5779625A347C06826C47488F64326C7D0B2884CC741D,INCIDENT,calendar,SCHEDULER_FAILURE,NETWORK_FAIL
2026-08-30T10:00:09.911108+00:00,PAPER-2026-08-31-DRYRUN,2026-08-30,CSM001xTSM001,86EA1C067905B9AD1AAE714019057602B454D578361EC3B15B3A6B14569D32A7,FUF001_FREE_US_EQUITY_250_V1,BC7879B3830C7327EB0A5779625A347C06826C47488F64326C7D0B2884CC741D,SCHEDULE_CHECK,calendar,NETWORK_FAIL,session=UNKNOWN
2026-08-30T10:00:09.911108+00:00,PAPER-2026-08-31-DRYRUN,2026-08-30,CSM001xTSM001,86EA1C067905B9AD1AAE714019057602B454D578361EC3B15B3A6B14569D32A7,FUF001_FREE_US_EQUITY_250_V1,BC7879B3830C7327EB0A5779625A347C06826C47488F64326C7D0B2884CC741D,DATA_FRESHNESS_CHECK,alpaca_daily_bars,FAIL,fresh=0;stale=250;inactive=0
2026-08-30T10:00:09.912107+00:00,PAPER-2026-08-31-DRYRUN,2026-08-30,CSM001xTSM001,86EA1C067905B9AD1AAE714019057602B454D578361EC3B15B3A6B14569D32A7,FUF001_FREE_US_EQUITY_250_V1,BC7879B3830C7327EB0A5779625A347C06826C47488F64326C7D0B2884CC741D,INCIDENT,freshness,STALE_DATA,Target snapshot failed integrity checks.
2026-08-30T10:00:09.912107+00:00,PAPER-2026-08-31-DRYRUN,2026-08-30,CSM001xTSM001,86EA1C067905B9AD1AAE714019057602B454D578361EC3B15B3A6B14569D32A7,FUF001_FREE_US_EQUITY_250_V1,BC7879B3830C7327EB0A5779625A347C06826C47488F64326C7D0B2884CC741D,ELIGIBILITY_CHECK,csm,REBALANCE_BLOCKED_INSUFFICIENT_ELIGIBILITY,eligible_count=0
2026-08-30T10:00:09.913324+00:00,PAPER-2026-08-31-DRYRUN,2026-08-30,CSM001xTSM001,86EA1C067905B9AD1AAE714019057602B454D578361EC3B15B3A6B14569D32A7,FUF001_FREE_US_EQUITY_250_V1,BC7879B3830C7327EB0A5779625A347C06826C47488F64326C7D0B2884CC741D,INCIDENT,eligibility,ELIGIBILITY_FAILURE,eligible_count=0
2026-08-30T10:00:09.914323+00:00,PAPER-2026-08-31-DRYRUN,2026-08-30,CSM001xTSM001,86EA1C067905B9AD1AAE714019057602B454D578361EC3B15B3A6B14569D32A7,FUF001_FREE_US_EQUITY_250_V1,BC7879B3830C7327EB0A5779625A347C06826C47488F64326C7D0B2884CC741D,INCIDENT,broker,AUTH_FAILURE,account_status=NETWORK_FAIL
2026-08-30T10:00:09.914323+00:00,PAPER-2026-08-31-DRYRUN,2026-08-30,CSM001xTSM001,86EA1C067905B9AD1AAE714019057602B454D578361EC3B15B3A6B14569D32A7,FUF001_FREE_US_EQUITY_250_V1,BC7879B3830C7327EB0A5779625A347C06826C47488F64326C7D0B2884CC741D,INCIDENT,broker,POSITION_MISMATCH,positions_status=NETWORK_FAIL
2026-08-30T10:00:09.915324+00:00,PAPER-2026-08-31-DRYRUN,2026-08-30,CSM001xTSM001,86EA1C067905B9AD1AAE714019057602B454D578361EC3B15B3A6B14569D32A7,FUF001_FREE_US_EQUITY_250_V1,BC7879B3830C7327EB0A5779625A347C06826C47488F64326C7D0B2884CC741D,INCIDENT,broker,ORDER_MISMATCH,orders_status=NETWORK_FAIL
2026-08-30T10:00:09.915324+00:00,PAPER-2026-08-31-DRYRUN,2026-08-30,CSM001xTSM001,86EA1C067905B9AD1AAE714019057602B454D578361EC3B15B3A6B14569D32A7,FUF001_FREE_US_EQUITY_250_V1,BC7879B3830C7327EB0A5779625A347C06826C47488F64326C7D0B2884CC741D,RECONCILIATION_CHECK,positions,PASS,{}
2026-08-30T10:00:09.915324+00:00,PAPER-2026-08-31-DRYRUN,2026-08-30,CSM001xTSM001,86EA1C067905B9AD1AAE714019057602B454D578361EC3B15B3A6B14569D32A7,FUF001_FREE_US_EQUITY_250_V1,BC7879B3830C7327EB0A5779625A347C06826C47488F64326C7D0B2884CC741D,RECONCILIATION_CHECK,orders,PASS,{}
2026-08-30T10:00:09.916323+00:00,PAPER-2026-08-31-DRYRUN,2026-08-30,CSM001xTSM001,86EA1C067905B9AD1AAE714019057602B454D578361EC3B15B3A6B14569D32A7,FUF001_FREE_US_EQUITY_250_V1,BC7879B3830C7327EB0A5779625A347C06826C47488F64326C7D0B2884CC741D,ORDER_INTENTS_CREATED,order_intent,PASS,count=0
2026-08-30T10:00:09.916323+00:00,PAPER-2026-08-31-DRYRUN,2026-08-30,CSM001xTSM001,86EA1C067905B9AD1AAE714019057602B454D578361EC3B15B3A6B14569D32A7,FUF001_FREE_US_EQUITY_250_V1,BC7879B3830C7327EB0A5779625A347C06826C47488F64326C7D0B2884CC741D,RISK_GUARD_CHECK,risk,PASS,
2026-08-30T10:00:09.916323+00:00,PAPER-2026-08-31-DRYRUN,2026-08-30,CSM001xTSM001,86EA1C067905B9AD1AAE714019057602B454D578361EC3B15B3A6B14569D32A7,FUF001_FREE_US_EQUITY_250_V1,BC7879B3830C7327EB0A5779625A347C06826C47488F64326C7D0B2884CC741D,RISK_GUARD_CHECK,buying_power,PASS,required=0.00;available=0.00
2026-08-30T10:00:09.917322+00:00,PAPER-2026-08-31-DRYRUN,2026-08-30,CSM001xTSM001,86EA1C067905B9AD1AAE714019057602B454D578361EC3B15B3A6B14569D32A7,FUF001_FREE_US_EQUITY_250_V1,BC7879B3830C7327EB0A5779625A347C06826C47488F64326C7D0B2884CC741D,INCIDENT,timing,T_PLUS_1_TIMING_VIOLATION,signal=None;earliest=None;execution=None
2026-08-30T10:00:09.918323+00:00,PAPER-2026-08-31-DRYRUN,2026-08-30,CSM001xTSM001,86EA1C067905B9AD1AAE714019057602B454D578361EC3B15B3A6B14569D32A7,FUF001_FREE_US_EQUITY_250_V1,BC7879B3830C7327EB0A5779625A347C06826C47488F64326C7D0B2884CC741D,INCIDENT,timing,SCHEDULER_FAILURE,session=UNKNOWN
2026-08-30T10:00:09.918323+00:00,PAPER-2026-08-31-DRYRUN,2026-08-30,CSM001xTSM001,86EA1C067905B9AD1AAE714019057602B454D578361EC3B15B3A6B14569D32A7,FUF001_FREE_US_EQUITY_250_V1,BC7879B3830C7327EB0A5779625A347C06826C47488F64326C7D0B2884CC741D,DRY_RUN_BLOCK,submission_boundary,BLOCKED,BLOCKED_BY_GUARDS
2026-08-30T10:00:14.603155+00:00,PAPER-2026-08-25-DRYRUN,2026-08-30,CSM001xTSM001,86EA1C067905B9AD1AAE714019057602B454D578361EC3B15B3A6B14569D32A7,FUF001_FREE_US_EQUITY_250_V1,BC7879B3830C7327EB0A5779625A347C06826C47488F64326C7D0B2884CC741D,SESSION_CREATED,controller,PASS,Dry-run session created without PAPER_T0.
2026-08-30T10:00:14.622703+00:00,PAPER-2026-08-25-DRYRUN,2026-08-30,CSM001xTSM001,86EA1C067905B9AD1AAE714019057602B454D578361EC3B15B3A6B14569D32A7,FUF001_FREE_US_EQUITY_250_V1,BC7879B3830C7327EB0A5779625A347C06826C47488F64326C7D0B2884CC741D,READINESS_CHECK,universe,PASS,Canonical FUF hash checked.
2026-08-30T10:00:14.623670+00:00,PAPER-2026-08-25-DRYRUN,2026-08-30,CSM001xTSM001,86EA1C067905B9AD1AAE714019057602B454D578361EC3B15B3A6B14569D32A7,FUF001_FREE_US_EQUITY_250_V1,BC7879B3830C7327EB0A5779625A347C06826C47488F64326C7D0B2884CC741D,READINESS_CHECK,strategy,PASS,Frozen strategy hash checked.
2026-08-30T10:01:54.634032+00:00,PAPER-2026-08-25-DRYRUN,2026-08-25,CSM001xTSM001,86EA1C067905B9AD1AAE714019057602B454D578361EC3B15B3A6B14569D32A7,FUF001_FREE_US_EQUITY_250_V1,BC7879B3830C7327EB0A5779625A347C06826C47488F64326C7D0B2884CC741D,IDENTITY_RESOLUTION,identity_resolver,PASS,registry_hash=E77980C024FC6707;resolved_count=250
2026-08-30T10:02:38.761407+00:00,PAPER-2026-08-25-DRYRUN,2026-08-25,CSM001xTSM001,86EA1C067905B9AD1AAE714019057602B454D578361EC3B15B3A6B14569D32A7,FUF001_FREE_US_EQUITY_250_V1,BC7879B3830C7327EB0A5779625A347C06826C47488F64326C7D0B2884CC741D,INCIDENT,signal_pipeline,FUTURE_BAR,Current signal pipeline failed.
2026-08-30T10:02:38.761407+00:00,PAPER-2026-08-25-DRYRUN,2026-08-25,CSM001xTSM001,86EA1C067905B9AD1AAE714019057602B454D578361EC3B15B3A6B14569D32A7,FUF001_FREE_US_EQUITY_250_V1,BC7879B3830C7327EB0A5779625A347C06826C47488F64326C7D0B2884CC741D,INCIDENT,target_portfolio,FUTURE_BAR,Target portfolio invariant failed.
2026-08-30T10:02:38.762678+00:00,PAPER-2026-08-25-DRYRUN,2026-08-25,CSM001xTSM001,86EA1C067905B9AD1AAE714019057602B454D578361EC3B15B3A6B14569D32A7,FUF001_FREE_US_EQUITY_250_V1,BC7879B3830C7327EB0A5779625A347C06826C47488F64326C7D0B2884CC741D,SCHEDULE_CHECK,calendar,PASS,session=MARKET_OPEN
2026-08-30T10:02:38.762678+00:00,PAPER-2026-08-25-DRYRUN,2026-08-25,CSM001xTSM001,86EA1C067905B9AD1AAE714019057602B454D578361EC3B15B3A6B14569D32A7,FUF001_FREE_US_EQUITY_250_V1,BC7879B3830C7327EB0A5779625A347C06826C47488F64326C7D0B2884CC741D,DATA_FRESHNESS_CHECK,alpaca_daily_bars,PASS,fresh=250;stale=0;inactive=0
2026-08-30T10:02:38.762678+00:00,PAPER-2026-08-25-DRYRUN,2026-08-25,CSM001xTSM001,86EA1C067905B9AD1AAE714019057602B454D578361EC3B15B3A6B14569D32A7,FUF001_FREE_US_EQUITY_250_V1,BC7879B3830C7327EB0A5779625A347C06826C47488F64326C7D0B2884CC741D,ELIGIBILITY_CHECK,csm,PASS,eligible_count=249
2026-08-30T10:02:39.977419+00:00,PAPER-2026-08-25-DRYRUN,2026-08-25,CSM001xTSM001,86EA1C067905B9AD1AAE714019057602B454D578361EC3B15B3A6B14569D32A7,FUF001_FREE_US_EQUITY_250_V1,BC7879B3830C7327EB0A5779625A347C06826C47488F64326C7D0B2884CC741D,RECONCILIATION_CHECK,positions,PASS,"{""AAOI"": ""MISSING_BROKER"", ""ACMR"": ""MISSING_BROKER"", ""ACRS"": ""MISSING_BROKER"", ""AEIS"": ""MISSING_BROKER"", ""AMAT"": ""MISSING_BROKER"", ""AMD"": ""MISSING_BROKER"", ""AMKR"": ""MISSING_BROKER"", ""AMRX"": ""MISSING_BROKER"", ""ANAB"": ""MISSING_BROKER"", ""ANNX"": ""MISSING_BROKER"", ""APPS"": ""MISSING_BROKER"", ""ARCB"": ""MISSING_BROKER"", ""ARWR"": ""MISSING_BROKER"", ""ASML"": ""MISSING_BROKER"", ""ATEX"": ""MISSING_BROKER"", ""ATRO"": ""MISSING_BROKER"", ""AXGN"": ""MISSING_BROKER"", ""AXSM"": ""MISSING_BROKER"", ""AXTI"": ""MISSING_BROKER"", ""BAND"": ""MISSING_BROKER"", ""BELFB"": ""MISSING_BROKER"", ""BJRI"": ""MISSING_BROKER"", ""CDNA"": ""MISSING_BROKER"", ""CENX"": ""MISSING_BROKER"", ""CERS"": ""MISSING_BROKER""}"
2026-08-30T10:02:39.978406+00:00,PAPER-2026-08-25-DRYRUN,2026-08-25,CSM001xTSM001,86EA1C067905B9AD1AAE714019057602B454D578361EC3B15B3A6B14569D32A7,FUF001_FREE_US_EQUITY_250_V1,BC7879B3830C7327EB0A5779625A347C06826C47488F64326C7D0B2884CC741D,RECONCILIATION_CHECK,orders,PASS,"{""CSM001xTSM001-2026-08-25-AAOI-BUY-001"": ""INTENT_ONLY"", ""CSM001xTSM001-2026-08-25-ACMR-BUY-002"": ""INTENT_ONLY"", ""CSM001xTSM001-2026-08-25-ACRS-BUY-003"": ""INTENT_ONLY"", ""CSM001xTSM001-2026-08-25-AEIS-BUY-004"": ""INTENT_ONLY"", ""CSM001xTSM001-2026-08-25-AMAT-BUY-005"": ""INTENT_ONLY"", ""CSM001xTSM001-2026-08-25-AMD-BUY-006"": ""INTENT_ONLY"", ""CSM001xTSM001-2026-08-25-AMKR-BUY-007"": ""INTENT_ONLY"", ""CSM001xTSM001-2026-08-25-AMRX-BUY-008"": ""INTENT_ONLY"", ""CSM001xTSM001-2026-08-25-ANAB-BUY-009"": ""INTENT_ONLY"", ""CSM001xTSM001-2026-08-25-ANNX-BUY-010"": ""INTENT_ONLY"", ""CSM001xTSM001-2026-08-25-APPS-BUY-011"": ""INTENT_ONLY"", ""CSM001xTSM001-2026-08-25-ARCB-BUY-012"": ""INTENT_ONLY"", ""CSM001xTSM001-2026-08-25-ARWR-BUY-013"": ""INTENT_ONLY"", ""CSM001xTSM001-2026-08-25-ASML-BUY-014"": ""INTENT_ONLY"", ""CSM001xTSM001-2026-08-25-ATEX-BUY-015"": ""INTENT_ONLY"", ""CSM001xTSM001-2026-08-25-ATRO-BUY-016"": ""INTENT_ONLY"", ""CSM001xTSM001-2026-08-25-AXGN-BUY-017"": ""INTENT_ONLY"", ""CSM001xTSM001-2026-08-25-AXSM-BUY-018"": ""INTENT_ONLY"", ""CSM001xTSM001-2026-08-25-AXTI-BUY-019"": ""INTENT_ONLY"", ""CSM001xTSM001-2026-08-25-BAND-BUY-020"": ""INTENT_ONLY"", ""CSM001xTSM001-2026-08-25-BELFB-BUY-021"": ""INTENT_ONLY"", ""CSM001xTSM001-2026-08-25-BJRI-BUY-022"": ""INTENT_ONLY"", ""CSM001xTSM001-2026-08-25-CDNA-BUY-023"": ""INTENT_ONLY"", ""CSM001xTSM001-2026-08-25-CENX-BUY-024"": ""INTENT_ONLY"", ""CSM001xTSM001-2026-08-25-CERS-BUY-025"": ""INTENT_ONLY""}"
2026-08-30T10:02:39.991290+00:00,PAPER-2026-08-25-DRYRUN,2026-08-25,CSM001xTSM001,86EA1C067905B9AD1AAE714019057602B454D578361EC3B15B3A6B14569D32A7,FUF001_FREE_US_EQUITY_250_V1,BC7879B3830C7327EB0A5779625A347C06826C47488F64326C7D0B2884CC741D,ORDER_INTENTS_CREATED,order_intent,PASS,count=25
2026-08-30T10:02:39.991290+00:00,PAPER-2026-08-25-DRYRUN,2026-08-25,CSM001xTSM001,86EA1C067905B9AD1AAE714019057602B454D578361EC3B15B3A6B14569D32A7,FUF001_FREE_US_EQUITY_250_V1,BC7879B3830C7327EB0A5779625A347C06826C47488F64326C7D0B2884CC741D,RISK_GUARD_CHECK,risk,PASS,
2026-08-30T10:02:39.991290+00:00,PAPER-2026-08-25-DRYRUN,2026-08-25,CSM001xTSM001,86EA1C067905B9AD1AAE714019057602B454D578361EC3B15B3A6B14569D32A7,FUF001_FREE_US_EQUITY_250_V1,BC7879B3830C7327EB0A5779625A347C06826C47488F64326C7D0B2884CC741D,RISK_GUARD_CHECK,buying_power,PASS,required=100000.00;available=400000.00
2026-08-30T10:02:39.992269+00:00,PAPER-2026-08-25-DRYRUN,2026-08-25,CSM001xTSM001,86EA1C067905B9AD1AAE714019057602B454D578361EC3B15B3A6B14569D32A7,FUF001_FREE_US_EQUITY_250_V1,BC7879B3830C7327EB0A5779625A347C06826C47488F64326C7D0B2884CC741D,INCIDENT,timing,T_PLUS_1_TIMING_VIOLATION,signal=2026-08-25;earliest=2026-08-26;execution=2026-08-25
2026-08-30T10:02:39.992269+00:00,PAPER-2026-08-25-DRYRUN,2026-08-25,CSM001xTSM001,86EA1C067905B9AD1AAE714019057602B454D578361EC3B15B3A6B14569D32A7,FUF001_FREE_US_EQUITY_250_V1,BC7879B3830C7327EB0A5779625A347C06826C47488F64326C7D0B2884CC741D,DRY_RUN_BLOCK,submission_boundary,BLOCKED,BLOCKED_BY_GUARDS
2026-08-30T10:02:41.205599+00:00,PAPER-2026-08-25-DRYRUN,2026-08-30,CSM001xTSM001,86EA1C067905B9AD1AAE714019057602B454D578361EC3B15B3A6B14569D32A7,FUF001_FREE_US_EQUITY_250_V1,BC7879B3830C7327EB0A5779625A347C06826C47488F64326C7D0B2884CC741D,SESSION_CREATED,controller,PASS,Dry-run session created without PAPER_T0.
2026-08-30T10:02:41.221880+00:00,PAPER-2026-08-25-DRYRUN,2026-08-30,CSM001xTSM001,86EA1C067905B9AD1AAE714019057602B454D578361EC3B15B3A6B14569D32A7,FUF001_FREE_US_EQUITY_250_V1,BC7879B3830C7327EB0A5779625A347C06826C47488F64326C7D0B2884CC741D,READINESS_CHECK,universe,PASS,Canonical FUF hash checked.
2026-08-30T10:02:41.221880+00:00,PAPER-2026-08-25-DRYRUN,2026-08-30,CSM001xTSM001,86EA1C067905B9AD1AAE714019057602B454D578361EC3B15B3A6B14569D32A7,FUF001_FREE_US_EQUITY_250_V1,BC7879B3830C7327EB0A5779625A347C06826C47488F64326C7D0B2884CC741D,READINESS_CHECK,strategy,PASS,Frozen strategy hash checked.
2026-08-30T10:04:21.233280+00:00,PAPER-2026-08-25-DRYRUN,2026-08-25,CSM001xTSM001,86EA1C067905B9AD1AAE714019057602B454D578361EC3B15B3A6B14569D32A7,FUF001_FREE_US_EQUITY_250_V1,BC7879B3830C7327EB0A5779625A347C06826C47488F64326C7D0B2884CC741D,IDENTITY_RESOLUTION,identity_resolver,PASS,registry_hash=E77980C024FC6707;resolved_count=250
2026-08-30T10:05:05.755432+00:00,PAPER-2026-08-25-DRYRUN,2026-08-25,CSM001xTSM001,86EA1C067905B9AD1AAE714019057602B454D578361EC3B15B3A6B14569D32A7,FUF001_FREE_US_EQUITY_250_V1,BC7879B3830C7327EB0A5779625A347C06826C47488F64326C7D0B2884CC741D,INCIDENT,signal_pipeline,FUTURE_BAR,Current signal pipeline failed.
2026-08-30T10:05:05.756435+00:00,PAPER-2026-08-25-DRYRUN,2026-08-25,CSM001xTSM001,86EA1C067905B9AD1AAE714019057602B454D578361EC3B15B3A6B14569D32A7,FUF001_FREE_US_EQUITY_250_V1,BC7879B3830C7327EB0A5779625A347C06826C47488F64326C7D0B2884CC741D,INCIDENT,target_portfolio,FUTURE_BAR,Target portfolio invariant failed.
2026-08-30T10:05:05.757431+00:00,PAPER-2026-08-25-DRYRUN,2026-08-25,CSM001xTSM001,86EA1C067905B9AD1AAE714019057602B454D578361EC3B15B3A6B14569D32A7,FUF001_FREE_US_EQUITY_250_V1,BC7879B3830C7327EB0A5779625A347C06826C47488F64326C7D0B2884CC741D,SCHEDULE_CHECK,calendar,PASS,session=MARKET_OPEN
2026-08-30T10:05:05.758433+00:00,PAPER-2026-08-25-DRYRUN,2026-08-25,CSM001xTSM001,86EA1C067905B9AD1AAE714019057602B454D578361EC3B15B3A6B14569D32A7,FUF001_FREE_US_EQUITY_250_V1,BC7879B3830C7327EB0A5779625A347C06826C47488F64326C7D0B2884CC741D,DATA_FRESHNESS_CHECK,alpaca_daily_bars,PASS,fresh=250;stale=0;inactive=0
2026-08-30T10:05:05.758433+00:00,PAPER-2026-08-25-DRYRUN,2026-08-25,CSM001xTSM001,86EA1C067905B9AD1AAE714019057602B454D578361EC3B15B3A6B14569D32A7,FUF001_FREE_US_EQUITY_250_V1,BC7879B3830C7327EB0A5779625A347C06826C47488F64326C7D0B2884CC741D,ELIGIBILITY_CHECK,csm,PASS,eligible_count=249
2026-08-30T10:05:06.956711+00:00,PAPER-2026-08-25-DRYRUN,2026-08-25,CSM001xTSM001,86EA1C067905B9AD1AAE714019057602B454D578361EC3B15B3A6B14569D32A7,FUF001_FREE_US_EQUITY_250_V1,BC7879B3830C7327EB0A5779625A347C06826C47488F64326C7D0B2884CC741D,RECONCILIATION_CHECK,positions,PASS,"{""AAOI"": ""MISSING_BROKER"", ""ACMR"": ""MISSING_BROKER"", ""ACRS"": ""MISSING_BROKER"", ""AEIS"": ""MISSING_BROKER"", ""AMAT"": ""MISSING_BROKER"", ""AMD"": ""MISSING_BROKER"", ""AMKR"": ""MISSING_BROKER"", ""AMRX"": ""MISSING_BROKER"", ""ANAB"": ""MISSING_BROKER"", ""ANNX"": ""MISSING_BROKER"", ""APPS"": ""MISSING_BROKER"", ""ARCB"": ""MISSING_BROKER"", ""ARWR"": ""MISSING_BROKER"", ""ASML"": ""MISSING_BROKER"", ""ATEX"": ""MISSING_BROKER"", ""ATRO"": ""MISSING_BROKER"", ""AXGN"": ""MISSING_BROKER"", ""AXSM"": ""MISSING_BROKER"", ""AXTI"": ""MISSING_BROKER"", ""BAND"": ""MISSING_BROKER"", ""BELFB"": ""MISSING_BROKER"", ""BJRI"": ""MISSING_BROKER"", ""CDNA"": ""MISSING_BROKER"", ""CENX"": ""MISSING_BROKER"", ""CERS"": ""MISSING_BROKER""}"
2026-08-30T10:05:06.957746+00:00,PAPER-2026-08-25-DRYRUN,2026-08-25,CSM001xTSM001,86EA1C067905B9AD1AAE714019057602B454D578361EC3B15B3A6B14569D32A7,FUF001_FREE_US_EQUITY_250_V1,BC7879B3830C7327EB0A5779625A347C06826C47488F64326C7D0B2884CC741D,RECONCILIATION_CHECK,orders,PASS,"{""CSM001xTSM001-2026-08-25-AAOI-BUY-001"": ""INTENT_ONLY"", ""CSM001xTSM001-2026-08-25-ACMR-BUY-002"": ""INTENT_ONLY"", ""CSM001xTSM001-2026-08-25-ACRS-BUY-003"": ""INTENT_ONLY"", ""CSM001xTSM001-2026-08-25-AEIS-BUY-004"": ""INTENT_ONLY"", ""CSM001xTSM001-2026-08-25-AMAT-BUY-005"": ""INTENT_ONLY"", ""CSM001xTSM001-2026-08-25-AMD-BUY-006"": ""INTENT_ONLY"", ""CSM001xTSM001-2026-08-25-AMKR-BUY-007"": ""INTENT_ONLY"", ""CSM001xTSM001-2026-08-25-AMRX-BUY-008"": ""INTENT_ONLY"", ""CSM001xTSM001-2026-08-25-ANAB-BUY-009"": ""INTENT_ONLY"", ""CSM001xTSM001-2026-08-25-ANNX-BUY-010"": ""INTENT_ONLY"", ""CSM001xTSM001-2026-08-25-APPS-BUY-011"": ""INTENT_ONLY"", ""CSM001xTSM001-2026-08-25-ARCB-BUY-012"": ""INTENT_ONLY"", ""CSM001xTSM001-2026-08-25-ARWR-BUY-013"": ""INTENT_ONLY"", ""CSM001xTSM001-2026-08-25-ASML-BUY-014"": ""INTENT_ONLY"", ""CSM001xTSM001-2026-08-25-ATEX-BUY-015"": ""INTENT_ONLY"", ""CSM001xTSM001-2026-08-25-ATRO-BUY-016"": ""INTENT_ONLY"", ""CSM001xTSM001-2026-08-25-AXGN-BUY-017"": ""INTENT_ONLY"", ""CSM001xTSM001-2026-08-25-AXSM-BUY-018"": ""INTENT_ONLY"", ""CSM001xTSM001-2026-08-25-AXTI-BUY-019"": ""INTENT_ONLY"", ""CSM001xTSM001-2026-08-25-BAND-BUY-020"": ""INTENT_ONLY"", ""CSM001xTSM001-2026-08-25-BELFB-BUY-021"": ""INTENT_ONLY"", ""CSM001xTSM001-2026-08-25-BJRI-BUY-022"": ""INTENT_ONLY"", ""CSM001xTSM001-2026-08-25-CDNA-BUY-023"": ""INTENT_ONLY"", ""CSM001xTSM001-2026-08-25-CENX-BUY-024"": ""INTENT_ONLY"", ""CSM001xTSM001-2026-08-25-CERS-BUY-025"": ""INTENT_ONLY""}"
2026-08-30T10:05:06.965986+00:00,PAPER-2026-08-25-DRYRUN,2026-08-25,CSM001xTSM001,86EA1C067905B9AD1AAE714019057602B454D578361EC3B15B3A6B14569D32A7,FUF001_FREE_US_EQUITY_250_V1,BC7879B3830C7327EB0A5779625A347C06826C47488F64326C7D0B2884CC741D,ORDER_INTENTS_CREATED,order_intent,PASS,count=25
2026-08-30T10:05:06.966986+00:00,PAPER-2026-08-25-DRYRUN,2026-08-25,CSM001xTSM001,86EA1C067905B9AD1AAE714019057602B454D578361EC3B15B3A6B14569D32A7,FUF001_FREE_US_EQUITY_250_V1,BC7879B3830C7327EB0A5779625A347C06826C47488F64326C7D0B2884CC741D,RISK_GUARD_CHECK,risk,PASS,
2026-08-30T10:05:06.966986+00:00,PAPER-2026-08-25-DRYRUN,2026-08-25,CSM001xTSM001,86EA1C067905B9AD1AAE714019057602B454D578361EC3B15B3A6B14569D32A7,FUF001_FREE_US_EQUITY_250_V1,BC7879B3830C7327EB0A5779625A347C06826C47488F64326C7D0B2884CC741D,RISK_GUARD_CHECK,buying_power,PASS,required=100000.00;available=400000.00
2026-08-30T10:05:06.966986+00:00,PAPER-2026-08-25-DRYRUN,2026-08-25,CSM001xTSM001,86EA1C067905B9AD1AAE714019057602B454D578361EC3B15B3A6B14569D32A7,FUF001_FREE_US_EQUITY_250_V1,BC7879B3830C7327EB0A5779625A347C06826C47488F64326C7D0B2884CC741D,INCIDENT,timing,T_PLUS_1_TIMING_VIOLATION,signal=2026-08-25;earliest=2026-08-26;execution=2026-08-25
2026-08-30T10:05:06.967987+00:00,PAPER-2026-08-25-DRYRUN,2026-08-25,CSM001xTSM001,86EA1C067905B9AD1AAE714019057602B454D578361EC3B15B3A6B14569D32A7,FUF001_FREE_US_EQUITY_250_V1,BC7879B3830C7327EB0A5779625A347C06826C47488F64326C7D0B2884CC741D,DRY_RUN_BLOCK,submission_boundary,BLOCKED,BLOCKED_BY_GUARDS
2026-08-30T10:05:08.166159+00:00,PAPER-2026-08-25-DRYRUN,2026-08-30,CSM001xTSM001,86EA1C067905B9AD1AAE714019057602B454D578361EC3B15B3A6B14569D32A7,FUF001_FREE_US_EQUITY_250_V1,BC7879B3830C7327EB0A5779625A347C06826C47488F64326C7D0B2884CC741D,SESSION_CREATED,controller,PASS,Dry-run session created without PAPER_T0.
2026-08-30T10:05:08.180235+00:00,PAPER-2026-08-25-DRYRUN,2026-08-30,CSM001xTSM001,86EA1C067905B9AD1AAE714019057602B454D578361EC3B15B3A6B14569D32A7,FUF001_FREE_US_EQUITY_250_V1,BC7879B3830C7327EB0A5779625A347C06826C47488F64326C7D0B2884CC741D,READINESS_CHECK,universe,PASS,Canonical FUF hash checked.
2026-08-30T10:05:08.180235+00:00,PAPER-2026-08-25-DRYRUN,2026-08-30,CSM001xTSM001,86EA1C067905B9AD1AAE714019057602B454D578361EC3B15B3A6B14569D32A7,FUF001_FREE_US_EQUITY_250_V1,BC7879B3830C7327EB0A5779625A347C06826C47488F64326C7D0B2884CC741D,READINESS_CHECK,strategy,PASS,Frozen strategy hash checked.
2026-08-30T10:06:48.092522+00:00,PAPER-2026-08-25-DRYRUN,2026-08-25,CSM001xTSM001,86EA1C067905B9AD1AAE714019057602B454D578361EC3B15B3A6B14569D32A7,FUF001_FREE_US_EQUITY_250_V1,BC7879B3830C7327EB0A5779625A347C06826C47488F64326C7D0B2884CC741D,IDENTITY_RESOLUTION,identity_resolver,PASS,registry_hash=E77980C024FC6707;resolved_count=250
2026-08-30T10:07:31.543790+00:00,PAPER-2026-08-25-DRYRUN,2026-08-25,CSM001xTSM001,86EA1C067905B9AD1AAE714019057602B454D578361EC3B15B3A6B14569D32A7,FUF001_FREE_US_EQUITY_250_V1,BC7879B3830C7327EB0A5779625A347C06826C47488F64326C7D0B2884CC741D,INCIDENT,signal_pipeline,FUTURE_BAR,Current signal pipeline failed.
2026-08-30T10:07:31.544755+00:00,PAPER-2026-08-25-DRYRUN,2026-08-25,CSM001xTSM001,86EA1C067905B9AD1AAE714019057602B454D578361EC3B15B3A6B14569D32A7,FUF001_FREE_US_EQUITY_250_V1,BC7879B3830C7327EB0A5779625A347C06826C47488F64326C7D0B2884CC741D,INCIDENT,target_portfolio,FUTURE_BAR,Target portfolio invariant failed.
2026-08-30T10:07:31.545754+00:00,PAPER-2026-08-25-DRYRUN,2026-08-25,CSM001xTSM001,86EA1C067905B9AD1AAE714019057602B454D578361EC3B15B3A6B14569D32A7,FUF001_FREE_US_EQUITY_250_V1,BC7879B3830C7327EB0A5779625A347C06826C47488F64326C7D0B2884CC741D,SCHEDULE_CHECK,calendar,PASS,session=MARKET_OPEN
2026-08-30T10:07:31.545754+00:00,PAPER-2026-08-25-DRYRUN,2026-08-25,CSM001xTSM001,86EA1C067905B9AD1AAE714019057602B454D578361EC3B15B3A6B14569D32A7,FUF001_FREE_US_EQUITY_250_V1,BC7879B3830C7327EB0A5779625A347C06826C47488F64326C7D0B2884CC741D,DATA_FRESHNESS_CHECK,alpaca_daily_bars,PASS,fresh=250;stale=0;inactive=0
2026-08-30T10:07:31.545754+00:00,PAPER-2026-08-25-DRYRUN,2026-08-25,CSM001xTSM001,86EA1C067905B9AD1AAE714019057602B454D578361EC3B15B3A6B14569D32A7,FUF001_FREE_US_EQUITY_250_V1,BC7879B3830C7327EB0A5779625A347C06826C47488F64326C7D0B2884CC741D,ELIGIBILITY_CHECK,csm,PASS,eligible_count=249
2026-08-30T10:07:32.715631+00:00,PAPER-2026-08-25-DRYRUN,2026-08-25,CSM001xTSM001,86EA1C067905B9AD1AAE714019057602B454D578361EC3B15B3A6B14569D32A7,FUF001_FREE_US_EQUITY_250_V1,BC7879B3830C7327EB0A5779625A347C06826C47488F64326C7D0B2884CC741D,RECONCILIATION_CHECK,positions,PASS,"{""AAOI"": ""MISSING_BROKER"", ""ACMR"": ""MISSING_BROKER"", ""ACRS"": ""MISSING_BROKER"", ""AEIS"": ""MISSING_BROKER"", ""AMAT"": ""MISSING_BROKER"", ""AMD"": ""MISSING_BROKER"", ""AMKR"": ""MISSING_BROKER"", ""AMRX"": ""MISSING_BROKER"", ""ANAB"": ""MISSING_BROKER"", ""ANNX"": ""MISSING_BROKER"", ""APPS"": ""MISSING_BROKER"", ""ARCB"": ""MISSING_BROKER"", ""ARWR"": ""MISSING_BROKER"", ""ASML"": ""MISSING_BROKER"", ""ATEX"": ""MISSING_BROKER"", ""ATRO"": ""MISSING_BROKER"", ""AXGN"": ""MISSING_BROKER"", ""AXSM"": ""MISSING_BROKER"", ""AXTI"": ""MISSING_BROKER"", ""BAND"": ""MISSING_BROKER"", ""BELFB"": ""MISSING_BROKER"", ""BJRI"": ""MISSING_BROKER"", ""CDNA"": ""MISSING_BROKER"", ""CENX"": ""MISSING_BROKER"", ""CERS"": ""MISSING_BROKER""}"
2026-08-30T10:07:32.715631+00:00,PAPER-2026-08-25-DRYRUN,2026-08-25,CSM001xTSM001,86EA1C067905B9AD1AAE714019057602B454D578361EC3B15B3A6B14569D32A7,FUF001_FREE_US_EQUITY_250_V1,BC7879B3830C7327EB0A5779625A347C06826C47488F64326C7D0B2884CC741D,RECONCILIATION_CHECK,orders,PASS,"{""CSM001xTSM001-2026-08-25-AAOI-BUY-001"": ""INTENT_ONLY"", ""CSM001xTSM001-2026-08-25-ACMR-BUY-002"": ""INTENT_ONLY"", ""CSM001xTSM001-2026-08-25-ACRS-BUY-003"": ""INTENT_ONLY"", ""CSM001xTSM001-2026-08-25-AEIS-BUY-004"": ""INTENT_ONLY"", ""CSM001xTSM001-2026-08-25-AMAT-BUY-005"": ""INTENT_ONLY"", ""CSM001xTSM001-2026-08-25-AMD-BUY-006"": ""INTENT_ONLY"", ""CSM001xTSM001-2026-08-25-AMKR-BUY-007"": ""INTENT_ONLY"", ""CSM001xTSM001-2026-08-25-AMRX-BUY-008"": ""INTENT_ONLY"", ""CSM001xTSM001-2026-08-25-ANAB-BUY-009"": ""INTENT_ONLY"", ""CSM001xTSM001-2026-08-25-ANNX-BUY-010"": ""INTENT_ONLY"", ""CSM001xTSM001-2026-08-25-APPS-BUY-011"": ""INTENT_ONLY"", ""CSM001xTSM001-2026-08-25-ARCB-BUY-012"": ""INTENT_ONLY"", ""CSM001xTSM001-2026-08-25-ARWR-BUY-013"": ""INTENT_ONLY"", ""CSM001xTSM001-2026-08-25-ASML-BUY-014"": ""INTENT_ONLY"", ""CSM001xTSM001-2026-08-25-ATEX-BUY-015"": ""INTENT_ONLY"", ""CSM001xTSM001-2026-08-25-ATRO-BUY-016"": ""INTENT_ONLY"", ""CSM001xTSM001-2026-08-25-AXGN-BUY-017"": ""INTENT_ONLY"", ""CSM001xTSM001-2026-08-25-AXSM-BUY-018"": ""INTENT_ONLY"", ""CSM001xTSM001-2026-08-25-AXTI-BUY-019"": ""INTENT_ONLY"", ""CSM001xTSM001-2026-08-25-BAND-BUY-020"": ""INTENT_ONLY"", ""CSM001xTSM001-2026-08-25-BELFB-BUY-021"": ""INTENT_ONLY"", ""CSM001xTSM001-2026-08-25-BJRI-BUY-022"": ""INTENT_ONLY"", ""CSM001xTSM001-2026-08-25-CDNA-BUY-023"": ""INTENT_ONLY"", ""CSM001xTSM001-2026-08-25-CENX-BUY-024"": ""INTENT_ONLY"", ""CSM001xTSM001-2026-08-25-CERS-BUY-025"": ""INTENT_ONLY""}"
2026-08-30T10:07:32.726237+00:00,PAPER-2026-08-25-DRYRUN,2026-08-25,CSM001xTSM001,86EA1C067905B9AD1AAE714019057602B454D578361EC3B15B3A6B14569D32A7,FUF001_FREE_US_EQUITY_250_V1,BC7879B3830C7327EB0A5779625A347C06826C47488F64326C7D0B2884CC741D,ORDER_INTENTS_CREATED,order_intent,PASS,count=25
2026-08-30T10:07:32.727239+00:00,PAPER-2026-08-25-DRYRUN,2026-08-25,CSM001xTSM001,86EA1C067905B9AD1AAE714019057602B454D578361EC3B15B3A6B14569D32A7,FUF001_FREE_US_EQUITY_250_V1,BC7879B3830C7327EB0A5779625A347C06826C47488F64326C7D0B2884CC741D,RISK_GUARD_CHECK,risk,PASS,
2026-08-30T10:07:32.727239+00:00,PAPER-2026-08-25-DRYRUN,2026-08-25,CSM001xTSM001,86EA1C067905B9AD1AAE714019057602B454D578361EC3B15B3A6B14569D32A7,FUF001_FREE_US_EQUITY_250_V1,BC7879B3830C7327EB0A5779625A347C06826C47488F64326C7D0B2884CC741D,RISK_GUARD_CHECK,buying_power,PASS,required=100000.00;available=400000.00
2026-08-30T10:07:32.728248+00:00,PAPER-2026-08-25-DRYRUN,2026-08-25,CSM001xTSM001,86EA1C067905B9AD1AAE714019057602B454D578361EC3B15B3A6B14569D32A7,FUF001_FREE_US_EQUITY_250_V1,BC7879B3830C7327EB0A5779625A347C06826C47488F64326C7D0B2884CC741D,INCIDENT,timing,T_PLUS_1_TIMING_VIOLATION,signal=2026-08-25;earliest=2026-08-26;execution=2026-08-25
2026-08-30T10:07:32.728248+00:00,PAPER-2026-08-25-DRYRUN,2026-08-25,CSM001xTSM001,86EA1C067905B9AD1AAE714019057602B454D578361EC3B15B3A6B14569D32A7,FUF001_FREE_US_EQUITY_250_V1,BC7879B3830C7327EB0A5779625A347C06826C47488F64326C7D0B2884CC741D,DRY_RUN_BLOCK,submission_boundary,BLOCKED,BLOCKED_BY_GUARDS
2026-08-31T20:30:05.407200+00:00,PAPER-2026-08-31-DRYRUN,2026-08-31,CSM001xTSM001,86EA1C067905B9AD1AAE714019057602B454D578361EC3B15B3A6B14569D32A7,FUF001_FREE_US_EQUITY_250_V1,BC7879B3830C7327EB0A5779625A347C06826C47488F64326C7D0B2884CC741D,SESSION_CREATED,controller,PASS,Dry-run session created without PAPER_T0.
2026-08-31T20:30:05.438802+00:00,PAPER-2026-08-31-DRYRUN,2026-08-31,CSM001xTSM001,86EA1C067905B9AD1AAE714019057602B454D578361EC3B15B3A6B14569D32A7,FUF001_FREE_US_EQUITY_250_V1,BC7879B3830C7327EB0A5779625A347C06826C47488F64326C7D0B2884CC741D,READINESS_CHECK,universe,PASS,Canonical FUF hash checked.
2026-08-31T20:30:05.438802+00:00,PAPER-2026-08-31-DRYRUN,2026-08-31,CSM001xTSM001,86EA1C067905B9AD1AAE714019057602B454D578361EC3B15B3A6B14569D32A7,FUF001_FREE_US_EQUITY_250_V1,BC7879B3830C7327EB0A5779625A347C06826C47488F64326C7D0B2884CC741D,READINESS_CHECK,strategy,PASS,Frozen strategy hash checked.
2026-08-31T20:31:45.855373+00:00,PAPER-2026-08-31-DRYRUN,2026-08-31,CSM001xTSM001,86EA1C067905B9AD1AAE714019057602B454D578361EC3B15B3A6B14569D32A7,FUF001_FREE_US_EQUITY_250_V1,BC7879B3830C7327EB0A5779625A347C06826C47488F64326C7D0B2884CC741D,IDENTITY_RESOLUTION,identity_resolver,PASS,registry_hash=E77980C024FC6707;resolved_count=250
2026-08-31T20:32:23.715862+00:00,PAPER-2026-08-31-DRYRUN,2026-08-31,CSM001xTSM001,86EA1C067905B9AD1AAE714019057602B454D578361EC3B15B3A6B14569D32A7,FUF001_FREE_US_EQUITY_250_V1,BC7879B3830C7327EB0A5779625A347C06826C47488F64326C7D0B2884CC741D,SCHEDULE_CHECK,calendar,PASS,session=POST_CLOSE
2026-08-31T20:32:23.715862+00:00,PAPER-2026-08-31-DRYRUN,2026-08-31,CSM001xTSM001,86EA1C067905B9AD1AAE714019057602B454D578361EC3B15B3A6B14569D32A7,FUF001_FREE_US_EQUITY_250_V1,BC7879B3830C7327EB0A5779625A347C06826C47488F64326C7D0B2884CC741D,DATA_FRESHNESS_CHECK,alpaca_daily_bars,PASS,fresh=250;stale=0;inactive=0
2026-08-31T20:32:23.715862+00:00,PAPER-2026-08-31-DRYRUN,2026-08-31,CSM001xTSM001,86EA1C067905B9AD1AAE714019057602B454D578361EC3B15B3A6B14569D32A7,FUF001_FREE_US_EQUITY_250_V1,BC7879B3830C7327EB0A5779625A347C06826C47488F64326C7D0B2884CC741D,ELIGIBILITY_CHECK,csm,PASS,eligible_count=249
2026-08-31T20:32:24.912145+00:00,PAPER-2026-08-31-DRYRUN,2026-08-31,CSM001xTSM001,86EA1C067905B9AD1AAE714019057602B454D578361EC3B15B3A6B14569D32A7,FUF001_FREE_US_EQUITY_250_V1,BC7879B3830C7327EB0A5779625A347C06826C47488F64326C7D0B2884CC741D,RECONCILIATION_CHECK,positions,PASS,"{""AAOI"": ""MISSING_BROKER"", ""ACMR"": ""MISSING_BROKER"", ""ACRS"": ""MISSING_BROKER"", ""AMAT"": ""MISSING_BROKER"", ""AMD"": ""MISSING_BROKER"", ""AMKR"": ""MISSING_BROKER"", ""AMRX"": ""MISSING_BROKER"", ""ANAB"": ""MISSING_BROKER"", ""ANIK"": ""MISSING_BROKER"", ""ANNX"": ""MISSING_BROKER"", ""APPS"": ""MISSING_BROKER"", ""ARCB"": ""MISSING_BROKER"", ""ARWR"": ""MISSING_BROKER"", ""ASML"": ""MISSING_BROKER"", ""ATEX"": ""MISSING_BROKER"", ""ATRO"": ""MISSING_BROKER"", ""AXGN"": ""MISSING_BROKER"", ""AXTI"": ""MISSING_BROKER"", ""BAND"": ""MISSING_BROKER"", ""BELFB"": ""MISSING_BROKER"", ""BJRI"": ""MISSING_BROKER"", ""BRKR"": ""MISSING_BROKER"", ""CALY"": ""MISSING_BROKER"", ""CDNA"": ""MISSING_BROKER"", ""CENX"": ""MISSING_BROKER""}"
2026-08-31T20:32:24.912145+00:00,PAPER-2026-08-31-DRYRUN,2026-08-31,CSM001xTSM001,86EA1C067905B9AD1AAE714019057602B454D578361EC3B15B3A6B14569D32A7,FUF001_FREE_US_EQUITY_250_V1,BC7879B3830C7327EB0A5779625A347C06826C47488F64326C7D0B2884CC741D,RECONCILIATION_CHECK,orders,PASS,"{""CSM001xTSM001-2026-08-31-AAOI-BUY-001"": ""INTENT_ONLY"", ""CSM001xTSM001-2026-08-31-ACMR-BUY-002"": ""INTENT_ONLY"", ""CSM001xTSM001-2026-08-31-ACRS-BUY-003"": ""INTENT_ONLY"", ""CSM001xTSM001-2026-08-31-AMAT-BUY-004"": ""INTENT_ONLY"", ""CSM001xTSM001-2026-08-31-AMD-BUY-005"": ""INTENT_ONLY"", ""CSM001xTSM001-2026-08-31-AMKR-BUY-006"": ""INTENT_ONLY"", ""CSM001xTSM001-2026-08-31-AMRX-BUY-007"": ""INTENT_ONLY"", ""CSM001xTSM001-2026-08-31-ANAB-BUY-008"": ""INTENT_ONLY"", ""CSM001xTSM001-2026-08-31-ANIK-BUY-009"": ""INTENT_ONLY"", ""CSM001xTSM001-2026-08-31-ANNX-BUY-010"": ""INTENT_ONLY"", ""CSM001xTSM001-2026-08-31-APPS-BUY-011"": ""INTENT_ONLY"", ""CSM001xTSM001-2026-08-31-ARCB-BUY-012"": ""INTENT_ONLY"", ""CSM001xTSM001-2026-08-31-ARWR-BUY-013"": ""INTENT_ONLY"", ""CSM001xTSM001-2026-08-31-ASML-BUY-014"": ""INTENT_ONLY"", ""CSM001xTSM001-2026-08-31-ATEX-BUY-015"": ""INTENT_ONLY"", ""CSM001xTSM001-2026-08-31-ATRO-BUY-016"": ""INTENT_ONLY"", ""CSM001xTSM001-2026-08-31-AXGN-BUY-017"": ""INTENT_ONLY"", ""CSM001xTSM001-2026-08-31-AXTI-BUY-018"": ""INTENT_ONLY"", ""CSM001xTSM001-2026-08-31-BAND-BUY-019"": ""INTENT_ONLY"", ""CSM001xTSM001-2026-08-31-BELFB-BUY-020"": ""INTENT_ONLY"", ""CSM001xTSM001-2026-08-31-BJRI-BUY-021"": ""INTENT_ONLY"", ""CSM001xTSM001-2026-08-31-BRKR-BUY-022"": ""INTENT_ONLY"", ""CSM001xTSM001-2026-08-31-CALY-BUY-023"": ""INTENT_ONLY"", ""CSM001xTSM001-2026-08-31-CDNA-BUY-024"": ""INTENT_ONLY"", ""CSM001xTSM001-2026-08-31-CENX-BUY-025"": ""INTENT_ONLY""}"
2026-08-31T20:32:24.928238+00:00,PAPER-2026-08-31-DRYRUN,2026-08-31,CSM001xTSM001,86EA1C067905B9AD1AAE714019057602B454D578361EC3B15B3A6B14569D32A7,FUF001_FREE_US_EQUITY_250_V1,BC7879B3830C7327EB0A5779625A347C06826C47488F64326C7D0B2884CC741D,ORDER_INTENTS_CREATED,order_intent,PASS,count=25
2026-08-31T20:32:24.928238+00:00,PAPER-2026-08-31-DRYRUN,2026-08-31,CSM001xTSM001,86EA1C067905B9AD1AAE714019057602B454D578361EC3B15B3A6B14569D32A7,FUF001_FREE_US_EQUITY_250_V1,BC7879B3830C7327EB0A5779625A347C06826C47488F64326C7D0B2884CC741D,RISK_GUARD_CHECK,risk,PASS,
2026-08-31T20:32:24.930243+00:00,PAPER-2026-08-31-DRYRUN,2026-08-31,CSM001xTSM001,86EA1C067905B9AD1AAE714019057602B454D578361EC3B15B3A6B14569D32A7,FUF001_FREE_US_EQUITY_250_V1,BC7879B3830C7327EB0A5779625A347C06826C47488F64326C7D0B2884CC741D,RISK_GUARD_CHECK,buying_power,PASS,required=100000.00;available=400000.00
2026-08-31T20:32:24.930243+00:00,PAPER-2026-08-31-DRYRUN,2026-08-31,CSM001xTSM001,86EA1C067905B9AD1AAE714019057602B454D578361EC3B15B3A6B14569D32A7,FUF001_FREE_US_EQUITY_250_V1,BC7879B3830C7327EB0A5779625A347C06826C47488F64326C7D0B2884CC741D,INCIDENT,timing,SCHEDULER_FAILURE,session=POST_CLOSE
2026-08-31T20:32:24.930243+00:00,PAPER-2026-08-31-DRYRUN,2026-08-31,CSM001xTSM001,86EA1C067905B9AD1AAE714019057602B454D578361EC3B15B3A6B14569D32A7,FUF001_FREE_US_EQUITY_250_V1,BC7879B3830C7327EB0A5779625A347C06826C47488F64326C7D0B2884CC741D,DRY_RUN_BLOCK,submission_boundary,BLOCKED,DRY_RUN_BLOCK_EXECUTION_FLAGS_FALSE
2026-09-01T18:44:37.868793+00:00,PAPER-2026-09-01-DRYRUN,2026-09-01,CSM001xTSM001,86EA1C067905B9AD1AAE714019057602B454D578361EC3B15B3A6B14569D32A7,FUF001_FREE_US_EQUITY_250_V1,BC7879B3830C7327EB0A5779625A347C06826C47488F64326C7D0B2884CC741D,SESSION_CREATED,controller,PASS,Dry-run session created without PAPER_T0.
2026-09-01T18:44:38.423542+00:00,PAPER-2026-09-01-DRYRUN,2026-09-01,CSM001xTSM001,86EA1C067905B9AD1AAE714019057602B454D578361EC3B15B3A6B14569D32A7,FUF001_FREE_US_EQUITY_250_V1,BC7879B3830C7327EB0A5779625A347C06826C47488F64326C7D0B2884CC741D,READINESS_CHECK,universe,PASS,Canonical FUF hash checked.
2026-09-01T18:44:38.424536+00:00,PAPER-2026-09-01-DRYRUN,2026-09-01,CSM001xTSM001,86EA1C067905B9AD1AAE714019057602B454D578361EC3B15B3A6B14569D32A7,FUF001_FREE_US_EQUITY_250_V1,BC7879B3830C7327EB0A5779625A347C06826C47488F64326C7D0B2884CC741D,READINESS_CHECK,strategy,PASS,Frozen strategy hash checked.
2026-09-01T18:46:19.723870+00:00,PAPER-2026-09-01-DRYRUN,2026-08-31,CSM001xTSM001,86EA1C067905B9AD1AAE714019057602B454D578361EC3B15B3A6B14569D32A7,FUF001_FREE_US_EQUITY_250_V1,BC7879B3830C7327EB0A5779625A347C06826C47488F64326C7D0B2884CC741D,IDENTITY_RESOLUTION,identity_resolver,PASS,registry_hash=E77980C024FC6707;resolved_count=250
2026-09-01T18:47:07.020056+00:00,PAPER-2026-09-01-DRYRUN,2026-08-31,CSM001xTSM001,86EA1C067905B9AD1AAE714019057602B454D578361EC3B15B3A6B14569D32A7,FUF001_FREE_US_EQUITY_250_V1,BC7879B3830C7327EB0A5779625A347C06826C47488F64326C7D0B2884CC741D,SCHEDULE_CHECK,calendar,PASS,session=MARKET_OPEN
2026-09-01T18:47:07.020056+00:00,PAPER-2026-09-01-DRYRUN,2026-08-31,CSM001xTSM001,86EA1C067905B9AD1AAE714019057602B454D578361EC3B15B3A6B14569D32A7,FUF001_FREE_US_EQUITY_250_V1,BC7879B3830C7327EB0A5779625A347C06826C47488F64326C7D0B2884CC741D,DATA_FRESHNESS_CHECK,alpaca_daily_bars,PASS,fresh=250;stale=0;inactive=0
2026-09-01T18:47:07.021060+00:00,PAPER-2026-09-01-DRYRUN,2026-08-31,CSM001xTSM001,86EA1C067905B9AD1AAE714019057602B454D578361EC3B15B3A6B14569D32A7,FUF001_FREE_US_EQUITY_250_V1,BC7879B3830C7327EB0A5779625A347C06826C47488F64326C7D0B2884CC741D,ELIGIBILITY_CHECK,csm,PASS,eligible_count=249
2026-09-01T18:47:08.284951+00:00,PAPER-2026-09-01-DRYRUN,2026-08-31,CSM001xTSM001,86EA1C067905B9AD1AAE714019057602B454D578361EC3B15B3A6B14569D32A7,FUF001_FREE_US_EQUITY_250_V1,BC7879B3830C7327EB0A5779625A347C06826C47488F64326C7D0B2884CC741D,RECONCILIATION_CHECK,positions,PASS,"{""AAOI"": ""MISSING_BROKER"", ""ACMR"": ""MISSING_BROKER"", ""ACRS"": ""MISSING_BROKER"", ""AMAT"": ""MISSING_BROKER"", ""AMD"": ""MISSING_BROKER"", ""AMKR"": ""MISSING_BROKER"", ""AMRX"": ""MISSING_BROKER"", ""ANAB"": ""MISSING_BROKER"", ""ANIK"": ""MISSING_BROKER"", ""ANNX"": ""MISSING_BROKER"", ""APPS"": ""MISSING_BROKER"", ""ARCB"": ""MISSING_BROKER"", ""ARWR"": ""MISSING_BROKER"", ""ASML"": ""MISSING_BROKER"", ""ATEX"": ""MISSING_BROKER"", ""ATRO"": ""MISSING_BROKER"", ""AXGN"": ""MISSING_BROKER"", ""AXTI"": ""MISSING_BROKER"", ""BAND"": ""MISSING_BROKER"", ""BELFB"": ""MISSING_BROKER"", ""BJRI"": ""MISSING_BROKER"", ""BRKR"": ""MISSING_BROKER"", ""CALY"": ""MISSING_BROKER"", ""CDNA"": ""MISSING_BROKER"", ""CENX"": ""MISSING_BROKER""}"
2026-09-01T18:47:08.286947+00:00,PAPER-2026-09-01-DRYRUN,2026-08-31,CSM001xTSM001,86EA1C067905B9AD1AAE714019057602B454D578361EC3B15B3A6B14569D32A7,FUF001_FREE_US_EQUITY_250_V1,BC7879B3830C7327EB0A5779625A347C06826C47488F64326C7D0B2884CC741D,RECONCILIATION_CHECK,orders,PASS,"{""CSM001xTSM001-2026-08-31-AAOI-BUY-001"": ""INTENT_ONLY"", ""CSM001xTSM001-2026-08-31-ACMR-BUY-002"": ""INTENT_ONLY"", ""CSM001xTSM001-2026-08-31-ACRS-BUY-003"": ""INTENT_ONLY"", ""CSM001xTSM001-2026-08-31-AMAT-BUY-004"": ""INTENT_ONLY"", ""CSM001xTSM001-2026-08-31-AMD-BUY-005"": ""INTENT_ONLY"", ""CSM001xTSM001-2026-08-31-AMKR-BUY-006"": ""INTENT_ONLY"", ""CSM001xTSM001-2026-08-31-AMRX-BUY-007"": ""INTENT_ONLY"", ""CSM001xTSM001-2026-08-31-ANAB-BUY-008"": ""INTENT_ONLY"", ""CSM001xTSM001-2026-08-31-ANIK-BUY-009"": ""INTENT_ONLY"", ""CSM001xTSM001-2026-08-31-ANNX-BUY-010"": ""INTENT_ONLY"", ""CSM001xTSM001-2026-08-31-APPS-BUY-011"": ""INTENT_ONLY"", ""CSM001xTSM001-2026-08-31-ARCB-BUY-012"": ""INTENT_ONLY"", ""CSM001xTSM001-2026-08-31-ARWR-BUY-013"": ""INTENT_ONLY"", ""CSM001xTSM001-2026-08-31-ASML-BUY-014"": ""INTENT_ONLY"", ""CSM001xTSM001-2026-08-31-ATEX-BUY-015"": ""INTENT_ONLY"", ""CSM001xTSM001-2026-08-31-ATRO-BUY-016"": ""INTENT_ONLY"", ""CSM001xTSM001-2026-08-31-AXGN-BUY-017"": ""INTENT_ONLY"", ""CSM001xTSM001-2026-08-31-AXTI-BUY-018"": ""INTENT_ONLY"", ""CSM001xTSM001-2026-08-31-BAND-BUY-019"": ""INTENT_ONLY"", ""CSM001xTSM001-2026-08-31-BELFB-BUY-020"": ""INTENT_ONLY"", ""CSM001xTSM001-2026-08-31-BJRI-BUY-021"": ""INTENT_ONLY"", ""CSM001xTSM001-2026-08-31-BRKR-BUY-022"": ""INTENT_ONLY"", ""CSM001xTSM001-2026-08-31-CALY-BUY-023"": ""INTENT_ONLY"", ""CSM001xTSM001-2026-08-31-CDNA-BUY-024"": ""INTENT_ONLY"", ""CSM001xTSM001-2026-08-31-CENX-BUY-025"": ""INTENT_ONLY""}"
2026-09-01T18:47:08.297943+00:00,PAPER-2026-09-01-DRYRUN,2026-08-31,CSM001xTSM001,86EA1C067905B9AD1AAE714019057602B454D578361EC3B15B3A6B14569D32A7,FUF001_FREE_US_EQUITY_250_V1,BC7879B3830C7327EB0A5779625A347C06826C47488F64326C7D0B2884CC741D,ORDER_INTENTS_CREATED,order_intent,PASS,count=25
2026-09-01T18:47:08.297943+00:00,PAPER-2026-09-01-DRYRUN,2026-08-31,CSM001xTSM001,86EA1C067905B9AD1AAE714019057602B454D578361EC3B15B3A6B14569D32A7,FUF001_FREE_US_EQUITY_250_V1,BC7879B3830C7327EB0A5779625A347C06826C47488F64326C7D0B2884CC741D,RISK_GUARD_CHECK,risk,PASS,
2026-09-01T18:47:08.298935+00:00,PAPER-2026-09-01-DRYRUN,2026-08-31,CSM001xTSM001,86EA1C067905B9AD1AAE714019057602B454D578361EC3B15B3A6B14569D32A7,FUF001_FREE_US_EQUITY_250_V1,BC7879B3830C7327EB0A5779625A347C06826C47488F64326C7D0B2884CC741D,RISK_GUARD_CHECK,buying_power,PASS,required=100000.00;available=400000.00
2026-09-01T18:47:08.298935+00:00,PAPER-2026-09-01-DRYRUN,2026-08-31,CSM001xTSM001,86EA1C067905B9AD1AAE714019057602B454D578361EC3B15B3A6B14569D32A7,FUF001_FREE_US_EQUITY_250_V1,BC7879B3830C7327EB0A5779625A347C06826C47488F64326C7D0B2884CC741D,DRY_RUN_BLOCK,submission_boundary,BLOCKED,DRY_RUN_BLOCK_EXECUTION_FLAGS_FALSE
2026-09-01T20:30:05.801161+00:00,PAPER-2026-09-01-DRYRUN,2026-09-01,CSM001xTSM001,86EA1C067905B9AD1AAE714019057602B454D578361EC3B15B3A6B14569D32A7,FUF001_FREE_US_EQUITY_250_V1,BC7879B3830C7327EB0A5779625A347C06826C47488F64326C7D0B2884CC741D,SESSION_CREATED,controller,PASS,Dry-run session created without PAPER_T0.
2026-09-01T20:30:05.870788+00:00,PAPER-2026-09-01-DRYRUN,2026-09-01,CSM001xTSM001,86EA1C067905B9AD1AAE714019057602B454D578361EC3B15B3A6B14569D32A7,FUF001_FREE_US_EQUITY_250_V1,BC7879B3830C7327EB0A5779625A347C06826C47488F64326C7D0B2884CC741D,READINESS_CHECK,universe,PASS,Canonical FUF hash checked.
2026-09-01T20:30:05.870788+00:00,PAPER-2026-09-01-DRYRUN,2026-09-01,CSM001xTSM001,86EA1C067905B9AD1AAE714019057602B454D578361EC3B15B3A6B14569D32A7,FUF001_FREE_US_EQUITY_250_V1,BC7879B3830C7327EB0A5779625A347C06826C47488F64326C7D0B2884CC741D,READINESS_CHECK,strategy,PASS,Frozen strategy hash checked.
2026-09-01T20:31:44.942610+00:00,PAPER-2026-09-01-DRYRUN,2026-09-01,CSM001xTSM001,86EA1C067905B9AD1AAE714019057602B454D578361EC3B15B3A6B14569D32A7,FUF001_FREE_US_EQUITY_250_V1,BC7879B3830C7327EB0A5779625A347C06826C47488F64326C7D0B2884CC741D,IDENTITY_RESOLUTION,identity_resolver,PASS,registry_hash=E77980C024FC6707;resolved_count=250
2026-09-01T20:32:23.257282+00:00,PAPER-2026-09-01-DRYRUN,2026-09-01,CSM001xTSM001,86EA1C067905B9AD1AAE714019057602B454D578361EC3B15B3A6B14569D32A7,FUF001_FREE_US_EQUITY_250_V1,BC7879B3830C7327EB0A5779625A347C06826C47488F64326C7D0B2884CC741D,SCHEDULE_CHECK,calendar,PASS,session=POST_CLOSE
2026-09-01T20:32:23.257282+00:00,PAPER-2026-09-01-DRYRUN,2026-09-01,CSM001xTSM001,86EA1C067905B9AD1AAE714019057602B454D578361EC3B15B3A6B14569D32A7,FUF001_FREE_US_EQUITY_250_V1,BC7879B3830C7327EB0A5779625A347C06826C47488F64326C7D0B2884CC741D,DATA_FRESHNESS_CHECK,alpaca_daily_bars,PASS,fresh=250;stale=0;inactive=0
2026-09-01T20:32:23.257282+00:00,PAPER-2026-09-01-DRYRUN,2026-09-01,CSM001xTSM001,86EA1C067905B9AD1AAE714019057602B454D578361EC3B15B3A6B14569D32A7,FUF001_FREE_US_EQUITY_250_V1,BC7879B3830C7327EB0A5779625A347C06826C47488F64326C7D0B2884CC741D,ELIGIBILITY_CHECK,csm,PASS,eligible_count=250
2026-09-01T20:32:24.470687+00:00,PAPER-2026-09-01-DRYRUN,2026-09-01,CSM001xTSM001,86EA1C067905B9AD1AAE714019057602B454D578361EC3B15B3A6B14569D32A7,FUF001_FREE_US_EQUITY_250_V1,BC7879B3830C7327EB0A5779625A347C06826C47488F64326C7D0B2884CC741D,RECONCILIATION_CHECK,positions,PASS,"{""AAOI"": ""MISSING_BROKER"", ""ACMR"": ""MISSING_BROKER"", ""ACRS"": ""MISSING_BROKER"", ""AEIS"": ""MISSING_BROKER"", ""AMAT"": ""MISSING_BROKER"", ""AMD"": ""MISSING_BROKER"", ""AMKR"": ""MISSING_BROKER"", ""AMRX"": ""MISSING_BROKER"", ""ANAB"": ""MISSING_BROKER"", ""ANIK"": ""MISSING_BROKER"", ""ANNX"": ""MISSING_BROKER"", ""APPS"": ""MISSING_BROKER"", ""ARWR"": ""MISSING_BROKER"", ""ASML"": ""MISSING_BROKER"", ""ATEX"": ""MISSING_BROKER"", ""ATRO"": ""MISSING_BROKER"", ""AXGN"": ""MISSING_BROKER"", ""AXTI"": ""MISSING_BROKER"", ""BAND"": ""MISSING_BROKER"", ""BELFB"": ""MISSING_BROKER"", ""BJRI"": ""MISSING_BROKER"", ""BRKR"": ""MISSING_BROKER"", ""CALY"": ""MISSING_BROKER"", ""CDNA"": ""MISSING_BROKER"", ""CENX"": ""MISSING_BROKER""}"
2026-09-01T20:32:24.470687+00:00,PAPER-2026-09-01-DRYRUN,2026-09-01,CSM001xTSM001,86EA1C067905B9AD1AAE714019057602B454D578361EC3B15B3A6B14569D32A7,FUF001_FREE_US_EQUITY_250_V1,BC7879B3830C7327EB0A5779625A347C06826C47488F64326C7D0B2884CC741D,RECONCILIATION_CHECK,orders,PASS,"{""CSM001xTSM001-2026-09-01-AAOI-BUY-001"": ""INTENT_ONLY"", ""CSM001xTSM001-2026-09-01-ACMR-BUY-002"": ""INTENT_ONLY"", ""CSM001xTSM001-2026-09-01-ACRS-BUY-003"": ""INTENT_ONLY"", ""CSM001xTSM001-2026-09-01-AEIS-BUY-004"": ""INTENT_ONLY"", ""CSM001xTSM001-2026-09-01-AMAT-BUY-005"": ""INTENT_ONLY"", ""CSM001xTSM001-2026-09-01-AMD-BUY-006"": ""INTENT_ONLY"", ""CSM001xTSM001-2026-09-01-AMKR-BUY-007"": ""INTENT_ONLY"", ""CSM001xTSM001-2026-09-01-AMRX-BUY-008"": ""INTENT_ONLY"", ""CSM001xTSM001-2026-09-01-ANAB-BUY-009"": ""INTENT_ONLY"", ""CSM001xTSM001-2026-09-01-ANIK-BUY-010"": ""INTENT_ONLY"", ""CSM001xTSM001-2026-09-01-ANNX-BUY-011"": ""INTENT_ONLY"", ""CSM001xTSM001-2026-09-01-APPS-BUY-012"": ""INTENT_ONLY"", ""CSM001xTSM001-2026-09-01-ARWR-BUY-013"": ""INTENT_ONLY"", ""CSM001xTSM001-2026-09-01-ASML-BUY-014"": ""INTENT_ONLY"", ""CSM001xTSM001-2026-09-01-ATEX-BUY-015"": ""INTENT_ONLY"", ""CSM001xTSM001-2026-09-01-ATRO-BUY-016"": ""INTENT_ONLY"", ""CSM001xTSM001-2026-09-01-AXGN-BUY-017"": ""INTENT_ONLY"", ""CSM001xTSM001-2026-09-01-AXTI-BUY-018"": ""INTENT_ONLY"", ""CSM001xTSM001-2026-09-01-BAND-BUY-019"": ""INTENT_ONLY"", ""CSM001xTSM001-2026-09-01-BELFB-BUY-020"": ""INTENT_ONLY"", ""CSM001xTSM001-2026-09-01-BJRI-BUY-021"": ""INTENT_ONLY"", ""CSM001xTSM001-2026-09-01-BRKR-BUY-022"": ""INTENT_ONLY"", ""CSM001xTSM001-2026-09-01-CALY-BUY-023"": ""INTENT_ONLY"", ""CSM001xTSM001-2026-09-01-CDNA-BUY-024"": ""INTENT_ONLY"", ""CSM001xTSM001-2026-09-01-CENX-BUY-025"": ""INTENT_ONLY""}"
2026-09-01T20:32:24.470687+00:00,PAPER-2026-09-01-DRYRUN,2026-09-01,CSM001xTSM001,86EA1C067905B9AD1AAE714019057602B454D578361EC3B15B3A6B14569D32A7,FUF001_FREE_US_EQUITY_250_V1,BC7879B3830C7327EB0A5779625A347C06826C47488F64326C7D0B2884CC741D,ORDER_INTENTS_CREATED,order_intent,PASS,count=25
2026-09-01T20:32:24.470687+00:00,PAPER-2026-09-01-DRYRUN,2026-09-01,CSM001xTSM001,86EA1C067905B9AD1AAE714019057602B454D578361EC3B15B3A6B14569D32A7,FUF001_FREE_US_EQUITY_250_V1,BC7879B3830C7327EB0A5779625A347C06826C47488F64326C7D0B2884CC741D,RISK_GUARD_CHECK,risk,PASS,
2026-09-01T20:32:24.470687+00:00,PAPER-2026-09-01-DRYRUN,2026-09-01,CSM001xTSM001,86EA1C067905B9AD1AAE714019057602B454D578361EC3B15B3A6B14569D32A7,FUF001_FREE_US_EQUITY_250_V1,BC7879B3830C7327EB0A5779625A347C06826C47488F64326C7D0B2884CC741D,RISK_GUARD_CHECK,buying_power,PASS,required=100000.00;available=400000.00
2026-09-01T20:32:24.470687+00:00,PAPER-2026-09-01-DRYRUN,2026-09-01,CSM001xTSM001,86EA1C067905B9AD1AAE714019057602B454D578361EC3B15B3A6B14569D32A7,FUF001_FREE_US_EQUITY_250_V1,BC7879B3830C7327EB0A5779625A347C06826C47488F64326C7D0B2884CC741D,INCIDENT,timing,SCHEDULER_FAILURE,session=POST_CLOSE
2026-09-01T20:32:24.470687+00:00,PAPER-2026-09-01-DRYRUN,2026-09-01,CSM001xTSM001,86EA1C067905B9AD1AAE714019057602B454D578361EC3B15B3A6B14569D32A7,FUF001_FREE_US_EQUITY_250_V1,BC7879B3830C7327EB0A5779625A347C06826C47488F64326C7D0B2884CC741D,DRY_RUN_BLOCK,submission_boundary,BLOCKED,WAITING_FOR_SCHEDULED_MONTHLY_REBALANCE
2026-09-02T00:01:30.930403+00:00,PAPER-2026-08-31-DRYRUN,2026-09-02,CSM001xTSM001,86EA1C067905B9AD1AAE714019057602B454D578361EC3B15B3A6B14569D32A7,FUF001_FREE_US_EQUITY_250_V1,BC7879B3830C7327EB0A5779625A347C06826C47488F64326C7D0B2884CC741D,SESSION_CREATED,controller,PASS,Dry-run session created without PAPER_T0.
2026-09-02T00:01:31.048265+00:00,PAPER-2026-08-31-DRYRUN,2026-09-02,CSM001xTSM001,86EA1C067905B9AD1AAE714019057602B454D578361EC3B15B3A6B14569D32A7,FUF001_FREE_US_EQUITY_250_V1,BC7879B3830C7327EB0A5779625A347C06826C47488F64326C7D0B2884CC741D,READINESS_CHECK,universe,PASS,Canonical FUF hash checked.
2026-09-02T00:01:31.048265+00:00,PAPER-2026-08-31-DRYRUN,2026-09-02,CSM001xTSM001,86EA1C067905B9AD1AAE714019057602B454D578361EC3B15B3A6B14569D32A7,FUF001_FREE_US_EQUITY_250_V1,BC7879B3830C7327EB0A5779625A347C06826C47488F64326C7D0B2884CC741D,READINESS_CHECK,strategy,PASS,Frozen strategy hash checked.
2026-09-02T00:03:11.699122+00:00,PAPER-2026-08-31-DRYRUN,2026-08-31,CSM001xTSM001,86EA1C067905B9AD1AAE714019057602B454D578361EC3B15B3A6B14569D32A7,FUF001_FREE_US_EQUITY_250_V1,BC7879B3830C7327EB0A5779625A347C06826C47488F64326C7D0B2884CC741D,IDENTITY_RESOLUTION,identity_resolver,PASS,registry_hash=E77980C024FC6707;resolved_count=250
2026-09-02T00:03:56.801904+00:00,PAPER-2026-08-31-DRYRUN,2026-08-31,CSM001xTSM001,86EA1C067905B9AD1AAE714019057602B454D578361EC3B15B3A6B14569D32A7,FUF001_FREE_US_EQUITY_250_V1,BC7879B3830C7327EB0A5779625A347C06826C47488F64326C7D0B2884CC741D,INCIDENT,signal_pipeline,FUTURE_BAR,Current signal pipeline failed.
2026-09-02T00:03:56.801904+00:00,PAPER-2026-08-31-DRYRUN,2026-08-31,CSM001xTSM001,86EA1C067905B9AD1AAE714019057602B454D578361EC3B15B3A6B14569D32A7,FUF001_FREE_US_EQUITY_250_V1,BC7879B3830C7327EB0A5779625A347C06826C47488F64326C7D0B2884CC741D,INCIDENT,target_portfolio,FUTURE_BAR,Target portfolio invariant failed.
2026-09-02T00:03:56.802904+00:00,PAPER-2026-08-31-DRYRUN,2026-08-31,CSM001xTSM001,86EA1C067905B9AD1AAE714019057602B454D578361EC3B15B3A6B14569D32A7,FUF001_FREE_US_EQUITY_250_V1,BC7879B3830C7327EB0A5779625A347C06826C47488F64326C7D0B2884CC741D,SCHEDULE_CHECK,calendar,PASS,session=POST_CLOSE
2026-09-02T00:03:56.803927+00:00,PAPER-2026-08-31-DRYRUN,2026-08-31,CSM001xTSM001,86EA1C067905B9AD1AAE714019057602B454D578361EC3B15B3A6B14569D32A7,FUF001_FREE_US_EQUITY_250_V1,BC7879B3830C7327EB0A5779625A347C06826C47488F64326C7D0B2884CC741D,DATA_FRESHNESS_CHECK,alpaca_daily_bars,PASS,fresh=250;stale=0;inactive=0
2026-09-02T00:03:56.804911+00:00,PAPER-2026-08-31-DRYRUN,2026-08-31,CSM001xTSM001,86EA1C067905B9AD1AAE714019057602B454D578361EC3B15B3A6B14569D32A7,FUF001_FREE_US_EQUITY_250_V1,BC7879B3830C7327EB0A5779625A347C06826C47488F64326C7D0B2884CC741D,ELIGIBILITY_CHECK,csm,PASS,eligible_count=249
2026-09-02T00:03:58.002822+00:00,PAPER-2026-08-31-DRYRUN,2026-08-31,CSM001xTSM001,86EA1C067905B9AD1AAE714019057602B454D578361EC3B15B3A6B14569D32A7,FUF001_FREE_US_EQUITY_250_V1,BC7879B3830C7327EB0A5779625A347C06826C47488F64326C7D0B2884CC741D,RECONCILIATION_CHECK,positions,PASS,"{""AAOI"": ""MISSING_BROKER"", ""ACMR"": ""MISSING_BROKER"", ""ACRS"": ""MISSING_BROKER"", ""AMAT"": ""MISSING_BROKER"", ""AMD"": ""MISSING_BROKER"", ""AMKR"": ""MISSING_BROKER"", ""AMRX"": ""MISSING_BROKER"", ""ANAB"": ""MISSING_BROKER"", ""ANIK"": ""MISSING_BROKER"", ""ANNX"": ""MISSING_BROKER"", ""APPS"": ""MISSING_BROKER"", ""ARCB"": ""MISSING_BROKER"", ""ARWR"": ""MISSING_BROKER"", ""ASML"": ""MISSING_BROKER"", ""ATEX"": ""MISSING_BROKER"", ""ATRO"": ""MISSING_BROKER"", ""AXGN"": ""MISSING_BROKER"", ""AXTI"": ""MISSING_BROKER"", ""BAND"": ""MISSING_BROKER"", ""BELFB"": ""MISSING_BROKER"", ""BJRI"": ""MISSING_BROKER"", ""BRKR"": ""MISSING_BROKER"", ""CALY"": ""MISSING_BROKER"", ""CDNA"": ""MISSING_BROKER"", ""CENX"": ""MISSING_BROKER""}"
2026-09-02T00:03:58.004814+00:00,PAPER-2026-08-31-DRYRUN,2026-08-31,CSM001xTSM001,86EA1C067905B9AD1AAE714019057602B454D578361EC3B15B3A6B14569D32A7,FUF001_FREE_US_EQUITY_250_V1,BC7879B3830C7327EB0A5779625A347C06826C47488F64326C7D0B2884CC741D,RECONCILIATION_CHECK,orders,PASS,"{""CSM001xTSM001-2026-08-31-AAOI-BUY-001"": ""INTENT_ONLY"", ""CSM001xTSM001-2026-08-31-ACMR-BUY-002"": ""INTENT_ONLY"", ""CSM001xTSM001-2026-08-31-ACRS-BUY-003"": ""INTENT_ONLY"", ""CSM001xTSM001-2026-08-31-AMAT-BUY-004"": ""INTENT_ONLY"", ""CSM001xTSM001-2026-08-31-AMD-BUY-005"": ""INTENT_ONLY"", ""CSM001xTSM001-2026-08-31-AMKR-BUY-006"": ""INTENT_ONLY"", ""CSM001xTSM001-2026-08-31-AMRX-BUY-007"": ""INTENT_ONLY"", ""CSM001xTSM001-2026-08-31-ANAB-BUY-008"": ""INTENT_ONLY"", ""CSM001xTSM001-2026-08-31-ANIK-BUY-009"": ""INTENT_ONLY"", ""CSM001xTSM001-2026-08-31-ANNX-BUY-010"": ""INTENT_ONLY"", ""CSM001xTSM001-2026-08-31-APPS-BUY-011"": ""INTENT_ONLY"", ""CSM001xTSM001-2026-08-31-ARCB-BUY-012"": ""INTENT_ONLY"", ""CSM001xTSM001-2026-08-31-ARWR-BUY-013"": ""INTENT_ONLY"", ""CSM001xTSM001-2026-08-31-ASML-BUY-014"": ""INTENT_ONLY"", ""CSM001xTSM001-2026-08-31-ATEX-BUY-015"": ""INTENT_ONLY"", ""CSM001xTSM001-2026-08-31-ATRO-BUY-016"": ""INTENT_ONLY"", ""CSM001xTSM001-2026-08-31-AXGN-BUY-017"": ""INTENT_ONLY"", ""CSM001xTSM001-2026-08-31-AXTI-BUY-018"": ""INTENT_ONLY"", ""CSM001xTSM001-2026-08-31-BAND-BUY-019"": ""INTENT_ONLY"", ""CSM001xTSM001-2026-08-31-BELFB-BUY-020"": ""INTENT_ONLY"", ""CSM001xTSM001-2026-08-31-BJRI-BUY-021"": ""INTENT_ONLY"", ""CSM001xTSM001-2026-08-31-BRKR-BUY-022"": ""INTENT_ONLY"", ""CSM001xTSM001-2026-08-31-CALY-BUY-023"": ""INTENT_ONLY"", ""CSM001xTSM001-2026-08-31-CDNA-BUY-024"": ""INTENT_ONLY"", ""CSM001xTSM001-2026-08-31-CENX-BUY-025"": ""INTENT_ONLY""}"
2026-09-02T00:03:58.014821+00:00,PAPER-2026-08-31-DRYRUN,2026-08-31,CSM001xTSM001,86EA1C067905B9AD1AAE714019057602B454D578361EC3B15B3A6B14569D32A7,FUF001_FREE_US_EQUITY_250_V1,BC7879B3830C7327EB0A5779625A347C06826C47488F64326C7D0B2884CC741D,ORDER_INTENTS_CREATED,order_intent,PASS,count=25
2026-09-02T00:03:58.015845+00:00,PAPER-2026-08-31-DRYRUN,2026-08-31,CSM001xTSM001,86EA1C067905B9AD1AAE714019057602B454D578361EC3B15B3A6B14569D32A7,FUF001_FREE_US_EQUITY_250_V1,BC7879B3830C7327EB0A5779625A347C06826C47488F64326C7D0B2884CC741D,RISK_GUARD_CHECK,risk,PASS,
2026-09-02T00:03:58.015845+00:00,PAPER-2026-08-31-DRYRUN,2026-08-31,CSM001xTSM001,86EA1C067905B9AD1AAE714019057602B454D578361EC3B15B3A6B14569D32A7,FUF001_FREE_US_EQUITY_250_V1,BC7879B3830C7327EB0A5779625A347C06826C47488F64326C7D0B2884CC741D,RISK_GUARD_CHECK,buying_power,PASS,required=100000.00;available=400000.00
2026-09-02T00:03:58.016851+00:00,PAPER-2026-08-31-DRYRUN,2026-08-31,CSM001xTSM001,86EA1C067905B9AD1AAE714019057602B454D578361EC3B15B3A6B14569D32A7,FUF001_FREE_US_EQUITY_250_V1,BC7879B3830C7327EB0A5779625A347C06826C47488F64326C7D0B2884CC741D,INCIDENT,timing,SCHEDULER_FAILURE,session=POST_CLOSE
2026-09-02T00:03:58.018713+00:00,PAPER-2026-08-31-DRYRUN,2026-08-31,CSM001xTSM001,86EA1C067905B9AD1AAE714019057602B454D578361EC3B15B3A6B14569D32A7,FUF001_FREE_US_EQUITY_250_V1,BC7879B3830C7327EB0A5779625A347C06826C47488F64326C7D0B2884CC741D,DRY_RUN_BLOCK,submission_boundary,BLOCKED,BLOCKED_BY_GUARDS
2026-09-02T00:09:13.675703+00:00,PAPER-2026-08-31-DRYRUN,2026-09-02,CSM001xTSM001,86EA1C067905B9AD1AAE714019057602B454D578361EC3B15B3A6B14569D32A7,FUF001_FREE_US_EQUITY_250_V1,BC7879B3830C7327EB0A5779625A347C06826C47488F64326C7D0B2884CC741D,SESSION_CREATED,controller,PASS,Dry-run session created without PAPER_T0.
2026-09-02T00:09:13.697725+00:00,PAPER-2026-08-31-DRYRUN,2026-09-02,CSM001xTSM001,86EA1C067905B9AD1AAE714019057602B454D578361EC3B15B3A6B14569D32A7,FUF001_FREE_US_EQUITY_250_V1,BC7879B3830C7327EB0A5779625A347C06826C47488F64326C7D0B2884CC741D,READINESS_CHECK,universe,PASS,Canonical FUF hash checked.
2026-09-02T00:09:13.698721+00:00,PAPER-2026-08-31-DRYRUN,2026-09-02,CSM001xTSM001,86EA1C067905B9AD1AAE714019057602B454D578361EC3B15B3A6B14569D32A7,FUF001_FREE_US_EQUITY_250_V1,BC7879B3830C7327EB0A5779625A347C06826C47488F64326C7D0B2884CC741D,READINESS_CHECK,strategy,PASS,Frozen strategy hash checked.
2026-09-02T00:10:55.363280+00:00,PAPER-2026-08-31-DRYRUN,2026-08-31,CSM001xTSM001,86EA1C067905B9AD1AAE714019057602B454D578361EC3B15B3A6B14569D32A7,FUF001_FREE_US_EQUITY_250_V1,BC7879B3830C7327EB0A5779625A347C06826C47488F64326C7D0B2884CC741D,IDENTITY_RESOLUTION,identity_resolver,PASS,registry_hash=E77980C024FC6707;resolved_count=250
2026-09-02T00:11:43.686767+00:00,PAPER-2026-08-31-DRYRUN,2026-08-31,CSM001xTSM001,86EA1C067905B9AD1AAE714019057602B454D578361EC3B15B3A6B14569D32A7,FUF001_FREE_US_EQUITY_250_V1,BC7879B3830C7327EB0A5779625A347C06826C47488F64326C7D0B2884CC741D,INCIDENT,signal_pipeline,FUTURE_BAR,Current signal pipeline failed.
2026-09-02T00:11:43.687742+00:00,PAPER-2026-08-31-DRYRUN,2026-08-31,CSM001xTSM001,86EA1C067905B9AD1AAE714019057602B454D578361EC3B15B3A6B14569D32A7,FUF001_FREE_US_EQUITY_250_V1,BC7879B3830C7327EB0A5779625A347C06826C47488F64326C7D0B2884CC741D,INCIDENT,target_portfolio,FUTURE_BAR,Target portfolio invariant failed.
2026-09-02T00:11:43.688728+00:00,PAPER-2026-08-31-DRYRUN,2026-08-31,CSM001xTSM001,86EA1C067905B9AD1AAE714019057602B454D578361EC3B15B3A6B14569D32A7,FUF001_FREE_US_EQUITY_250_V1,BC7879B3830C7327EB0A5779625A347C06826C47488F64326C7D0B2884CC741D,SCHEDULE_CHECK,calendar,PASS,session=POST_CLOSE
2026-09-02T00:11:43.688728+00:00,PAPER-2026-08-31-DRYRUN,2026-08-31,CSM001xTSM001,86EA1C067905B9AD1AAE714019057602B454D578361EC3B15B3A6B14569D32A7,FUF001_FREE_US_EQUITY_250_V1,BC7879B3830C7327EB0A5779625A347C06826C47488F64326C7D0B2884CC741D,DATA_FRESHNESS_CHECK,alpaca_daily_bars,PASS,fresh=250;stale=0;inactive=0
2026-09-02T00:11:43.688728+00:00,PAPER-2026-08-31-DRYRUN,2026-08-31,CSM001xTSM001,86EA1C067905B9AD1AAE714019057602B454D578361EC3B15B3A6B14569D32A7,FUF001_FREE_US_EQUITY_250_V1,BC7879B3830C7327EB0A5779625A347C06826C47488F64326C7D0B2884CC741D,ELIGIBILITY_CHECK,csm,PASS,eligible_count=249
2026-09-02T00:11:44.879219+00:00,PAPER-2026-08-31-DRYRUN,2026-08-31,CSM001xTSM001,86EA1C067905B9AD1AAE714019057602B454D578361EC3B15B3A6B14569D32A7,FUF001_FREE_US_EQUITY_250_V1,BC7879B3830C7327EB0A5779625A347C06826C47488F64326C7D0B2884CC741D,RECONCILIATION_CHECK,positions,PASS,"{""AAOI"": ""MISSING_BROKER"", ""ACMR"": ""MISSING_BROKER"", ""ACRS"": ""MISSING_BROKER"", ""AMAT"": ""MISSING_BROKER"", ""AMD"": ""MISSING_BROKER"", ""AMKR"": ""MISSING_BROKER"", ""AMRX"": ""MISSING_BROKER"", ""ANAB"": ""MISSING_BROKER"", ""ANIK"": ""MISSING_BROKER"", ""ANNX"": ""MISSING_BROKER"", ""APPS"": ""MISSING_BROKER"", ""ARCB"": ""MISSING_BROKER"", ""ARWR"": ""MISSING_BROKER"", ""ASML"": ""MISSING_BROKER"", ""ATEX"": ""MISSING_BROKER"", ""ATRO"": ""MISSING_BROKER"", ""AXGN"": ""MISSING_BROKER"", ""AXTI"": ""MISSING_BROKER"", ""BAND"": ""MISSING_BROKER"", ""BELFB"": ""MISSING_BROKER"", ""BJRI"": ""MISSING_BROKER"", ""BRKR"": ""MISSING_BROKER"", ""CALY"": ""MISSING_BROKER"", ""CDNA"": ""MISSING_BROKER"", ""CENX"": ""MISSING_BROKER""}"
2026-09-02T00:11:44.880156+00:00,PAPER-2026-08-31-DRYRUN,2026-08-31,CSM001xTSM001,86EA1C067905B9AD1AAE714019057602B454D578361EC3B15B3A6B14569D32A7,FUF001_FREE_US_EQUITY_250_V1,BC7879B3830C7327EB0A5779625A347C06826C47488F64326C7D0B2884CC741D,RECONCILIATION_CHECK,orders,PASS,"{""CSM001xTSM001-2026-08-31-AAOI-BUY-001"": ""INTENT_ONLY"", ""CSM001xTSM001-2026-08-31-ACMR-BUY-002"": ""INTENT_ONLY"", ""CSM001xTSM001-2026-08-31-ACRS-BUY-003"": ""INTENT_ONLY"", ""CSM001xTSM001-2026-08-31-AMAT-BUY-004"": ""INTENT_ONLY"", ""CSM001xTSM001-2026-08-31-AMD-BUY-005"": ""INTENT_ONLY"", ""CSM001xTSM001-2026-08-31-AMKR-BUY-006"": ""INTENT_ONLY"", ""CSM001xTSM001-2026-08-31-AMRX-BUY-007"": ""INTENT_ONLY"", ""CSM001xTSM001-2026-08-31-ANAB-BUY-008"": ""INTENT_ONLY"", ""CSM001xTSM001-2026-08-31-ANIK-BUY-009"": ""INTENT_ONLY"", ""CSM001xTSM001-2026-08-31-ANNX-BUY-010"": ""INTENT_ONLY"", ""CSM001xTSM001-2026-08-31-APPS-BUY-011"": ""INTENT_ONLY"", ""CSM001xTSM001-2026-08-31-ARCB-BUY-012"": ""INTENT_ONLY"", ""CSM001xTSM001-2026-08-31-ARWR-BUY-013"": ""INTENT_ONLY"", ""CSM001xTSM001-2026-08-31-ASML-BUY-014"": ""INTENT_ONLY"", ""CSM001xTSM001-2026-08-31-ATEX-BUY-015"": ""INTENT_ONLY"", ""CSM001xTSM001-2026-08-31-ATRO-BUY-016"": ""INTENT_ONLY"", ""CSM001xTSM001-2026-08-31-AXGN-BUY-017"": ""INTENT_ONLY"", ""CSM001xTSM001-2026-08-31-AXTI-BUY-018"": ""INTENT_ONLY"", ""CSM001xTSM001-2026-08-31-BAND-BUY-019"": ""INTENT_ONLY"", ""CSM001xTSM001-2026-08-31-BELFB-BUY-020"": ""INTENT_ONLY"", ""CSM001xTSM001-2026-08-31-BJRI-BUY-021"": ""INTENT_ONLY"", ""CSM001xTSM001-2026-08-31-BRKR-BUY-022"": ""INTENT_ONLY"", ""CSM001xTSM001-2026-08-31-CALY-BUY-023"": ""INTENT_ONLY"", ""CSM001xTSM001-2026-08-31-CDNA-BUY-024"": ""INTENT_ONLY"", ""CSM001xTSM001-2026-08-31-CENX-BUY-025"": ""INTENT_ONLY""}"
2026-09-02T00:11:44.889176+00:00,PAPER-2026-08-31-DRYRUN,2026-08-31,CSM001xTSM001,86EA1C067905B9AD1AAE714019057602B454D578361EC3B15B3A6B14569D32A7,FUF001_FREE_US_EQUITY_250_V1,BC7879B3830C7327EB0A5779625A347C06826C47488F64326C7D0B2884CC741D,ORDER_INTENTS_CREATED,order_intent,PASS,count=25
2026-09-02T00:11:44.890156+00:00,PAPER-2026-08-31-DRYRUN,2026-08-31,CSM001xTSM001,86EA1C067905B9AD1AAE714019057602B454D578361EC3B15B3A6B14569D32A7,FUF001_FREE_US_EQUITY_250_V1,BC7879B3830C7327EB0A5779625A347C06826C47488F64326C7D0B2884CC741D,RISK_GUARD_CHECK,risk,PASS,
2026-09-02T00:11:44.890156+00:00,PAPER-2026-08-31-DRYRUN,2026-08-31,CSM001xTSM001,86EA1C067905B9AD1AAE714019057602B454D578361EC3B15B3A6B14569D32A7,FUF001_FREE_US_EQUITY_250_V1,BC7879B3830C7327EB0A5779625A347C06826C47488F64326C7D0B2884CC741D,RISK_GUARD_CHECK,buying_power,PASS,required=100000.00;available=400000.00
2026-09-02T00:11:44.891159+00:00,PAPER-2026-08-31-DRYRUN,2026-08-31,CSM001xTSM001,86EA1C067905B9AD1AAE714019057602B454D578361EC3B15B3A6B14569D32A7,FUF001_FREE_US_EQUITY_250_V1,BC7879B3830C7327EB0A5779625A347C06826C47488F64326C7D0B2884CC741D,INCIDENT,timing,SCHEDULER_FAILURE,session=POST_CLOSE
2026-09-02T00:11:44.891159+00:00,PAPER-2026-08-31-DRYRUN,2026-08-31,CSM001xTSM001,86EA1C067905B9AD1AAE714019057602B454D578361EC3B15B3A6B14569D32A7,FUF001_FREE_US_EQUITY_250_V1,BC7879B3830C7327EB0A5779625A347C06826C47488F64326C7D0B2884CC741D,DRY_RUN_BLOCK,submission_boundary,BLOCKED,BLOCKED_BY_GUARDS
2026-09-02T00:11:51.897147+00:00,PAPER-2026-08-31-DRYRUN,2026-09-02,CSM001xTSM001,86EA1C067905B9AD1AAE714019057602B454D578361EC3B15B3A6B14569D32A7,FUF001_FREE_US_EQUITY_250_V1,BC7879B3830C7327EB0A5779625A347C06826C47488F64326C7D0B2884CC741D,SESSION_CREATED,controller,PASS,Dry-run session created without PAPER_T0.
2026-09-02T00:11:51.916600+00:00,PAPER-2026-08-31-DRYRUN,2026-09-02,CSM001xTSM001,86EA1C067905B9AD1AAE714019057602B454D578361EC3B15B3A6B14569D32A7,FUF001_FREE_US_EQUITY_250_V1,BC7879B3830C7327EB0A5779625A347C06826C47488F64326C7D0B2884CC741D,READINESS_CHECK,universe,PASS,Canonical FUF hash checked.
2026-09-02T00:11:51.916600+00:00,PAPER-2026-08-31-DRYRUN,2026-09-02,CSM001xTSM001,86EA1C067905B9AD1AAE714019057602B454D578361EC3B15B3A6B14569D32A7,FUF001_FREE_US_EQUITY_250_V1,BC7879B3830C7327EB0A5779625A347C06826C47488F64326C7D0B2884CC741D,READINESS_CHECK,strategy,PASS,Frozen strategy hash checked.
2026-09-02T00:13:33.205110+00:00,PAPER-2026-08-31-DRYRUN,2026-08-31,CSM001xTSM001,86EA1C067905B9AD1AAE714019057602B454D578361EC3B15B3A6B14569D32A7,FUF001_FREE_US_EQUITY_250_V1,BC7879B3830C7327EB0A5779625A347C06826C47488F64326C7D0B2884CC741D,IDENTITY_RESOLUTION,identity_resolver,PASS,registry_hash=E77980C024FC6707;resolved_count=250
2026-09-02T00:14:15.840279+00:00,PAPER-2026-08-31-DRYRUN,2026-08-31,CSM001xTSM001,86EA1C067905B9AD1AAE714019057602B454D578361EC3B15B3A6B14569D32A7,FUF001_FREE_US_EQUITY_250_V1,BC7879B3830C7327EB0A5779625A347C06826C47488F64326C7D0B2884CC741D,INCIDENT,signal_pipeline,FUTURE_BAR,Current signal pipeline failed.
2026-09-02T00:14:15.840279+00:00,PAPER-2026-08-31-DRYRUN,2026-08-31,CSM001xTSM001,86EA1C067905B9AD1AAE714019057602B454D578361EC3B15B3A6B14569D32A7,FUF001_FREE_US_EQUITY_250_V1,BC7879B3830C7327EB0A5779625A347C06826C47488F64326C7D0B2884CC741D,INCIDENT,target_portfolio,FUTURE_BAR,Target portfolio invariant failed.
2026-09-02T00:14:15.841285+00:00,PAPER-2026-08-31-DRYRUN,2026-08-31,CSM001xTSM001,86EA1C067905B9AD1AAE714019057602B454D578361EC3B15B3A6B14569D32A7,FUF001_FREE_US_EQUITY_250_V1,BC7879B3830C7327EB0A5779625A347C06826C47488F64326C7D0B2884CC741D,SCHEDULE_CHECK,calendar,PASS,session=POST_CLOSE
2026-09-02T00:14:15.842282+00:00,PAPER-2026-08-31-DRYRUN,2026-08-31,CSM001xTSM001,86EA1C067905B9AD1AAE714019057602B454D578361EC3B15B3A6B14569D32A7,FUF001_FREE_US_EQUITY_250_V1,BC7879B3830C7327EB0A5779625A347C06826C47488F64326C7D0B2884CC741D,DATA_FRESHNESS_CHECK,alpaca_daily_bars,PASS,fresh=250;stale=0;inactive=0
2026-09-02T00:14:15.842282+00:00,PAPER-2026-08-31-DRYRUN,2026-08-31,CSM001xTSM001,86EA1C067905B9AD1AAE714019057602B454D578361EC3B15B3A6B14569D32A7,FUF001_FREE_US_EQUITY_250_V1,BC7879B3830C7327EB0A5779625A347C06826C47488F64326C7D0B2884CC741D,ELIGIBILITY_CHECK,csm,PASS,eligible_count=249
2026-09-02T00:14:17.048793+00:00,PAPER-2026-08-31-DRYRUN,2026-08-31,CSM001xTSM001,86EA1C067905B9AD1AAE714019057602B454D578361EC3B15B3A6B14569D32A7,FUF001_FREE_US_EQUITY_250_V1,BC7879B3830C7327EB0A5779625A347C06826C47488F64326C7D0B2884CC741D,RECONCILIATION_CHECK,positions,PASS,"{""AAOI"": ""MISSING_BROKER"", ""ACMR"": ""MISSING_BROKER"", ""ACRS"": ""MISSING_BROKER"", ""AMAT"": ""MISSING_BROKER"", ""AMD"": ""MISSING_BROKER"", ""AMKR"": ""MISSING_BROKER"", ""AMRX"": ""MISSING_BROKER"", ""ANAB"": ""MISSING_BROKER"", ""ANIK"": ""MISSING_BROKER"", ""ANNX"": ""MISSING_BROKER"", ""APPS"": ""MISSING_BROKER"", ""ARCB"": ""MISSING_BROKER"", ""ARWR"": ""MISSING_BROKER"", ""ASML"": ""MISSING_BROKER"", ""ATEX"": ""MISSING_BROKER"", ""ATRO"": ""MISSING_BROKER"", ""AXGN"": ""MISSING_BROKER"", ""AXTI"": ""MISSING_BROKER"", ""BAND"": ""MISSING_BROKER"", ""BELFB"": ""MISSING_BROKER"", ""BJRI"": ""MISSING_BROKER"", ""BRKR"": ""MISSING_BROKER"", ""CALY"": ""MISSING_BROKER"", ""CDNA"": ""MISSING_BROKER"", ""CENX"": ""MISSING_BROKER""}"
2026-09-02T00:14:17.049790+00:00,PAPER-2026-08-31-DRYRUN,2026-08-31,CSM001xTSM001,86EA1C067905B9AD1AAE714019057602B454D578361EC3B15B3A6B14569D32A7,FUF001_FREE_US_EQUITY_250_V1,BC7879B3830C7327EB0A5779625A347C06826C47488F64326C7D0B2884CC741D,RECONCILIATION_CHECK,orders,PASS,"{""CSM001xTSM001-2026-08-31-AAOI-BUY-001"": ""INTENT_ONLY"", ""CSM001xTSM001-2026-08-31-ACMR-BUY-002"": ""INTENT_ONLY"", ""CSM001xTSM001-2026-08-31-ACRS-BUY-003"": ""INTENT_ONLY"", ""CSM001xTSM001-2026-08-31-AMAT-BUY-004"": ""INTENT_ONLY"", ""CSM001xTSM001-2026-08-31-AMD-BUY-005"": ""INTENT_ONLY"", ""CSM001xTSM001-2026-08-31-AMKR-BUY-006"": ""INTENT_ONLY"", ""CSM001xTSM001-2026-08-31-AMRX-BUY-007"": ""INTENT_ONLY"", ""CSM001xTSM001-2026-08-31-ANAB-BUY-008"": ""INTENT_ONLY"", ""CSM001xTSM001-2026-08-31-ANIK-BUY-009"": ""INTENT_ONLY"", ""CSM001xTSM001-2026-08-31-ANNX-BUY-010"": ""INTENT_ONLY"", ""CSM001xTSM001-2026-08-31-APPS-BUY-011"": ""INTENT_ONLY"", ""CSM001xTSM001-2026-08-31-ARCB-BUY-012"": ""INTENT_ONLY"", ""CSM001xTSM001-2026-08-31-ARWR-BUY-013"": ""INTENT_ONLY"", ""CSM001xTSM001-2026-08-31-ASML-BUY-014"": ""INTENT_ONLY"", ""CSM001xTSM001-2026-08-31-ATEX-BUY-015"": ""INTENT_ONLY"", ""CSM001xTSM001-2026-08-31-ATRO-BUY-016"": ""INTENT_ONLY"", ""CSM001xTSM001-2026-08-31-AXGN-BUY-017"": ""INTENT_ONLY"", ""CSM001xTSM001-2026-08-31-AXTI-BUY-018"": ""INTENT_ONLY"", ""CSM001xTSM001-2026-08-31-BAND-BUY-019"": ""INTENT_ONLY"", ""CSM001xTSM001-2026-08-31-BELFB-BUY-020"": ""INTENT_ONLY"", ""CSM001xTSM001-2026-08-31-BJRI-BUY-021"": ""INTENT_ONLY"", ""CSM001xTSM001-2026-08-31-BRKR-BUY-022"": ""INTENT_ONLY"", ""CSM001xTSM001-2026-08-31-CALY-BUY-023"": ""INTENT_ONLY"", ""CSM001xTSM001-2026-08-31-CDNA-BUY-024"": ""INTENT_ONLY"", ""CSM001xTSM001-2026-08-31-CENX-BUY-025"": ""INTENT_ONLY""}"
2026-09-02T00:14:17.058791+00:00,PAPER-2026-08-31-DRYRUN,2026-08-31,CSM001xTSM001,86EA1C067905B9AD1AAE714019057602B454D578361EC3B15B3A6B14569D32A7,FUF001_FREE_US_EQUITY_250_V1,BC7879B3830C7327EB0A5779625A347C06826C47488F64326C7D0B2884CC741D,ORDER_INTENTS_CREATED,order_intent,PASS,count=25
2026-09-02T00:14:17.059798+00:00,PAPER-2026-08-31-DRYRUN,2026-08-31,CSM001xTSM001,86EA1C067905B9AD1AAE714019057602B454D578361EC3B15B3A6B14569D32A7,FUF001_FREE_US_EQUITY_250_V1,BC7879B3830C7327EB0A5779625A347C06826C47488F64326C7D0B2884CC741D,RISK_GUARD_CHECK,risk,PASS,
2026-09-02T00:14:17.059798+00:00,PAPER-2026-08-31-DRYRUN,2026-08-31,CSM001xTSM001,86EA1C067905B9AD1AAE714019057602B454D578361EC3B15B3A6B14569D32A7,FUF001_FREE_US_EQUITY_250_V1,BC7879B3830C7327EB0A5779625A347C06826C47488F64326C7D0B2884CC741D,RISK_GUARD_CHECK,buying_power,PASS,required=100000.00;available=400000.00
2026-09-02T00:14:17.060791+00:00,PAPER-2026-08-31-DRYRUN,2026-08-31,CSM001xTSM001,86EA1C067905B9AD1AAE714019057602B454D578361EC3B15B3A6B14569D32A7,FUF001_FREE_US_EQUITY_250_V1,BC7879B3830C7327EB0A5779625A347C06826C47488F64326C7D0B2884CC741D,INCIDENT,timing,SCHEDULER_FAILURE,session=POST_CLOSE
2026-09-02T00:14:17.060791+00:00,PAPER-2026-08-31-DRYRUN,2026-08-31,CSM001xTSM001,86EA1C067905B9AD1AAE714019057602B454D578361EC3B15B3A6B14569D32A7,FUF001_FREE_US_EQUITY_250_V1,BC7879B3830C7327EB0A5779625A347C06826C47488F64326C7D0B2884CC741D,DRY_RUN_BLOCK,submission_boundary,BLOCKED,BLOCKED_BY_GUARDS
2026-09-02T00:29:53.651113+00:00,PAPER-2026-09-02-DRYRUN,2026-09-02,CSM001xTSM001,86EA1C067905B9AD1AAE714019057602B454D578361EC3B15B3A6B14569D32A7,FUF001_FREE_US_EQUITY_250_V1,BC7879B3830C7327EB0A5779625A347C06826C47488F64326C7D0B2884CC741D,SESSION_CREATED,controller,PASS,Dry-run session created without PAPER_T0.
2026-09-02T00:29:53.696740+00:00,PAPER-2026-09-02-DRYRUN,2026-09-02,CSM001xTSM001,86EA1C067905B9AD1AAE714019057602B454D578361EC3B15B3A6B14569D32A7,FUF001_FREE_US_EQUITY_250_V1,BC7879B3830C7327EB0A5779625A347C06826C47488F64326C7D0B2884CC741D,READINESS_CHECK,universe,PASS,Canonical FUF hash checked.
2026-09-02T00:29:53.696740+00:00,PAPER-2026-09-02-DRYRUN,2026-09-02,CSM001xTSM001,86EA1C067905B9AD1AAE714019057602B454D578361EC3B15B3A6B14569D32A7,FUF001_FREE_US_EQUITY_250_V1,BC7879B3830C7327EB0A5779625A347C06826C47488F64326C7D0B2884CC741D,READINESS_CHECK,strategy,PASS,Frozen strategy hash checked.
2026-09-02T00:31:34.469600+00:00,PAPER-2026-09-02-DRYRUN,2026-09-01,CSM001xTSM001,86EA1C067905B9AD1AAE714019057602B454D578361EC3B15B3A6B14569D32A7,FUF001_FREE_US_EQUITY_250_V1,BC7879B3830C7327EB0A5779625A347C06826C47488F64326C7D0B2884CC741D,IDENTITY_RESOLUTION,identity_resolver,PASS,registry_hash=E77980C024FC6707;resolved_count=250
2026-09-02T00:32:25.281597+00:00,PAPER-2026-09-02-DRYRUN,2026-09-01,CSM001xTSM001,86EA1C067905B9AD1AAE714019057602B454D578361EC3B15B3A6B14569D32A7,FUF001_FREE_US_EQUITY_250_V1,BC7879B3830C7327EB0A5779625A347C06826C47488F64326C7D0B2884CC741D,SCHEDULE_CHECK,calendar,PASS,session=PRE_OPEN
2026-09-02T00:32:25.282654+00:00,PAPER-2026-09-02-DRYRUN,2026-09-01,CSM001xTSM001,86EA1C067905B9AD1AAE714019057602B454D578361EC3B15B3A6B14569D32A7,FUF001_FREE_US_EQUITY_250_V1,BC7879B3830C7327EB0A5779625A347C06826C47488F64326C7D0B2884CC741D,DATA_FRESHNESS_CHECK,alpaca_daily_bars,PASS,fresh=250;stale=0;inactive=0
2026-09-02T00:32:25.282654+00:00,PAPER-2026-09-02-DRYRUN,2026-09-01,CSM001xTSM001,86EA1C067905B9AD1AAE714019057602B454D578361EC3B15B3A6B14569D32A7,FUF001_FREE_US_EQUITY_250_V1,BC7879B3830C7327EB0A5779625A347C06826C47488F64326C7D0B2884CC741D,ELIGIBILITY_CHECK,csm,PASS,eligible_count=250
2026-09-02T00:32:26.467076+00:00,PAPER-2026-09-02-DRYRUN,2026-09-01,CSM001xTSM001,86EA1C067905B9AD1AAE714019057602B454D578361EC3B15B3A6B14569D32A7,FUF001_FREE_US_EQUITY_250_V1,BC7879B3830C7327EB0A5779625A347C06826C47488F64326C7D0B2884CC741D,RECONCILIATION_CHECK,positions,PASS,"{""AAOI"": ""MISSING_BROKER"", ""ACMR"": ""MISSING_BROKER"", ""ACRS"": ""MISSING_BROKER"", ""AEIS"": ""MISSING_BROKER"", ""AMAT"": ""MISSING_BROKER"", ""AMD"": ""MISSING_BROKER"", ""AMKR"": ""MISSING_BROKER"", ""AMRX"": ""MISSING_BROKER"", ""ANAB"": ""MISSING_BROKER"", ""ANIK"": ""MISSING_BROKER"", ""ANNX"": ""MISSING_BROKER"", ""APPS"": ""MISSING_BROKER"", ""ARWR"": ""MISSING_BROKER"", ""ASML"": ""MISSING_BROKER"", ""ATEX"": ""MISSING_BROKER"", ""ATRO"": ""MISSING_BROKER"", ""AXGN"": ""MISSING_BROKER"", ""AXTI"": ""MISSING_BROKER"", ""BAND"": ""MISSING_BROKER"", ""BELFB"": ""MISSING_BROKER"", ""BJRI"": ""MISSING_BROKER"", ""BRKR"": ""MISSING_BROKER"", ""CALY"": ""MISSING_BROKER"", ""CDNA"": ""MISSING_BROKER"", ""CENX"": ""MISSING_BROKER""}"
2026-09-02T00:32:26.468089+00:00,PAPER-2026-09-02-DRYRUN,2026-09-01,CSM001xTSM001,86EA1C067905B9AD1AAE714019057602B454D578361EC3B15B3A6B14569D32A7,FUF001_FREE_US_EQUITY_250_V1,BC7879B3830C7327EB0A5779625A347C06826C47488F64326C7D0B2884CC741D,RECONCILIATION_CHECK,orders,PASS,"{""CSM001xTSM001-2026-09-01-AAOI-BUY-001"": ""INTENT_ONLY"", ""CSM001xTSM001-2026-09-01-ACMR-BUY-002"": ""INTENT_ONLY"", ""CSM001xTSM001-2026-09-01-ACRS-BUY-003"": ""INTENT_ONLY"", ""CSM001xTSM001-2026-09-01-AEIS-BUY-004"": ""INTENT_ONLY"", ""CSM001xTSM001-2026-09-01-AMAT-BUY-005"": ""INTENT_ONLY"", ""CSM001xTSM001-2026-09-01-AMD-BUY-006"": ""INTENT_ONLY"", ""CSM001xTSM001-2026-09-01-AMKR-BUY-007"": ""INTENT_ONLY"", ""CSM001xTSM001-2026-09-01-AMRX-BUY-008"": ""INTENT_ONLY"", ""CSM001xTSM001-2026-09-01-ANAB-BUY-009"": ""INTENT_ONLY"", ""CSM001xTSM001-2026-09-01-ANIK-BUY-010"": ""INTENT_ONLY"", ""CSM001xTSM001-2026-09-01-ANNX-BUY-011"": ""INTENT_ONLY"", ""CSM001xTSM001-2026-09-01-APPS-BUY-012"": ""INTENT_ONLY"", ""CSM001xTSM001-2026-09-01-ARWR-BUY-013"": ""INTENT_ONLY"", ""CSM001xTSM001-2026-09-01-ASML-BUY-014"": ""INTENT_ONLY"", ""CSM001xTSM001-2026-09-01-ATEX-BUY-015"": ""INTENT_ONLY"", ""CSM001xTSM001-2026-09-01-ATRO-BUY-016"": ""INTENT_ONLY"", ""CSM001xTSM001-2026-09-01-AXGN-BUY-017"": ""INTENT_ONLY"", ""CSM001xTSM001-2026-09-01-AXTI-BUY-018"": ""INTENT_ONLY"", ""CSM001xTSM001-2026-09-01-BAND-BUY-019"": ""INTENT_ONLY"", ""CSM001xTSM001-2026-09-01-BELFB-BUY-020"": ""INTENT_ONLY"", ""CSM001xTSM001-2026-09-01-BJRI-BUY-021"": ""INTENT_ONLY"", ""CSM001xTSM001-2026-09-01-BRKR-BUY-022"": ""INTENT_ONLY"", ""CSM001xTSM001-2026-09-01-CALY-BUY-023"": ""INTENT_ONLY"", ""CSM001xTSM001-2026-09-01-CDNA-BUY-024"": ""INTENT_ONLY"", ""CSM001xTSM001-2026-09-01-CENX-BUY-025"": ""INTENT_ONLY""}"
2026-09-02T00:32:26.482981+00:00,PAPER-2026-09-02-DRYRUN,2026-09-01,CSM001xTSM001,86EA1C067905B9AD1AAE714019057602B454D578361EC3B15B3A6B14569D32A7,FUF001_FREE_US_EQUITY_250_V1,BC7879B3830C7327EB0A5779625A347C06826C47488F64326C7D0B2884CC741D,ORDER_INTENTS_CREATED,order_intent,PASS,count=25
2026-09-02T00:32:26.483939+00:00,PAPER-2026-09-02-DRYRUN,2026-09-01,CSM001xTSM001,86EA1C067905B9AD1AAE714019057602B454D578361EC3B15B3A6B14569D32A7,FUF001_FREE_US_EQUITY_250_V1,BC7879B3830C7327EB0A5779625A347C06826C47488F64326C7D0B2884CC741D,RISK_GUARD_CHECK,risk,PASS,
2026-09-02T00:32:26.483939+00:00,PAPER-2026-09-02-DRYRUN,2026-09-01,CSM001xTSM001,86EA1C067905B9AD1AAE714019057602B454D578361EC3B15B3A6B14569D32A7,FUF001_FREE_US_EQUITY_250_V1,BC7879B3830C7327EB0A5779625A347C06826C47488F64326C7D0B2884CC741D,RISK_GUARD_CHECK,buying_power,PASS,required=100000.00;available=400000.00
2026-09-02T00:32:26.484937+00:00,PAPER-2026-09-02-DRYRUN,2026-09-01,CSM001xTSM001,86EA1C067905B9AD1AAE714019057602B454D578361EC3B15B3A6B14569D32A7,FUF001_FREE_US_EQUITY_250_V1,BC7879B3830C7327EB0A5779625A347C06826C47488F64326C7D0B2884CC741D,DRY_RUN_BLOCK,submission_boundary,BLOCKED,WAITING_FOR_SCHEDULED_MONTHLY_REBALANCE
2026-09-02T00:32:32.715965+00:00,PAPER-2026-09-02-DRYRUN,2026-09-02,CSM001xTSM001,86EA1C067905B9AD1AAE714019057602B454D578361EC3B15B3A6B14569D32A7,FUF001_FREE_US_EQUITY_250_V1,BC7879B3830C7327EB0A5779625A347C06826C47488F64326C7D0B2884CC741D,SESSION_CREATED,controller,PASS,Dry-run session created without PAPER_T0.
2026-09-02T00:32:32.750404+00:00,PAPER-2026-09-02-DRYRUN,2026-09-02,CSM001xTSM001,86EA1C067905B9AD1AAE714019057602B454D578361EC3B15B3A6B14569D32A7,FUF001_FREE_US_EQUITY_250_V1,BC7879B3830C7327EB0A5779625A347C06826C47488F64326C7D0B2884CC741D,READINESS_CHECK,universe,PASS,Canonical FUF hash checked.
2026-09-02T00:32:32.751378+00:00,PAPER-2026-09-02-DRYRUN,2026-09-02,CSM001xTSM001,86EA1C067905B9AD1AAE714019057602B454D578361EC3B15B3A6B14569D32A7,FUF001_FREE_US_EQUITY_250_V1,BC7879B3830C7327EB0A5779625A347C06826C47488F64326C7D0B2884CC741D,READINESS_CHECK,strategy,PASS,Frozen strategy hash checked.
2026-09-02T00:34:14.623324+00:00,PAPER-2026-09-02-DRYRUN,2026-09-01,CSM001xTSM001,86EA1C067905B9AD1AAE714019057602B454D578361EC3B15B3A6B14569D32A7,FUF001_FREE_US_EQUITY_250_V1,BC7879B3830C7327EB0A5779625A347C06826C47488F64326C7D0B2884CC741D,IDENTITY_RESOLUTION,identity_resolver,PASS,registry_hash=E77980C024FC6707;resolved_count=250
2026-09-02T00:35:06.574724+00:00,PAPER-2026-09-02-DRYRUN,2026-09-01,CSM001xTSM001,86EA1C067905B9AD1AAE714019057602B454D578361EC3B15B3A6B14569D32A7,FUF001_FREE_US_EQUITY_250_V1,BC7879B3830C7327EB0A5779625A347C06826C47488F64326C7D0B2884CC741D,SCHEDULE_CHECK,calendar,PASS,session=PRE_OPEN
2026-09-02T00:35:06.575723+00:00,PAPER-2026-09-02-DRYRUN,2026-09-01,CSM001xTSM001,86EA1C067905B9AD1AAE714019057602B454D578361EC3B15B3A6B14569D32A7,FUF001_FREE_US_EQUITY_250_V1,BC7879B3830C7327EB0A5779625A347C06826C47488F64326C7D0B2884CC741D,DATA_FRESHNESS_CHECK,alpaca_daily_bars,PASS,fresh=250;stale=0;inactive=0
2026-09-02T00:35:06.575723+00:00,PAPER-2026-09-02-DRYRUN,2026-09-01,CSM001xTSM001,86EA1C067905B9AD1AAE714019057602B454D578361EC3B15B3A6B14569D32A7,FUF001_FREE_US_EQUITY_250_V1,BC7879B3830C7327EB0A5779625A347C06826C47488F64326C7D0B2884CC741D,ELIGIBILITY_CHECK,csm,PASS,eligible_count=250
2026-09-02T00:35:07.757003+00:00,PAPER-2026-09-02-DRYRUN,2026-09-01,CSM001xTSM001,86EA1C067905B9AD1AAE714019057602B454D578361EC3B15B3A6B14569D32A7,FUF001_FREE_US_EQUITY_250_V1,BC7879B3830C7327EB0A5779625A347C06826C47488F64326C7D0B2884CC741D,RECONCILIATION_CHECK,positions,PASS,"{""AAOI"": ""MISSING_BROKER"", ""ACMR"": ""MISSING_BROKER"", ""ACRS"": ""MISSING_BROKER"", ""AEIS"": ""MISSING_BROKER"", ""AMAT"": ""MISSING_BROKER"", ""AMD"": ""MISSING_BROKER"", ""AMKR"": ""MISSING_BROKER"", ""AMRX"": ""MISSING_BROKER"", ""ANAB"": ""MISSING_BROKER"", ""ANIK"": ""MISSING_BROKER"", ""ANNX"": ""MISSING_BROKER"", ""APPS"": ""MISSING_BROKER"", ""ARWR"": ""MISSING_BROKER"", ""ASML"": ""MISSING_BROKER"", ""ATEX"": ""MISSING_BROKER"", ""ATRO"": ""MISSING_BROKER"", ""AXGN"": ""MISSING_BROKER"", ""AXTI"": ""MISSING_BROKER"", ""BAND"": ""MISSING_BROKER"", ""BELFB"": ""MISSING_BROKER"", ""BJRI"": ""MISSING_BROKER"", ""BRKR"": ""MISSING_BROKER"", ""CALY"": ""MISSING_BROKER"", ""CDNA"": ""MISSING_BROKER"", ""CENX"": ""MISSING_BROKER""}"
2026-09-02T00:35:07.758529+00:00,PAPER-2026-09-02-DRYRUN,2026-09-01,CSM001xTSM001,86EA1C067905B9AD1AAE714019057602B454D578361EC3B15B3A6B14569D32A7,FUF001_FREE_US_EQUITY_250_V1,BC7879B3830C7327EB0A5779625A347C06826C47488F64326C7D0B2884CC741D,RECONCILIATION_CHECK,orders,PASS,"{""CSM001xTSM001-2026-09-01-AAOI-BUY-001"": ""INTENT_ONLY"", ""CSM001xTSM001-2026-09-01-ACMR-BUY-002"": ""INTENT_ONLY"", ""CSM001xTSM001-2026-09-01-ACRS-BUY-003"": ""INTENT_ONLY"", ""CSM001xTSM001-2026-09-01-AEIS-BUY-004"": ""INTENT_ONLY"", ""CSM001xTSM001-2026-09-01-AMAT-BUY-005"": ""INTENT_ONLY"", ""CSM001xTSM001-2026-09-01-AMD-BUY-006"": ""INTENT_ONLY"", ""CSM001xTSM001-2026-09-01-AMKR-BUY-007"": ""INTENT_ONLY"", ""CSM001xTSM001-2026-09-01-AMRX-BUY-008"": ""INTENT_ONLY"", ""CSM001xTSM001-2026-09-01-ANAB-BUY-009"": ""INTENT_ONLY"", ""CSM001xTSM001-2026-09-01-ANIK-BUY-010"": ""INTENT_ONLY"", ""CSM001xTSM001-2026-09-01-ANNX-BUY-011"": ""INTENT_ONLY"", ""CSM001xTSM001-2026-09-01-APPS-BUY-012"": ""INTENT_ONLY"", ""CSM001xTSM001-2026-09-01-ARWR-BUY-013"": ""INTENT_ONLY"", ""CSM001xTSM001-2026-09-01-ASML-BUY-014"": ""INTENT_ONLY"", ""CSM001xTSM001-2026-09-01-ATEX-BUY-015"": ""INTENT_ONLY"", ""CSM001xTSM001-2026-09-01-ATRO-BUY-016"": ""INTENT_ONLY"", ""CSM001xTSM001-2026-09-01-AXGN-BUY-017"": ""INTENT_ONLY"", ""CSM001xTSM001-2026-09-01-AXTI-BUY-018"": ""INTENT_ONLY"", ""CSM001xTSM001-2026-09-01-BAND-BUY-019"": ""INTENT_ONLY"", ""CSM001xTSM001-2026-09-01-BELFB-BUY-020"": ""INTENT_ONLY"", ""CSM001xTSM001-2026-09-01-BJRI-BUY-021"": ""INTENT_ONLY"", ""CSM001xTSM001-2026-09-01-BRKR-BUY-022"": ""INTENT_ONLY"", ""CSM001xTSM001-2026-09-01-CALY-BUY-023"": ""INTENT_ONLY"", ""CSM001xTSM001-2026-09-01-CDNA-BUY-024"": ""INTENT_ONLY"", ""CSM001xTSM001-2026-09-01-CENX-BUY-025"": ""INTENT_ONLY""}"
2026-09-02T00:35:07.770479+00:00,PAPER-2026-09-02-DRYRUN,2026-09-01,CSM001xTSM001,86EA1C067905B9AD1AAE714019057602B454D578361EC3B15B3A6B14569D32A7,FUF001_FREE_US_EQUITY_250_V1,BC7879B3830C7327EB0A5779625A347C06826C47488F64326C7D0B2884CC741D,ORDER_INTENTS_CREATED,order_intent,PASS,count=25
2026-09-02T00:35:07.771476+00:00,PAPER-2026-09-02-DRYRUN,2026-09-01,CSM001xTSM001,86EA1C067905B9AD1AAE714019057602B454D578361EC3B15B3A6B14569D32A7,FUF001_FREE_US_EQUITY_250_V1,BC7879B3830C7327EB0A5779625A347C06826C47488F64326C7D0B2884CC741D,RISK_GUARD_CHECK,risk,PASS,
2026-09-02T00:35:07.772474+00:00,PAPER-2026-09-02-DRYRUN,2026-09-01,CSM001xTSM001,86EA1C067905B9AD1AAE714019057602B454D578361EC3B15B3A6B14569D32A7,FUF001_FREE_US_EQUITY_250_V1,BC7879B3830C7327EB0A5779625A347C06826C47488F64326C7D0B2884CC741D,RISK_GUARD_CHECK,buying_power,PASS,required=100000.00;available=400000.00
2026-09-02T00:35:07.773480+00:00,PAPER-2026-09-02-DRYRUN,2026-09-01,CSM001xTSM001,86EA1C067905B9AD1AAE714019057602B454D578361EC3B15B3A6B14569D32A7,FUF001_FREE_US_EQUITY_250_V1,BC7879B3830C7327EB0A5779625A347C06826C47488F64326C7D0B2884CC741D,DRY_RUN_BLOCK,submission_boundary,BLOCKED,WAITING_FOR_SCHEDULED_MONTHLY_REBALANCE
2026-09-02T00:35:44.098461+00:00,PAPER-2026-09-02-DRYRUN,2026-09-02,CSM001xTSM001,86EA1C067905B9AD1AAE714019057602B454D578361EC3B15B3A6B14569D32A7,FUF001_FREE_US_EQUITY_250_V1,BC7879B3830C7327EB0A5779625A347C06826C47488F64326C7D0B2884CC741D,SESSION_CREATED,controller,PASS,Dry-run session created without PAPER_T0.
2026-09-02T00:35:44.127536+00:00,PAPER-2026-09-02-DRYRUN,2026-09-02,CSM001xTSM001,86EA1C067905B9AD1AAE714019057602B454D578361EC3B15B3A6B14569D32A7,FUF001_FREE_US_EQUITY_250_V1,BC7879B3830C7327EB0A5779625A347C06826C47488F64326C7D0B2884CC741D,READINESS_CHECK,universe,PASS,Canonical FUF hash checked.
2026-09-02T00:35:44.128529+00:00,PAPER-2026-09-02-DRYRUN,2026-09-02,CSM001xTSM001,86EA1C067905B9AD1AAE714019057602B454D578361EC3B15B3A6B14569D32A7,FUF001_FREE_US_EQUITY_250_V1,BC7879B3830C7327EB0A5779625A347C06826C47488F64326C7D0B2884CC741D,READINESS_CHECK,strategy,PASS,Frozen strategy hash checked.
2026-09-02T00:37:25.432629+00:00,PAPER-2026-09-02-DRYRUN,2026-08-31,CSM001xTSM001,86EA1C067905B9AD1AAE714019057602B454D578361EC3B15B3A6B14569D32A7,FUF001_FREE_US_EQUITY_250_V1,BC7879B3830C7327EB0A5779625A347C06826C47488F64326C7D0B2884CC741D,IDENTITY_RESOLUTION,identity_resolver,PASS,registry_hash=E77980C024FC6707;resolved_count=250
2026-09-02T00:38:16.007353+00:00,PAPER-2026-09-02-DRYRUN,2026-08-31,CSM001xTSM001,86EA1C067905B9AD1AAE714019057602B454D578361EC3B15B3A6B14569D32A7,FUF001_FREE_US_EQUITY_250_V1,BC7879B3830C7327EB0A5779625A347C06826C47488F64326C7D0B2884CC741D,SCHEDULE_CHECK,calendar,PASS,session=PRE_OPEN
2026-09-02T00:38:16.007353+00:00,PAPER-2026-09-02-DRYRUN,2026-08-31,CSM001xTSM001,86EA1C067905B9AD1AAE714019057602B454D578361EC3B15B3A6B14569D32A7,FUF001_FREE_US_EQUITY_250_V1,BC7879B3830C7327EB0A5779625A347C06826C47488F64326C7D0B2884CC741D,DATA_FRESHNESS_CHECK,alpaca_daily_bars,PASS,fresh=250;stale=0;inactive=0
2026-09-02T00:38:16.008338+00:00,PAPER-2026-09-02-DRYRUN,2026-08-31,CSM001xTSM001,86EA1C067905B9AD1AAE714019057602B454D578361EC3B15B3A6B14569D32A7,FUF001_FREE_US_EQUITY_250_V1,BC7879B3830C7327EB0A5779625A347C06826C47488F64326C7D0B2884CC741D,ELIGIBILITY_CHECK,csm,PASS,eligible_count=249
2026-09-02T00:38:17.195430+00:00,PAPER-2026-09-02-DRYRUN,2026-08-31,CSM001xTSM001,86EA1C067905B9AD1AAE714019057602B454D578361EC3B15B3A6B14569D32A7,FUF001_FREE_US_EQUITY_250_V1,BC7879B3830C7327EB0A5779625A347C06826C47488F64326C7D0B2884CC741D,RECONCILIATION_CHECK,positions,PASS,"{""AAOI"": ""MISSING_BROKER"", ""ACMR"": ""MISSING_BROKER"", ""ACRS"": ""MISSING_BROKER"", ""AMAT"": ""MISSING_BROKER"", ""AMD"": ""MISSING_BROKER"", ""AMKR"": ""MISSING_BROKER"", ""AMRX"": ""MISSING_BROKER"", ""ANAB"": ""MISSING_BROKER"", ""ANIK"": ""MISSING_BROKER"", ""ANNX"": ""MISSING_BROKER"", ""APPS"": ""MISSING_BROKER"", ""ARCB"": ""MISSING_BROKER"", ""ARWR"": ""MISSING_BROKER"", ""ASML"": ""MISSING_BROKER"", ""ATEX"": ""MISSING_BROKER"", ""ATRO"": ""MISSING_BROKER"", ""AXGN"": ""MISSING_BROKER"", ""AXTI"": ""MISSING_BROKER"", ""BAND"": ""MISSING_BROKER"", ""BELFB"": ""MISSING_BROKER"", ""BJRI"": ""MISSING_BROKER"", ""BRKR"": ""MISSING_BROKER"", ""CALY"": ""MISSING_BROKER"", ""CDNA"": ""MISSING_BROKER"", ""CENX"": ""MISSING_BROKER""}"
2026-09-02T00:38:17.196431+00:00,PAPER-2026-09-02-DRYRUN,2026-08-31,CSM001xTSM001,86EA1C067905B9AD1AAE714019057602B454D578361EC3B15B3A6B14569D32A7,FUF001_FREE_US_EQUITY_250_V1,BC7879B3830C7327EB0A5779625A347C06826C47488F64326C7D0B2884CC741D,RECONCILIATION_CHECK,orders,PASS,"{""CSM001xTSM001-2026-08-31-AAOI-BUY-001"": ""INTENT_ONLY"", ""CSM001xTSM001-2026-08-31-ACMR-BUY-002"": ""INTENT_ONLY"", ""CSM001xTSM001-2026-08-31-ACRS-BUY-003"": ""INTENT_ONLY"", ""CSM001xTSM001-2026-08-31-AMAT-BUY-004"": ""INTENT_ONLY"", ""CSM001xTSM001-2026-08-31-AMD-BUY-005"": ""INTENT_ONLY"", ""CSM001xTSM001-2026-08-31-AMKR-BUY-006"": ""INTENT_ONLY"", ""CSM001xTSM001-2026-08-31-AMRX-BUY-007"": ""INTENT_ONLY"", ""CSM001xTSM001-2026-08-31-ANAB-BUY-008"": ""INTENT_ONLY"", ""CSM001xTSM001-2026-08-31-ANIK-BUY-009"": ""INTENT_ONLY"", ""CSM001xTSM001-2026-08-31-ANNX-BUY-010"": ""INTENT_ONLY"", ""CSM001xTSM001-2026-08-31-APPS-BUY-011"": ""INTENT_ONLY"", ""CSM001xTSM001-2026-08-31-ARCB-BUY-012"": ""INTENT_ONLY"", ""CSM001xTSM001-2026-08-31-ARWR-BUY-013"": ""INTENT_ONLY"", ""CSM001xTSM001-2026-08-31-ASML-BUY-014"": ""INTENT_ONLY"", ""CSM001xTSM001-2026-08-31-ATEX-BUY-015"": ""INTENT_ONLY"", ""CSM001xTSM001-2026-08-31-ATRO-BUY-016"": ""INTENT_ONLY"", ""CSM001xTSM001-2026-08-31-AXGN-BUY-017"": ""INTENT_ONLY"", ""CSM001xTSM001-2026-08-31-AXTI-BUY-018"": ""INTENT_ONLY"", ""CSM001xTSM001-2026-08-31-BAND-BUY-019"": ""INTENT_ONLY"", ""CSM001xTSM001-2026-08-31-BELFB-BUY-020"": ""INTENT_ONLY"", ""CSM001xTSM001-2026-08-31-BJRI-BUY-021"": ""INTENT_ONLY"", ""CSM001xTSM001-2026-08-31-BRKR-BUY-022"": ""INTENT_ONLY"", ""CSM001xTSM001-2026-08-31-CALY-BUY-023"": ""INTENT_ONLY"", ""CSM001xTSM001-2026-08-31-CDNA-BUY-024"": ""INTENT_ONLY"", ""CSM001xTSM001-2026-08-31-CENX-BUY-025"": ""INTENT_ONLY""}"
2026-09-02T00:38:17.207973+00:00,PAPER-2026-09-02-DRYRUN,2026-08-31,CSM001xTSM001,86EA1C067905B9AD1AAE714019057602B454D578361EC3B15B3A6B14569D32A7,FUF001_FREE_US_EQUITY_250_V1,BC7879B3830C7327EB0A5779625A347C06826C47488F64326C7D0B2884CC741D,ORDER_INTENTS_CREATED,order_intent,PASS,count=25
2026-09-02T00:38:17.207973+00:00,PAPER-2026-09-02-DRYRUN,2026-08-31,CSM001xTSM001,86EA1C067905B9AD1AAE714019057602B454D578361EC3B15B3A6B14569D32A7,FUF001_FREE_US_EQUITY_250_V1,BC7879B3830C7327EB0A5779625A347C06826C47488F64326C7D0B2884CC741D,RISK_GUARD_CHECK,risk,PASS,
2026-09-02T00:38:17.208973+00:00,PAPER-2026-09-02-DRYRUN,2026-08-31,CSM001xTSM001,86EA1C067905B9AD1AAE714019057602B454D578361EC3B15B3A6B14569D32A7,FUF001_FREE_US_EQUITY_250_V1,BC7879B3830C7327EB0A5779625A347C06826C47488F64326C7D0B2884CC741D,RISK_GUARD_CHECK,buying_power,PASS,required=100000.00;available=400000.00
2026-09-02T00:38:17.208973+00:00,PAPER-2026-09-02-DRYRUN,2026-08-31,CSM001xTSM001,86EA1C067905B9AD1AAE714019057602B454D578361EC3B15B3A6B14569D32A7,FUF001_FREE_US_EQUITY_250_V1,BC7879B3830C7327EB0A5779625A347C06826C47488F64326C7D0B2884CC741D,DRY_RUN_BLOCK,submission_boundary,AUTHORIZED,NONE
2026-09-02T00:42:28.906912+00:00,PAPER-2026-09-02-DRYRUN,2026-09-02,CSM001xTSM001,86EA1C067905B9AD1AAE714019057602B454D578361EC3B15B3A6B14569D32A7,FUF001_FREE_US_EQUITY_250_V1,BC7879B3830C7327EB0A5779625A347C06826C47488F64326C7D0B2884CC741D,SESSION_CREATED,controller,PASS,Dry-run session created without PAPER_T0.
2026-09-02T00:42:28.938539+00:00,PAPER-2026-09-02-DRYRUN,2026-09-02,CSM001xTSM001,86EA1C067905B9AD1AAE714019057602B454D578361EC3B15B3A6B14569D32A7,FUF001_FREE_US_EQUITY_250_V1,BC7879B3830C7327EB0A5779625A347C06826C47488F64326C7D0B2884CC741D,READINESS_CHECK,universe,PASS,Canonical FUF hash checked.
2026-09-02T00:42:28.938539+00:00,PAPER-2026-09-02-DRYRUN,2026-09-02,CSM001xTSM001,86EA1C067905B9AD1AAE714019057602B454D578361EC3B15B3A6B14569D32A7,FUF001_FREE_US_EQUITY_250_V1,BC7879B3830C7327EB0A5779625A347C06826C47488F64326C7D0B2884CC741D,READINESS_CHECK,strategy,PASS,Frozen strategy hash checked.
2026-09-02T00:44:08.532730+00:00,PAPER-2026-09-02-DRYRUN,2026-08-31,CSM001xTSM001,86EA1C067905B9AD1AAE714019057602B454D578361EC3B15B3A6B14569D32A7,FUF001_FREE_US_EQUITY_250_V1,BC7879B3830C7327EB0A5779625A347C06826C47488F64326C7D0B2884CC741D,IDENTITY_RESOLUTION,identity_resolver,PASS,registry_hash=E77980C024FC6707;resolved_count=250
2026-09-02T00:44:49.650547+00:00,PAPER-2026-09-02-DRYRUN,2026-08-31,CSM001xTSM001,86EA1C067905B9AD1AAE714019057602B454D578361EC3B15B3A6B14569D32A7,FUF001_FREE_US_EQUITY_250_V1,BC7879B3830C7327EB0A5779625A347C06826C47488F64326C7D0B2884CC741D,SCHEDULE_CHECK,calendar,PASS,session=PRE_OPEN
2026-09-02T00:44:49.650547+00:00,PAPER-2026-09-02-DRYRUN,2026-08-31,CSM001xTSM001,86EA1C067905B9AD1AAE714019057602B454D578361EC3B15B3A6B14569D32A7,FUF001_FREE_US_EQUITY_250_V1,BC7879B3830C7327EB0A5779625A347C06826C47488F64326C7D0B2884CC741D,DATA_FRESHNESS_CHECK,alpaca_daily_bars,PASS,fresh=250;stale=0;inactive=0
2026-09-02T00:44:49.650547+00:00,PAPER-2026-09-02-DRYRUN,2026-08-31,CSM001xTSM001,86EA1C067905B9AD1AAE714019057602B454D578361EC3B15B3A6B14569D32A7,FUF001_FREE_US_EQUITY_250_V1,BC7879B3830C7327EB0A5779625A347C06826C47488F64326C7D0B2884CC741D,ELIGIBILITY_CHECK,csm,PASS,eligible_count=249
2026-09-02T00:44:50.860280+00:00,PAPER-2026-09-02-DRYRUN,2026-08-31,CSM001xTSM001,86EA1C067905B9AD1AAE714019057602B454D578361EC3B15B3A6B14569D32A7,FUF001_FREE_US_EQUITY_250_V1,BC7879B3830C7327EB0A5779625A347C06826C47488F64326C7D0B2884CC741D,RECONCILIATION_CHECK,positions,PASS,"{""AAOI"": ""MISSING_BROKER"", ""ACMR"": ""MISSING_BROKER"", ""ACRS"": ""MISSING_BROKER"", ""AMAT"": ""MISSING_BROKER"", ""AMD"": ""MISSING_BROKER"", ""AMKR"": ""MISSING_BROKER"", ""AMRX"": ""MISSING_BROKER"", ""ANAB"": ""MISSING_BROKER"", ""ANIK"": ""MISSING_BROKER"", ""ANNX"": ""MISSING_BROKER"", ""APPS"": ""MISSING_BROKER"", ""ARCB"": ""MISSING_BROKER"", ""ARWR"": ""MISSING_BROKER"", ""ASML"": ""MISSING_BROKER"", ""ATEX"": ""MISSING_BROKER"", ""ATRO"": ""MISSING_BROKER"", ""AXGN"": ""MISSING_BROKER"", ""AXTI"": ""MISSING_BROKER"", ""BAND"": ""MISSING_BROKER"", ""BELFB"": ""MISSING_BROKER"", ""BJRI"": ""MISSING_BROKER"", ""BRKR"": ""MISSING_BROKER"", ""CALY"": ""MISSING_BROKER"", ""CDNA"": ""MISSING_BROKER"", ""CENX"": ""MISSING_BROKER""}"
2026-09-02T00:44:50.860280+00:00,PAPER-2026-09-02-DRYRUN,2026-08-31,CSM001xTSM001,86EA1C067905B9AD1AAE714019057602B454D578361EC3B15B3A6B14569D32A7,FUF001_FREE_US_EQUITY_250_V1,BC7879B3830C7327EB0A5779625A347C06826C47488F64326C7D0B2884CC741D,RECONCILIATION_CHECK,orders,PASS,"{""CSM001xTSM001-2026-08-31-AAOI-BUY-001"": ""INTENT_ONLY"", ""CSM001xTSM001-2026-08-31-ACMR-BUY-002"": ""INTENT_ONLY"", ""CSM001xTSM001-2026-08-31-ACRS-BUY-003"": ""INTENT_ONLY"", ""CSM001xTSM001-2026-08-31-AMAT-BUY-004"": ""INTENT_ONLY"", ""CSM001xTSM001-2026-08-31-AMD-BUY-005"": ""INTENT_ONLY"", ""CSM001xTSM001-2026-08-31-AMKR-BUY-006"": ""INTENT_ONLY"", ""CSM001xTSM001-2026-08-31-AMRX-BUY-007"": ""INTENT_ONLY"", ""CSM001xTSM001-2026-08-31-ANAB-BUY-008"": ""INTENT_ONLY"", ""CSM001xTSM001-2026-08-31-ANIK-BUY-009"": ""INTENT_ONLY"", ""CSM001xTSM001-2026-08-31-ANNX-BUY-010"": ""INTENT_ONLY"", ""CSM001xTSM001-2026-08-31-APPS-BUY-011"": ""INTENT_ONLY"", ""CSM001xTSM001-2026-08-31-ARCB-BUY-012"": ""INTENT_ONLY"", ""CSM001xTSM001-2026-08-31-ARWR-BUY-013"": ""INTENT_ONLY"", ""CSM001xTSM001-2026-08-31-ASML-BUY-014"": ""INTENT_ONLY"", ""CSM001xTSM001-2026-08-31-ATEX-BUY-015"": ""INTENT_ONLY"", ""CSM001xTSM001-2026-08-31-ATRO-BUY-016"": ""INTENT_ONLY"", ""CSM001xTSM001-2026-08-31-AXGN-BUY-017"": ""INTENT_ONLY"", ""CSM001xTSM001-2026-08-31-AXTI-BUY-018"": ""INTENT_ONLY"", ""CSM001xTSM001-2026-08-31-BAND-BUY-019"": ""INTENT_ONLY"", ""CSM001xTSM001-2026-08-31-BELFB-BUY-020"": ""INTENT_ONLY"", ""CSM001xTSM001-2026-08-31-BJRI-BUY-021"": ""INTENT_ONLY"", ""CSM001xTSM001-2026-08-31-BRKR-BUY-022"": ""INTENT_ONLY"", ""CSM001xTSM001-2026-08-31-CALY-BUY-023"": ""INTENT_ONLY"", ""CSM001xTSM001-2026-08-31-CDNA-BUY-024"": ""INTENT_ONLY"", ""CSM001xTSM001-2026-08-31-CENX-BUY-025"": ""INTENT_ONLY""}"
2026-09-02T00:44:50.871877+00:00,PAPER-2026-09-02-DRYRUN,2026-08-31,CSM001xTSM001,86EA1C067905B9AD1AAE714019057602B454D578361EC3B15B3A6B14569D32A7,FUF001_FREE_US_EQUITY_250_V1,BC7879B3830C7327EB0A5779625A347C06826C47488F64326C7D0B2884CC741D,ORDER_INTENTS_CREATED,order_intent,PASS,count=25
2026-09-02T00:44:50.871877+00:00,PAPER-2026-09-02-DRYRUN,2026-08-31,CSM001xTSM001,86EA1C067905B9AD1AAE714019057602B454D578361EC3B15B3A6B14569D32A7,FUF001_FREE_US_EQUITY_250_V1,BC7879B3830C7327EB0A5779625A347C06826C47488F64326C7D0B2884CC741D,RISK_GUARD_CHECK,risk,PASS,
2026-09-02T00:44:50.871877+00:00,PAPER-2026-09-02-DRYRUN,2026-08-31,CSM001xTSM001,86EA1C067905B9AD1AAE714019057602B454D578361EC3B15B3A6B14569D32A7,FUF001_FREE_US_EQUITY_250_V1,BC7879B3830C7327EB0A5779625A347C06826C47488F64326C7D0B2884CC741D,RISK_GUARD_CHECK,buying_power,PASS,required=100000.00;available=400000.00
2026-09-02T00:44:50.871877+00:00,PAPER-2026-09-02-DRYRUN,2026-08-31,CSM001xTSM001,86EA1C067905B9AD1AAE714019057602B454D578361EC3B15B3A6B14569D32A7,FUF001_FREE_US_EQUITY_250_V1,BC7879B3830C7327EB0A5779625A347C06826C47488F64326C7D0B2884CC741D,DRY_RUN_BLOCK,submission_boundary,AUTHORIZED,NONE
2026-09-02T01:33:19.346717+00:00,PAPER-2026-08-25-DRYRUN,2026-09-02,CSM001xTSM001,86EA1C067905B9AD1AAE714019057602B454D578361EC3B15B3A6B14569D32A7,FUF001_FREE_US_EQUITY_250_V1,BC7879B3830C7327EB0A5779625A347C06826C47488F64326C7D0B2884CC741D,SESSION_CREATED,controller,PASS,Dry-run session created without PAPER_T0.
2026-09-02T01:33:19.361031+00:00,PAPER-2026-08-25-DRYRUN,2026-09-02,CSM001xTSM001,86EA1C067905B9AD1AAE714019057602B454D578361EC3B15B3A6B14569D32A7,FUF001_FREE_US_EQUITY_250_V1,BC7879B3830C7327EB0A5779625A347C06826C47488F64326C7D0B2884CC741D,READINESS_CHECK,universe,PASS,Canonical FUF hash checked.
2026-09-02T01:33:19.361031+00:00,PAPER-2026-08-25-DRYRUN,2026-09-02,CSM001xTSM001,86EA1C067905B9AD1AAE714019057602B454D578361EC3B15B3A6B14569D32A7,FUF001_FREE_US_EQUITY_250_V1,BC7879B3830C7327EB0A5779625A347C06826C47488F64326C7D0B2884CC741D,READINESS_CHECK,strategy,PASS,Frozen strategy hash checked.
2026-09-02T01:35:01.654830+00:00,PAPER-2026-08-25-DRYRUN,2026-08-25,CSM001xTSM001,86EA1C067905B9AD1AAE714019057602B454D578361EC3B15B3A6B14569D32A7,FUF001_FREE_US_EQUITY_250_V1,BC7879B3830C7327EB0A5779625A347C06826C47488F64326C7D0B2884CC741D,IDENTITY_RESOLUTION,identity_resolver,PASS,registry_hash=E77980C024FC6707;resolved_count=250
2026-09-02T01:35:42.108623+00:00,PAPER-2026-08-25-DRYRUN,2026-08-25,CSM001xTSM001,86EA1C067905B9AD1AAE714019057602B454D578361EC3B15B3A6B14569D32A7,FUF001_FREE_US_EQUITY_250_V1,BC7879B3830C7327EB0A5779625A347C06826C47488F64326C7D0B2884CC741D,INCIDENT,signal_pipeline,FUTURE_BAR,Current signal pipeline failed.
2026-09-02T01:35:42.108623+00:00,PAPER-2026-08-25-DRYRUN,2026-08-25,CSM001xTSM001,86EA1C067905B9AD1AAE714019057602B454D578361EC3B15B3A6B14569D32A7,FUF001_FREE_US_EQUITY_250_V1,BC7879B3830C7327EB0A5779625A347C06826C47488F64326C7D0B2884CC741D,INCIDENT,target_portfolio,FUTURE_BAR,Target portfolio invariant failed.
2026-09-02T01:35:42.108623+00:00,PAPER-2026-08-25-DRYRUN,2026-08-25,CSM001xTSM001,86EA1C067905B9AD1AAE714019057602B454D578361EC3B15B3A6B14569D32A7,FUF001_FREE_US_EQUITY_250_V1,BC7879B3830C7327EB0A5779625A347C06826C47488F64326C7D0B2884CC741D,SCHEDULE_CHECK,calendar,PASS,session=MARKET_OPEN
2026-09-02T01:35:42.108623+00:00,PAPER-2026-08-25-DRYRUN,2026-08-25,CSM001xTSM001,86EA1C067905B9AD1AAE714019057602B454D578361EC3B15B3A6B14569D32A7,FUF001_FREE_US_EQUITY_250_V1,BC7879B3830C7327EB0A5779625A347C06826C47488F64326C7D0B2884CC741D,DATA_FRESHNESS_CHECK,alpaca_daily_bars,PASS,fresh=250;stale=0;inactive=0
2026-09-02T01:35:42.108623+00:00,PAPER-2026-08-25-DRYRUN,2026-08-25,CSM001xTSM001,86EA1C067905B9AD1AAE714019057602B454D578361EC3B15B3A6B14569D32A7,FUF001_FREE_US_EQUITY_250_V1,BC7879B3830C7327EB0A5779625A347C06826C47488F64326C7D0B2884CC741D,ELIGIBILITY_CHECK,csm,PASS,eligible_count=249
2026-09-02T01:35:43.437275+00:00,PAPER-2026-08-25-DRYRUN,2026-08-25,CSM001xTSM001,86EA1C067905B9AD1AAE714019057602B454D578361EC3B15B3A6B14569D32A7,FUF001_FREE_US_EQUITY_250_V1,BC7879B3830C7327EB0A5779625A347C06826C47488F64326C7D0B2884CC741D,RECONCILIATION_CHECK,positions,PASS,"{""AAOI"": ""MISSING_BROKER"", ""ACMR"": ""MISSING_BROKER"", ""ACRS"": ""MISSING_BROKER"", ""AEIS"": ""MISSING_BROKER"", ""AMAT"": ""MISSING_BROKER"", ""AMD"": ""MISSING_BROKER"", ""AMKR"": ""MISSING_BROKER"", ""AMRX"": ""MISSING_BROKER"", ""ANAB"": ""MISSING_BROKER"", ""ANNX"": ""MISSING_BROKER"", ""APPS"": ""MISSING_BROKER"", ""ARCB"": ""MISSING_BROKER"", ""ARWR"": ""MISSING_BROKER"", ""ASML"": ""MISSING_BROKER"", ""ATEX"": ""MISSING_BROKER"", ""ATRO"": ""MISSING_BROKER"", ""AXGN"": ""MISSING_BROKER"", ""AXSM"": ""MISSING_BROKER"", ""AXTI"": ""MISSING_BROKER"", ""BAND"": ""MISSING_BROKER"", ""BELFB"": ""MISSING_BROKER"", ""BJRI"": ""MISSING_BROKER"", ""CDNA"": ""MISSING_BROKER"", ""CENX"": ""MISSING_BROKER"", ""CERS"": ""MISSING_BROKER""}"
2026-09-02T01:35:43.437275+00:00,PAPER-2026-08-25-DRYRUN,2026-08-25,CSM001xTSM001,86EA1C067905B9AD1AAE714019057602B454D578361EC3B15B3A6B14569D32A7,FUF001_FREE_US_EQUITY_250_V1,BC7879B3830C7327EB0A5779625A347C06826C47488F64326C7D0B2884CC741D,RECONCILIATION_CHECK,orders,PASS,"{""CSM001xTSM001-2026-08-25-AAOI-BUY-001"": ""INTENT_ONLY"", ""CSM001xTSM001-2026-08-25-ACMR-BUY-002"": ""INTENT_ONLY"", ""CSM001xTSM001-2026-08-25-ACRS-BUY-003"": ""INTENT_ONLY"", ""CSM001xTSM001-2026-08-25-AEIS-BUY-004"": ""INTENT_ONLY"", ""CSM001xTSM001-2026-08-25-AMAT-BUY-005"": ""INTENT_ONLY"", ""CSM001xTSM001-2026-08-25-AMD-BUY-006"": ""INTENT_ONLY"", ""CSM001xTSM001-2026-08-25-AMKR-BUY-007"": ""INTENT_ONLY"", ""CSM001xTSM001-2026-08-25-AMRX-BUY-008"": ""INTENT_ONLY"", ""CSM001xTSM001-2026-08-25-ANAB-BUY-009"": ""INTENT_ONLY"", ""CSM001xTSM001-2026-08-25-ANNX-BUY-010"": ""INTENT_ONLY"", ""CSM001xTSM001-2026-08-25-APPS-BUY-011"": ""INTENT_ONLY"", ""CSM001xTSM001-2026-08-25-ARCB-BUY-012"": ""INTENT_ONLY"", ""CSM001xTSM001-2026-08-25-ARWR-BUY-013"": ""INTENT_ONLY"", ""CSM001xTSM001-2026-08-25-ASML-BUY-014"": ""INTENT_ONLY"", ""CSM001xTSM001-2026-08-25-ATEX-BUY-015"": ""INTENT_ONLY"", ""CSM001xTSM001-2026-08-25-ATRO-BUY-016"": ""INTENT_ONLY"", ""CSM001xTSM001-2026-08-25-AXGN-BUY-017"": ""INTENT_ONLY"", ""CSM001xTSM001-2026-08-25-AXSM-BUY-018"": ""INTENT_ONLY"", ""CSM001xTSM001-2026-08-25-AXTI-BUY-019"": ""INTENT_ONLY"", ""CSM001xTSM001-2026-08-25-BAND-BUY-020"": ""INTENT_ONLY"", ""CSM001xTSM001-2026-08-25-BELFB-BUY-021"": ""INTENT_ONLY"", ""CSM001xTSM001-2026-08-25-BJRI-BUY-022"": ""INTENT_ONLY"", ""CSM001xTSM001-2026-08-25-CDNA-BUY-023"": ""INTENT_ONLY"", ""CSM001xTSM001-2026-08-25-CENX-BUY-024"": ""INTENT_ONLY"", ""CSM001xTSM001-2026-08-25-CERS-BUY-025"": ""INTENT_ONLY""}"
2026-09-02T01:35:43.447743+00:00,PAPER-2026-08-25-DRYRUN,2026-08-25,CSM001xTSM001,86EA1C067905B9AD1AAE714019057602B454D578361EC3B15B3A6B14569D32A7,FUF001_FREE_US_EQUITY_250_V1,BC7879B3830C7327EB0A5779625A347C06826C47488F64326C7D0B2884CC741D,ORDER_INTENTS_CREATED,order_intent,PASS,count=25
2026-09-02T01:35:43.447743+00:00,PAPER-2026-08-25-DRYRUN,2026-08-25,CSM001xTSM001,86EA1C067905B9AD1AAE714019057602B454D578361EC3B15B3A6B14569D32A7,FUF001_FREE_US_EQUITY_250_V1,BC7879B3830C7327EB0A5779625A347C06826C47488F64326C7D0B2884CC741D,RISK_GUARD_CHECK,risk,PASS,
2026-09-02T01:35:43.447743+00:00,PAPER-2026-08-25-DRYRUN,2026-08-25,CSM001xTSM001,86EA1C067905B9AD1AAE714019057602B454D578361EC3B15B3A6B14569D32A7,FUF001_FREE_US_EQUITY_250_V1,BC7879B3830C7327EB0A5779625A347C06826C47488F64326C7D0B2884CC741D,RISK_GUARD_CHECK,buying_power,PASS,required=100000.00;available=288000.00
2026-09-02T01:35:43.447743+00:00,PAPER-2026-08-25-DRYRUN,2026-08-25,CSM001xTSM001,86EA1C067905B9AD1AAE714019057602B454D578361EC3B15B3A6B14569D32A7,FUF001_FREE_US_EQUITY_250_V1,BC7879B3830C7327EB0A5779625A347C06826C47488F64326C7D0B2884CC741D,INCIDENT,timing,T_PLUS_1_TIMING_VIOLATION,signal=2026-08-25;earliest=2026-08-26;execution=2026-08-25
2026-09-02T01:35:43.447743+00:00,PAPER-2026-08-25-DRYRUN,2026-08-25,CSM001xTSM001,86EA1C067905B9AD1AAE714019057602B454D578361EC3B15B3A6B14569D32A7,FUF001_FREE_US_EQUITY_250_V1,BC7879B3830C7327EB0A5779625A347C06826C47488F64326C7D0B2884CC741D,DRY_RUN_BLOCK,submission_boundary,BLOCKED,BLOCKED_BY_GUARDS
2026-09-02T01:35:44.729947+00:00,PAPER-2026-08-25-DRYRUN,2026-09-02,CSM001xTSM001,86EA1C067905B9AD1AAE714019057602B454D578361EC3B15B3A6B14569D32A7,FUF001_FREE_US_EQUITY_250_V1,BC7879B3830C7327EB0A5779625A347C06826C47488F64326C7D0B2884CC741D,SESSION_CREATED,controller,PASS,Dry-run session created without PAPER_T0.
2026-09-02T01:35:44.745651+00:00,PAPER-2026-08-25-DRYRUN,2026-09-02,CSM001xTSM001,86EA1C067905B9AD1AAE714019057602B454D578361EC3B15B3A6B14569D32A7,FUF001_FREE_US_EQUITY_250_V1,BC7879B3830C7327EB0A5779625A347C06826C47488F64326C7D0B2884CC741D,READINESS_CHECK,universe,PASS,Canonical FUF hash checked.
2026-09-02T01:35:44.745651+00:00,PAPER-2026-08-25-DRYRUN,2026-09-02,CSM001xTSM001,86EA1C067905B9AD1AAE714019057602B454D578361EC3B15B3A6B14569D32A7,FUF001_FREE_US_EQUITY_250_V1,BC7879B3830C7327EB0A5779625A347C06826C47488F64326C7D0B2884CC741D,READINESS_CHECK,strategy,PASS,Frozen strategy hash checked.
2026-09-02T01:37:25.633577+00:00,PAPER-2026-08-25-DRYRUN,2026-08-25,CSM001xTSM001,86EA1C067905B9AD1AAE714019057602B454D578361EC3B15B3A6B14569D32A7,FUF001_FREE_US_EQUITY_250_V1,BC7879B3830C7327EB0A5779625A347C06826C47488F64326C7D0B2884CC741D,IDENTITY_RESOLUTION,identity_resolver,PASS,registry_hash=E77980C024FC6707;resolved_count=250
2026-09-02T01:38:10.781944+00:00,PAPER-2026-08-25-DRYRUN,2026-08-25,CSM001xTSM001,86EA1C067905B9AD1AAE714019057602B454D578361EC3B15B3A6B14569D32A7,FUF001_FREE_US_EQUITY_250_V1,BC7879B3830C7327EB0A5779625A347C06826C47488F64326C7D0B2884CC741D,INCIDENT,signal_pipeline,FUTURE_BAR,Current signal pipeline failed.
2026-09-02T01:38:10.781944+00:00,PAPER-2026-08-25-DRYRUN,2026-08-25,CSM001xTSM001,86EA1C067905B9AD1AAE714019057602B454D578361EC3B15B3A6B14569D32A7,FUF001_FREE_US_EQUITY_250_V1,BC7879B3830C7327EB0A5779625A347C06826C47488F64326C7D0B2884CC741D,INCIDENT,target_portfolio,FUTURE_BAR,Target portfolio invariant failed.
2026-09-02T01:38:10.781944+00:00,PAPER-2026-08-25-DRYRUN,2026-08-25,CSM001xTSM001,86EA1C067905B9AD1AAE714019057602B454D578361EC3B15B3A6B14569D32A7,FUF001_FREE_US_EQUITY_250_V1,BC7879B3830C7327EB0A5779625A347C06826C47488F64326C7D0B2884CC741D,SCHEDULE_CHECK,calendar,PASS,session=MARKET_OPEN
2026-09-02T01:38:10.781944+00:00,PAPER-2026-08-25-DRYRUN,2026-08-25,CSM001xTSM001,86EA1C067905B9AD1AAE714019057602B454D578361EC3B15B3A6B14569D32A7,FUF001_FREE_US_EQUITY_250_V1,BC7879B3830C7327EB0A5779625A347C06826C47488F64326C7D0B2884CC741D,DATA_FRESHNESS_CHECK,alpaca_daily_bars,PASS,fresh=250;stale=0;inactive=0
2026-09-02T01:38:10.781944+00:00,PAPER-2026-08-25-DRYRUN,2026-08-25,CSM001xTSM001,86EA1C067905B9AD1AAE714019057602B454D578361EC3B15B3A6B14569D32A7,FUF001_FREE_US_EQUITY_250_V1,BC7879B3830C7327EB0A5779625A347C06826C47488F64326C7D0B2884CC741D,ELIGIBILITY_CHECK,csm,PASS,eligible_count=249
2026-09-02T01:38:12.129132+00:00,PAPER-2026-08-25-DRYRUN,2026-08-25,CSM001xTSM001,86EA1C067905B9AD1AAE714019057602B454D578361EC3B15B3A6B14569D32A7,FUF001_FREE_US_EQUITY_250_V1,BC7879B3830C7327EB0A5779625A347C06826C47488F64326C7D0B2884CC741D,RECONCILIATION_CHECK,positions,PASS,"{""AAOI"": ""MISSING_BROKER"", ""ACMR"": ""MISSING_BROKER"", ""ACRS"": ""MISSING_BROKER"", ""AEIS"": ""MISSING_BROKER"", ""AMAT"": ""MISSING_BROKER"", ""AMD"": ""MISSING_BROKER"", ""AMKR"": ""MISSING_BROKER"", ""AMRX"": ""MISSING_BROKER"", ""ANAB"": ""MISSING_BROKER"", ""ANNX"": ""MISSING_BROKER"", ""APPS"": ""MISSING_BROKER"", ""ARCB"": ""MISSING_BROKER"", ""ARWR"": ""MISSING_BROKER"", ""ASML"": ""MISSING_BROKER"", ""ATEX"": ""MISSING_BROKER"", ""ATRO"": ""MISSING_BROKER"", ""AXGN"": ""MISSING_BROKER"", ""AXSM"": ""MISSING_BROKER"", ""AXTI"": ""MISSING_BROKER"", ""BAND"": ""MISSING_BROKER"", ""BELFB"": ""MISSING_BROKER"", ""BJRI"": ""MISSING_BROKER"", ""CDNA"": ""MISSING_BROKER"", ""CENX"": ""MISSING_BROKER"", ""CERS"": ""MISSING_BROKER""}"
2026-09-02T01:38:12.129132+00:00,PAPER-2026-08-25-DRYRUN,2026-08-25,CSM001xTSM001,86EA1C067905B9AD1AAE714019057602B454D578361EC3B15B3A6B14569D32A7,FUF001_FREE_US_EQUITY_250_V1,BC7879B3830C7327EB0A5779625A347C06826C47488F64326C7D0B2884CC741D,RECONCILIATION_CHECK,orders,PASS,"{""CSM001xTSM001-2026-08-25-AAOI-BUY-001"": ""INTENT_ONLY"", ""CSM001xTSM001-2026-08-25-ACMR-BUY-002"": ""INTENT_ONLY"", ""CSM001xTSM001-2026-08-25-ACRS-BUY-003"": ""INTENT_ONLY"", ""CSM001xTSM001-2026-08-25-AEIS-BUY-004"": ""INTENT_ONLY"", ""CSM001xTSM001-2026-08-25-AMAT-BUY-005"": ""INTENT_ONLY"", ""CSM001xTSM001-2026-08-25-AMD-BUY-006"": ""INTENT_ONLY"", ""CSM001xTSM001-2026-08-25-AMKR-BUY-007"": ""INTENT_ONLY"", ""CSM001xTSM001-2026-08-25-AMRX-BUY-008"": ""INTENT_ONLY"", ""CSM001xTSM001-2026-08-25-ANAB-BUY-009"": ""INTENT_ONLY"", ""CSM001xTSM001-2026-08-25-ANNX-BUY-010"": ""INTENT_ONLY"", ""CSM001xTSM001-2026-08-25-APPS-BUY-011"": ""INTENT_ONLY"", ""CSM001xTSM001-2026-08-25-ARCB-BUY-012"": ""INTENT_ONLY"", ""CSM001xTSM001-2026-08-25-ARWR-BUY-013"": ""INTENT_ONLY"", ""CSM001xTSM001-2026-08-25-ASML-BUY-014"": ""INTENT_ONLY"", ""CSM001xTSM001-2026-08-25-ATEX-BUY-015"": ""INTENT_ONLY"", ""CSM001xTSM001-2026-08-25-ATRO-BUY-016"": ""INTENT_ONLY"", ""CSM001xTSM001-2026-08-25-AXGN-BUY-017"": ""INTENT_ONLY"", ""CSM001xTSM001-2026-08-25-AXSM-BUY-018"": ""INTENT_ONLY"", ""CSM001xTSM001-2026-08-25-AXTI-BUY-019"": ""INTENT_ONLY"", ""CSM001xTSM001-2026-08-25-BAND-BUY-020"": ""INTENT_ONLY"", ""CSM001xTSM001-2026-08-25-BELFB-BUY-021"": ""INTENT_ONLY"", ""CSM001xTSM001-2026-08-25-BJRI-BUY-022"": ""INTENT_ONLY"", ""CSM001xTSM001-2026-08-25-CDNA-BUY-023"": ""INTENT_ONLY"", ""CSM001xTSM001-2026-08-25-CENX-BUY-024"": ""INTENT_ONLY"", ""CSM001xTSM001-2026-08-25-CERS-BUY-025"": ""INTENT_ONLY""}"
2026-09-02T01:38:12.144912+00:00,PAPER-2026-08-25-DRYRUN,2026-08-25,CSM001xTSM001,86EA1C067905B9AD1AAE714019057602B454D578361EC3B15B3A6B14569D32A7,FUF001_FREE_US_EQUITY_250_V1,BC7879B3830C7327EB0A5779625A347C06826C47488F64326C7D0B2884CC741D,ORDER_INTENTS_CREATED,order_intent,PASS,count=25
2026-09-02T01:38:12.144912+00:00,PAPER-2026-08-25-DRYRUN,2026-08-25,CSM001xTSM001,86EA1C067905B9AD1AAE714019057602B454D578361EC3B15B3A6B14569D32A7,FUF001_FREE_US_EQUITY_250_V1,BC7879B3830C7327EB0A5779625A347C06826C47488F64326C7D0B2884CC741D,RISK_GUARD_CHECK,risk,PASS,
2026-09-02T01:38:12.144912+00:00,PAPER-2026-08-25-DRYRUN,2026-08-25,CSM001xTSM001,86EA1C067905B9AD1AAE714019057602B454D578361EC3B15B3A6B14569D32A7,FUF001_FREE_US_EQUITY_250_V1,BC7879B3830C7327EB0A5779625A347C06826C47488F64326C7D0B2884CC741D,RISK_GUARD_CHECK,buying_power,PASS,required=100000.00;available=288000.00
2026-09-02T01:38:12.144912+00:00,PAPER-2026-08-25-DRYRUN,2026-08-25,CSM001xTSM001,86EA1C067905B9AD1AAE714019057602B454D578361EC3B15B3A6B14569D32A7,FUF001_FREE_US_EQUITY_250_V1,BC7879B3830C7327EB0A5779625A347C06826C47488F64326C7D0B2884CC741D,INCIDENT,timing,T_PLUS_1_TIMING_VIOLATION,signal=2026-08-25;earliest=2026-08-26;execution=2026-08-25
2026-09-02T01:38:12.144912+00:00,PAPER-2026-08-25-DRYRUN,2026-08-25,CSM001xTSM001,86EA1C067905B9AD1AAE714019057602B454D578361EC3B15B3A6B14569D32A7,FUF001_FREE_US_EQUITY_250_V1,BC7879B3830C7327EB0A5779625A347C06826C47488F64326C7D0B2884CC741D,DRY_RUN_BLOCK,submission_boundary,BLOCKED,BLOCKED_BY_GUARDS
2026-09-02T01:38:13.476105+00:00,PAPER-2026-08-25-DRYRUN,2026-09-02,CSM001xTSM001,86EA1C067905B9AD1AAE714019057602B454D578361EC3B15B3A6B14569D32A7,FUF001_FREE_US_EQUITY_250_V1,BC7879B3830C7327EB0A5779625A347C06826C47488F64326C7D0B2884CC741D,SESSION_CREATED,controller,PASS,Dry-run session created without PAPER_T0.
2026-09-02T01:38:13.491927+00:00,PAPER-2026-08-25-DRYRUN,2026-09-02,CSM001xTSM001,86EA1C067905B9AD1AAE714019057602B454D578361EC3B15B3A6B14569D32A7,FUF001_FREE_US_EQUITY_250_V1,BC7879B3830C7327EB0A5779625A347C06826C47488F64326C7D0B2884CC741D,READINESS_CHECK,universe,PASS,Canonical FUF hash checked.
2026-09-02T01:38:13.491927+00:00,PAPER-2026-08-25-DRYRUN,2026-09-02,CSM001xTSM001,86EA1C067905B9AD1AAE714019057602B454D578361EC3B15B3A6B14569D32A7,FUF001_FREE_US_EQUITY_250_V1,BC7879B3830C7327EB0A5779625A347C06826C47488F64326C7D0B2884CC741D,READINESS_CHECK,strategy,PASS,Frozen strategy hash checked.
2026-09-02T01:39:55.707428+00:00,PAPER-2026-08-25-DRYRUN,2026-08-25,CSM001xTSM001,86EA1C067905B9AD1AAE714019057602B454D578361EC3B15B3A6B14569D32A7,FUF001_FREE_US_EQUITY_250_V1,BC7879B3830C7327EB0A5779625A347C06826C47488F64326C7D0B2884CC741D,IDENTITY_RESOLUTION,identity_resolver,PASS,registry_hash=E77980C024FC6707;resolved_count=250
2026-09-02T01:40:40.786040+00:00,PAPER-2026-08-25-DRYRUN,2026-08-25,CSM001xTSM001,86EA1C067905B9AD1AAE714019057602B454D578361EC3B15B3A6B14569D32A7,FUF001_FREE_US_EQUITY_250_V1,BC7879B3830C7327EB0A5779625A347C06826C47488F64326C7D0B2884CC741D,INCIDENT,signal_pipeline,FUTURE_BAR,Current signal pipeline failed.
2026-09-02T01:40:40.786040+00:00,PAPER-2026-08-25-DRYRUN,2026-08-25,CSM001xTSM001,86EA1C067905B9AD1AAE714019057602B454D578361EC3B15B3A6B14569D32A7,FUF001_FREE_US_EQUITY_250_V1,BC7879B3830C7327EB0A5779625A347C06826C47488F64326C7D0B2884CC741D,INCIDENT,target_portfolio,FUTURE_BAR,Target portfolio invariant failed.
2026-09-02T01:40:40.786040+00:00,PAPER-2026-08-25-DRYRUN,2026-08-25,CSM001xTSM001,86EA1C067905B9AD1AAE714019057602B454D578361EC3B15B3A6B14569D32A7,FUF001_FREE_US_EQUITY_250_V1,BC7879B3830C7327EB0A5779625A347C06826C47488F64326C7D0B2884CC741D,SCHEDULE_CHECK,calendar,PASS,session=MARKET_OPEN
2026-09-02T01:40:40.786040+00:00,PAPER-2026-08-25-DRYRUN,2026-08-25,CSM001xTSM001,86EA1C067905B9AD1AAE714019057602B454D578361EC3B15B3A6B14569D32A7,FUF001_FREE_US_EQUITY_250_V1,BC7879B3830C7327EB0A5779625A347C06826C47488F64326C7D0B2884CC741D,DATA_FRESHNESS_CHECK,alpaca_daily_bars,PASS,fresh=250;stale=0;inactive=0
2026-09-02T01:40:40.786040+00:00,PAPER-2026-08-25-DRYRUN,2026-08-25,CSM001xTSM001,86EA1C067905B9AD1AAE714019057602B454D578361EC3B15B3A6B14569D32A7,FUF001_FREE_US_EQUITY_250_V1,BC7879B3830C7327EB0A5779625A347C06826C47488F64326C7D0B2884CC741D,ELIGIBILITY_CHECK,csm,PASS,eligible_count=249
2026-09-02T01:40:42.092678+00:00,PAPER-2026-08-25-DRYRUN,2026-08-25,CSM001xTSM001,86EA1C067905B9AD1AAE714019057602B454D578361EC3B15B3A6B14569D32A7,FUF001_FREE_US_EQUITY_250_V1,BC7879B3830C7327EB0A5779625A347C06826C47488F64326C7D0B2884CC741D,RECONCILIATION_CHECK,positions,PASS,"{""AAOI"": ""MISSING_BROKER"", ""ACMR"": ""MISSING_BROKER"", ""ACRS"": ""MISSING_BROKER"", ""AEIS"": ""MISSING_BROKER"", ""AMAT"": ""MISSING_BROKER"", ""AMD"": ""MISSING_BROKER"", ""AMKR"": ""MISSING_BROKER"", ""AMRX"": ""MISSING_BROKER"", ""ANAB"": ""MISSING_BROKER"", ""ANNX"": ""MISSING_BROKER"", ""APPS"": ""MISSING_BROKER"", ""ARCB"": ""MISSING_BROKER"", ""ARWR"": ""MISSING_BROKER"", ""ASML"": ""MISSING_BROKER"", ""ATEX"": ""MISSING_BROKER"", ""ATRO"": ""MISSING_BROKER"", ""AXGN"": ""MISSING_BROKER"", ""AXSM"": ""MISSING_BROKER"", ""AXTI"": ""MISSING_BROKER"", ""BAND"": ""MISSING_BROKER"", ""BELFB"": ""MISSING_BROKER"", ""BJRI"": ""MISSING_BROKER"", ""CDNA"": ""MISSING_BROKER"", ""CENX"": ""MISSING_BROKER"", ""CERS"": ""MISSING_BROKER""}"
2026-09-02T01:40:42.092678+00:00,PAPER-2026-08-25-DRYRUN,2026-08-25,CSM001xTSM001,86EA1C067905B9AD1AAE714019057602B454D578361EC3B15B3A6B14569D32A7,FUF001_FREE_US_EQUITY_250_V1,BC7879B3830C7327EB0A5779625A347C06826C47488F64326C7D0B2884CC741D,RECONCILIATION_CHECK,orders,PASS,"{""CSM001xTSM001-2026-08-25-AAOI-BUY-001"": ""INTENT_ONLY"", ""CSM001xTSM001-2026-08-25-ACMR-BUY-002"": ""INTENT_ONLY"", ""CSM001xTSM001-2026-08-25-ACRS-BUY-003"": ""INTENT_ONLY"", ""CSM001xTSM001-2026-08-25-AEIS-BUY-004"": ""INTENT_ONLY"", ""CSM001xTSM001-2026-08-25-AMAT-BUY-005"": ""INTENT_ONLY"", ""CSM001xTSM001-2026-08-25-AMD-BUY-006"": ""INTENT_ONLY"", ""CSM001xTSM001-2026-08-25-AMKR-BUY-007"": ""INTENT_ONLY"", ""CSM001xTSM001-2026-08-25-AMRX-BUY-008"": ""INTENT_ONLY"", ""CSM001xTSM001-2026-08-25-ANAB-BUY-009"": ""INTENT_ONLY"", ""CSM001xTSM001-2026-08-25-ANNX-BUY-010"": ""INTENT_ONLY"", ""CSM001xTSM001-2026-08-25-APPS-BUY-011"": ""INTENT_ONLY"", ""CSM001xTSM001-2026-08-25-ARCB-BUY-012"": ""INTENT_ONLY"", ""CSM001xTSM001-2026-08-25-ARWR-BUY-013"": ""INTENT_ONLY"", ""CSM001xTSM001-2026-08-25-ASML-BUY-014"": ""INTENT_ONLY"", ""CSM001xTSM001-2026-08-25-ATEX-BUY-015"": ""INTENT_ONLY"", ""CSM001xTSM001-2026-08-25-ATRO-BUY-016"": ""INTENT_ONLY"", ""CSM001xTSM001-2026-08-25-AXGN-BUY-017"": ""INTENT_ONLY"", ""CSM001xTSM001-2026-08-25-AXSM-BUY-018"": ""INTENT_ONLY"", ""CSM001xTSM001-2026-08-25-AXTI-BUY-019"": ""INTENT_ONLY"", ""CSM001xTSM001-2026-08-25-BAND-BUY-020"": ""INTENT_ONLY"", ""CSM001xTSM001-2026-08-25-BELFB-BUY-021"": ""INTENT_ONLY"", ""CSM001xTSM001-2026-08-25-BJRI-BUY-022"": ""INTENT_ONLY"", ""CSM001xTSM001-2026-08-25-CDNA-BUY-023"": ""INTENT_ONLY"", ""CSM001xTSM001-2026-08-25-CENX-BUY-024"": ""INTENT_ONLY"", ""CSM001xTSM001-2026-08-25-CERS-BUY-025"": ""INTENT_ONLY""}"
2026-09-02T01:40:42.092678+00:00,PAPER-2026-08-25-DRYRUN,2026-08-25,CSM001xTSM001,86EA1C067905B9AD1AAE714019057602B454D578361EC3B15B3A6B14569D32A7,FUF001_FREE_US_EQUITY_250_V1,BC7879B3830C7327EB0A5779625A347C06826C47488F64326C7D0B2884CC741D,ORDER_INTENTS_CREATED,order_intent,PASS,count=25
2026-09-02T01:40:42.092678+00:00,PAPER-2026-08-25-DRYRUN,2026-08-25,CSM001xTSM001,86EA1C067905B9AD1AAE714019057602B454D578361EC3B15B3A6B14569D32A7,FUF001_FREE_US_EQUITY_250_V1,BC7879B3830C7327EB0A5779625A347C06826C47488F64326C7D0B2884CC741D,RISK_GUARD_CHECK,risk,PASS,
2026-09-02T01:40:42.092678+00:00,PAPER-2026-08-25-DRYRUN,2026-08-25,CSM001xTSM001,86EA1C067905B9AD1AAE714019057602B454D578361EC3B15B3A6B14569D32A7,FUF001_FREE_US_EQUITY_250_V1,BC7879B3830C7327EB0A5779625A347C06826C47488F64326C7D0B2884CC741D,RISK_GUARD_CHECK,buying_power,PASS,required=100000.00;available=288000.00
2026-09-02T01:40:42.092678+00:00,PAPER-2026-08-25-DRYRUN,2026-08-25,CSM001xTSM001,86EA1C067905B9AD1AAE714019057602B454D578361EC3B15B3A6B14569D32A7,FUF001_FREE_US_EQUITY_250_V1,BC7879B3830C7327EB0A5779625A347C06826C47488F64326C7D0B2884CC741D,INCIDENT,timing,T_PLUS_1_TIMING_VIOLATION,signal=2026-08-25;earliest=2026-08-26;execution=2026-08-25
2026-09-02T01:40:42.108387+00:00,PAPER-2026-08-25-DRYRUN,2026-08-25,CSM001xTSM001,86EA1C067905B9AD1AAE714019057602B454D578361EC3B15B3A6B14569D32A7,FUF001_FREE_US_EQUITY_250_V1,BC7879B3830C7327EB0A5779625A347C06826C47488F64326C7D0B2884CC741D,DRY_RUN_BLOCK,submission_boundary,BLOCKED,BLOCKED_BY_GUARDS
2026-09-02T01:40:45.285291+00:00,PAPER-2026-08-31-DRYRUN,2026-09-02,CSM001xTSM001,86EA1C067905B9AD1AAE714019057602B454D578361EC3B15B3A6B14569D32A7,FUF001_FREE_US_EQUITY_250_V1,BC7879B3830C7327EB0A5779625A347C06826C47488F64326C7D0B2884CC741D,SESSION_CREATED,controller,PASS,Dry-run session created without PAPER_T0.
2026-09-02T01:40:45.301199+00:00,PAPER-2026-08-31-DRYRUN,2026-09-02,CSM001xTSM001,86EA1C067905B9AD1AAE714019057602B454D578361EC3B15B3A6B14569D32A7,FUF001_FREE_US_EQUITY_250_V1,BC7879B3830C7327EB0A5779625A347C06826C47488F64326C7D0B2884CC741D,READINESS_CHECK,universe,PASS,Canonical FUF hash checked.
2026-09-02T01:40:45.301199+00:00,PAPER-2026-08-31-DRYRUN,2026-09-02,CSM001xTSM001,86EA1C067905B9AD1AAE714019057602B454D578361EC3B15B3A6B14569D32A7,FUF001_FREE_US_EQUITY_250_V1,BC7879B3830C7327EB0A5779625A347C06826C47488F64326C7D0B2884CC741D,READINESS_CHECK,strategy,PASS,Frozen strategy hash checked.
2026-09-02T01:40:45.310724+00:00,PAPER-2026-08-31-DRYRUN,2026-09-02,CSM001xTSM001,86EA1C067905B9AD1AAE714019057602B454D578361EC3B15B3A6B14569D32A7,FUF001_FREE_US_EQUITY_250_V1,BC7879B3830C7327EB0A5779625A347C06826C47488F64326C7D0B2884CC741D,INCIDENT,calendar,SCHEDULER_FAILURE,NETWORK_FAIL
2026-09-02T01:40:45.723074+00:00,PAPER-2026-08-31-DRYRUN,2026-09-02,CSM001xTSM001,86EA1C067905B9AD1AAE714019057602B454D578361EC3B15B3A6B14569D32A7,FUF001_FREE_US_EQUITY_250_V1,BC7879B3830C7327EB0A5779625A347C06826C47488F64326C7D0B2884CC741D,IDENTITY_RESOLUTION,identity_resolver,PASS,registry_hash=E77980C024FC6707;resolved_count=250
2026-09-02T01:40:45.723074+00:00,PAPER-2026-08-31-DRYRUN,2026-09-02,CSM001xTSM001,86EA1C067905B9AD1AAE714019057602B454D578361EC3B15B3A6B14569D32A7,FUF001_FREE_US_EQUITY_250_V1,BC7879B3830C7327EB0A5779625A347C06826C47488F64326C7D0B2884CC741D,INCIDENT,signal_pipeline,SCHEDULER_FAILURE,Current signal pipeline failed.
2026-09-02T01:40:45.730382+00:00,PAPER-2026-08-31-DRYRUN,2026-09-02,CSM001xTSM001,86EA1C067905B9AD1AAE714019057602B454D578361EC3B15B3A6B14569D32A7,FUF001_FREE_US_EQUITY_250_V1,BC7879B3830C7327EB0A5779625A347C06826C47488F64326C7D0B2884CC741D,INCIDENT,target_portfolio,SCHEDULER_FAILURE,Target portfolio invariant failed.
2026-09-02T01:40:45.730382+00:00,PAPER-2026-08-31-DRYRUN,2026-09-02,CSM001xTSM001,86EA1C067905B9AD1AAE714019057602B454D578361EC3B15B3A6B14569D32A7,FUF001_FREE_US_EQUITY_250_V1,BC7879B3830C7327EB0A5779625A347C06826C47488F64326C7D0B2884CC741D,INCIDENT,calendar,SCHEDULER_FAILURE,NETWORK_FAIL
2026-09-02T01:40:45.730382+00:00,PAPER-2026-08-31-DRYRUN,2026-09-02,CSM001xTSM001,86EA1C067905B9AD1AAE714019057602B454D578361EC3B15B3A6B14569D32A7,FUF001_FREE_US_EQUITY_250_V1,BC7879B3830C7327EB0A5779625A347C06826C47488F64326C7D0B2884CC741D,SCHEDULE_CHECK,calendar,NETWORK_FAIL,session=UNKNOWN
2026-09-02T01:40:45.730382+00:00,PAPER-2026-08-31-DRYRUN,2026-09-02,CSM001xTSM001,86EA1C067905B9AD1AAE714019057602B454D578361EC3B15B3A6B14569D32A7,FUF001_FREE_US_EQUITY_250_V1,BC7879B3830C7327EB0A5779625A347C06826C47488F64326C7D0B2884CC741D,DATA_FRESHNESS_CHECK,alpaca_daily_bars,FAIL,fresh=0;stale=250;inactive=0
2026-09-02T01:40:45.732402+00:00,PAPER-2026-08-31-DRYRUN,2026-09-02,CSM001xTSM001,86EA1C067905B9AD1AAE714019057602B454D578361EC3B15B3A6B14569D32A7,FUF001_FREE_US_EQUITY_250_V1,BC7879B3830C7327EB0A5779625A347C06826C47488F64326C7D0B2884CC741D,INCIDENT,freshness,STALE_DATA,Target snapshot failed integrity checks.
2026-09-02T01:40:45.732402+00:00,PAPER-2026-08-31-DRYRUN,2026-09-02,CSM001xTSM001,86EA1C067905B9AD1AAE714019057602B454D578361EC3B15B3A6B14569D32A7,FUF001_FREE_US_EQUITY_250_V1,BC7879B3830C7327EB0A5779625A347C06826C47488F64326C7D0B2884CC741D,ELIGIBILITY_CHECK,csm,REBALANCE_BLOCKED_INSUFFICIENT_ELIGIBILITY,eligible_count=0
2026-09-02T01:40:45.732402+00:00,PAPER-2026-08-31-DRYRUN,2026-09-02,CSM001xTSM001,86EA1C067905B9AD1AAE714019057602B454D578361EC3B15B3A6B14569D32A7,FUF001_FREE_US_EQUITY_250_V1,BC7879B3830C7327EB0A5779625A347C06826C47488F64326C7D0B2884CC741D,INCIDENT,eligibility,ELIGIBILITY_FAILURE,eligible_count=0
2026-09-02T01:40:45.734407+00:00,PAPER-2026-08-31-DRYRUN,2026-09-02,CSM001xTSM001,86EA1C067905B9AD1AAE714019057602B454D578361EC3B15B3A6B14569D32A7,FUF001_FREE_US_EQUITY_250_V1,BC7879B3830C7327EB0A5779625A347C06826C47488F64326C7D0B2884CC741D,INCIDENT,broker,AUTH_FAILURE,account_status=NETWORK_FAIL
2026-09-02T01:40:45.734407+00:00,PAPER-2026-08-31-DRYRUN,2026-09-02,CSM001xTSM001,86EA1C067905B9AD1AAE714019057602B454D578361EC3B15B3A6B14569D32A7,FUF001_FREE_US_EQUITY_250_V1,BC7879B3830C7327EB0A5779625A347C06826C47488F64326C7D0B2884CC741D,INCIDENT,broker,POSITION_MISMATCH,positions_status=NETWORK_FAIL
2026-09-02T01:40:45.734407+00:00,PAPER-2026-08-31-DRYRUN,2026-09-02,CSM001xTSM001,86EA1C067905B9AD1AAE714019057602B454D578361EC3B15B3A6B14569D32A7,FUF001_FREE_US_EQUITY_250_V1,BC7879B3830C7327EB0A5779625A347C06826C47488F64326C7D0B2884CC741D,INCIDENT,broker,ORDER_MISMATCH,orders_status=NETWORK_FAIL
2026-09-02T01:40:45.734407+00:00,PAPER-2026-08-31-DRYRUN,2026-09-02,CSM001xTSM001,86EA1C067905B9AD1AAE714019057602B454D578361EC3B15B3A6B14569D32A7,FUF001_FREE_US_EQUITY_250_V1,BC7879B3830C7327EB0A5779625A347C06826C47488F64326C7D0B2884CC741D,RECONCILIATION_CHECK,positions,PASS,{}
2026-09-02T01:40:45.736412+00:00,PAPER-2026-08-31-DRYRUN,2026-09-02,CSM001xTSM001,86EA1C067905B9AD1AAE714019057602B454D578361EC3B15B3A6B14569D32A7,FUF001_FREE_US_EQUITY_250_V1,BC7879B3830C7327EB0A5779625A347C06826C47488F64326C7D0B2884CC741D,RECONCILIATION_CHECK,orders,PASS,{}
2026-09-02T01:40:45.736412+00:00,PAPER-2026-08-31-DRYRUN,2026-09-02,CSM001xTSM001,86EA1C067905B9AD1AAE714019057602B454D578361EC3B15B3A6B14569D32A7,FUF001_FREE_US_EQUITY_250_V1,BC7879B3830C7327EB0A5779625A347C06826C47488F64326C7D0B2884CC741D,ORDER_INTENTS_CREATED,order_intent,PASS,count=0
2026-09-02T01:40:45.736412+00:00,PAPER-2026-08-31-DRYRUN,2026-09-02,CSM001xTSM001,86EA1C067905B9AD1AAE714019057602B454D578361EC3B15B3A6B14569D32A7,FUF001_FREE_US_EQUITY_250_V1,BC7879B3830C7327EB0A5779625A347C06826C47488F64326C7D0B2884CC741D,RISK_GUARD_CHECK,risk,PASS,
2026-09-02T01:40:45.736412+00:00,PAPER-2026-08-31-DRYRUN,2026-09-02,CSM001xTSM001,86EA1C067905B9AD1AAE714019057602B454D578361EC3B15B3A6B14569D32A7,FUF001_FREE_US_EQUITY_250_V1,BC7879B3830C7327EB0A5779625A347C06826C47488F64326C7D0B2884CC741D,RISK_GUARD_CHECK,buying_power,PASS,required=0.00;available=0.00
2026-09-02T01:40:45.736412+00:00,PAPER-2026-08-31-DRYRUN,2026-09-02,CSM001xTSM001,86EA1C067905B9AD1AAE714019057602B454D578361EC3B15B3A6B14569D32A7,FUF001_FREE_US_EQUITY_250_V1,BC7879B3830C7327EB0A5779625A347C06826C47488F64326C7D0B2884CC741D,INCIDENT,timing,T_PLUS_1_TIMING_VIOLATION,signal=None;earliest=None;execution=None
2026-09-02T01:40:45.736412+00:00,PAPER-2026-08-31-DRYRUN,2026-09-02,CSM001xTSM001,86EA1C067905B9AD1AAE714019057602B454D578361EC3B15B3A6B14569D32A7,FUF001_FREE_US_EQUITY_250_V1,BC7879B3830C7327EB0A5779625A347C06826C47488F64326C7D0B2884CC741D,INCIDENT,timing,SCHEDULER_FAILURE,session=UNKNOWN
2026-09-02T01:40:45.738417+00:00,PAPER-2026-08-31-DRYRUN,2026-09-02,CSM001xTSM001,86EA1C067905B9AD1AAE714019057602B454D578361EC3B15B3A6B14569D32A7,FUF001_FREE_US_EQUITY_250_V1,BC7879B3830C7327EB0A5779625A347C06826C47488F64326C7D0B2884CC741D,DRY_RUN_BLOCK,submission_boundary,BLOCKED,BLOCKED_BY_GUARDS
2026-09-02T20:30:23.280830+00:00,PAPER-2026-09-02-DRYRUN,2026-09-02,CSM001xTSM001,86EA1C067905B9AD1AAE714019057602B454D578361EC3B15B3A6B14569D32A7,FUF001_FREE_US_EQUITY_250_V1,BC7879B3830C7327EB0A5779625A347C06826C47488F64326C7D0B2884CC741D,SESSION_CREATED,controller,PASS,Dry-run session created without PAPER_T0.
2026-09-02T20:30:23.312549+00:00,PAPER-2026-09-02-DRYRUN,2026-09-02,CSM001xTSM001,86EA1C067905B9AD1AAE714019057602B454D578361EC3B15B3A6B14569D32A7,FUF001_FREE_US_EQUITY_250_V1,BC7879B3830C7327EB0A5779625A347C06826C47488F64326C7D0B2884CC741D,READINESS_CHECK,universe,PASS,Canonical FUF hash checked.
2026-09-02T20:30:23.312549+00:00,PAPER-2026-09-02-DRYRUN,2026-09-02,CSM001xTSM001,86EA1C067905B9AD1AAE714019057602B454D578361EC3B15B3A6B14569D32A7,FUF001_FREE_US_EQUITY_250_V1,BC7879B3830C7327EB0A5779625A347C06826C47488F64326C7D0B2884CC741D,READINESS_CHECK,strategy,PASS,Frozen strategy hash checked.
2026-09-02T20:32:01.761347+00:00,PAPER-2026-09-02-DRYRUN,2026-09-02,CSM001xTSM001,86EA1C067905B9AD1AAE714019057602B454D578361EC3B15B3A6B14569D32A7,FUF001_FREE_US_EQUITY_250_V1,BC7879B3830C7327EB0A5779625A347C06826C47488F64326C7D0B2884CC741D,IDENTITY_RESOLUTION,identity_resolver,PASS,registry_hash=E77980C024FC6707;resolved_count=250
2026-09-02T20:32:48.005549+00:00,PAPER-2026-09-02-DRYRUN,2026-09-02,CSM001xTSM001,86EA1C067905B9AD1AAE714019057602B454D578361EC3B15B3A6B14569D32A7,FUF001_FREE_US_EQUITY_250_V1,BC7879B3830C7327EB0A5779625A347C06826C47488F64326C7D0B2884CC741D,SCHEDULE_CHECK,calendar,PASS,session=POST_CLOSE
2026-09-02T20:32:48.005549+00:00,PAPER-2026-09-02-DRYRUN,2026-09-02,CSM001xTSM001,86EA1C067905B9AD1AAE714019057602B454D578361EC3B15B3A6B14569D32A7,FUF001_FREE_US_EQUITY_250_V1,BC7879B3830C7327EB0A5779625A347C06826C47488F64326C7D0B2884CC741D,DATA_FRESHNESS_CHECK,alpaca_daily_bars,PASS,fresh=250;stale=0;inactive=0
2026-09-02T20:32:48.021253+00:00,PAPER-2026-09-02-DRYRUN,2026-09-02,CSM001xTSM001,86EA1C067905B9AD1AAE714019057602B454D578361EC3B15B3A6B14569D32A7,FUF001_FREE_US_EQUITY_250_V1,BC7879B3830C7327EB0A5779625A347C06826C47488F64326C7D0B2884CC741D,ELIGIBILITY_CHECK,csm,PASS,eligible_count=250
2026-09-02T20:32:49.327141+00:00,PAPER-2026-09-02-DRYRUN,2026-09-02,CSM001xTSM001,86EA1C067905B9AD1AAE714019057602B454D578361EC3B15B3A6B14569D32A7,FUF001_FREE_US_EQUITY_250_V1,BC7879B3830C7327EB0A5779625A347C06826C47488F64326C7D0B2884CC741D,RECONCILIATION_CHECK,positions,BLOCK,"{""AAOI"": ""QUANTITY_MISMATCH"", ""ACMR"": ""QUANTITY_MISMATCH"", ""ACRS"": ""QUANTITY_MISMATCH"", ""ADEA"": ""MISSING_BROKER"", ""AEIS"": ""MISSING_BROKER"", ""AMAT"": ""QUANTITY_MISMATCH"", ""AMD"": ""QUANTITY_MISMATCH"", ""AMKR"": ""QUANTITY_MISMATCH"", ""AMRX"": ""MISSING_INTERNAL"", ""ANAB"": ""QUANTITY_MISMATCH"", ""ANIK"": ""QUANTITY_MISMATCH"", ""ANNX"": ""QUANTITY_MISMATCH"", ""APPS"": ""QUANTITY_MISMATCH"", ""ARCB"": ""QUANTITY_MISMATCH"", ""ARWR"": ""QUANTITY_MISMATCH"", ""ASML"": ""QUANTITY_MISMATCH"", ""ATEX"": ""QUANTITY_MISMATCH"", ""ATRO"": ""QUANTITY_MISMATCH"", ""AXGN"": ""QUANTITY_MISMATCH"", ""AXTI"": ""QUANTITY_MISMATCH"", ""BAND"": ""QUANTITY_MISMATCH"", ""BELFB"": ""QUANTITY_MISMATCH"", ""BJRI"": ""QUANTITY_MISMATCH"", ""BRKR"": ""MISSING_INTERNAL"", ""CALY"": ""QUANTITY_MISMATCH"", ""CDNA"": ""QUANTITY_MISMATCH"", ""CENX"": ""QUANTITY_MISMATCH""}"
2026-09-02T20:32:49.502522+00:00,PAPER-2026-09-02-DRYRUN,2026-09-02,CSM001xTSM001,86EA1C067905B9AD1AAE714019057602B454D578361EC3B15B3A6B14569D32A7,FUF001_FREE_US_EQUITY_250_V1,BC7879B3830C7327EB0A5779625A347C06826C47488F64326C7D0B2884CC741D,INCIDENT,reconciliation,POSITION_MISMATCH,Unexpected broker position state.
2026-09-02T20:32:49.502522+00:00,PAPER-2026-09-02-DRYRUN,2026-09-02,CSM001xTSM001,86EA1C067905B9AD1AAE714019057602B454D578361EC3B15B3A6B14569D32A7,FUF001_FREE_US_EQUITY_250_V1,BC7879B3830C7327EB0A5779625A347C06826C47488F64326C7D0B2884CC741D,RECONCILIATION_CHECK,orders,PASS,"{""CSM001xTSM001-2026-09-02-AAOI-BUY-001"": ""INTENT_ONLY"", ""CSM001xTSM001-2026-09-02-ACMR-BUY-002"": ""INTENT_ONLY"", ""CSM001xTSM001-2026-09-02-ACRS-BUY-003"": ""INTENT_ONLY"", ""CSM001xTSM001-2026-09-02-ADEA-BUY-004"": ""INTENT_ONLY"", ""CSM001xTSM001-2026-09-02-AEIS-BUY-005"": ""INTENT_ONLY"", ""CSM001xTSM001-2026-09-02-AMAT-BUY-006"": ""INTENT_ONLY"", ""CSM001xTSM001-2026-09-02-AMD-BUY-007"": ""INTENT_ONLY"", ""CSM001xTSM001-2026-09-02-AMKR-BUY-008"": ""INTENT_ONLY"", ""CSM001xTSM001-2026-09-02-ANAB-BUY-009"": ""INTENT_ONLY"", ""CSM001xTSM001-2026-09-02-ANIK-BUY-010"": ""INTENT_ONLY"", ""CSM001xTSM001-2026-09-02-ANNX-BUY-011"": ""INTENT_ONLY"", ""CSM001xTSM001-2026-09-02-APPS-BUY-012"": ""INTENT_ONLY"", ""CSM001xTSM001-2026-09-02-ARCB-BUY-013"": ""INTENT_ONLY"", ""CSM001xTSM001-2026-09-02-ARWR-BUY-014"": ""INTENT_ONLY"", ""CSM001xTSM001-2026-09-02-ASML-BUY-015"": ""INTENT_ONLY"", ""CSM001xTSM001-2026-09-02-ATEX-BUY-016"": ""INTENT_ONLY"", ""CSM001xTSM001-2026-09-02-ATRO-BUY-017"": ""INTENT_ONLY"", ""CSM001xTSM001-2026-09-02-AXGN-BUY-018"": ""INTENT_ONLY"", ""CSM001xTSM001-2026-09-02-AXTI-BUY-019"": ""INTENT_ONLY"", ""CSM001xTSM001-2026-09-02-BAND-BUY-020"": ""INTENT_ONLY"", ""CSM001xTSM001-2026-09-02-BELFB-BUY-021"": ""INTENT_ONLY"", ""CSM001xTSM001-2026-09-02-BJRI-BUY-022"": ""INTENT_ONLY"", ""CSM001xTSM001-2026-09-02-CALY-BUY-023"": ""INTENT_ONLY"", ""CSM001xTSM001-2026-09-02-CDNA-BUY-024"": ""INTENT_ONLY"", ""CSM001xTSM001-2026-09-02-CENX-BUY-025"": ""INTENT_ONLY""}"
2026-09-02T20:32:49.510317+00:00,PAPER-2026-09-02-DRYRUN,2026-09-02,CSM001xTSM001,86EA1C067905B9AD1AAE714019057602B454D578361EC3B15B3A6B14569D32A7,FUF001_FREE_US_EQUITY_250_V1,BC7879B3830C7327EB0A5779625A347C06826C47488F64326C7D0B2884CC741D,ORDER_INTENTS_CREATED,order_intent,PASS,count=25
2026-09-02T20:32:49.510317+00:00,PAPER-2026-09-02-DRYRUN,2026-09-02,CSM001xTSM001,86EA1C067905B9AD1AAE714019057602B454D578361EC3B15B3A6B14569D32A7,FUF001_FREE_US_EQUITY_250_V1,BC7879B3830C7327EB0A5779625A347C06826C47488F64326C7D0B2884CC741D,RISK_GUARD_CHECK,risk,PASS,
2026-09-02T20:32:49.510317+00:00,PAPER-2026-09-02-DRYRUN,2026-09-02,CSM001xTSM001,86EA1C067905B9AD1AAE714019057602B454D578361EC3B15B3A6B14569D32A7,FUF001_FREE_US_EQUITY_250_V1,BC7879B3830C7327EB0A5779625A347C06826C47488F64326C7D0B2884CC741D,RISK_GUARD_CHECK,buying_power,PASS,required=98839.61;available=262526.34
2026-09-02T20:32:49.510317+00:00,PAPER-2026-09-02-DRYRUN,2026-09-02,CSM001xTSM001,86EA1C067905B9AD1AAE714019057602B454D578361EC3B15B3A6B14569D32A7,FUF001_FREE_US_EQUITY_250_V1,BC7879B3830C7327EB0A5779625A347C06826C47488F64326C7D0B2884CC741D,INCIDENT,timing,SCHEDULER_FAILURE,session=POST_CLOSE
2026-09-02T20:32:49.518488+00:00,PAPER-2026-09-02-DRYRUN,2026-09-02,CSM001xTSM001,86EA1C067905B9AD1AAE714019057602B454D578361EC3B15B3A6B14569D32A7,FUF001_FREE_US_EQUITY_250_V1,BC7879B3830C7327EB0A5779625A347C06826C47488F64326C7D0B2884CC741D,DRY_RUN_BLOCK,submission_boundary,BLOCKED,BLOCKED_BY_GUARDS
2026-09-03T20:30:06.100573+00:00,PAPER-2026-09-03-DRYRUN,2026-09-03,CSM001xTSM001,86EA1C067905B9AD1AAE714019057602B454D578361EC3B15B3A6B14569D32A7,FUF001_FREE_US_EQUITY_250_V1,BC7879B3830C7327EB0A5779625A347C06826C47488F64326C7D0B2884CC741D,SESSION_CREATED,controller,PASS,Dry-run session created without PAPER_T0.
2026-09-03T20:30:06.140739+00:00,PAPER-2026-09-03-DRYRUN,2026-09-03,CSM001xTSM001,86EA1C067905B9AD1AAE714019057602B454D578361EC3B15B3A6B14569D32A7,FUF001_FREE_US_EQUITY_250_V1,BC7879B3830C7327EB0A5779625A347C06826C47488F64326C7D0B2884CC741D,READINESS_CHECK,universe,PASS,Canonical FUF hash checked.
2026-09-03T20:30:06.140739+00:00,PAPER-2026-09-03-DRYRUN,2026-09-03,CSM001xTSM001,86EA1C067905B9AD1AAE714019057602B454D578361EC3B15B3A6B14569D32A7,FUF001_FREE_US_EQUITY_250_V1,BC7879B3830C7327EB0A5779625A347C06826C47488F64326C7D0B2884CC741D,READINESS_CHECK,strategy,PASS,Frozen strategy hash checked.
2026-09-03T20:31:46.481289+00:00,PAPER-2026-09-03-DRYRUN,2026-09-03,CSM001xTSM001,86EA1C067905B9AD1AAE714019057602B454D578361EC3B15B3A6B14569D32A7,FUF001_FREE_US_EQUITY_250_V1,BC7879B3830C7327EB0A5779625A347C06826C47488F64326C7D0B2884CC741D,IDENTITY_RESOLUTION,identity_resolver,PASS,registry_hash=E77980C024FC6707;resolved_count=250
2026-09-03T20:32:27.780474+00:00,PAPER-2026-09-03-DRYRUN,2026-09-03,CSM001xTSM001,86EA1C067905B9AD1AAE714019057602B454D578361EC3B15B3A6B14569D32A7,FUF001_FREE_US_EQUITY_250_V1,BC7879B3830C7327EB0A5779625A347C06826C47488F64326C7D0B2884CC741D,SCHEDULE_CHECK,calendar,PASS,session=POST_CLOSE
2026-09-03T20:32:27.780474+00:00,PAPER-2026-09-03-DRYRUN,2026-09-03,CSM001xTSM001,86EA1C067905B9AD1AAE714019057602B454D578361EC3B15B3A6B14569D32A7,FUF001_FREE_US_EQUITY_250_V1,BC7879B3830C7327EB0A5779625A347C06826C47488F64326C7D0B2884CC741D,DATA_FRESHNESS_CHECK,alpaca_daily_bars,PASS,fresh=250;stale=0;inactive=0
2026-09-03T20:32:27.781481+00:00,PAPER-2026-09-03-DRYRUN,2026-09-03,CSM001xTSM001,86EA1C067905B9AD1AAE714019057602B454D578361EC3B15B3A6B14569D32A7,FUF001_FREE_US_EQUITY_250_V1,BC7879B3830C7327EB0A5779625A347C06826C47488F64326C7D0B2884CC741D,ELIGIBILITY_CHECK,csm,PASS,eligible_count=250
2026-09-03T20:32:29.089798+00:00,PAPER-2026-09-03-DRYRUN,2026-09-03,CSM001xTSM001,86EA1C067905B9AD1AAE714019057602B454D578361EC3B15B3A6B14569D32A7,FUF001_FREE_US_EQUITY_250_V1,BC7879B3830C7327EB0A5779625A347C06826C47488F64326C7D0B2884CC741D,RECONCILIATION_CHECK,positions,BLOCK,"{""AAOI"": ""QUANTITY_MISMATCH"", ""ACMR"": ""QUANTITY_MISMATCH"", ""ACRS"": ""QUANTITY_MISMATCH"", ""ADEA"": ""MISSING_BROKER"", ""AEIS"": ""MISSING_BROKER"", ""AMAT"": ""QUANTITY_MISMATCH"", ""AMD"": ""QUANTITY_MISMATCH"", ""AMKR"": ""QUANTITY_MISMATCH"", ""AMRX"": ""MISSING_INTERNAL"", ""ANAB"": ""QUANTITY_MISMATCH"", ""ANIK"": ""QUANTITY_MISMATCH"", ""ANNX"": ""QUANTITY_MISMATCH"", ""APPS"": ""QUANTITY_MISMATCH"", ""ARCB"": ""QUANTITY_MISMATCH"", ""ARWR"": ""QUANTITY_MISMATCH"", ""ASML"": ""QUANTITY_MISMATCH"", ""ATEX"": ""QUANTITY_MISMATCH"", ""ATRO"": ""QUANTITY_MISMATCH"", ""AXGN"": ""QUANTITY_MISMATCH"", ""AXTI"": ""QUANTITY_MISMATCH"", ""BAND"": ""QUANTITY_MISMATCH"", ""BELFB"": ""QUANTITY_MISMATCH"", ""BJRI"": ""QUANTITY_MISMATCH"", ""BRKR"": ""MISSING_INTERNAL"", ""CALY"": ""QUANTITY_MISMATCH"", ""CDNA"": ""QUANTITY_MISMATCH"", ""CENX"": ""QUANTITY_MISMATCH""}"
2026-09-03T20:32:29.091499+00:00,PAPER-2026-09-03-DRYRUN,2026-09-03,CSM001xTSM001,86EA1C067905B9AD1AAE714019057602B454D578361EC3B15B3A6B14569D32A7,FUF001_FREE_US_EQUITY_250_V1,BC7879B3830C7327EB0A5779625A347C06826C47488F64326C7D0B2884CC741D,INCIDENT,reconciliation,POSITION_MISMATCH,Unexpected broker position state.
2026-09-03T20:32:29.092508+00:00,PAPER-2026-09-03-DRYRUN,2026-09-03,CSM001xTSM001,86EA1C067905B9AD1AAE714019057602B454D578361EC3B15B3A6B14569D32A7,FUF001_FREE_US_EQUITY_250_V1,BC7879B3830C7327EB0A5779625A347C06826C47488F64326C7D0B2884CC741D,RECONCILIATION_CHECK,orders,PASS,"{""CSM001xTSM001-2026-09-03-AAOI-BUY-001"": ""INTENT_ONLY"", ""CSM001xTSM001-2026-09-03-ACMR-BUY-002"": ""INTENT_ONLY"", ""CSM001xTSM001-2026-09-03-ACRS-BUY-003"": ""INTENT_ONLY"", ""CSM001xTSM001-2026-09-03-ADEA-BUY-004"": ""INTENT_ONLY"", ""CSM001xTSM001-2026-09-03-AEIS-BUY-005"": ""INTENT_ONLY"", ""CSM001xTSM001-2026-09-03-AMAT-BUY-006"": ""INTENT_ONLY"", ""CSM001xTSM001-2026-09-03-AMD-BUY-007"": ""INTENT_ONLY"", ""CSM001xTSM001-2026-09-03-AMKR-BUY-008"": ""INTENT_ONLY"", ""CSM001xTSM001-2026-09-03-ANAB-BUY-009"": ""INTENT_ONLY"", ""CSM001xTSM001-2026-09-03-ANIK-BUY-010"": ""INTENT_ONLY"", ""CSM001xTSM001-2026-09-03-ANNX-BUY-011"": ""INTENT_ONLY"", ""CSM001xTSM001-2026-09-03-APPS-BUY-012"": ""INTENT_ONLY"", ""CSM001xTSM001-2026-09-03-ARCB-BUY-013"": ""INTENT_ONLY"", ""CSM001xTSM001-2026-09-03-ARWR-BUY-014"": ""INTENT_ONLY"", ""CSM001xTSM001-2026-09-03-ASML-BUY-015"": ""INTENT_ONLY"", ""CSM001xTSM001-2026-09-03-ATEX-BUY-016"": ""INTENT_ONLY"", ""CSM001xTSM001-2026-09-03-ATRO-BUY-017"": ""INTENT_ONLY"", ""CSM001xTSM001-2026-09-03-AXGN-BUY-018"": ""INTENT_ONLY"", ""CSM001xTSM001-2026-09-03-AXTI-BUY-019"": ""INTENT_ONLY"", ""CSM001xTSM001-2026-09-03-BAND-BUY-020"": ""INTENT_ONLY"", ""CSM001xTSM001-2026-09-03-BELFB-BUY-021"": ""INTENT_ONLY"", ""CSM001xTSM001-2026-09-03-BJRI-BUY-022"": ""INTENT_ONLY"", ""CSM001xTSM001-2026-09-03-CALY-BUY-023"": ""INTENT_ONLY"", ""CSM001xTSM001-2026-09-03-CDNA-BUY-024"": ""INTENT_ONLY"", ""CSM001xTSM001-2026-09-03-CENX-BUY-025"": ""INTENT_ONLY""}"
2026-09-03T20:32:29.103506+00:00,PAPER-2026-09-03-DRYRUN,2026-09-03,CSM001xTSM001,86EA1C067905B9AD1AAE714019057602B454D578361EC3B15B3A6B14569D32A7,FUF001_FREE_US_EQUITY_250_V1,BC7879B3830C7327EB0A5779625A347C06826C47488F64326C7D0B2884CC741D,ORDER_INTENTS_CREATED,order_intent,PASS,count=25
2026-09-03T20:32:29.104506+00:00,PAPER-2026-09-03-DRYRUN,2026-09-03,CSM001xTSM001,86EA1C067905B9AD1AAE714019057602B454D578361EC3B15B3A6B14569D32A7,FUF001_FREE_US_EQUITY_250_V1,BC7879B3830C7327EB0A5779625A347C06826C47488F64326C7D0B2884CC741D,RISK_GUARD_CHECK,risk,PASS,
2026-09-03T20:32:29.104506+00:00,PAPER-2026-09-03-DRYRUN,2026-09-03,CSM001xTSM001,86EA1C067905B9AD1AAE714019057602B454D578361EC3B15B3A6B14569D32A7,FUF001_FREE_US_EQUITY_250_V1,BC7879B3830C7327EB0A5779625A347C06826C47488F64326C7D0B2884CC741D,RISK_GUARD_CHECK,buying_power,PASS,required=98913.29;available=259816.98
2026-09-03T20:32:29.104506+00:00,PAPER-2026-09-03-DRYRUN,2026-09-03,CSM001xTSM001,86EA1C067905B9AD1AAE714019057602B454D578361EC3B15B3A6B14569D32A7,FUF001_FREE_US_EQUITY_250_V1,BC7879B3830C7327EB0A5779625A347C06826C47488F64326C7D0B2884CC741D,INCIDENT,timing,SCHEDULER_FAILURE,session=POST_CLOSE
2026-09-03T20:32:29.105505+00:00,PAPER-2026-09-03-DRYRUN,2026-09-03,CSM001xTSM001,86EA1C067905B9AD1AAE714019057602B454D578361EC3B15B3A6B14569D32A7,FUF001_FREE_US_EQUITY_250_V1,BC7879B3830C7327EB0A5779625A347C06826C47488F64326C7D0B2884CC741D,DRY_RUN_BLOCK,submission_boundary,BLOCKED,BLOCKED_BY_GUARDS
2026-09-04T10:19:49.347505+00:00,PAPER-2026-09-04-DRYRUN,2026-09-04,CSM001xTSM001,86EA1C067905B9AD1AAE714019057602B454D578361EC3B15B3A6B14569D32A7,FUF001_FREE_US_EQUITY_250_V1,BC7879B3830C7327EB0A5779625A347C06826C47488F64326C7D0B2884CC741D,SESSION_CREATED,controller,PASS,Dry-run session created without PAPER_T0.
2026-09-04T10:19:49.373811+00:00,PAPER-2026-09-04-DRYRUN,2026-09-04,CSM001xTSM001,86EA1C067905B9AD1AAE714019057602B454D578361EC3B15B3A6B14569D32A7,FUF001_FREE_US_EQUITY_250_V1,BC7879B3830C7327EB0A5779625A347C06826C47488F64326C7D0B2884CC741D,READINESS_CHECK,universe,PASS,Canonical FUF hash checked.
2026-09-04T10:19:49.373811+00:00,PAPER-2026-09-04-DRYRUN,2026-09-04,CSM001xTSM001,86EA1C067905B9AD1AAE714019057602B454D578361EC3B15B3A6B14569D32A7,FUF001_FREE_US_EQUITY_250_V1,BC7879B3830C7327EB0A5779625A347C06826C47488F64326C7D0B2884CC741D,READINESS_CHECK,strategy,PASS,Frozen strategy hash checked.
2026-09-04T10:21:32.342516+00:00,PAPER-2026-09-04-DRYRUN,2026-09-03,CSM001xTSM001,86EA1C067905B9AD1AAE714019057602B454D578361EC3B15B3A6B14569D32A7,FUF001_FREE_US_EQUITY_250_V1,BC7879B3830C7327EB0A5779625A347C06826C47488F64326C7D0B2884CC741D,IDENTITY_RESOLUTION,identity_resolver,PASS,registry_hash=E77980C024FC6707;resolved_count=250
2026-09-04T10:22:17.051066+00:00,PAPER-2026-09-04-DRYRUN,2026-09-03,CSM001xTSM001,86EA1C067905B9AD1AAE714019057602B454D578361EC3B15B3A6B14569D32A7,FUF001_FREE_US_EQUITY_250_V1,BC7879B3830C7327EB0A5779625A347C06826C47488F64326C7D0B2884CC741D,SCHEDULE_CHECK,calendar,PASS,session=PRE_OPEN
2026-09-04T10:22:17.051066+00:00,PAPER-2026-09-04-DRYRUN,2026-09-03,CSM001xTSM001,86EA1C067905B9AD1AAE714019057602B454D578361EC3B15B3A6B14569D32A7,FUF001_FREE_US_EQUITY_250_V1,BC7879B3830C7327EB0A5779625A347C06826C47488F64326C7D0B2884CC741D,DATA_FRESHNESS_CHECK,alpaca_daily_bars,PASS,fresh=250;stale=0;inactive=0
2026-09-04T10:22:17.051066+00:00,PAPER-2026-09-04-DRYRUN,2026-09-03,CSM001xTSM001,86EA1C067905B9AD1AAE714019057602B454D578361EC3B15B3A6B14569D32A7,FUF001_FREE_US_EQUITY_250_V1,BC7879B3830C7327EB0A5779625A347C06826C47488F64326C7D0B2884CC741D,ELIGIBILITY_CHECK,csm,PASS,eligible_count=250
2026-09-04T10:22:18.388877+00:00,PAPER-2026-09-04-DRYRUN,2026-09-03,CSM001xTSM001,86EA1C067905B9AD1AAE714019057602B454D578361EC3B15B3A6B14569D32A7,FUF001_FREE_US_EQUITY_250_V1,BC7879B3830C7327EB0A5779625A347C06826C47488F64326C7D0B2884CC741D,RECONCILIATION_CHECK,positions,BLOCK,"{""AAOI"": ""QUANTITY_MISMATCH"", ""ACMR"": ""QUANTITY_MISMATCH"", ""ACRS"": ""QUANTITY_MISMATCH"", ""ADEA"": ""MISSING_BROKER"", ""AEIS"": ""MISSING_BROKER"", ""AMAT"": ""QUANTITY_MISMATCH"", ""AMD"": ""QUANTITY_MISMATCH"", ""AMKR"": ""QUANTITY_MISMATCH"", ""AMRX"": ""MISSING_INTERNAL"", ""ANAB"": ""QUANTITY_MISMATCH"", ""ANIK"": ""QUANTITY_MISMATCH"", ""ANNX"": ""QUANTITY_MISMATCH"", ""APPS"": ""QUANTITY_MISMATCH"", ""ARCB"": ""QUANTITY_MISMATCH"", ""ARWR"": ""QUANTITY_MISMATCH"", ""ASML"": ""QUANTITY_MISMATCH"", ""ATEX"": ""QUANTITY_MISMATCH"", ""ATRO"": ""QUANTITY_MISMATCH"", ""AXGN"": ""QUANTITY_MISMATCH"", ""AXTI"": ""QUANTITY_MISMATCH"", ""BAND"": ""QUANTITY_MISMATCH"", ""BELFB"": ""QUANTITY_MISMATCH"", ""BJRI"": ""QUANTITY_MISMATCH"", ""BRKR"": ""MISSING_INTERNAL"", ""CALY"": ""QUANTITY_MISMATCH"", ""CDNA"": ""QUANTITY_MISMATCH"", ""CENX"": ""QUANTITY_MISMATCH""}"
2026-09-04T10:22:18.389856+00:00,PAPER-2026-09-04-DRYRUN,2026-09-03,CSM001xTSM001,86EA1C067905B9AD1AAE714019057602B454D578361EC3B15B3A6B14569D32A7,FUF001_FREE_US_EQUITY_250_V1,BC7879B3830C7327EB0A5779625A347C06826C47488F64326C7D0B2884CC741D,INCIDENT,reconciliation,POSITION_MISMATCH,Unexpected broker position state.
2026-09-04T10:22:18.390865+00:00,PAPER-2026-09-04-DRYRUN,2026-09-03,CSM001xTSM001,86EA1C067905B9AD1AAE714019057602B454D578361EC3B15B3A6B14569D32A7,FUF001_FREE_US_EQUITY_250_V1,BC7879B3830C7327EB0A5779625A347C06826C47488F64326C7D0B2884CC741D,RECONCILIATION_CHECK,orders,PASS,"{""CSM001xTSM001-2026-09-03-AAOI-BUY-001"": ""INTENT_ONLY"", ""CSM001xTSM001-2026-09-03-ACMR-BUY-002"": ""INTENT_ONLY"", ""CSM001xTSM001-2026-09-03-ACRS-BUY-003"": ""INTENT_ONLY"", ""CSM001xTSM001-2026-09-03-ADEA-BUY-004"": ""INTENT_ONLY"", ""CSM001xTSM001-2026-09-03-AEIS-BUY-005"": ""INTENT_ONLY"", ""CSM001xTSM001-2026-09-03-AMAT-BUY-006"": ""INTENT_ONLY"", ""CSM001xTSM001-2026-09-03-AMD-BUY-007"": ""INTENT_ONLY"", ""CSM001xTSM001-2026-09-03-AMKR-BUY-008"": ""INTENT_ONLY"", ""CSM001xTSM001-2026-09-03-ANAB-BUY-009"": ""INTENT_ONLY"", ""CSM001xTSM001-2026-09-03-ANIK-BUY-010"": ""INTENT_ONLY"", ""CSM001xTSM001-2026-09-03-ANNX-BUY-011"": ""INTENT_ONLY"", ""CSM001xTSM001-2026-09-03-APPS-BUY-012"": ""INTENT_ONLY"", ""CSM001xTSM001-2026-09-03-ARCB-BUY-013"": ""INTENT_ONLY"", ""CSM001xTSM001-2026-09-03-ARWR-BUY-014"": ""INTENT_ONLY"", ""CSM001xTSM001-2026-09-03-ASML-BUY-015"": ""INTENT_ONLY"", ""CSM001xTSM001-2026-09-03-ATEX-BUY-016"": ""INTENT_ONLY"", ""CSM001xTSM001-2026-09-03-ATRO-BUY-017"": ""INTENT_ONLY"", ""CSM001xTSM001-2026-09-03-AXGN-BUY-018"": ""INTENT_ONLY"", ""CSM001xTSM001-2026-09-03-AXTI-BUY-019"": ""INTENT_ONLY"", ""CSM001xTSM001-2026-09-03-BAND-BUY-020"": ""INTENT_ONLY"", ""CSM001xTSM001-2026-09-03-BELFB-BUY-021"": ""INTENT_ONLY"", ""CSM001xTSM001-2026-09-03-BJRI-BUY-022"": ""INTENT_ONLY"", ""CSM001xTSM001-2026-09-03-CALY-BUY-023"": ""INTENT_ONLY"", ""CSM001xTSM001-2026-09-03-CDNA-BUY-024"": ""INTENT_ONLY"", ""CSM001xTSM001-2026-09-03-CENX-BUY-025"": ""INTENT_ONLY""}"
2026-09-04T10:22:18.400854+00:00,PAPER-2026-09-04-DRYRUN,2026-09-03,CSM001xTSM001,86EA1C067905B9AD1AAE714019057602B454D578361EC3B15B3A6B14569D32A7,FUF001_FREE_US_EQUITY_250_V1,BC7879B3830C7327EB0A5779625A347C06826C47488F64326C7D0B2884CC741D,ORDER_INTENTS_CREATED,order_intent,PASS,count=25
2026-09-04T10:22:18.400854+00:00,PAPER-2026-09-04-DRYRUN,2026-09-03,CSM001xTSM001,86EA1C067905B9AD1AAE714019057602B454D578361EC3B15B3A6B14569D32A7,FUF001_FREE_US_EQUITY_250_V1,BC7879B3830C7327EB0A5779625A347C06826C47488F64326C7D0B2884CC741D,RISK_GUARD_CHECK,risk,PASS,
2026-09-04T10:22:18.400854+00:00,PAPER-2026-09-04-DRYRUN,2026-09-03,CSM001xTSM001,86EA1C067905B9AD1AAE714019057602B454D578361EC3B15B3A6B14569D32A7,FUF001_FREE_US_EQUITY_250_V1,BC7879B3830C7327EB0A5779625A347C06826C47488F64326C7D0B2884CC741D,RISK_GUARD_CHECK,buying_power,PASS,required=99350.78;available=260990.78
2026-09-04T10:22:18.401856+00:00,PAPER-2026-09-04-DRYRUN,2026-09-03,CSM001xTSM001,86EA1C067905B9AD1AAE714019057602B454D578361EC3B15B3A6B14569D32A7,FUF001_FREE_US_EQUITY_250_V1,BC7879B3830C7327EB0A5779625A347C06826C47488F64326C7D0B2884CC741D,DRY_RUN_BLOCK,submission_boundary,BLOCKED,BLOCKED_BY_GUARDS
2026-09-04T10:22:35.631777+00:00,PAPER-2026-09-04-DRYRUN,2026-09-04,CSM001xTSM001,86EA1C067905B9AD1AAE714019057602B454D578361EC3B15B3A6B14569D32A7,FUF001_FREE_US_EQUITY_250_V1,BC7879B3830C7327EB0A5779625A347C06826C47488F64326C7D0B2884CC741D,SESSION_CREATED,controller,PASS,Dry-run session created without PAPER_T0.
2026-09-04T10:22:35.652780+00:00,PAPER-2026-09-04-DRYRUN,2026-09-04,CSM001xTSM001,86EA1C067905B9AD1AAE714019057602B454D578361EC3B15B3A6B14569D32A7,FUF001_FREE_US_EQUITY_250_V1,BC7879B3830C7327EB0A5779625A347C06826C47488F64326C7D0B2884CC741D,READINESS_CHECK,universe,PASS,Canonical FUF hash checked.
2026-09-04T10:22:35.652780+00:00,PAPER-2026-09-04-DRYRUN,2026-09-04,CSM001xTSM001,86EA1C067905B9AD1AAE714019057602B454D578361EC3B15B3A6B14569D32A7,FUF001_FREE_US_EQUITY_250_V1,BC7879B3830C7327EB0A5779625A347C06826C47488F64326C7D0B2884CC741D,READINESS_CHECK,strategy,PASS,Frozen strategy hash checked.
2026-09-04T10:24:22.868108+00:00,PAPER-2026-09-04-DRYRUN,2026-09-03,CSM001xTSM001,86EA1C067905B9AD1AAE714019057602B454D578361EC3B15B3A6B14569D32A7,FUF001_FREE_US_EQUITY_250_V1,BC7879B3830C7327EB0A5779625A347C06826C47488F64326C7D0B2884CC741D,IDENTITY_RESOLUTION,identity_resolver,PASS,registry_hash=E77980C024FC6707;resolved_count=250
2026-09-04T10:24:54.435065+00:00,PAPER-2026-09-04-DRYRUN,2026-09-04,CSM001xTSM001,86EA1C067905B9AD1AAE714019057602B454D578361EC3B15B3A6B14569D32A7,FUF001_FREE_US_EQUITY_250_V1,BC7879B3830C7327EB0A5779625A347C06826C47488F64326C7D0B2884CC741D,SESSION_CREATED,controller,PASS,Dry-run session created without PAPER_T0.
2026-09-04T10:24:54.454712+00:00,PAPER-2026-09-04-DRYRUN,2026-09-04,CSM001xTSM001,86EA1C067905B9AD1AAE714019057602B454D578361EC3B15B3A6B14569D32A7,FUF001_FREE_US_EQUITY_250_V1,BC7879B3830C7327EB0A5779625A347C06826C47488F64326C7D0B2884CC741D,READINESS_CHECK,universe,PASS,Canonical FUF hash checked.
2026-09-04T10:24:54.454712+00:00,PAPER-2026-09-04-DRYRUN,2026-09-04,CSM001xTSM001,86EA1C067905B9AD1AAE714019057602B454D578361EC3B15B3A6B14569D32A7,FUF001_FREE_US_EQUITY_250_V1,BC7879B3830C7327EB0A5779625A347C06826C47488F64326C7D0B2884CC741D,READINESS_CHECK,strategy,PASS,Frozen strategy hash checked.
2026-09-04T10:26:35.601503+00:00,PAPER-2026-09-04-DRYRUN,2026-09-03,CSM001xTSM001,86EA1C067905B9AD1AAE714019057602B454D578361EC3B15B3A6B14569D32A7,FUF001_FREE_US_EQUITY_250_V1,BC7879B3830C7327EB0A5779625A347C06826C47488F64326C7D0B2884CC741D,IDENTITY_RESOLUTION,identity_resolver,PASS,registry_hash=E77980C024FC6707;resolved_count=250
2026-09-04T10:27:18.023514+00:00,PAPER-2026-09-04-DRYRUN,2026-09-03,CSM001xTSM001,86EA1C067905B9AD1AAE714019057602B454D578361EC3B15B3A6B14569D32A7,FUF001_FREE_US_EQUITY_250_V1,BC7879B3830C7327EB0A5779625A347C06826C47488F64326C7D0B2884CC741D,SCHEDULE_CHECK,calendar,PASS,session=PRE_OPEN
2026-09-04T10:27:18.024513+00:00,PAPER-2026-09-04-DRYRUN,2026-09-03,CSM001xTSM001,86EA1C067905B9AD1AAE714019057602B454D578361EC3B15B3A6B14569D32A7,FUF001_FREE_US_EQUITY_250_V1,BC7879B3830C7327EB0A5779625A347C06826C47488F64326C7D0B2884CC741D,DATA_FRESHNESS_CHECK,alpaca_daily_bars,PASS,fresh=250;stale=0;inactive=0
2026-09-04T10:27:18.024513+00:00,PAPER-2026-09-04-DRYRUN,2026-09-03,CSM001xTSM001,86EA1C067905B9AD1AAE714019057602B454D578361EC3B15B3A6B14569D32A7,FUF001_FREE_US_EQUITY_250_V1,BC7879B3830C7327EB0A5779625A347C06826C47488F64326C7D0B2884CC741D,ELIGIBILITY_CHECK,csm,PASS,eligible_count=250
2026-09-04T10:27:19.394850+00:00,PAPER-2026-09-04-DRYRUN,2026-09-03,CSM001xTSM001,86EA1C067905B9AD1AAE714019057602B454D578361EC3B15B3A6B14569D32A7,FUF001_FREE_US_EQUITY_250_V1,BC7879B3830C7327EB0A5779625A347C06826C47488F64326C7D0B2884CC741D,RECONCILIATION_CHECK,positions,BLOCK,"{""AAOI"": ""QUANTITY_MISMATCH"", ""ACMR"": ""QUANTITY_MISMATCH"", ""ACRS"": ""QUANTITY_MISMATCH"", ""ADEA"": ""MISSING_BROKER"", ""AEIS"": ""MISSING_BROKER"", ""AMAT"": ""QUANTITY_MISMATCH"", ""AMD"": ""QUANTITY_MISMATCH"", ""AMKR"": ""QUANTITY_MISMATCH"", ""AMRX"": ""MISSING_INTERNAL"", ""ANAB"": ""QUANTITY_MISMATCH"", ""ANIK"": ""QUANTITY_MISMATCH"", ""ANNX"": ""QUANTITY_MISMATCH"", ""APPS"": ""QUANTITY_MISMATCH"", ""ARCB"": ""QUANTITY_MISMATCH"", ""ARWR"": ""QUANTITY_MISMATCH"", ""ASML"": ""QUANTITY_MISMATCH"", ""ATEX"": ""QUANTITY_MISMATCH"", ""ATRO"": ""QUANTITY_MISMATCH"", ""AXGN"": ""QUANTITY_MISMATCH"", ""AXTI"": ""QUANTITY_MISMATCH"", ""BAND"": ""QUANTITY_MISMATCH"", ""BELFB"": ""QUANTITY_MISMATCH"", ""BJRI"": ""QUANTITY_MISMATCH"", ""BRKR"": ""MISSING_INTERNAL"", ""CALY"": ""QUANTITY_MISMATCH"", ""CDNA"": ""QUANTITY_MISMATCH"", ""CENX"": ""QUANTITY_MISMATCH""}"
2026-09-04T10:27:19.395815+00:00,PAPER-2026-09-04-DRYRUN,2026-09-03,CSM001xTSM001,86EA1C067905B9AD1AAE714019057602B454D578361EC3B15B3A6B14569D32A7,FUF001_FREE_US_EQUITY_250_V1,BC7879B3830C7327EB0A5779625A347C06826C47488F64326C7D0B2884CC741D,INCIDENT,reconciliation,POSITION_MISMATCH,Unexpected broker position state.
2026-09-04T10:27:19.395815+00:00,PAPER-2026-09-04-DRYRUN,2026-09-03,CSM001xTSM001,86EA1C067905B9AD1AAE714019057602B454D578361EC3B15B3A6B14569D32A7,FUF001_FREE_US_EQUITY_250_V1,BC7879B3830C7327EB0A5779625A347C06826C47488F64326C7D0B2884CC741D,RECONCILIATION_CHECK,orders,PASS,"{""CSM001xTSM001-2026-09-03-AAOI-BUY-001"": ""INTENT_ONLY"", ""CSM001xTSM001-2026-09-03-ACMR-BUY-002"": ""INTENT_ONLY"", ""CSM001xTSM001-2026-09-03-ACRS-BUY-003"": ""INTENT_ONLY"", ""CSM001xTSM001-2026-09-03-ADEA-BUY-004"": ""INTENT_ONLY"", ""CSM001xTSM001-2026-09-03-AEIS-BUY-005"": ""INTENT_ONLY"", ""CSM001xTSM001-2026-09-03-AMAT-BUY-006"": ""INTENT_ONLY"", ""CSM001xTSM001-2026-09-03-AMD-BUY-007"": ""INTENT_ONLY"", ""CSM001xTSM001-2026-09-03-AMKR-BUY-008"": ""INTENT_ONLY"", ""CSM001xTSM001-2026-09-03-ANAB-BUY-009"": ""INTENT_ONLY"", ""CSM001xTSM001-2026-09-03-ANIK-BUY-010"": ""INTENT_ONLY"", ""CSM001xTSM001-2026-09-03-ANNX-BUY-011"": ""INTENT_ONLY"", ""CSM001xTSM001-2026-09-03-APPS-BUY-012"": ""INTENT_ONLY"", ""CSM001xTSM001-2026-09-03-ARCB-BUY-013"": ""INTENT_ONLY"", ""CSM001xTSM001-2026-09-03-ARWR-BUY-014"": ""INTENT_ONLY"", ""CSM001xTSM001-2026-09-03-ASML-BUY-015"": ""INTENT_ONLY"", ""CSM001xTSM001-2026-09-03-ATEX-BUY-016"": ""INTENT_ONLY"", ""CSM001xTSM001-2026-09-03-ATRO-BUY-017"": ""INTENT_ONLY"", ""CSM001xTSM001-2026-09-03-AXGN-BUY-018"": ""INTENT_ONLY"", ""CSM001xTSM001-2026-09-03-AXTI-BUY-019"": ""INTENT_ONLY"", ""CSM001xTSM001-2026-09-03-BAND-BUY-020"": ""INTENT_ONLY"", ""CSM001xTSM001-2026-09-03-BELFB-BUY-021"": ""INTENT_ONLY"", ""CSM001xTSM001-2026-09-03-BJRI-BUY-022"": ""INTENT_ONLY"", ""CSM001xTSM001-2026-09-03-CALY-BUY-023"": ""INTENT_ONLY"", ""CSM001xTSM001-2026-09-03-CDNA-BUY-024"": ""INTENT_ONLY"", ""CSM001xTSM001-2026-09-03-CENX-BUY-025"": ""INTENT_ONLY""}"
2026-09-04T10:27:19.406326+00:00,PAPER-2026-09-04-DRYRUN,2026-09-03,CSM001xTSM001,86EA1C067905B9AD1AAE714019057602B454D578361EC3B15B3A6B14569D32A7,FUF001_FREE_US_EQUITY_250_V1,BC7879B3830C7327EB0A5779625A347C06826C47488F64326C7D0B2884CC741D,ORDER_INTENTS_CREATED,order_intent,PASS,count=25
2026-09-04T10:27:19.406326+00:00,PAPER-2026-09-04-DRYRUN,2026-09-03,CSM001xTSM001,86EA1C067905B9AD1AAE714019057602B454D578361EC3B15B3A6B14569D32A7,FUF001_FREE_US_EQUITY_250_V1,BC7879B3830C7327EB0A5779625A347C06826C47488F64326C7D0B2884CC741D,RISK_GUARD_CHECK,risk,PASS,
2026-09-04T10:27:19.406326+00:00,PAPER-2026-09-04-DRYRUN,2026-09-03,CSM001xTSM001,86EA1C067905B9AD1AAE714019057602B454D578361EC3B15B3A6B14569D32A7,FUF001_FREE_US_EQUITY_250_V1,BC7879B3830C7327EB0A5779625A347C06826C47488F64326C7D0B2884CC741D,RISK_GUARD_CHECK,buying_power,PASS,required=99378.71;available=261068.96
2026-09-04T10:27:19.406326+00:00,PAPER-2026-09-04-DRYRUN,2026-09-03,CSM001xTSM001,86EA1C067905B9AD1AAE714019057602B454D578361EC3B15B3A6B14569D32A7,FUF001_FREE_US_EQUITY_250_V1,BC7879B3830C7327EB0A5779625A347C06826C47488F64326C7D0B2884CC741D,DRY_RUN_BLOCK,submission_boundary,BLOCKED,BLOCKED_BY_GUARDS
2026-09-04T10:27:30.705064+00:00,PAPER-2026-09-04-DRYRUN,2026-09-04,CSM001xTSM001,86EA1C067905B9AD1AAE714019057602B454D578361EC3B15B3A6B14569D32A7,FUF001_FREE_US_EQUITY_250_V1,BC7879B3830C7327EB0A5779625A347C06826C47488F64326C7D0B2884CC741D,SESSION_CREATED,controller,PASS,Dry-run session created without PAPER_T0.
2026-09-04T10:27:30.726064+00:00,PAPER-2026-09-04-DRYRUN,2026-09-04,CSM001xTSM001,86EA1C067905B9AD1AAE714019057602B454D578361EC3B15B3A6B14569D32A7,FUF001_FREE_US_EQUITY_250_V1,BC7879B3830C7327EB0A5779625A347C06826C47488F64326C7D0B2884CC741D,READINESS_CHECK,universe,PASS,Canonical FUF hash checked.
2026-09-04T10:27:30.727064+00:00,PAPER-2026-09-04-DRYRUN,2026-09-04,CSM001xTSM001,86EA1C067905B9AD1AAE714019057602B454D578361EC3B15B3A6B14569D32A7,FUF001_FREE_US_EQUITY_250_V1,BC7879B3830C7327EB0A5779625A347C06826C47488F64326C7D0B2884CC741D,READINESS_CHECK,strategy,PASS,Frozen strategy hash checked.
2026-09-04T10:29:12.900720+00:00,PAPER-2026-09-04-DRYRUN,2026-09-03,CSM001xTSM001,86EA1C067905B9AD1AAE714019057602B454D578361EC3B15B3A6B14569D32A7,FUF001_FREE_US_EQUITY_250_V1,BC7879B3830C7327EB0A5779625A347C06826C47488F64326C7D0B2884CC741D,IDENTITY_RESOLUTION,identity_resolver,PASS,registry_hash=E77980C024FC6707;resolved_count=250
2026-09-04T10:29:54.488362+00:00,PAPER-2026-09-04-DRYRUN,2026-09-03,CSM001xTSM001,86EA1C067905B9AD1AAE714019057602B454D578361EC3B15B3A6B14569D32A7,FUF001_FREE_US_EQUITY_250_V1,BC7879B3830C7327EB0A5779625A347C06826C47488F64326C7D0B2884CC741D,SCHEDULE_CHECK,calendar,PASS,session=PRE_OPEN
2026-09-04T10:29:54.488362+00:00,PAPER-2026-09-04-DRYRUN,2026-09-03,CSM001xTSM001,86EA1C067905B9AD1AAE714019057602B454D578361EC3B15B3A6B14569D32A7,FUF001_FREE_US_EQUITY_250_V1,BC7879B3830C7327EB0A5779625A347C06826C47488F64326C7D0B2884CC741D,DATA_FRESHNESS_CHECK,alpaca_daily_bars,PASS,fresh=250;stale=0;inactive=0
2026-09-04T10:29:54.488362+00:00,PAPER-2026-09-04-DRYRUN,2026-09-03,CSM001xTSM001,86EA1C067905B9AD1AAE714019057602B454D578361EC3B15B3A6B14569D32A7,FUF001_FREE_US_EQUITY_250_V1,BC7879B3830C7327EB0A5779625A347C06826C47488F64326C7D0B2884CC741D,ELIGIBILITY_CHECK,csm,PASS,eligible_count=250
2026-09-04T10:29:55.839410+00:00,PAPER-2026-09-04-DRYRUN,2026-09-03,CSM001xTSM001,86EA1C067905B9AD1AAE714019057602B454D578361EC3B15B3A6B14569D32A7,FUF001_FREE_US_EQUITY_250_V1,BC7879B3830C7327EB0A5779625A347C06826C47488F64326C7D0B2884CC741D,RECONCILIATION_CHECK,positions,BLOCK,"{""AAOI"": ""QUANTITY_MISMATCH"", ""ACMR"": ""QUANTITY_MISMATCH"", ""ACRS"": ""QUANTITY_MISMATCH"", ""ADEA"": ""MISSING_BROKER"", ""AEIS"": ""MISSING_BROKER"", ""AMAT"": ""QUANTITY_MISMATCH"", ""AMD"": ""QUANTITY_MISMATCH"", ""AMKR"": ""QUANTITY_MISMATCH"", ""AMRX"": ""MISSING_INTERNAL"", ""ANAB"": ""QUANTITY_MISMATCH"", ""ANIK"": ""QUANTITY_MISMATCH"", ""ANNX"": ""QUANTITY_MISMATCH"", ""APPS"": ""QUANTITY_MISMATCH"", ""ARCB"": ""QUANTITY_MISMATCH"", ""ARWR"": ""QUANTITY_MISMATCH"", ""ASML"": ""QUANTITY_MISMATCH"", ""ATEX"": ""QUANTITY_MISMATCH"", ""ATRO"": ""QUANTITY_MISMATCH"", ""AXGN"": ""QUANTITY_MISMATCH"", ""AXTI"": ""QUANTITY_MISMATCH"", ""BAND"": ""QUANTITY_MISMATCH"", ""BELFB"": ""QUANTITY_MISMATCH"", ""BJRI"": ""QUANTITY_MISMATCH"", ""BRKR"": ""MISSING_INTERNAL"", ""CALY"": ""QUANTITY_MISMATCH"", ""CDNA"": ""QUANTITY_MISMATCH"", ""CENX"": ""QUANTITY_MISMATCH""}"
2026-09-04T10:29:55.840421+00:00,PAPER-2026-09-04-DRYRUN,2026-09-03,CSM001xTSM001,86EA1C067905B9AD1AAE714019057602B454D578361EC3B15B3A6B14569D32A7,FUF001_FREE_US_EQUITY_250_V1,BC7879B3830C7327EB0A5779625A347C06826C47488F64326C7D0B2884CC741D,INCIDENT,reconciliation,POSITION_MISMATCH,Unexpected broker position state.
2026-09-04T10:29:55.841428+00:00,PAPER-2026-09-04-DRYRUN,2026-09-03,CSM001xTSM001,86EA1C067905B9AD1AAE714019057602B454D578361EC3B15B3A6B14569D32A7,FUF001_FREE_US_EQUITY_250_V1,BC7879B3830C7327EB0A5779625A347C06826C47488F64326C7D0B2884CC741D,RECONCILIATION_CHECK,orders,PASS,"{""CSM001xTSM001-2026-09-03-AAOI-BUY-001"": ""INTENT_ONLY"", ""CSM001xTSM001-2026-09-03-ACMR-BUY-002"": ""INTENT_ONLY"", ""CSM001xTSM001-2026-09-03-ACRS-BUY-003"": ""INTENT_ONLY"", ""CSM001xTSM001-2026-09-03-ADEA-BUY-004"": ""INTENT_ONLY"", ""CSM001xTSM001-2026-09-03-AEIS-BUY-005"": ""INTENT_ONLY"", ""CSM001xTSM001-2026-09-03-AMAT-BUY-006"": ""INTENT_ONLY"", ""CSM001xTSM001-2026-09-03-AMD-BUY-007"": ""INTENT_ONLY"", ""CSM001xTSM001-2026-09-03-AMKR-BUY-008"": ""INTENT_ONLY"", ""CSM001xTSM001-2026-09-03-ANAB-BUY-009"": ""INTENT_ONLY"", ""CSM001xTSM001-2026-09-03-ANIK-BUY-010"": ""INTENT_ONLY"", ""CSM001xTSM001-2026-09-03-ANNX-BUY-011"": ""INTENT_ONLY"", ""CSM001xTSM001-2026-09-03-APPS-BUY-012"": ""INTENT_ONLY"", ""CSM001xTSM001-2026-09-03-ARCB-BUY-013"": ""INTENT_ONLY"", ""CSM001xTSM001-2026-09-03-ARWR-BUY-014"": ""INTENT_ONLY"", ""CSM001xTSM001-2026-09-03-ASML-BUY-015"": ""INTENT_ONLY"", ""CSM001xTSM001-2026-09-03-ATEX-BUY-016"": ""INTENT_ONLY"", ""CSM001xTSM001-2026-09-03-ATRO-BUY-017"": ""INTENT_ONLY"", ""CSM001xTSM001-2026-09-03-AXGN-BUY-018"": ""INTENT_ONLY"", ""CSM001xTSM001-2026-09-03-AXTI-BUY-019"": ""INTENT_ONLY"", ""CSM001xTSM001-2026-09-03-BAND-BUY-020"": ""INTENT_ONLY"", ""CSM001xTSM001-2026-09-03-BELFB-BUY-021"": ""INTENT_ONLY"", ""CSM001xTSM001-2026-09-03-BJRI-BUY-022"": ""INTENT_ONLY"", ""CSM001xTSM001-2026-09-03-CALY-BUY-023"": ""INTENT_ONLY"", ""CSM001xTSM001-2026-09-03-CDNA-BUY-024"": ""INTENT_ONLY"", ""CSM001xTSM001-2026-09-03-CENX-BUY-025"": ""INTENT_ONLY""}"
2026-09-04T10:29:55.851424+00:00,PAPER-2026-09-04-DRYRUN,2026-09-03,CSM001xTSM001,86EA1C067905B9AD1AAE714019057602B454D578361EC3B15B3A6B14569D32A7,FUF001_FREE_US_EQUITY_250_V1,BC7879B3830C7327EB0A5779625A347C06826C47488F64326C7D0B2884CC741D,ORDER_INTENTS_CREATED,order_intent,PASS,count=25
2026-09-04T10:29:55.852425+00:00,PAPER-2026-09-04-DRYRUN,2026-09-03,CSM001xTSM001,86EA1C067905B9AD1AAE714019057602B454D578361EC3B15B3A6B14569D32A7,FUF001_FREE_US_EQUITY_250_V1,BC7879B3830C7327EB0A5779625A347C06826C47488F64326C7D0B2884CC741D,RISK_GUARD_CHECK,risk,PASS,
2026-09-04T10:29:55.852425+00:00,PAPER-2026-09-04-DRYRUN,2026-09-03,CSM001xTSM001,86EA1C067905B9AD1AAE714019057602B454D578361EC3B15B3A6B14569D32A7,FUF001_FREE_US_EQUITY_250_V1,BC7879B3830C7327EB0A5779625A347C06826C47488F64326C7D0B2884CC741D,RISK_GUARD_CHECK,buying_power,PASS,required=99407.05;available=261148.32
2026-09-04T10:29:55.852425+00:00,PAPER-2026-09-04-DRYRUN,2026-09-03,CSM001xTSM001,86EA1C067905B9AD1AAE714019057602B454D578361EC3B15B3A6B14569D32A7,FUF001_FREE_US_EQUITY_250_V1,BC7879B3830C7327EB0A5779625A347C06826C47488F64326C7D0B2884CC741D,DRY_RUN_BLOCK,submission_boundary,BLOCKED,BLOCKED_BY_GUARDS
2026-09-04T10:30:24.284080+00:00,PAPER-2026-09-04-DRYRUN,2026-09-04,CSM001xTSM001,86EA1C067905B9AD1AAE714019057602B454D578361EC3B15B3A6B14569D32A7,FUF001_FREE_US_EQUITY_250_V1,BC7879B3830C7327EB0A5779625A347C06826C47488F64326C7D0B2884CC741D,SESSION_CREATED,controller,PASS,Dry-run session created without PAPER_T0.
2026-09-04T10:30:24.302081+00:00,PAPER-2026-09-04-DRYRUN,2026-09-04,CSM001xTSM001,86EA1C067905B9AD1AAE714019057602B454D578361EC3B15B3A6B14569D32A7,FUF001_FREE_US_EQUITY_250_V1,BC7879B3830C7327EB0A5779625A347C06826C47488F64326C7D0B2884CC741D,READINESS_CHECK,universe,PASS,Canonical FUF hash checked.
2026-09-04T10:30:24.303081+00:00,PAPER-2026-09-04-DRYRUN,2026-09-04,CSM001xTSM001,86EA1C067905B9AD1AAE714019057602B454D578361EC3B15B3A6B14569D32A7,FUF001_FREE_US_EQUITY_250_V1,BC7879B3830C7327EB0A5779625A347C06826C47488F64326C7D0B2884CC741D,READINESS_CHECK,strategy,PASS,Frozen strategy hash checked.
2026-09-04T10:32:07.960211+00:00,PAPER-2026-09-04-DRYRUN,2026-09-03,CSM001xTSM001,86EA1C067905B9AD1AAE714019057602B454D578361EC3B15B3A6B14569D32A7,FUF001_FREE_US_EQUITY_250_V1,BC7879B3830C7327EB0A5779625A347C06826C47488F64326C7D0B2884CC741D,IDENTITY_RESOLUTION,identity_resolver,PASS,registry_hash=E77980C024FC6707;resolved_count=250
2026-09-04T10:32:50.374510+00:00,PAPER-2026-09-04-DRYRUN,2026-09-03,CSM001xTSM001,86EA1C067905B9AD1AAE714019057602B454D578361EC3B15B3A6B14569D32A7,FUF001_FREE_US_EQUITY_250_V1,BC7879B3830C7327EB0A5779625A347C06826C47488F64326C7D0B2884CC741D,SCHEDULE_CHECK,calendar,PASS,session=PRE_OPEN
2026-09-04T10:32:50.375510+00:00,PAPER-2026-09-04-DRYRUN,2026-09-03,CSM001xTSM001,86EA1C067905B9AD1AAE714019057602B454D578361EC3B15B3A6B14569D32A7,FUF001_FREE_US_EQUITY_250_V1,BC7879B3830C7327EB0A5779625A347C06826C47488F64326C7D0B2884CC741D,DATA_FRESHNESS_CHECK,alpaca_daily_bars,PASS,fresh=250;stale=0;inactive=0
2026-09-04T10:32:50.375510+00:00,PAPER-2026-09-04-DRYRUN,2026-09-03,CSM001xTSM001,86EA1C067905B9AD1AAE714019057602B454D578361EC3B15B3A6B14569D32A7,FUF001_FREE_US_EQUITY_250_V1,BC7879B3830C7327EB0A5779625A347C06826C47488F64326C7D0B2884CC741D,ELIGIBILITY_CHECK,csm,PASS,eligible_count=250
2026-09-04T10:32:51.682437+00:00,PAPER-2026-09-04-DRYRUN,2026-09-03,CSM001xTSM001,86EA1C067905B9AD1AAE714019057602B454D578361EC3B15B3A6B14569D32A7,FUF001_FREE_US_EQUITY_250_V1,BC7879B3830C7327EB0A5779625A347C06826C47488F64326C7D0B2884CC741D,RECONCILIATION_CHECK,positions,BLOCK,"{""AAOI"": ""MATCH"", ""ACMR"": ""MATCH"", ""ACRS"": ""MATCH"", ""ADEA"": ""MISSING_BROKER"", ""AEIS"": ""MISSING_BROKER"", ""AMAT"": ""MATCH"", ""AMD"": ""MATCH"", ""AMKR"": ""MATCH"", ""AMRX"": ""MISSING_INTERNAL"", ""ANAB"": ""MATCH"", ""ANIK"": ""MATCH"", ""ANNX"": ""MATCH"", ""APPS"": ""MATCH"", ""ARCB"": ""MATCH"", ""ARWR"": ""MATCH"", ""ASML"": ""MATCH"", ""ATEX"": ""MATCH"", ""ATRO"": ""MATCH"", ""AXGN"": ""MATCH"", ""AXTI"": ""MATCH"", ""BAND"": ""MATCH"", ""BELFB"": ""MATCH"", ""BJRI"": ""MATCH"", ""BRKR"": ""MISSING_INTERNAL"", ""CALY"": ""MATCH"", ""CDNA"": ""MATCH"", ""CENX"": ""MATCH""}"
2026-09-04T10:32:51.683447+00:00,PAPER-2026-09-04-DRYRUN,2026-09-03,CSM001xTSM001,86EA1C067905B9AD1AAE714019057602B454D578361EC3B15B3A6B14569D32A7,FUF001_FREE_US_EQUITY_250_V1,BC7879B3830C7327EB0A5779625A347C06826C47488F64326C7D0B2884CC741D,INCIDENT,reconciliation,POSITION_MISMATCH,"Unexpected positions: ['BRKR', 'AMRX']"
2026-09-04T10:32:51.684395+00:00,PAPER-2026-09-04-DRYRUN,2026-09-03,CSM001xTSM001,86EA1C067905B9AD1AAE714019057602B454D578361EC3B15B3A6B14569D32A7,FUF001_FREE_US_EQUITY_250_V1,BC7879B3830C7327EB0A5779625A347C06826C47488F64326C7D0B2884CC741D,RECONCILIATION_CHECK,orders,PASS,"{""CSM001xTSM001-2026-09-03-AAOI-BUY-001"": ""INTENT_ONLY"", ""CSM001xTSM001-2026-09-03-ACMR-BUY-002"": ""INTENT_ONLY"", ""CSM001xTSM001-2026-09-03-ACRS-BUY-003"": ""INTENT_ONLY"", ""CSM001xTSM001-2026-09-03-ADEA-BUY-004"": ""INTENT_ONLY"", ""CSM001xTSM001-2026-09-03-AEIS-BUY-005"": ""INTENT_ONLY"", ""CSM001xTSM001-2026-09-03-AMAT-BUY-006"": ""INTENT_ONLY"", ""CSM001xTSM001-2026-09-03-AMD-BUY-007"": ""INTENT_ONLY"", ""CSM001xTSM001-2026-09-03-AMKR-BUY-008"": ""INTENT_ONLY"", ""CSM001xTSM001-2026-09-03-ANAB-BUY-009"": ""INTENT_ONLY"", ""CSM001xTSM001-2026-09-03-ANIK-BUY-010"": ""INTENT_ONLY"", ""CSM001xTSM001-2026-09-03-ANNX-BUY-011"": ""INTENT_ONLY"", ""CSM001xTSM001-2026-09-03-APPS-BUY-012"": ""INTENT_ONLY"", ""CSM001xTSM001-2026-09-03-ARCB-BUY-013"": ""INTENT_ONLY"", ""CSM001xTSM001-2026-09-03-ARWR-BUY-014"": ""INTENT_ONLY"", ""CSM001xTSM001-2026-09-03-ASML-BUY-015"": ""INTENT_ONLY"", ""CSM001xTSM001-2026-09-03-ATEX-BUY-016"": ""INTENT_ONLY"", ""CSM001xTSM001-2026-09-03-ATRO-BUY-017"": ""INTENT_ONLY"", ""CSM001xTSM001-2026-09-03-AXGN-BUY-018"": ""INTENT_ONLY"", ""CSM001xTSM001-2026-09-03-AXTI-BUY-019"": ""INTENT_ONLY"", ""CSM001xTSM001-2026-09-03-BAND-BUY-020"": ""INTENT_ONLY"", ""CSM001xTSM001-2026-09-03-BELFB-BUY-021"": ""INTENT_ONLY"", ""CSM001xTSM001-2026-09-03-BJRI-BUY-022"": ""INTENT_ONLY"", ""CSM001xTSM001-2026-09-03-CALY-BUY-023"": ""INTENT_ONLY"", ""CSM001xTSM001-2026-09-03-CDNA-BUY-024"": ""INTENT_ONLY"", ""CSM001xTSM001-2026-09-03-CENX-BUY-025"": ""INTENT_ONLY""}"
2026-09-04T10:32:51.694395+00:00,PAPER-2026-09-04-DRYRUN,2026-09-03,CSM001xTSM001,86EA1C067905B9AD1AAE714019057602B454D578361EC3B15B3A6B14569D32A7,FUF001_FREE_US_EQUITY_250_V1,BC7879B3830C7327EB0A5779625A347C06826C47488F64326C7D0B2884CC741D,ORDER_INTENTS_CREATED,order_intent,PASS,count=25
2026-09-04T10:32:51.694395+00:00,PAPER-2026-09-04-DRYRUN,2026-09-03,CSM001xTSM001,86EA1C067905B9AD1AAE714019057602B454D578361EC3B15B3A6B14569D32A7,FUF001_FREE_US_EQUITY_250_V1,BC7879B3830C7327EB0A5779625A347C06826C47488F64326C7D0B2884CC741D,RISK_GUARD_CHECK,risk,PASS,
2026-09-04T10:32:51.694395+00:00,PAPER-2026-09-04-DRYRUN,2026-09-03,CSM001xTSM001,86EA1C067905B9AD1AAE714019057602B454D578361EC3B15B3A6B14569D32A7,FUF001_FREE_US_EQUITY_250_V1,BC7879B3830C7327EB0A5779625A347C06826C47488F64326C7D0B2884CC741D,RISK_GUARD_CHECK,buying_power,PASS,required=99404.69;available=261141.72
2026-09-04T10:32:51.695395+00:00,PAPER-2026-09-04-DRYRUN,2026-09-03,CSM001xTSM001,86EA1C067905B9AD1AAE714019057602B454D578361EC3B15B3A6B14569D32A7,FUF001_FREE_US_EQUITY_250_V1,BC7879B3830C7327EB0A5779625A347C06826C47488F64326C7D0B2884CC741D,DRY_RUN_BLOCK,submission_boundary,BLOCKED,BLOCKED_BY_GUARDS
2026-09-04T10:35:53.354338+00:00,PAPER-2026-09-04-DRYRUN,2026-09-04,CSM001xTSM001,86EA1C067905B9AD1AAE714019057602B454D578361EC3B15B3A6B14569D32A7,FUF001_FREE_US_EQUITY_250_V1,BC7879B3830C7327EB0A5779625A347C06826C47488F64326C7D0B2884CC741D,SESSION_CREATED,controller,PASS,Dry-run session created without PAPER_T0.
2026-09-04T10:35:53.374385+00:00,PAPER-2026-09-04-DRYRUN,2026-09-04,CSM001xTSM001,86EA1C067905B9AD1AAE714019057602B454D578361EC3B15B3A6B14569D32A7,FUF001_FREE_US_EQUITY_250_V1,BC7879B3830C7327EB0A5779625A347C06826C47488F64326C7D0B2884CC741D,READINESS_CHECK,universe,PASS,Canonical FUF hash checked.
2026-09-04T10:35:53.374385+00:00,PAPER-2026-09-04-DRYRUN,2026-09-04,CSM001xTSM001,86EA1C067905B9AD1AAE714019057602B454D578361EC3B15B3A6B14569D32A7,FUF001_FREE_US_EQUITY_250_V1,BC7879B3830C7327EB0A5779625A347C06826C47488F64326C7D0B2884CC741D,READINESS_CHECK,strategy,PASS,Frozen strategy hash checked.
2026-09-04T10:37:36.083624+00:00,PAPER-2026-09-04-DRYRUN,2026-08-31,CSM001xTSM001,86EA1C067905B9AD1AAE714019057602B454D578361EC3B15B3A6B14569D32A7,FUF001_FREE_US_EQUITY_250_V1,BC7879B3830C7327EB0A5779625A347C06826C47488F64326C7D0B2884CC741D,IDENTITY_RESOLUTION,identity_resolver,PASS,registry_hash=E77980C024FC6707;resolved_count=250
2026-09-04T10:38:17.149684+00:00,PAPER-2026-09-04-DRYRUN,2026-08-31,CSM001xTSM001,86EA1C067905B9AD1AAE714019057602B454D578361EC3B15B3A6B14569D32A7,FUF001_FREE_US_EQUITY_250_V1,BC7879B3830C7327EB0A5779625A347C06826C47488F64326C7D0B2884CC741D,SCHEDULE_CHECK,calendar,PASS,session=PRE_OPEN
2026-09-04T10:38:17.149684+00:00,PAPER-2026-09-04-DRYRUN,2026-08-31,CSM001xTSM001,86EA1C067905B9AD1AAE714019057602B454D578361EC3B15B3A6B14569D32A7,FUF001_FREE_US_EQUITY_250_V1,BC7879B3830C7327EB0A5779625A347C06826C47488F64326C7D0B2884CC741D,DATA_FRESHNESS_CHECK,alpaca_daily_bars,PASS,fresh=250;stale=0;inactive=0
2026-09-04T10:38:17.150692+00:00,PAPER-2026-09-04-DRYRUN,2026-08-31,CSM001xTSM001,86EA1C067905B9AD1AAE714019057602B454D578361EC3B15B3A6B14569D32A7,FUF001_FREE_US_EQUITY_250_V1,BC7879B3830C7327EB0A5779625A347C06826C47488F64326C7D0B2884CC741D,ELIGIBILITY_CHECK,csm,PASS,eligible_count=249
2026-09-04T10:38:18.542615+00:00,PAPER-2026-09-04-DRYRUN,2026-08-31,CSM001xTSM001,86EA1C067905B9AD1AAE714019057602B454D578361EC3B15B3A6B14569D32A7,FUF001_FREE_US_EQUITY_250_V1,BC7879B3830C7327EB0A5779625A347C06826C47488F64326C7D0B2884CC741D,RECONCILIATION_CHECK,positions,PASS,"{""AAOI"": ""MATCH"", ""ACMR"": ""MATCH"", ""ACRS"": ""MATCH"", ""AMAT"": ""MATCH"", ""AMD"": ""MATCH"", ""AMKR"": ""MATCH"", ""AMRX"": ""MATCH"", ""ANAB"": ""MATCH"", ""ANIK"": ""MATCH"", ""ANNX"": ""MATCH"", ""APPS"": ""MATCH"", ""ARCB"": ""MATCH"", ""ARWR"": ""MATCH"", ""ASML"": ""MATCH"", ""ATEX"": ""MATCH"", ""ATRO"": ""MATCH"", ""AXGN"": ""MATCH"", ""AXTI"": ""MATCH"", ""BAND"": ""MATCH"", ""BELFB"": ""MATCH"", ""BJRI"": ""MATCH"", ""BRKR"": ""MATCH"", ""CALY"": ""MATCH"", ""CDNA"": ""MATCH"", ""CENX"": ""MATCH""}"
2026-09-04T10:38:18.542615+00:00,PAPER-2026-09-04-DRYRUN,2026-08-31,CSM001xTSM001,86EA1C067905B9AD1AAE714019057602B454D578361EC3B15B3A6B14569D32A7,FUF001_FREE_US_EQUITY_250_V1,BC7879B3830C7327EB0A5779625A347C06826C47488F64326C7D0B2884CC741D,RECONCILIATION_CHECK,orders,PASS,"{""CSM001xTSM001-2026-08-31-AAOI-BUY-001"": ""INTENT_ONLY"", ""CSM001xTSM001-2026-08-31-ACMR-BUY-002"": ""INTENT_ONLY"", ""CSM001xTSM001-2026-08-31-ACRS-BUY-003"": ""INTENT_ONLY"", ""CSM001xTSM001-2026-08-31-AMAT-BUY-004"": ""INTENT_ONLY"", ""CSM001xTSM001-2026-08-31-AMD-BUY-005"": ""INTENT_ONLY"", ""CSM001xTSM001-2026-08-31-AMKR-BUY-006"": ""INTENT_ONLY"", ""CSM001xTSM001-2026-08-31-AMRX-BUY-007"": ""INTENT_ONLY"", ""CSM001xTSM001-2026-08-31-ANAB-BUY-008"": ""INTENT_ONLY"", ""CSM001xTSM001-2026-08-31-ANIK-BUY-009"": ""INTENT_ONLY"", ""CSM001xTSM001-2026-08-31-ANNX-BUY-010"": ""INTENT_ONLY"", ""CSM001xTSM001-2026-08-31-APPS-BUY-011"": ""INTENT_ONLY"", ""CSM001xTSM001-2026-08-31-ARCB-BUY-012"": ""INTENT_ONLY"", ""CSM001xTSM001-2026-08-31-ARWR-BUY-013"": ""INTENT_ONLY"", ""CSM001xTSM001-2026-08-31-ASML-BUY-014"": ""INTENT_ONLY"", ""CSM001xTSM001-2026-08-31-ATEX-BUY-015"": ""INTENT_ONLY"", ""CSM001xTSM001-2026-08-31-ATRO-BUY-016"": ""INTENT_ONLY"", ""CSM001xTSM001-2026-08-31-AXGN-BUY-017"": ""INTENT_ONLY"", ""CSM001xTSM001-2026-08-31-AXTI-BUY-018"": ""INTENT_ONLY"", ""CSM001xTSM001-2026-08-31-BAND-BUY-019"": ""INTENT_ONLY"", ""CSM001xTSM001-2026-08-31-BELFB-BUY-020"": ""INTENT_ONLY"", ""CSM001xTSM001-2026-08-31-BJRI-BUY-021"": ""INTENT_ONLY"", ""CSM001xTSM001-2026-08-31-BRKR-BUY-022"": ""INTENT_ONLY"", ""CSM001xTSM001-2026-08-31-CALY-BUY-023"": ""INTENT_ONLY"", ""CSM001xTSM001-2026-08-31-CDNA-BUY-024"": ""INTENT_ONLY"", ""CSM001xTSM001-2026-08-31-CENX-BUY-025"": ""INTENT_ONLY""}"
2026-09-04T10:38:18.553615+00:00,PAPER-2026-09-04-DRYRUN,2026-08-31,CSM001xTSM001,86EA1C067905B9AD1AAE714019057602B454D578361EC3B15B3A6B14569D32A7,FUF001_FREE_US_EQUITY_250_V1,BC7879B3830C7327EB0A5779625A347C06826C47488F64326C7D0B2884CC741D,ORDER_INTENTS_CREATED,order_intent,PASS,count=25
2026-09-04T10:38:18.553615+00:00,PAPER-2026-09-04-DRYRUN,2026-08-31,CSM001xTSM001,86EA1C067905B9AD1AAE714019057602B454D578361EC3B15B3A6B14569D32A7,FUF001_FREE_US_EQUITY_250_V1,BC7879B3830C7327EB0A5779625A347C06826C47488F64326C7D0B2884CC741D,RISK_GUARD_CHECK,risk,PASS,
2026-09-04T10:38:18.553615+00:00,PAPER-2026-09-04-DRYRUN,2026-08-31,CSM001xTSM001,86EA1C067905B9AD1AAE714019057602B454D578361EC3B15B3A6B14569D32A7,FUF001_FREE_US_EQUITY_250_V1,BC7879B3830C7327EB0A5779625A347C06826C47488F64326C7D0B2884CC741D,RISK_GUARD_CHECK,buying_power,PASS,required=99409.24;available=261154.45
2026-09-04T10:38:18.554613+00:00,PAPER-2026-09-04-DRYRUN,2026-08-31,CSM001xTSM001,86EA1C067905B9AD1AAE714019057602B454D578361EC3B15B3A6B14569D32A7,FUF001_FREE_US_EQUITY_250_V1,BC7879B3830C7327EB0A5779625A347C06826C47488F64326C7D0B2884CC741D,DRY_RUN_BLOCK,submission_boundary,BLOCKED,DRY_RUN_BLOCK_EXECUTION_FLAGS_FALSE
2026-09-04T10:38:44.951025+00:00,PAPER-2026-09-04-DRYRUN,2026-09-04,CSM001xTSM001,86EA1C067905B9AD1AAE714019057602B454D578361EC3B15B3A6B14569D32A7,FUF001_FREE_US_EQUITY_250_V1,BC7879B3830C7327EB0A5779625A347C06826C47488F64326C7D0B2884CC741D,SESSION_CREATED,controller,PASS,Dry-run session created without PAPER_T0.
2026-09-04T10:38:44.974051+00:00,PAPER-2026-09-04-DRYRUN,2026-09-04,CSM001xTSM001,86EA1C067905B9AD1AAE714019057602B454D578361EC3B15B3A6B14569D32A7,FUF001_FREE_US_EQUITY_250_V1,BC7879B3830C7327EB0A5779625A347C06826C47488F64326C7D0B2884CC741D,READINESS_CHECK,universe,PASS,Canonical FUF hash checked.
2026-09-04T10:38:44.974051+00:00,PAPER-2026-09-04-DRYRUN,2026-09-04,CSM001xTSM001,86EA1C067905B9AD1AAE714019057602B454D578361EC3B15B3A6B14569D32A7,FUF001_FREE_US_EQUITY_250_V1,BC7879B3830C7327EB0A5779625A347C06826C47488F64326C7D0B2884CC741D,READINESS_CHECK,strategy,PASS,Frozen strategy hash checked.
2026-09-04T10:40:26.121993+00:00,PAPER-2026-09-04-DRYRUN,2026-08-31,CSM001xTSM001,86EA1C067905B9AD1AAE714019057602B454D578361EC3B15B3A6B14569D32A7,FUF001_FREE_US_EQUITY_250_V1,BC7879B3830C7327EB0A5779625A347C06826C47488F64326C7D0B2884CC741D,IDENTITY_RESOLUTION,identity_resolver,PASS,registry_hash=E77980C024FC6707;resolved_count=250
2026-09-04T10:41:08.110030+00:00,PAPER-2026-09-04-DRYRUN,2026-08-31,CSM001xTSM001,86EA1C067905B9AD1AAE714019057602B454D578361EC3B15B3A6B14569D32A7,FUF001_FREE_US_EQUITY_250_V1,BC7879B3830C7327EB0A5779625A347C06826C47488F64326C7D0B2884CC741D,SCHEDULE_CHECK,calendar,PASS,session=PRE_OPEN
2026-09-04T10:41:08.110030+00:00,PAPER-2026-09-04-DRYRUN,2026-08-31,CSM001xTSM001,86EA1C067905B9AD1AAE714019057602B454D578361EC3B15B3A6B14569D32A7,FUF001_FREE_US_EQUITY_250_V1,BC7879B3830C7327EB0A5779625A347C06826C47488F64326C7D0B2884CC741D,DATA_FRESHNESS_CHECK,alpaca_daily_bars,PASS,fresh=250;stale=0;inactive=0
2026-09-04T10:41:08.110994+00:00,PAPER-2026-09-04-DRYRUN,2026-08-31,CSM001xTSM001,86EA1C067905B9AD1AAE714019057602B454D578361EC3B15B3A6B14569D32A7,FUF001_FREE_US_EQUITY_250_V1,BC7879B3830C7327EB0A5779625A347C06826C47488F64326C7D0B2884CC741D,ELIGIBILITY_CHECK,csm,PASS,eligible_count=249
2026-09-04T10:41:09.447916+00:00,PAPER-2026-09-04-DRYRUN,2026-08-31,CSM001xTSM001,86EA1C067905B9AD1AAE714019057602B454D578361EC3B15B3A6B14569D32A7,FUF001_FREE_US_EQUITY_250_V1,BC7879B3830C7327EB0A5779625A347C06826C47488F64326C7D0B2884CC741D,RECONCILIATION_CHECK,positions,PASS,"{""AAOI"": ""MATCH"", ""ACMR"": ""MATCH"", ""ACRS"": ""MATCH"", ""AMAT"": ""MATCH"", ""AMD"": ""MATCH"", ""AMKR"": ""MATCH"", ""AMRX"": ""MATCH"", ""ANAB"": ""MATCH"", ""ANIK"": ""MATCH"", ""ANNX"": ""MATCH"", ""APPS"": ""MATCH"", ""ARCB"": ""MATCH"", ""ARWR"": ""MATCH"", ""ASML"": ""MATCH"", ""ATEX"": ""MATCH"", ""ATRO"": ""MATCH"", ""AXGN"": ""MATCH"", ""AXTI"": ""MATCH"", ""BAND"": ""MATCH"", ""BELFB"": ""MATCH"", ""BJRI"": ""MATCH"", ""BRKR"": ""MATCH"", ""CALY"": ""MATCH"", ""CDNA"": ""MATCH"", ""CENX"": ""MATCH""}"
2026-09-04T10:41:09.448917+00:00,PAPER-2026-09-04-DRYRUN,2026-08-31,CSM001xTSM001,86EA1C067905B9AD1AAE714019057602B454D578361EC3B15B3A6B14569D32A7,FUF001_FREE_US_EQUITY_250_V1,BC7879B3830C7327EB0A5779625A347C06826C47488F64326C7D0B2884CC741D,RECONCILIATION_CHECK,orders,PASS,"{""CSM001xTSM001-2026-08-31-AAOI-BUY-001"": ""INTENT_ONLY"", ""CSM001xTSM001-2026-08-31-ACMR-BUY-002"": ""INTENT_ONLY"", ""CSM001xTSM001-2026-08-31-ACRS-BUY-003"": ""INTENT_ONLY"", ""CSM001xTSM001-2026-08-31-AMAT-BUY-004"": ""INTENT_ONLY"", ""CSM001xTSM001-2026-08-31-AMD-BUY-005"": ""INTENT_ONLY"", ""CSM001xTSM001-2026-08-31-AMKR-BUY-006"": ""INTENT_ONLY"", ""CSM001xTSM001-2026-08-31-AMRX-BUY-007"": ""INTENT_ONLY"", ""CSM001xTSM001-2026-08-31-ANAB-BUY-008"": ""INTENT_ONLY"", ""CSM001xTSM001-2026-08-31-ANIK-BUY-009"": ""INTENT_ONLY"", ""CSM001xTSM001-2026-08-31-ANNX-BUY-010"": ""INTENT_ONLY"", ""CSM001xTSM001-2026-08-31-APPS-BUY-011"": ""INTENT_ONLY"", ""CSM001xTSM001-2026-08-31-ARCB-BUY-012"": ""INTENT_ONLY"", ""CSM001xTSM001-2026-08-31-ARWR-BUY-013"": ""INTENT_ONLY"", ""CSM001xTSM001-2026-08-31-ASML-BUY-014"": ""INTENT_ONLY"", ""CSM001xTSM001-2026-08-31-ATEX-BUY-015"": ""INTENT_ONLY"", ""CSM001xTSM001-2026-08-31-ATRO-BUY-016"": ""INTENT_ONLY"", ""CSM001xTSM001-2026-08-31-AXGN-BUY-017"": ""INTENT_ONLY"", ""CSM001xTSM001-2026-08-31-AXTI-BUY-018"": ""INTENT_ONLY"", ""CSM001xTSM001-2026-08-31-BAND-BUY-019"": ""INTENT_ONLY"", ""CSM001xTSM001-2026-08-31-BELFB-BUY-020"": ""INTENT_ONLY"", ""CSM001xTSM001-2026-08-31-BJRI-BUY-021"": ""INTENT_ONLY"", ""CSM001xTSM001-2026-08-31-BRKR-BUY-022"": ""INTENT_ONLY"", ""CSM001xTSM001-2026-08-31-CALY-BUY-023"": ""INTENT_ONLY"", ""CSM001xTSM001-2026-08-31-CDNA-BUY-024"": ""INTENT_ONLY"", ""CSM001xTSM001-2026-08-31-CENX-BUY-025"": ""INTENT_ONLY""}"
2026-09-04T10:41:09.458929+00:00,PAPER-2026-09-04-DRYRUN,2026-08-31,CSM001xTSM001,86EA1C067905B9AD1AAE714019057602B454D578361EC3B15B3A6B14569D32A7,FUF001_FREE_US_EQUITY_250_V1,BC7879B3830C7327EB0A5779625A347C06826C47488F64326C7D0B2884CC741D,ORDER_INTENTS_CREATED,order_intent,PASS,count=25
2026-09-04T10:41:09.458929+00:00,PAPER-2026-09-04-DRYRUN,2026-08-31,CSM001xTSM001,86EA1C067905B9AD1AAE714019057602B454D578361EC3B15B3A6B14569D32A7,FUF001_FREE_US_EQUITY_250_V1,BC7879B3830C7327EB0A5779625A347C06826C47488F64326C7D0B2884CC741D,RISK_GUARD_CHECK,risk,PASS,
2026-09-04T10:41:09.458929+00:00,PAPER-2026-09-04-DRYRUN,2026-08-31,CSM001xTSM001,86EA1C067905B9AD1AAE714019057602B454D578361EC3B15B3A6B14569D32A7,FUF001_FREE_US_EQUITY_250_V1,BC7879B3830C7327EB0A5779625A347C06826C47488F64326C7D0B2884CC741D,RISK_GUARD_CHECK,buying_power,PASS,required=99399.02;available=261125.85
2026-09-04T10:41:09.459916+00:00,PAPER-2026-09-04-DRYRUN,2026-08-31,CSM001xTSM001,86EA1C067905B9AD1AAE714019057602B454D578361EC3B15B3A6B14569D32A7,FUF001_FREE_US_EQUITY_250_V1,BC7879B3830C7327EB0A5779625A347C06826C47488F64326C7D0B2884CC741D,DRY_RUN_BLOCK,submission_boundary,BLOCKED,DRY_RUN_BLOCK_EXECUTION_FLAGS_FALSE
2026-09-04T10:41:18.074804+00:00,PAPER-2026-09-04-DRYRUN,2026-09-04,CSM001xTSM001,86EA1C067905B9AD1AAE714019057602B454D578361EC3B15B3A6B14569D32A7,FUF001_FREE_US_EQUITY_250_V1,BC7879B3830C7327EB0A5779625A347C06826C47488F64326C7D0B2884CC741D,SESSION_CREATED,controller,PASS,Dry-run session created without PAPER_T0.
2026-09-04T10:41:18.093350+00:00,PAPER-2026-09-04-DRYRUN,2026-09-04,CSM001xTSM001,86EA1C067905B9AD1AAE714019057602B454D578361EC3B15B3A6B14569D32A7,FUF001_FREE_US_EQUITY_250_V1,BC7879B3830C7327EB0A5779625A347C06826C47488F64326C7D0B2884CC741D,READINESS_CHECK,universe,PASS,Canonical FUF hash checked.
2026-09-04T10:41:18.093350+00:00,PAPER-2026-09-04-DRYRUN,2026-09-04,CSM001xTSM001,86EA1C067905B9AD1AAE714019057602B454D578361EC3B15B3A6B14569D32A7,FUF001_FREE_US_EQUITY_250_V1,BC7879B3830C7327EB0A5779625A347C06826C47488F64326C7D0B2884CC741D,READINESS_CHECK,strategy,PASS,Frozen strategy hash checked.
2026-09-04T10:42:58.696504+00:00,PAPER-2026-09-04-DRYRUN,2026-08-31,CSM001xTSM001,86EA1C067905B9AD1AAE714019057602B454D578361EC3B15B3A6B14569D32A7,FUF001_FREE_US_EQUITY_250_V1,BC7879B3830C7327EB0A5779625A347C06826C47488F64326C7D0B2884CC741D,IDENTITY_RESOLUTION,identity_resolver,PASS,registry_hash=E77980C024FC6707;resolved_count=250
2026-09-04T10:43:41.097024+00:00,PAPER-2026-09-04-DRYRUN,2026-08-31,CSM001xTSM001,86EA1C067905B9AD1AAE714019057602B454D578361EC3B15B3A6B14569D32A7,FUF001_FREE_US_EQUITY_250_V1,BC7879B3830C7327EB0A5779625A347C06826C47488F64326C7D0B2884CC741D,SCHEDULE_CHECK,calendar,PASS,session=PRE_OPEN
2026-09-04T10:43:41.097024+00:00,PAPER-2026-09-04-DRYRUN,2026-08-31,CSM001xTSM001,86EA1C067905B9AD1AAE714019057602B454D578361EC3B15B3A6B14569D32A7,FUF001_FREE_US_EQUITY_250_V1,BC7879B3830C7327EB0A5779625A347C06826C47488F64326C7D0B2884CC741D,DATA_FRESHNESS_CHECK,alpaca_daily_bars,PASS,fresh=250;stale=0;inactive=0
2026-09-04T10:43:41.098027+00:00,PAPER-2026-09-04-DRYRUN,2026-08-31,CSM001xTSM001,86EA1C067905B9AD1AAE714019057602B454D578361EC3B15B3A6B14569D32A7,FUF001_FREE_US_EQUITY_250_V1,BC7879B3830C7327EB0A5779625A347C06826C47488F64326C7D0B2884CC741D,ELIGIBILITY_CHECK,csm,PASS,eligible_count=249
2026-09-04T10:43:42.438496+00:00,PAPER-2026-09-04-DRYRUN,2026-08-31,CSM001xTSM001,86EA1C067905B9AD1AAE714019057602B454D578361EC3B15B3A6B14569D32A7,FUF001_FREE_US_EQUITY_250_V1,BC7879B3830C7327EB0A5779625A347C06826C47488F64326C7D0B2884CC741D,RECONCILIATION_CHECK,positions,PASS,"{""AAOI"": ""MATCH"", ""ACMR"": ""MATCH"", ""ACRS"": ""MATCH"", ""AMAT"": ""MATCH"", ""AMD"": ""MATCH"", ""AMKR"": ""MATCH"", ""AMRX"": ""MATCH"", ""ANAB"": ""MATCH"", ""ANIK"": ""MATCH"", ""ANNX"": ""MATCH"", ""APPS"": ""MATCH"", ""ARCB"": ""MATCH"", ""ARWR"": ""MATCH"", ""ASML"": ""MATCH"", ""ATEX"": ""MATCH"", ""ATRO"": ""MATCH"", ""AXGN"": ""MATCH"", ""AXTI"": ""MATCH"", ""BAND"": ""MATCH"", ""BELFB"": ""MATCH"", ""BJRI"": ""MATCH"", ""BRKR"": ""MATCH"", ""CALY"": ""MATCH"", ""CDNA"": ""MATCH"", ""CENX"": ""MATCH""}"
2026-09-04T10:43:42.439495+00:00,PAPER-2026-09-04-DRYRUN,2026-08-31,CSM001xTSM001,86EA1C067905B9AD1AAE714019057602B454D578361EC3B15B3A6B14569D32A7,FUF001_FREE_US_EQUITY_250_V1,BC7879B3830C7327EB0A5779625A347C06826C47488F64326C7D0B2884CC741D,RECONCILIATION_CHECK,orders,PASS,"{""CSM001xTSM001-2026-08-31-AAOI-BUY-001"": ""INTENT_ONLY"", ""CSM001xTSM001-2026-08-31-ACMR-BUY-002"": ""INTENT_ONLY"", ""CSM001xTSM001-2026-08-31-ACRS-BUY-003"": ""INTENT_ONLY"", ""CSM001xTSM001-2026-08-31-AMAT-BUY-004"": ""INTENT_ONLY"", ""CSM001xTSM001-2026-08-31-AMD-BUY-005"": ""INTENT_ONLY"", ""CSM001xTSM001-2026-08-31-AMKR-BUY-006"": ""INTENT_ONLY"", ""CSM001xTSM001-2026-08-31-AMRX-BUY-007"": ""INTENT_ONLY"", ""CSM001xTSM001-2026-08-31-ANAB-BUY-008"": ""INTENT_ONLY"", ""CSM001xTSM001-2026-08-31-ANIK-BUY-009"": ""INTENT_ONLY"", ""CSM001xTSM001-2026-08-31-ANNX-BUY-010"": ""INTENT_ONLY"", ""CSM001xTSM001-2026-08-31-APPS-BUY-011"": ""INTENT_ONLY"", ""CSM001xTSM001-2026-08-31-ARCB-BUY-012"": ""INTENT_ONLY"", ""CSM001xTSM001-2026-08-31-ARWR-BUY-013"": ""INTENT_ONLY"", ""CSM001xTSM001-2026-08-31-ASML-BUY-014"": ""INTENT_ONLY"", ""CSM001xTSM001-2026-08-31-ATEX-BUY-015"": ""INTENT_ONLY"", ""CSM001xTSM001-2026-08-31-ATRO-BUY-016"": ""INTENT_ONLY"", ""CSM001xTSM001-2026-08-31-AXGN-BUY-017"": ""INTENT_ONLY"", ""CSM001xTSM001-2026-08-31-AXTI-BUY-018"": ""INTENT_ONLY"", ""CSM001xTSM001-2026-08-31-BAND-BUY-019"": ""INTENT_ONLY"", ""CSM001xTSM001-2026-08-31-BELFB-BUY-020"": ""INTENT_ONLY"", ""CSM001xTSM001-2026-08-31-BJRI-BUY-021"": ""INTENT_ONLY"", ""CSM001xTSM001-2026-08-31-BRKR-BUY-022"": ""INTENT_ONLY"", ""CSM001xTSM001-2026-08-31-CALY-BUY-023"": ""INTENT_ONLY"", ""CSM001xTSM001-2026-08-31-CDNA-BUY-024"": ""INTENT_ONLY"", ""CSM001xTSM001-2026-08-31-CENX-BUY-025"": ""INTENT_ONLY""}"
2026-09-04T10:43:42.449483+00:00,PAPER-2026-09-04-DRYRUN,2026-08-31,CSM001xTSM001,86EA1C067905B9AD1AAE714019057602B454D578361EC3B15B3A6B14569D32A7,FUF001_FREE_US_EQUITY_250_V1,BC7879B3830C7327EB0A5779625A347C06826C47488F64326C7D0B2884CC741D,ORDER_INTENTS_CREATED,order_intent,PASS,count=25
2026-09-04T10:43:42.449483+00:00,PAPER-2026-09-04-DRYRUN,2026-08-31,CSM001xTSM001,86EA1C067905B9AD1AAE714019057602B454D578361EC3B15B3A6B14569D32A7,FUF001_FREE_US_EQUITY_250_V1,BC7879B3830C7327EB0A5779625A347C06826C47488F64326C7D0B2884CC741D,RISK_GUARD_CHECK,risk,PASS,
2026-09-04T10:43:42.450483+00:00,PAPER-2026-09-04-DRYRUN,2026-08-31,CSM001xTSM001,86EA1C067905B9AD1AAE714019057602B454D578361EC3B15B3A6B14569D32A7,FUF001_FREE_US_EQUITY_250_V1,BC7879B3830C7327EB0A5779625A347C06826C47488F64326C7D0B2884CC741D,RISK_GUARD_CHECK,buying_power,PASS,required=99406.74;available=261147.44
2026-09-04T10:43:42.450483+00:00,PAPER-2026-09-04-DRYRUN,2026-08-31,CSM001xTSM001,86EA1C067905B9AD1AAE714019057602B454D578361EC3B15B3A6B14569D32A7,FUF001_FREE_US_EQUITY_250_V1,BC7879B3830C7327EB0A5779625A347C06826C47488F64326C7D0B2884CC741D,DRY_RUN_BLOCK,submission_boundary,BLOCKED,DRY_RUN_BLOCK_EXECUTION_FLAGS_FALSE
2026-09-04T10:43:55.703284+00:00,PAPER-2026-08-25-DRYRUN,2026-09-04,CSM001xTSM001,86EA1C067905B9AD1AAE714019057602B454D578361EC3B15B3A6B14569D32A7,FUF001_FREE_US_EQUITY_250_V1,BC7879B3830C7327EB0A5779625A347C06826C47488F64326C7D0B2884CC741D,SESSION_CREATED,controller,PASS,Dry-run session created without PAPER_T0.
2026-09-04T10:43:55.722769+00:00,PAPER-2026-08-25-DRYRUN,2026-09-04,CSM001xTSM001,86EA1C067905B9AD1AAE714019057602B454D578361EC3B15B3A6B14569D32A7,FUF001_FREE_US_EQUITY_250_V1,BC7879B3830C7327EB0A5779625A347C06826C47488F64326C7D0B2884CC741D,READINESS_CHECK,universe,PASS,Canonical FUF hash checked.
2026-09-04T10:43:55.723742+00:00,PAPER-2026-08-25-DRYRUN,2026-09-04,CSM001xTSM001,86EA1C067905B9AD1AAE714019057602B454D578361EC3B15B3A6B14569D32A7,FUF001_FREE_US_EQUITY_250_V1,BC7879B3830C7327EB0A5779625A347C06826C47488F64326C7D0B2884CC741D,READINESS_CHECK,strategy,PASS,Frozen strategy hash checked.
2026-09-04T10:45:35.999638+00:00,PAPER-2026-08-25-DRYRUN,2026-07-31,CSM001xTSM001,86EA1C067905B9AD1AAE714019057602B454D578361EC3B15B3A6B14569D32A7,FUF001_FREE_US_EQUITY_250_V1,BC7879B3830C7327EB0A5779625A347C06826C47488F64326C7D0B2884CC741D,IDENTITY_RESOLUTION,identity_resolver,PASS,registry_hash=E77980C024FC6707;resolved_count=250
2026-09-04T10:46:20.118691+00:00,PAPER-2026-08-25-DRYRUN,2026-07-31,CSM001xTSM001,86EA1C067905B9AD1AAE714019057602B454D578361EC3B15B3A6B14569D32A7,FUF001_FREE_US_EQUITY_250_V1,BC7879B3830C7327EB0A5779625A347C06826C47488F64326C7D0B2884CC741D,SCHEDULE_CHECK,calendar,PASS,session=MARKET_OPEN
2026-09-04T10:46:20.118691+00:00,PAPER-2026-08-25-DRYRUN,2026-07-31,CSM001xTSM001,86EA1C067905B9AD1AAE714019057602B454D578361EC3B15B3A6B14569D32A7,FUF001_FREE_US_EQUITY_250_V1,BC7879B3830C7327EB0A5779625A347C06826C47488F64326C7D0B2884CC741D,DATA_FRESHNESS_CHECK,alpaca_daily_bars,PASS,fresh=250;stale=0;inactive=0
2026-09-04T10:46:20.118691+00:00,PAPER-2026-08-25-DRYRUN,2026-07-31,CSM001xTSM001,86EA1C067905B9AD1AAE714019057602B454D578361EC3B15B3A6B14569D32A7,FUF001_FREE_US_EQUITY_250_V1,BC7879B3830C7327EB0A5779625A347C06826C47488F64326C7D0B2884CC741D,ELIGIBILITY_CHECK,csm,PASS,eligible_count=249
2026-09-04T10:46:21.498732+00:00,PAPER-2026-08-25-DRYRUN,2026-07-31,CSM001xTSM001,86EA1C067905B9AD1AAE714019057602B454D578361EC3B15B3A6B14569D32A7,FUF001_FREE_US_EQUITY_250_V1,BC7879B3830C7327EB0A5779625A347C06826C47488F64326C7D0B2884CC741D,RECONCILIATION_CHECK,positions,BLOCK,"{""AAOI"": ""MATCH"", ""ACLS"": ""MISSING_BROKER"", ""ACMR"": ""MATCH"", ""ACRS"": ""MATCH"", ""ADEA"": ""MISSING_BROKER"", ""ADPT"": ""MISSING_BROKER"", ""AEIS"": ""MISSING_BROKER"", ""ALGT"": ""MISSING_BROKER"", ""ALXO"": ""MISSING_BROKER"", ""AMAT"": ""MATCH"", ""AMD"": ""MATCH"", ""AMKR"": ""MATCH"", ""AMRX"": ""MISSING_INTERNAL"", ""ANAB"": ""MATCH"", ""ANIK"": ""MISSING_INTERNAL"", ""ANNX"": ""MISSING_INTERNAL"", ""APPS"": ""MATCH"", ""ARCB"": ""MISSING_INTERNAL"", ""ARWR"": ""MATCH"", ""ASML"": ""MATCH"", ""ATEX"": ""MATCH"", ""ATRO"": ""MATCH"", ""AXGN"": ""MATCH"", ""AXSM"": ""MISSING_BROKER"", ""AXTI"": ""MATCH"", ""BAND"": ""MATCH"", ""BELFB"": ""MATCH"", ""BJRI"": ""MISSING_INTERNAL"", ""BRKR"": ""MISSING_INTERNAL"", ""CALY"": ""MISSING_INTERNAL"", ""CDNA"": ""MATCH"", ""CENX"": ""MISSING_INTERNAL"", ""CERS"": ""MISSING_BROKER""}"
2026-09-04T10:46:21.499741+00:00,PAPER-2026-08-25-DRYRUN,2026-07-31,CSM001xTSM001,86EA1C067905B9AD1AAE714019057602B454D578361EC3B15B3A6B14569D32A7,FUF001_FREE_US_EQUITY_250_V1,BC7879B3830C7327EB0A5779625A347C06826C47488F64326C7D0B2884CC741D,INCIDENT,reconciliation,POSITION_MISMATCH,"Unexpected positions: ['CENX', 'ARCB', 'ANIK', 'AMRX', 'CALY', 'ANNX', 'BRKR', 'BJRI']"
2026-09-04T10:46:21.501775+00:00,PAPER-2026-08-25-DRYRUN,2026-07-31,CSM001xTSM001,86EA1C067905B9AD1AAE714019057602B454D578361EC3B15B3A6B14569D32A7,FUF001_FREE_US_EQUITY_250_V1,BC7879B3830C7327EB0A5779625A347C06826C47488F64326C7D0B2884CC741D,RECONCILIATION_CHECK,orders,PASS,"{""CSM001xTSM001-2026-07-31-AAOI-BUY-001"": ""INTENT_ONLY"", ""CSM001xTSM001-2026-07-31-ACLS-BUY-002"": ""INTENT_ONLY"", ""CSM001xTSM001-2026-07-31-ACMR-BUY-003"": ""INTENT_ONLY"", ""CSM001xTSM001-2026-07-31-ACRS-BUY-004"": ""INTENT_ONLY"", ""CSM001xTSM001-2026-07-31-ADEA-BUY-005"": ""INTENT_ONLY"", ""CSM001xTSM001-2026-07-31-ADPT-BUY-006"": ""INTENT_ONLY"", ""CSM001xTSM001-2026-07-31-AEIS-BUY-007"": ""INTENT_ONLY"", ""CSM001xTSM001-2026-07-31-ALGT-BUY-008"": ""INTENT_ONLY"", ""CSM001xTSM001-2026-07-31-ALXO-BUY-009"": ""INTENT_ONLY"", ""CSM001xTSM001-2026-07-31-AMAT-BUY-010"": ""INTENT_ONLY"", ""CSM001xTSM001-2026-07-31-AMD-BUY-011"": ""INTENT_ONLY"", ""CSM001xTSM001-2026-07-31-AMKR-BUY-012"": ""INTENT_ONLY"", ""CSM001xTSM001-2026-07-31-ANAB-BUY-013"": ""INTENT_ONLY"", ""CSM001xTSM001-2026-07-31-APPS-BUY-014"": ""INTENT_ONLY"", ""CSM001xTSM001-2026-07-31-ARWR-BUY-015"": ""INTENT_ONLY"", ""CSM001xTSM001-2026-07-31-ASML-BUY-016"": ""INTENT_ONLY"", ""CSM001xTSM001-2026-07-31-ATEX-BUY-017"": ""INTENT_ONLY"", ""CSM001xTSM001-2026-07-31-ATRO-BUY-018"": ""INTENT_ONLY"", ""CSM001xTSM001-2026-07-31-AXGN-BUY-019"": ""INTENT_ONLY"", ""CSM001xTSM001-2026-07-31-AXSM-BUY-020"": ""INTENT_ONLY"", ""CSM001xTSM001-2026-07-31-AXTI-BUY-021"": ""INTENT_ONLY"", ""CSM001xTSM001-2026-07-31-BAND-BUY-022"": ""INTENT_ONLY"", ""CSM001xTSM001-2026-07-31-BELFB-BUY-023"": ""INTENT_ONLY"", ""CSM001xTSM001-2026-07-31-CDNA-BUY-024"": ""INTENT_ONLY"", ""CSM001xTSM001-2026-07-31-CERS-BUY-025"": ""INTENT_ONLY""}"
2026-09-04T10:46:21.510791+00:00,PAPER-2026-08-25-DRYRUN,2026-07-31,CSM001xTSM001,86EA1C067905B9AD1AAE714019057602B454D578361EC3B15B3A6B14569D32A7,FUF001_FREE_US_EQUITY_250_V1,BC7879B3830C7327EB0A5779625A347C06826C47488F64326C7D0B2884CC741D,ORDER_INTENTS_CREATED,order_intent,PASS,count=25
2026-09-04T10:46:21.510791+00:00,PAPER-2026-08-25-DRYRUN,2026-07-31,CSM001xTSM001,86EA1C067905B9AD1AAE714019057602B454D578361EC3B15B3A6B14569D32A7,FUF001_FREE_US_EQUITY_250_V1,BC7879B3830C7327EB0A5779625A347C06826C47488F64326C7D0B2884CC741D,RISK_GUARD_CHECK,risk,PASS,
2026-09-04T10:46:21.510791+00:00,PAPER-2026-08-25-DRYRUN,2026-07-31,CSM001xTSM001,86EA1C067905B9AD1AAE714019057602B454D578361EC3B15B3A6B14569D32A7,FUF001_FREE_US_EQUITY_250_V1,BC7879B3830C7327EB0A5779625A347C06826C47488F64326C7D0B2884CC741D,RISK_GUARD_CHECK,buying_power,PASS,required=99407.53;available=261149.67
2026-09-04T10:46:21.511792+00:00,PAPER-2026-08-25-DRYRUN,2026-07-31,CSM001xTSM001,86EA1C067905B9AD1AAE714019057602B454D578361EC3B15B3A6B14569D32A7,FUF001_FREE_US_EQUITY_250_V1,BC7879B3830C7327EB0A5779625A347C06826C47488F64326C7D0B2884CC741D,DRY_RUN_BLOCK,submission_boundary,BLOCKED,BLOCKED_BY_GUARDS
2026-09-04T10:46:23.226128+00:00,PAPER-2026-08-25-DRYRUN,2026-09-04,CSM001xTSM001,86EA1C067905B9AD1AAE714019057602B454D578361EC3B15B3A6B14569D32A7,FUF001_FREE_US_EQUITY_250_V1,BC7879B3830C7327EB0A5779625A347C06826C47488F64326C7D0B2884CC741D,SESSION_CREATED,controller,PASS,Dry-run session created without PAPER_T0.
2026-09-04T10:46:23.236235+00:00,PAPER-2026-08-25-DRYRUN,2026-09-04,CSM001xTSM001,86EA1C067905B9AD1AAE714019057602B454D578361EC3B15B3A6B14569D32A7,FUF001_FREE_US_EQUITY_250_V1,BC7879B3830C7327EB0A5779625A347C06826C47488F64326C7D0B2884CC741D,READINESS_CHECK,universe,PASS,Canonical FUF hash checked.
2026-09-04T10:46:23.237264+00:00,PAPER-2026-08-25-DRYRUN,2026-09-04,CSM001xTSM001,86EA1C067905B9AD1AAE714019057602B454D578361EC3B15B3A6B14569D32A7,FUF001_FREE_US_EQUITY_250_V1,BC7879B3830C7327EB0A5779625A347C06826C47488F64326C7D0B2884CC741D,READINESS_CHECK,strategy,PASS,Frozen strategy hash checked.
2026-09-04T10:48:05.185100+00:00,PAPER-2026-08-25-DRYRUN,2026-07-31,CSM001xTSM001,86EA1C067905B9AD1AAE714019057602B454D578361EC3B15B3A6B14569D32A7,FUF001_FREE_US_EQUITY_250_V1,BC7879B3830C7327EB0A5779625A347C06826C47488F64326C7D0B2884CC741D,IDENTITY_RESOLUTION,identity_resolver,PASS,registry_hash=E77980C024FC6707;resolved_count=250
2026-09-04T10:48:48.431333+00:00,PAPER-2026-08-25-DRYRUN,2026-07-31,CSM001xTSM001,86EA1C067905B9AD1AAE714019057602B454D578361EC3B15B3A6B14569D32A7,FUF001_FREE_US_EQUITY_250_V1,BC7879B3830C7327EB0A5779625A347C06826C47488F64326C7D0B2884CC741D,SCHEDULE_CHECK,calendar,PASS,session=MARKET_OPEN
2026-09-04T10:48:48.431333+00:00,PAPER-2026-08-25-DRYRUN,2026-07-31,CSM001xTSM001,86EA1C067905B9AD1AAE714019057602B454D578361EC3B15B3A6B14569D32A7,FUF001_FREE_US_EQUITY_250_V1,BC7879B3830C7327EB0A5779625A347C06826C47488F64326C7D0B2884CC741D,DATA_FRESHNESS_CHECK,alpaca_daily_bars,PASS,fresh=250;stale=0;inactive=0
2026-09-04T10:48:48.432336+00:00,PAPER-2026-08-25-DRYRUN,2026-07-31,CSM001xTSM001,86EA1C067905B9AD1AAE714019057602B454D578361EC3B15B3A6B14569D32A7,FUF001_FREE_US_EQUITY_250_V1,BC7879B3830C7327EB0A5779625A347C06826C47488F64326C7D0B2884CC741D,ELIGIBILITY_CHECK,csm,PASS,eligible_count=249
2026-09-04T10:48:49.755168+00:00,PAPER-2026-08-25-DRYRUN,2026-07-31,CSM001xTSM001,86EA1C067905B9AD1AAE714019057602B454D578361EC3B15B3A6B14569D32A7,FUF001_FREE_US_EQUITY_250_V1,BC7879B3830C7327EB0A5779625A347C06826C47488F64326C7D0B2884CC741D,RECONCILIATION_CHECK,positions,BLOCK,"{""AAOI"": ""MATCH"", ""ACLS"": ""MISSING_BROKER"", ""ACMR"": ""MATCH"", ""ACRS"": ""MATCH"", ""ADEA"": ""MISSING_BROKER"", ""ADPT"": ""MISSING_BROKER"", ""AEIS"": ""MISSING_BROKER"", ""ALGT"": ""MISSING_BROKER"", ""ALXO"": ""MISSING_BROKER"", ""AMAT"": ""MATCH"", ""AMD"": ""MATCH"", ""AMKR"": ""MATCH"", ""AMRX"": ""MISSING_INTERNAL"", ""ANAB"": ""MATCH"", ""ANIK"": ""MISSING_INTERNAL"", ""ANNX"": ""MISSING_INTERNAL"", ""APPS"": ""MATCH"", ""ARCB"": ""MISSING_INTERNAL"", ""ARWR"": ""MATCH"", ""ASML"": ""MATCH"", ""ATEX"": ""MATCH"", ""ATRO"": ""MATCH"", ""AXGN"": ""MATCH"", ""AXSM"": ""MISSING_BROKER"", ""AXTI"": ""MATCH"", ""BAND"": ""MATCH"", ""BELFB"": ""MATCH"", ""BJRI"": ""MISSING_INTERNAL"", ""BRKR"": ""MISSING_INTERNAL"", ""CALY"": ""MISSING_INTERNAL"", ""CDNA"": ""MATCH"", ""CENX"": ""MISSING_INTERNAL"", ""CERS"": ""MISSING_BROKER""}"
2026-09-04T10:48:49.755168+00:00,PAPER-2026-08-25-DRYRUN,2026-07-31,CSM001xTSM001,86EA1C067905B9AD1AAE714019057602B454D578361EC3B15B3A6B14569D32A7,FUF001_FREE_US_EQUITY_250_V1,BC7879B3830C7327EB0A5779625A347C06826C47488F64326C7D0B2884CC741D,INCIDENT,reconciliation,POSITION_MISMATCH,"Unexpected positions: ['CENX', 'ARCB', 'ANIK', 'AMRX', 'CALY', 'ANNX', 'BRKR', 'BJRI']"
2026-09-04T10:48:49.756167+00:00,PAPER-2026-08-25-DRYRUN,2026-07-31,CSM001xTSM001,86EA1C067905B9AD1AAE714019057602B454D578361EC3B15B3A6B14569D32A7,FUF001_FREE_US_EQUITY_250_V1,BC7879B3830C7327EB0A5779625A347C06826C47488F64326C7D0B2884CC741D,RECONCILIATION_CHECK,orders,PASS,"{""CSM001xTSM001-2026-07-31-AAOI-BUY-001"": ""INTENT_ONLY"", ""CSM001xTSM001-2026-07-31-ACLS-BUY-002"": ""INTENT_ONLY"", ""CSM001xTSM001-2026-07-31-ACMR-BUY-003"": ""INTENT_ONLY"", ""CSM001xTSM001-2026-07-31-ACRS-BUY-004"": ""INTENT_ONLY"", ""CSM001xTSM001-2026-07-31-ADEA-BUY-005"": ""INTENT_ONLY"", ""CSM001xTSM001-2026-07-31-ADPT-BUY-006"": ""INTENT_ONLY"", ""CSM001xTSM001-2026-07-31-AEIS-BUY-007"": ""INTENT_ONLY"", ""CSM001xTSM001-2026-07-31-ALGT-BUY-008"": ""INTENT_ONLY"", ""CSM001xTSM001-2026-07-31-ALXO-BUY-009"": ""INTENT_ONLY"", ""CSM001xTSM001-2026-07-31-AMAT-BUY-010"": ""INTENT_ONLY"", ""CSM001xTSM001-2026-07-31-AMD-BUY-011"": ""INTENT_ONLY"", ""CSM001xTSM001-2026-07-31-AMKR-BUY-012"": ""INTENT_ONLY"", ""CSM001xTSM001-2026-07-31-ANAB-BUY-013"": ""INTENT_ONLY"", ""CSM001xTSM001-2026-07-31-APPS-BUY-014"": ""INTENT_ONLY"", ""CSM001xTSM001-2026-07-31-ARWR-BUY-015"": ""INTENT_ONLY"", ""CSM001xTSM001-2026-07-31-ASML-BUY-016"": ""INTENT_ONLY"", ""CSM001xTSM001-2026-07-31-ATEX-BUY-017"": ""INTENT_ONLY"", ""CSM001xTSM001-2026-07-31-ATRO-BUY-018"": ""INTENT_ONLY"", ""CSM001xTSM001-2026-07-31-AXGN-BUY-019"": ""INTENT_ONLY"", ""CSM001xTSM001-2026-07-31-AXSM-BUY-020"": ""INTENT_ONLY"", ""CSM001xTSM001-2026-07-31-AXTI-BUY-021"": ""INTENT_ONLY"", ""CSM001xTSM001-2026-07-31-BAND-BUY-022"": ""INTENT_ONLY"", ""CSM001xTSM001-2026-07-31-BELFB-BUY-023"": ""INTENT_ONLY"", ""CSM001xTSM001-2026-07-31-CDNA-BUY-024"": ""INTENT_ONLY"", ""CSM001xTSM001-2026-07-31-CERS-BUY-025"": ""INTENT_ONLY""}"
2026-09-04T10:48:49.765680+00:00,PAPER-2026-08-25-DRYRUN,2026-07-31,CSM001xTSM001,86EA1C067905B9AD1AAE714019057602B454D578361EC3B15B3A6B14569D32A7,FUF001_FREE_US_EQUITY_250_V1,BC7879B3830C7327EB0A5779625A347C06826C47488F64326C7D0B2884CC741D,ORDER_INTENTS_CREATED,order_intent,PASS,count=25
2026-09-04T10:48:49.765680+00:00,PAPER-2026-08-25-DRYRUN,2026-07-31,CSM001xTSM001,86EA1C067905B9AD1AAE714019057602B454D578361EC3B15B3A6B14569D32A7,FUF001_FREE_US_EQUITY_250_V1,BC7879B3830C7327EB0A5779625A347C06826C47488F64326C7D0B2884CC741D,RISK_GUARD_CHECK,risk,PASS,
2026-09-04T10:48:49.766807+00:00,PAPER-2026-08-25-DRYRUN,2026-07-31,CSM001xTSM001,86EA1C067905B9AD1AAE714019057602B454D578361EC3B15B3A6B14569D32A7,FUF001_FREE_US_EQUITY_250_V1,BC7879B3830C7327EB0A5779625A347C06826C47488F64326C7D0B2884CC741D,RISK_GUARD_CHECK,buying_power,PASS,required=99432.64;available=261219.99
2026-09-04T10:48:49.766807+00:00,PAPER-2026-08-25-DRYRUN,2026-07-31,CSM001xTSM001,86EA1C067905B9AD1AAE714019057602B454D578361EC3B15B3A6B14569D32A7,FUF001_FREE_US_EQUITY_250_V1,BC7879B3830C7327EB0A5779625A347C06826C47488F64326C7D0B2884CC741D,DRY_RUN_BLOCK,submission_boundary,BLOCKED,BLOCKED_BY_GUARDS
2026-09-04T10:48:51.535106+00:00,PAPER-2026-08-25-DRYRUN,2026-09-04,CSM001xTSM001,86EA1C067905B9AD1AAE714019057602B454D578361EC3B15B3A6B14569D32A7,FUF001_FREE_US_EQUITY_250_V1,BC7879B3830C7327EB0A5779625A347C06826C47488F64326C7D0B2884CC741D,SESSION_CREATED,controller,PASS,Dry-run session created without PAPER_T0.
2026-09-04T10:48:51.546431+00:00,PAPER-2026-08-25-DRYRUN,2026-09-04,CSM001xTSM001,86EA1C067905B9AD1AAE714019057602B454D578361EC3B15B3A6B14569D32A7,FUF001_FREE_US_EQUITY_250_V1,BC7879B3830C7327EB0A5779625A347C06826C47488F64326C7D0B2884CC741D,READINESS_CHECK,universe,PASS,Canonical FUF hash checked.
2026-09-04T10:48:51.546431+00:00,PAPER-2026-08-25-DRYRUN,2026-09-04,CSM001xTSM001,86EA1C067905B9AD1AAE714019057602B454D578361EC3B15B3A6B14569D32A7,FUF001_FREE_US_EQUITY_250_V1,BC7879B3830C7327EB0A5779625A347C06826C47488F64326C7D0B2884CC741D,READINESS_CHECK,strategy,PASS,Frozen strategy hash checked.
2026-09-04T10:50:33.705690+00:00,PAPER-2026-08-25-DRYRUN,2026-07-31,CSM001xTSM001,86EA1C067905B9AD1AAE714019057602B454D578361EC3B15B3A6B14569D32A7,FUF001_FREE_US_EQUITY_250_V1,BC7879B3830C7327EB0A5779625A347C06826C47488F64326C7D0B2884CC741D,IDENTITY_RESOLUTION,identity_resolver,PASS,registry_hash=E77980C024FC6707;resolved_count=250
2026-09-04T10:51:15.603648+00:00,PAPER-2026-08-25-DRYRUN,2026-07-31,CSM001xTSM001,86EA1C067905B9AD1AAE714019057602B454D578361EC3B15B3A6B14569D32A7,FUF001_FREE_US_EQUITY_250_V1,BC7879B3830C7327EB0A5779625A347C06826C47488F64326C7D0B2884CC741D,SCHEDULE_CHECK,calendar,PASS,session=MARKET_OPEN
2026-09-04T10:51:15.603648+00:00,PAPER-2026-08-25-DRYRUN,2026-07-31,CSM001xTSM001,86EA1C067905B9AD1AAE714019057602B454D578361EC3B15B3A6B14569D32A7,FUF001_FREE_US_EQUITY_250_V1,BC7879B3830C7327EB0A5779625A347C06826C47488F64326C7D0B2884CC741D,DATA_FRESHNESS_CHECK,alpaca_daily_bars,PASS,fresh=250;stale=0;inactive=0
2026-09-04T10:51:15.604649+00:00,PAPER-2026-08-25-DRYRUN,2026-07-31,CSM001xTSM001,86EA1C067905B9AD1AAE714019057602B454D578361EC3B15B3A6B14569D32A7,FUF001_FREE_US_EQUITY_250_V1,BC7879B3830C7327EB0A5779625A347C06826C47488F64326C7D0B2884CC741D,ELIGIBILITY_CHECK,csm,PASS,eligible_count=249
2026-09-04T10:51:16.993731+00:00,PAPER-2026-08-25-DRYRUN,2026-07-31,CSM001xTSM001,86EA1C067905B9AD1AAE714019057602B454D578361EC3B15B3A6B14569D32A7,FUF001_FREE_US_EQUITY_250_V1,BC7879B3830C7327EB0A5779625A347C06826C47488F64326C7D0B2884CC741D,RECONCILIATION_CHECK,positions,BLOCK,"{""AAOI"": ""MATCH"", ""ACLS"": ""MISSING_BROKER"", ""ACMR"": ""MATCH"", ""ACRS"": ""MATCH"", ""ADEA"": ""MISSING_BROKER"", ""ADPT"": ""MISSING_BROKER"", ""AEIS"": ""MISSING_BROKER"", ""ALGT"": ""MISSING_BROKER"", ""ALXO"": ""MISSING_BROKER"", ""AMAT"": ""MATCH"", ""AMD"": ""MATCH"", ""AMKR"": ""MATCH"", ""AMRX"": ""MISSING_INTERNAL"", ""ANAB"": ""MATCH"", ""ANIK"": ""MISSING_INTERNAL"", ""ANNX"": ""MISSING_INTERNAL"", ""APPS"": ""MATCH"", ""ARCB"": ""MISSING_INTERNAL"", ""ARWR"": ""MATCH"", ""ASML"": ""MATCH"", ""ATEX"": ""MATCH"", ""ATRO"": ""MATCH"", ""AXGN"": ""MATCH"", ""AXSM"": ""MISSING_BROKER"", ""AXTI"": ""MATCH"", ""BAND"": ""MATCH"", ""BELFB"": ""MATCH"", ""BJRI"": ""MISSING_INTERNAL"", ""BRKR"": ""MISSING_INTERNAL"", ""CALY"": ""MISSING_INTERNAL"", ""CDNA"": ""MATCH"", ""CENX"": ""MISSING_INTERNAL"", ""CERS"": ""MISSING_BROKER""}"
2026-09-04T10:51:16.994701+00:00,PAPER-2026-08-25-DRYRUN,2026-07-31,CSM001xTSM001,86EA1C067905B9AD1AAE714019057602B454D578361EC3B15B3A6B14569D32A7,FUF001_FREE_US_EQUITY_250_V1,BC7879B3830C7327EB0A5779625A347C06826C47488F64326C7D0B2884CC741D,INCIDENT,reconciliation,POSITION_MISMATCH,"Unexpected positions: ['CENX', 'ARCB', 'ANIK', 'AMRX', 'CALY', 'ANNX', 'BRKR', 'BJRI']"
2026-09-04T10:51:16.994701+00:00,PAPER-2026-08-25-DRYRUN,2026-07-31,CSM001xTSM001,86EA1C067905B9AD1AAE714019057602B454D578361EC3B15B3A6B14569D32A7,FUF001_FREE_US_EQUITY_250_V1,BC7879B3830C7327EB0A5779625A347C06826C47488F64326C7D0B2884CC741D,RECONCILIATION_CHECK,orders,PASS,"{""CSM001xTSM001-2026-07-31-AAOI-BUY-001"": ""INTENT_ONLY"", ""CSM001xTSM001-2026-07-31-ACLS-BUY-002"": ""INTENT_ONLY"", ""CSM001xTSM001-2026-07-31-ACMR-BUY-003"": ""INTENT_ONLY"", ""CSM001xTSM001-2026-07-31-ACRS-BUY-004"": ""INTENT_ONLY"", ""CSM001xTSM001-2026-07-31-ADEA-BUY-005"": ""INTENT_ONLY"", ""CSM001xTSM001-2026-07-31-ADPT-BUY-006"": ""INTENT_ONLY"", ""CSM001xTSM001-2026-07-31-AEIS-BUY-007"": ""INTENT_ONLY"", ""CSM001xTSM001-2026-07-31-ALGT-BUY-008"": ""INTENT_ONLY"", ""CSM001xTSM001-2026-07-31-ALXO-BUY-009"": ""INTENT_ONLY"", ""CSM001xTSM001-2026-07-31-AMAT-BUY-010"": ""INTENT_ONLY"", ""CSM001xTSM001-2026-07-31-AMD-BUY-011"": ""INTENT_ONLY"", ""CSM001xTSM001-2026-07-31-AMKR-BUY-012"": ""INTENT_ONLY"", ""CSM001xTSM001-2026-07-31-ANAB-BUY-013"": ""INTENT_ONLY"", ""CSM001xTSM001-2026-07-31-APPS-BUY-014"": ""INTENT_ONLY"", ""CSM001xTSM001-2026-07-31-ARWR-BUY-015"": ""INTENT_ONLY"", ""CSM001xTSM001-2026-07-31-ASML-BUY-016"": ""INTENT_ONLY"", ""CSM001xTSM001-2026-07-31-ATEX-BUY-017"": ""INTENT_ONLY"", ""CSM001xTSM001-2026-07-31-ATRO-BUY-018"": ""INTENT_ONLY"", ""CSM001xTSM001-2026-07-31-AXGN-BUY-019"": ""INTENT_ONLY"", ""CSM001xTSM001-2026-07-31-AXSM-BUY-020"": ""INTENT_ONLY"", ""CSM001xTSM001-2026-07-31-AXTI-BUY-021"": ""INTENT_ONLY"", ""CSM001xTSM001-2026-07-31-BAND-BUY-022"": ""INTENT_ONLY"", ""CSM001xTSM001-2026-07-31-BELFB-BUY-023"": ""INTENT_ONLY"", ""CSM001xTSM001-2026-07-31-CDNA-BUY-024"": ""INTENT_ONLY"", ""CSM001xTSM001-2026-07-31-CERS-BUY-025"": ""INTENT_ONLY""}"
2026-09-04T10:51:17.004454+00:00,PAPER-2026-08-25-DRYRUN,2026-07-31,CSM001xTSM001,86EA1C067905B9AD1AAE714019057602B454D578361EC3B15B3A6B14569D32A7,FUF001_FREE_US_EQUITY_250_V1,BC7879B3830C7327EB0A5779625A347C06826C47488F64326C7D0B2884CC741D,ORDER_INTENTS_CREATED,order_intent,PASS,count=25
2026-09-04T10:51:17.004454+00:00,PAPER-2026-08-25-DRYRUN,2026-07-31,CSM001xTSM001,86EA1C067905B9AD1AAE714019057602B454D578361EC3B15B3A6B14569D32A7,FUF001_FREE_US_EQUITY_250_V1,BC7879B3830C7327EB0A5779625A347C06826C47488F64326C7D0B2884CC741D,RISK_GUARD_CHECK,risk,PASS,
2026-09-04T10:51:17.005404+00:00,PAPER-2026-08-25-DRYRUN,2026-07-31,CSM001xTSM001,86EA1C067905B9AD1AAE714019057602B454D578361EC3B15B3A6B14569D32A7,FUF001_FREE_US_EQUITY_250_V1,BC7879B3830C7327EB0A5779625A347C06826C47488F64326C7D0B2884CC741D,RISK_GUARD_CHECK,buying_power,PASS,required=99430.14;available=261212.99
2026-09-04T10:51:17.005404+00:00,PAPER-2026-08-25-DRYRUN,2026-07-31,CSM001xTSM001,86EA1C067905B9AD1AAE714019057602B454D578361EC3B15B3A6B14569D32A7,FUF001_FREE_US_EQUITY_250_V1,BC7879B3830C7327EB0A5779625A347C06826C47488F64326C7D0B2884CC741D,DRY_RUN_BLOCK,submission_boundary,BLOCKED,BLOCKED_BY_GUARDS
