timestamp,intent_id,client_order_id,symbol,side,quantity,notional,validation_result,broker_mode,reconciliation_state,error_code
2026-08-14T17:30:16.930126+00:00,d43235ecc85f1e1f,CSM001xTSM001-2026-08-11-AAOI-BUY-001,AAOI,buy,,4000.0,SUBMISSION_BLOCKED_ALP003,DRY_RUN,INTENT_ONLY,
2026-08-14T17:30:16.930126+00:00,c9c61ed830ff4716,CSM001xTSM001-2026-08-11-ACMR-BUY-002,ACMR,buy,,4000.0,SUBMISSION_BLOCKED_ALP003,DRY_RUN,INTENT_ONLY,
2026-08-14T17:30:16.931635+00:00,6d93846d719e620f,CSM001xTSM001-2026-08-11-ACRS-BUY-003,ACRS,buy,,4000.0,SUBMISSION_BLOCKED_ALP003,DRY_RUN,INTENT_ONLY,
2026-08-14T17:30:16.932906+00:00,64f4516a188d82d7,CSM001xTSM001-2026-08-11-ADV-BUY-004,ADV,buy,,4000.0,SUBMISSION_BLOCKED_ALP003,DRY_RUN,INTENT_ONLY,
2026-08-14T17:30:16.932906+00:00,c44cbc6f75351399,CSM001xTSM001-2026-08-11-ALGT-BUY-005,ALGT,buy,,4000.0,SUBMISSION_BLOCKED_ALP003,DRY_RUN,INTENT_ONLY,
2026-08-14T17:30:16.932906+00:00,afadccef792c3f24,CSM001xTSM001-2026-08-11-ALIT-BUY-006,ALIT,buy,,4000.0,SUBMISSION_BLOCKED_ALP003,DRY_RUN,INTENT_ONLY,
2026-08-14T17:30:16.934363+00:00,d43235ecc85f1e1f,CSM001xTSM001-2026-08-11-AAOI-BUY-001,AAOI,buy,,4000.0,SUBMISSION_BLOCKED_ALP003,DRY_RUN,INTENT_ONLY,
2026-08-14T17:30:16.934363+00:00,87665155bd0406db,CSM001xTSM001-2026-08-11-ALXO-BUY-007,ALXO,buy,,4000.0,SUBMISSION_BLOCKED_ALP003,DRY_RUN,INTENT_ONLY,
2026-08-14T17:30:16.934363+00:00,c9c61ed830ff4716,CSM001xTSM001-2026-08-11-ACMR-BUY-002,ACMR,buy,,4000.0,SUBMISSION_BLOCKED_ALP003,DRY_RUN,INTENT_ONLY,
2026-08-14T17:30:16.934363+00:00,4f259a1c61e9767e,CSM001xTSM001-2026-08-11-AMAT-BUY-008,AMAT,buy,,4000.0,SUBMISSION_BLOCKED_ALP003,DRY_RUN,INTENT_ONLY,
2026-08-14T17:30:16.934363+00:00,6d93846d719e620f,CSM001xTSM001-2026-08-11-ACRS-BUY-003,ACRS,buy,,4000.0,SUBMISSION_BLOCKED_ALP003,DRY_RUN,INTENT_ONLY,
2026-08-14T17:30:16.934363+00:00,5faf5cd87627d301,CSM001xTSM001-2026-08-11-AMCR-BUY-009,AMCR,buy,,4000.0,SUBMISSION_BLOCKED_ALP003,DRY_RUN,INTENT_ONLY,
2026-08-14T17:30:16.935620+00:00,64f4516a188d82d7,CSM001xTSM001-2026-08-11-ADV-BUY-004,ADV,buy,,4000.0,SUBMISSION_BLOCKED_ALP003,DRY_RUN,INTENT_ONLY,
2026-08-14T17:30:16.935620+00:00,452cba25feba3582,CSM001xTSM001-2026-08-11-AMD-BUY-010,AMD,buy,,4000.0,SUBMISSION_BLOCKED_ALP003,DRY_RUN,INTENT_ONLY,
2026-08-14T17:30:16.936729+00:00,c44cbc6f75351399,CSM001xTSM001-2026-08-11-ALGT-BUY-005,ALGT,buy,,4000.0,SUBMISSION_BLOCKED_ALP003,DRY_RUN,INTENT_ONLY,
2026-08-14T17:30:16.936729+00:00,4584d114fe82b8a7,CSM001xTSM001-2026-08-11-AMKR-BUY-011,AMKR,buy,,4000.0,SUBMISSION_BLOCKED_ALP003,DRY_RUN,INTENT_ONLY,
2026-08-14T17:30:16.936729+00:00,afadccef792c3f24,CSM001xTSM001-2026-08-11-ALIT-BUY-006,ALIT,buy,,4000.0,SUBMISSION_BLOCKED_ALP003,DRY_RUN,INTENT_ONLY,
2026-08-14T17:30:16.936729+00:00,af457cd393d3b420,CSM001xTSM001-2026-08-11-ANAB-BUY-012,ANAB,buy,,4000.0,SUBMISSION_BLOCKED_ALP003,DRY_RUN,INTENT_ONLY,
2026-08-14T17:30:16.937785+00:00,87665155bd0406db,CSM001xTSM001-2026-08-11-ALXO-BUY-007,ALXO,buy,,4000.0,SUBMISSION_BLOCKED_ALP003,DRY_RUN,INTENT_ONLY,
2026-08-14T17:30:16.937785+00:00,12771d38f93c0ad0,CSM001xTSM001-2026-08-11-ANNX-BUY-013,ANNX,buy,,4000.0,SUBMISSION_BLOCKED_ALP003,DRY_RUN,INTENT_ONLY,
2026-08-14T17:30:16.937785+00:00,4f259a1c61e9767e,CSM001xTSM001-2026-08-11-AMAT-BUY-008,AMAT,buy,,4000.0,SUBMISSION_BLOCKED_ALP003,DRY_RUN,INTENT_ONLY,
2026-08-14T17:30:16.937785+00:00,5faf5cd87627d301,CSM001xTSM001-2026-08-11-AMCR-BUY-009,AMCR,buy,,4000.0,SUBMISSION_BLOCKED_ALP003,DRY_RUN,INTENT_ONLY,
2026-08-14T17:30:16.937785+00:00,06f9ed74d36d0461,CSM001xTSM001-2026-08-11-APPS-BUY-014,APPS,buy,,4000.0,SUBMISSION_BLOCKED_ALP003,DRY_RUN,INTENT_ONLY,
2026-08-14T17:30:16.939063+00:00,3683b16a2a59abfb,CSM001xTSM001-2026-08-11-ARWR-BUY-015,ARWR,buy,,4000.0,SUBMISSION_BLOCKED_ALP003,DRY_RUN,INTENT_ONLY,
2026-08-14T17:30:16.940125+00:00,4584d114fe82b8a7,CSM001xTSM001-2026-08-11-AMKR-BUY-011,AMKR,buy,,4000.0,SUBMISSION_BLOCKED_ALP003,DRY_RUN,INTENT_ONLY,
2026-08-14T17:30:16.940125+00:00,705cb9de5b34b1d4,CSM001xTSM001-2026-08-11-ASML-BUY-016,ASML,buy,,4000.0,SUBMISSION_BLOCKED_ALP003,DRY_RUN,INTENT_ONLY,
2026-08-14T17:30:16.940125+00:00,af457cd393d3b420,CSM001xTSM001-2026-08-11-ANAB-BUY-012,ANAB,buy,,4000.0,SUBMISSION_BLOCKED_ALP003,DRY_RUN,INTENT_ONLY,
2026-08-14T17:30:16.940125+00:00,e3c077d68903e841,CSM001xTSM001-2026-08-11-ATEX-BUY-017,ATEX,buy,,4000.0,SUBMISSION_BLOCKED_ALP003,DRY_RUN,INTENT_ONLY,
2026-08-14T17:30:16.940125+00:00,12771d38f93c0ad0,CSM001xTSM001-2026-08-11-ANNX-BUY-013,ANNX,buy,,4000.0,SUBMISSION_BLOCKED_ALP003,DRY_RUN,INTENT_ONLY,
2026-08-14T17:30:16.941636+00:00,5aa8136db04efec3,CSM001xTSM001-2026-08-11-AXGN-BUY-019,AXGN,buy,,4000.0,SUBMISSION_BLOCKED_ALP003,DRY_RUN,INTENT_ONLY,
2026-08-14T17:30:16.942662+00:00,3683b16a2a59abfb,CSM001xTSM001-2026-08-11-ARWR-BUY-015,ARWR,buy,,4000.0,SUBMISSION_BLOCKED_ALP003,DRY_RUN,INTENT_ONLY,
2026-08-14T17:30:16.942662+00:00,6ccb50ba9bc10fe7,CSM001xTSM001-2026-08-11-AXSM-BUY-020,AXSM,buy,,4000.0,SUBMISSION_BLOCKED_ALP003,DRY_RUN,INTENT_ONLY,
2026-08-14T17:30:16.943677+00:00,705cb9de5b34b1d4,CSM001xTSM001-2026-08-11-ASML-BUY-016,ASML,buy,,4000.0,SUBMISSION_BLOCKED_ALP003,DRY_RUN,INTENT_ONLY,
2026-08-14T17:30:16.943677+00:00,cb114d48177ab6c9,CSM001xTSM001-2026-08-11-AXTI-BUY-021,AXTI,buy,,4000.0,SUBMISSION_BLOCKED_ALP003,DRY_RUN,INTENT_ONLY,
2026-08-14T17:30:16.945005+00:00,e3c077d68903e841,CSM001xTSM001-2026-08-11-ATEX-BUY-017,ATEX,buy,,4000.0,SUBMISSION_BLOCKED_ALP003,DRY_RUN,INTENT_ONLY,
2026-08-14T17:30:16.945005+00:00,8be52ac68e015fcb,CSM001xTSM001-2026-08-11-BAND-BUY-022,BAND,buy,,4000.0,SUBMISSION_BLOCKED_ALP003,DRY_RUN,INTENT_ONLY,
2026-08-14T17:30:16.945005+00:00,0cc35fce68145270,CSM001xTSM001-2026-08-11-CALY-BUY-023,CALY,buy,,4000.0,SUBMISSION_BLOCKED_ALP003,DRY_RUN,INTENT_ONLY,
2026-08-14T17:30:16.946064+00:00,5aa8136db04efec3,CSM001xTSM001-2026-08-11-AXGN-BUY-019,AXGN,buy,,4000.0,SUBMISSION_BLOCKED_ALP003,DRY_RUN,INTENT_ONLY,
2026-08-14T17:30:16.947089+00:00,022952e408521d83,CSM001xTSM001-2026-08-11-CDNA-BUY-024,CDNA,buy,,4000.0,SUBMISSION_BLOCKED_ALP003,DRY_RUN,INTENT_ONLY,
2026-08-14T17:30:16.947089+00:00,6ccb50ba9bc10fe7,CSM001xTSM001-2026-08-11-AXSM-BUY-020,AXSM,buy,,4000.0,SUBMISSION_BLOCKED_ALP003,DRY_RUN,INTENT_ONLY,
2026-08-14T17:30:16.947089+00:00,54c41609285d5426,CSM001xTSM001-2026-08-11-CERS-BUY-025,CERS,buy,,4000.0,SUBMISSION_BLOCKED_ALP003,DRY_RUN,INTENT_ONLY,
2026-08-14T17:30:16.947089+00:00,cb114d48177ab6c9,CSM001xTSM001-2026-08-11-AXTI-BUY-021,AXTI,buy,,4000.0,SUBMISSION_BLOCKED_ALP003,DRY_RUN,INTENT_ONLY,
2026-08-14T17:30:16.948394+00:00,8be52ac68e015fcb,CSM001xTSM001-2026-08-11-BAND-BUY-022,BAND,buy,,4000.0,SUBMISSION_BLOCKED_ALP003,DRY_RUN,INTENT_ONLY,
2026-08-14T17:30:16.948394+00:00,0cc35fce68145270,CSM001xTSM001-2026-08-11-CALY-BUY-023,CALY,buy,,4000.0,SUBMISSION_BLOCKED_ALP003,DRY_RUN,INTENT_ONLY,
2026-08-14T17:30:16.949495+00:00,022952e408521d83,CSM001xTSM001-2026-08-11-CDNA-BUY-024,CDNA,buy,,4000.0,SUBMISSION_BLOCKED_ALP003,DRY_RUN,INTENT_ONLY,
2026-08-14T17:30:16.949495+00:00,54c41609285d5426,CSM001xTSM001-2026-08-11-CERS-BUY-025,CERS,buy,,4000.0,SUBMISSION_BLOCKED_ALP003,DRY_RUN,INTENT_ONLY,
2026-08-14T17:30:18.610039+00:00,d43235ecc85f1e1f,CSM001xTSM001-2026-08-11-AAOI-BUY-001,AAOI,buy,,4000.0,SUBMISSION_BLOCKED_ALP003,DRY_RUN,INTENT_ONLY,
2026-08-14T17:30:18.610039+00:00,c9c61ed830ff4716,CSM001xTSM001-2026-08-11-ACMR-BUY-002,ACMR,buy,,4000.0,SUBMISSION_BLOCKED_ALP003,DRY_RUN,INTENT_ONLY,
2026-08-14T17:30:18.610039+00:00,6d93846d719e620f,CSM001xTSM001-2026-08-11-ACRS-BUY-003,ACRS,buy,,4000.0,SUBMISSION_BLOCKED_ALP003,DRY_RUN,INTENT_ONLY,
2026-08-14T17:30:18.611548+00:00,64f4516a188d82d7,CSM001xTSM001-2026-08-11-ADV-BUY-004,ADV,buy,,4000.0,SUBMISSION_BLOCKED_ALP003,DRY_RUN,INTENT_ONLY,
2026-08-14T17:30:18.611548+00:00,c44cbc6f75351399,CSM001xTSM001-2026-08-11-ALGT-BUY-005,ALGT,buy,,4000.0,SUBMISSION_BLOCKED_ALP003,DRY_RUN,INTENT_ONLY,
2026-08-14T17:30:18.612634+00:00,afadccef792c3f24,CSM001xTSM001-2026-08-11-ALIT-BUY-006,ALIT,buy,,4000.0,SUBMISSION_BLOCKED_ALP003,DRY_RUN,INTENT_ONLY,
2026-08-14T17:30:18.612634+00:00,87665155bd0406db,CSM001xTSM001-2026-08-11-ALXO-BUY-007,ALXO,buy,,4000.0,SUBMISSION_BLOCKED_ALP003,DRY_RUN,INTENT_ONLY,
2026-08-14T17:30:18.613668+00:00,4f259a1c61e9767e,CSM001xTSM001-2026-08-11-AMAT-BUY-008,AMAT,buy,,4000.0,SUBMISSION_BLOCKED_ALP003,DRY_RUN,INTENT_ONLY,
2026-08-14T17:30:18.613668+00:00,5faf5cd87627d301,CSM001xTSM001-2026-08-11-AMCR-BUY-009,AMCR,buy,,4000.0,SUBMISSION_BLOCKED_ALP003,DRY_RUN,INTENT_ONLY,
2026-08-14T17:30:18.613668+00:00,452cba25feba3582,CSM001xTSM001-2026-08-11-AMD-BUY-010,AMD,buy,,4000.0,SUBMISSION_BLOCKED_ALP003,DRY_RUN,INTENT_ONLY,
2026-08-14T17:30:18.615152+00:00,4584d114fe82b8a7,CSM001xTSM001-2026-08-11-AMKR-BUY-011,AMKR,buy,,4000.0,SUBMISSION_BLOCKED_ALP003,DRY_RUN,INTENT_ONLY,
2026-08-14T17:30:18.615152+00:00,af457cd393d3b420,CSM001xTSM001-2026-08-11-ANAB-BUY-012,ANAB,buy,,4000.0,SUBMISSION_BLOCKED_ALP003,DRY_RUN,INTENT_ONLY,
2026-08-14T17:30:18.616185+00:00,12771d38f93c0ad0,CSM001xTSM001-2026-08-11-ANNX-BUY-013,ANNX,buy,,4000.0,SUBMISSION_BLOCKED_ALP003,DRY_RUN,INTENT_ONLY,
2026-08-14T17:30:18.617193+00:00,06f9ed74d36d0461,CSM001xTSM001-2026-08-11-APPS-BUY-014,APPS,buy,,4000.0,SUBMISSION_BLOCKED_ALP003,DRY_RUN,INTENT_ONLY,
2026-08-14T17:30:18.617193+00:00,3683b16a2a59abfb,CSM001xTSM001-2026-08-11-ARWR-BUY-015,ARWR,buy,,4000.0,SUBMISSION_BLOCKED_ALP003,DRY_RUN,INTENT_ONLY,
2026-08-14T17:30:18.618191+00:00,705cb9de5b34b1d4,CSM001xTSM001-2026-08-11-ASML-BUY-016,ASML,buy,,4000.0,SUBMISSION_BLOCKED_ALP003,DRY_RUN,INTENT_ONLY,
2026-08-14T17:30:18.618191+00:00,e3c077d68903e841,CSM001xTSM001-2026-08-11-ATEX-BUY-017,ATEX,buy,,4000.0,SUBMISSION_BLOCKED_ALP003,DRY_RUN,INTENT_ONLY,
2026-08-14T17:30:18.619187+00:00,1e075b3bd1e77c4f,CSM001xTSM001-2026-08-11-ATRO-BUY-018,ATRO,buy,,4000.0,SUBMISSION_BLOCKED_ALP003,DRY_RUN,INTENT_ONLY,
2026-08-14T17:30:18.619187+00:00,5aa8136db04efec3,CSM001xTSM001-2026-08-11-AXGN-BUY-019,AXGN,buy,,4000.0,SUBMISSION_BLOCKED_ALP003,DRY_RUN,INTENT_ONLY,
2026-08-14T17:30:18.620187+00:00,6ccb50ba9bc10fe7,CSM001xTSM001-2026-08-11-AXSM-BUY-020,AXSM,buy,,4000.0,SUBMISSION_BLOCKED_ALP003,DRY_RUN,INTENT_ONLY,
2026-08-14T17:30:18.620187+00:00,cb114d48177ab6c9,CSM001xTSM001-2026-08-11-AXTI-BUY-021,AXTI,buy,,4000.0,SUBMISSION_BLOCKED_ALP003,DRY_RUN,INTENT_ONLY,
2026-08-14T17:30:18.620187+00:00,8be52ac68e015fcb,CSM001xTSM001-2026-08-11-BAND-BUY-022,BAND,buy,,4000.0,SUBMISSION_BLOCKED_ALP003,DRY_RUN,INTENT_ONLY,
2026-08-14T17:30:18.620187+00:00,0cc35fce68145270,CSM001xTSM001-2026-08-11-CALY-BUY-023,CALY,buy,,4000.0,SUBMISSION_BLOCKED_ALP003,DRY_RUN,INTENT_ONLY,
2026-08-14T17:30:18.620187+00:00,022952e408521d83,CSM001xTSM001-2026-08-11-CDNA-BUY-024,CDNA,buy,,4000.0,SUBMISSION_BLOCKED_ALP003,DRY_RUN,INTENT_ONLY,
2026-08-14T17:30:18.622194+00:00,54c41609285d5426,CSM001xTSM001-2026-08-11-CERS-BUY-025,CERS,buy,,4000.0,SUBMISSION_BLOCKED_ALP003,DRY_RUN,INTENT_ONLY,
2026-08-14T17:43:53.006155+00:00,b011cda240b4f819,CSM001xTSM001-2026-08-13-AAOI-BUY-001,AAOI,buy,,4000.0,SUBMISSION_BLOCKED_ALP003,DRY_RUN,INTENT_ONLY,
2026-08-14T17:43:53.006155+00:00,3e2abbdd836d63c8,CSM001xTSM001-2026-08-13-ACMR-BUY-002,ACMR,buy,,4000.0,SUBMISSION_BLOCKED_ALP003,DRY_RUN,INTENT_ONLY,
2026-08-14T17:43:53.007666+00:00,00a964ea09b46040,CSM001xTSM001-2026-08-13-ACRS-BUY-003,ACRS,buy,,4000.0,SUBMISSION_BLOCKED_ALP003,DRY_RUN,INTENT_ONLY,
2026-08-14T17:43:53.007666+00:00,7b3e87a2bdbeca8e,CSM001xTSM001-2026-08-13-AEIS-BUY-004,AEIS,buy,,4000.0,SUBMISSION_BLOCKED_ALP003,DRY_RUN,INTENT_ONLY,
2026-08-14T17:43:53.007666+00:00,2e4bc4ad54de7927,CSM001xTSM001-2026-08-13-ALXO-BUY-005,ALXO,buy,,4000.0,SUBMISSION_BLOCKED_ALP003,DRY_RUN,INTENT_ONLY,
2026-08-14T17:43:53.008760+00:00,f5f16bfe9196e434,CSM001xTSM001-2026-08-13-AMAT-BUY-006,AMAT,buy,,4000.0,SUBMISSION_BLOCKED_ALP003,DRY_RUN,INTENT_ONLY,
2026-08-14T17:43:53.008760+00:00,2baa9cb74ee91453,CSM001xTSM001-2026-08-13-AMD-BUY-007,AMD,buy,,4000.0,SUBMISSION_BLOCKED_ALP003,DRY_RUN,INTENT_ONLY,
2026-08-14T17:43:53.009831+00:00,13d634112dc4f9b2,CSM001xTSM001-2026-08-13-AMKR-BUY-008,AMKR,buy,,4000.0,SUBMISSION_BLOCKED_ALP003,DRY_RUN,INTENT_ONLY,
2026-08-14T17:43:53.009831+00:00,693c1dae7865dae9,CSM001xTSM001-2026-08-13-AMRX-BUY-009,AMRX,buy,,4000.0,SUBMISSION_BLOCKED_ALP003,DRY_RUN,INTENT_ONLY,
2026-08-14T17:43:53.010835+00:00,b420b1bc02df7d64,CSM001xTSM001-2026-08-13-ANAB-BUY-010,ANAB,buy,,4000.0,SUBMISSION_BLOCKED_ALP003,DRY_RUN,INTENT_ONLY,
2026-08-14T17:43:53.010835+00:00,18bd21a750bef7e0,CSM001xTSM001-2026-08-13-ANNX-BUY-011,ANNX,buy,,4000.0,SUBMISSION_BLOCKED_ALP003,DRY_RUN,INTENT_ONLY,
2026-08-14T17:43:53.010835+00:00,52ac6b5b26d7d353,CSM001xTSM001-2026-08-13-APPS-BUY-012,APPS,buy,,4000.0,SUBMISSION_BLOCKED_ALP003,DRY_RUN,INTENT_ONLY,
2026-08-14T17:43:53.011901+00:00,3254345f378e5d9b,CSM001xTSM001-2026-08-13-ARCB-BUY-013,ARCB,buy,,4000.0,SUBMISSION_BLOCKED_ALP003,DRY_RUN,INTENT_ONLY,
2026-08-14T17:43:53.011901+00:00,68605f3e6d066752,CSM001xTSM001-2026-08-13-ARWR-BUY-014,ARWR,buy,,4000.0,SUBMISSION_BLOCKED_ALP003,DRY_RUN,INTENT_ONLY,
2026-08-14T17:43:53.011901+00:00,1de3da8214c79622,CSM001xTSM001-2026-08-13-ASML-BUY-015,ASML,buy,,4000.0,SUBMISSION_BLOCKED_ALP003,DRY_RUN,INTENT_ONLY,
2026-08-14T17:43:53.013410+00:00,c1b95f13389a5fec,CSM001xTSM001-2026-08-13-ATEX-BUY-016,ATEX,buy,,4000.0,SUBMISSION_BLOCKED_ALP003,DRY_RUN,INTENT_ONLY,
2026-08-14T17:43:53.013410+00:00,033805b131863b49,CSM001xTSM001-2026-08-13-ATRO-BUY-017,ATRO,buy,,4000.0,SUBMISSION_BLOCKED_ALP003,DRY_RUN,INTENT_ONLY,
2026-08-14T17:43:53.014570+00:00,3c25cf0ee53452ac,CSM001xTSM001-2026-08-13-AXGN-BUY-018,AXGN,buy,,4000.0,SUBMISSION_BLOCKED_ALP003,DRY_RUN,INTENT_ONLY,
2026-08-14T17:43:53.014570+00:00,3988c69e066634a8,CSM001xTSM001-2026-08-13-AXSM-BUY-019,AXSM,buy,,4000.0,SUBMISSION_BLOCKED_ALP003,DRY_RUN,INTENT_ONLY,
2026-08-14T17:43:53.015576+00:00,8126d5b92c1f89ac,CSM001xTSM001-2026-08-13-AXTI-BUY-020,AXTI,buy,,4000.0,SUBMISSION_BLOCKED_ALP003,DRY_RUN,INTENT_ONLY,
2026-08-14T17:43:53.015576+00:00,908eddd8611857c1,CSM001xTSM001-2026-08-13-BAND-BUY-021,BAND,buy,,4000.0,SUBMISSION_BLOCKED_ALP003,DRY_RUN,INTENT_ONLY,
2026-08-14T17:43:53.016692+00:00,7d8a84c219d3cf6c,CSM001xTSM001-2026-08-13-BELFB-BUY-022,BELFB,buy,,4000.0,SUBMISSION_BLOCKED_ALP003,DRY_RUN,INTENT_ONLY,
2026-08-14T17:43:53.016692+00:00,4cdd56cdcd4a3936,CSM001xTSM001-2026-08-13-CALY-BUY-023,CALY,buy,,4000.0,SUBMISSION_BLOCKED_ALP003,DRY_RUN,INTENT_ONLY,
2026-08-14T17:43:53.016692+00:00,853010319f9c9d9c,CSM001xTSM001-2026-08-13-CDNA-BUY-024,CDNA,buy,,4000.0,SUBMISSION_BLOCKED_ALP003,DRY_RUN,INTENT_ONLY,
2026-08-14T17:43:53.017949+00:00,2669ee7fa8a5dff8,CSM001xTSM001-2026-08-13-CERS-BUY-025,CERS,buy,,4000.0,SUBMISSION_BLOCKED_ALP003,DRY_RUN,INTENT_ONLY,
2026-08-14T17:43:56.108830+00:00,b011cda240b4f819,CSM001xTSM001-2026-08-13-AAOI-BUY-001,AAOI,buy,,4000.0,SUBMISSION_BLOCKED_ALP003,DRY_RUN,INTENT_ONLY,
2026-08-14T17:43:56.108830+00:00,3e2abbdd836d63c8,CSM001xTSM001-2026-08-13-ACMR-BUY-002,ACMR,buy,,4000.0,SUBMISSION_BLOCKED_ALP003,DRY_RUN,INTENT_ONLY,
2026-08-14T17:43:56.109837+00:00,00a964ea09b46040,CSM001xTSM001-2026-08-13-ACRS-BUY-003,ACRS,buy,,4000.0,SUBMISSION_BLOCKED_ALP003,DRY_RUN,INTENT_ONLY,
2026-08-14T17:43:56.109837+00:00,7b3e87a2bdbeca8e,CSM001xTSM001-2026-08-13-AEIS-BUY-004,AEIS,buy,,4000.0,SUBMISSION_BLOCKED_ALP003,DRY_RUN,INTENT_ONLY,
2026-08-14T17:43:56.109837+00:00,2e4bc4ad54de7927,CSM001xTSM001-2026-08-13-ALXO-BUY-005,ALXO,buy,,4000.0,SUBMISSION_BLOCKED_ALP003,DRY_RUN,INTENT_ONLY,
2026-08-14T17:43:56.111099+00:00,f5f16bfe9196e434,CSM001xTSM001-2026-08-13-AMAT-BUY-006,AMAT,buy,,4000.0,SUBMISSION_BLOCKED_ALP003,DRY_RUN,INTENT_ONLY,
2026-08-14T17:43:56.112096+00:00,2baa9cb74ee91453,CSM001xTSM001-2026-08-13-AMD-BUY-007,AMD,buy,,4000.0,SUBMISSION_BLOCKED_ALP003,DRY_RUN,INTENT_ONLY,
2026-08-14T17:43:56.112096+00:00,13d634112dc4f9b2,CSM001xTSM001-2026-08-13-AMKR-BUY-008,AMKR,buy,,4000.0,SUBMISSION_BLOCKED_ALP003,DRY_RUN,INTENT_ONLY,
2026-08-14T17:43:56.112096+00:00,693c1dae7865dae9,CSM001xTSM001-2026-08-13-AMRX-BUY-009,AMRX,buy,,4000.0,SUBMISSION_BLOCKED_ALP003,DRY_RUN,INTENT_ONLY,
2026-08-14T17:43:56.113605+00:00,b420b1bc02df7d64,CSM001xTSM001-2026-08-13-ANAB-BUY-010,ANAB,buy,,4000.0,SUBMISSION_BLOCKED_ALP003,DRY_RUN,INTENT_ONLY,
2026-08-14T17:43:56.113605+00:00,18bd21a750bef7e0,CSM001xTSM001-2026-08-13-ANNX-BUY-011,ANNX,buy,,4000.0,SUBMISSION_BLOCKED_ALP003,DRY_RUN,INTENT_ONLY,
2026-08-14T17:43:56.113605+00:00,52ac6b5b26d7d353,CSM001xTSM001-2026-08-13-APPS-BUY-012,APPS,buy,,4000.0,SUBMISSION_BLOCKED_ALP003,DRY_RUN,INTENT_ONLY,
2026-08-14T17:43:56.114638+00:00,3254345f378e5d9b,CSM001xTSM001-2026-08-13-ARCB-BUY-013,ARCB,buy,,4000.0,SUBMISSION_BLOCKED_ALP003,DRY_RUN,INTENT_ONLY,
2026-08-14T17:43:56.114638+00:00,68605f3e6d066752,CSM001xTSM001-2026-08-13-ARWR-BUY-014,ARWR,buy,,4000.0,SUBMISSION_BLOCKED_ALP003,DRY_RUN,INTENT_ONLY,
2026-08-14T17:43:56.115635+00:00,1de3da8214c79622,CSM001xTSM001-2026-08-13-ASML-BUY-015,ASML,buy,,4000.0,SUBMISSION_BLOCKED_ALP003,DRY_RUN,INTENT_ONLY,
2026-08-14T17:43:56.115635+00:00,c1b95f13389a5fec,CSM001xTSM001-2026-08-13-ATEX-BUY-016,ATEX,buy,,4000.0,SUBMISSION_BLOCKED_ALP003,DRY_RUN,INTENT_ONLY,
2026-08-14T17:43:56.115635+00:00,033805b131863b49,CSM001xTSM001-2026-08-13-ATRO-BUY-017,ATRO,buy,,4000.0,SUBMISSION_BLOCKED_ALP003,DRY_RUN,INTENT_ONLY,
2026-08-14T17:43:56.115635+00:00,3c25cf0ee53452ac,CSM001xTSM001-2026-08-13-AXGN-BUY-018,AXGN,buy,,4000.0,SUBMISSION_BLOCKED_ALP003,DRY_RUN,INTENT_ONLY,
2026-08-14T17:43:56.115635+00:00,3988c69e066634a8,CSM001xTSM001-2026-08-13-AXSM-BUY-019,AXSM,buy,,4000.0,SUBMISSION_BLOCKED_ALP003,DRY_RUN,INTENT_ONLY,
2026-08-14T17:43:56.117125+00:00,8126d5b92c1f89ac,CSM001xTSM001-2026-08-13-AXTI-BUY-020,AXTI,buy,,4000.0,SUBMISSION_BLOCKED_ALP003,DRY_RUN,INTENT_ONLY,
2026-08-14T17:43:56.117125+00:00,908eddd8611857c1,CSM001xTSM001-2026-08-13-BAND-BUY-021,BAND,buy,,4000.0,SUBMISSION_BLOCKED_ALP003,DRY_RUN,INTENT_ONLY,
2026-08-14T17:43:56.117125+00:00,7d8a84c219d3cf6c,CSM001xTSM001-2026-08-13-BELFB-BUY-022,BELFB,buy,,4000.0,SUBMISSION_BLOCKED_ALP003,DRY_RUN,INTENT_ONLY,
2026-08-14T17:43:56.118154+00:00,4cdd56cdcd4a3936,CSM001xTSM001-2026-08-13-CALY-BUY-023,CALY,buy,,4000.0,SUBMISSION_BLOCKED_ALP003,DRY_RUN,INTENT_ONLY,
2026-08-14T17:43:56.118154+00:00,853010319f9c9d9c,CSM001xTSM001-2026-08-13-CDNA-BUY-024,CDNA,buy,,4000.0,SUBMISSION_BLOCKED_ALP003,DRY_RUN,INTENT_ONLY,
2026-08-14T17:43:56.118154+00:00,2669ee7fa8a5dff8,CSM001xTSM001-2026-08-13-CERS-BUY-025,CERS,buy,,4000.0,SUBMISSION_BLOCKED_ALP003,DRY_RUN,INTENT_ONLY,
2026-08-14T17:44:28.296088+00:00,b011cda240b4f819,CSM001xTSM001-2026-08-13-AAOI-BUY-001,AAOI,buy,,4000.0,SUBMISSION_BLOCKED_ALP003,DRY_RUN,INTENT_ONLY,
2026-08-14T17:44:28.296088+00:00,3e2abbdd836d63c8,CSM001xTSM001-2026-08-13-ACMR-BUY-002,ACMR,buy,,4000.0,SUBMISSION_BLOCKED_ALP003,DRY_RUN,INTENT_ONLY,
2026-08-14T17:44:28.296088+00:00,00a964ea09b46040,CSM001xTSM001-2026-08-13-ACRS-BUY-003,ACRS,buy,,4000.0,SUBMISSION_BLOCKED_ALP003,DRY_RUN,INTENT_ONLY,
2026-08-14T17:44:28.298592+00:00,7b3e87a2bdbeca8e,CSM001xTSM001-2026-08-13-AEIS-BUY-004,AEIS,buy,,4000.0,SUBMISSION_BLOCKED_ALP003,DRY_RUN,INTENT_ONLY,
2026-08-14T17:44:28.298592+00:00,2e4bc4ad54de7927,CSM001xTSM001-2026-08-13-ALXO-BUY-005,ALXO,buy,,4000.0,SUBMISSION_BLOCKED_ALP003,DRY_RUN,INTENT_ONLY,
2026-08-14T17:44:28.299979+00:00,f5f16bfe9196e434,CSM001xTSM001-2026-08-13-AMAT-BUY-006,AMAT,buy,,4000.0,SUBMISSION_BLOCKED_ALP003,DRY_RUN,INTENT_ONLY,
2026-08-14T17:44:28.299979+00:00,2baa9cb74ee91453,CSM001xTSM001-2026-08-13-AMD-BUY-007,AMD,buy,,4000.0,SUBMISSION_BLOCKED_ALP003,DRY_RUN,INTENT_ONLY,
2026-08-14T17:44:28.301310+00:00,13d634112dc4f9b2,CSM001xTSM001-2026-08-13-AMKR-BUY-008,AMKR,buy,,4000.0,SUBMISSION_BLOCKED_ALP003,DRY_RUN,INTENT_ONLY,
2026-08-14T17:44:28.301310+00:00,693c1dae7865dae9,CSM001xTSM001-2026-08-13-AMRX-BUY-009,AMRX,buy,,4000.0,SUBMISSION_BLOCKED_ALP003,DRY_RUN,INTENT_ONLY,
2026-08-14T17:44:28.302307+00:00,b420b1bc02df7d64,CSM001xTSM001-2026-08-13-ANAB-BUY-010,ANAB,buy,,4000.0,SUBMISSION_BLOCKED_ALP003,DRY_RUN,INTENT_ONLY,
2026-08-14T17:44:28.302307+00:00,18bd21a750bef7e0,CSM001xTSM001-2026-08-13-ANNX-BUY-011,ANNX,buy,,4000.0,SUBMISSION_BLOCKED_ALP003,DRY_RUN,INTENT_ONLY,
2026-08-14T17:44:28.302307+00:00,52ac6b5b26d7d353,CSM001xTSM001-2026-08-13-APPS-BUY-012,APPS,buy,,4000.0,SUBMISSION_BLOCKED_ALP003,DRY_RUN,INTENT_ONLY,
2026-08-14T17:44:28.303815+00:00,3254345f378e5d9b,CSM001xTSM001-2026-08-13-ARCB-BUY-013,ARCB,buy,,4000.0,SUBMISSION_BLOCKED_ALP003,DRY_RUN,INTENT_ONLY,
2026-08-14T17:44:28.303815+00:00,68605f3e6d066752,CSM001xTSM001-2026-08-13-ARWR-BUY-014,ARWR,buy,,4000.0,SUBMISSION_BLOCKED_ALP003,DRY_RUN,INTENT_ONLY,
2026-08-14T17:44:28.304981+00:00,1de3da8214c79622,CSM001xTSM001-2026-08-13-ASML-BUY-015,ASML,buy,,4000.0,SUBMISSION_BLOCKED_ALP003,DRY_RUN,INTENT_ONLY,
2026-08-14T17:44:28.304981+00:00,c1b95f13389a5fec,CSM001xTSM001-2026-08-13-ATEX-BUY-016,ATEX,buy,,4000.0,SUBMISSION_BLOCKED_ALP003,DRY_RUN,INTENT_ONLY,
2026-08-14T17:44:28.306315+00:00,033805b131863b49,CSM001xTSM001-2026-08-13-ATRO-BUY-017,ATRO,buy,,4000.0,SUBMISSION_BLOCKED_ALP003,DRY_RUN,INTENT_ONLY,
2026-08-14T17:44:28.306315+00:00,3c25cf0ee53452ac,CSM001xTSM001-2026-08-13-AXGN-BUY-018,AXGN,buy,,4000.0,SUBMISSION_BLOCKED_ALP003,DRY_RUN,INTENT_ONLY,
2026-08-14T17:44:28.307309+00:00,3988c69e066634a8,CSM001xTSM001-2026-08-13-AXSM-BUY-019,AXSM,buy,,4000.0,SUBMISSION_BLOCKED_ALP003,DRY_RUN,INTENT_ONLY,
2026-08-14T17:44:28.307309+00:00,8126d5b92c1f89ac,CSM001xTSM001-2026-08-13-AXTI-BUY-020,AXTI,buy,,4000.0,SUBMISSION_BLOCKED_ALP003,DRY_RUN,INTENT_ONLY,
2026-08-14T17:44:28.308579+00:00,908eddd8611857c1,CSM001xTSM001-2026-08-13-BAND-BUY-021,BAND,buy,,4000.0,SUBMISSION_BLOCKED_ALP003,DRY_RUN,INTENT_ONLY,
2026-08-14T17:44:28.309660+00:00,7d8a84c219d3cf6c,CSM001xTSM001-2026-08-13-BELFB-BUY-022,BELFB,buy,,4000.0,SUBMISSION_BLOCKED_ALP003,DRY_RUN,INTENT_ONLY,
2026-08-14T17:44:28.309660+00:00,4cdd56cdcd4a3936,CSM001xTSM001-2026-08-13-CALY-BUY-023,CALY,buy,,4000.0,SUBMISSION_BLOCKED_ALP003,DRY_RUN,INTENT_ONLY,
2026-08-14T17:44:28.309660+00:00,853010319f9c9d9c,CSM001xTSM001-2026-08-13-CDNA-BUY-024,CDNA,buy,,4000.0,SUBMISSION_BLOCKED_ALP003,DRY_RUN,INTENT_ONLY,
2026-08-14T17:44:28.310678+00:00,2669ee7fa8a5dff8,CSM001xTSM001-2026-08-13-CERS-BUY-025,CERS,buy,,4000.0,SUBMISSION_BLOCKED_ALP003,DRY_RUN,INTENT_ONLY,
2026-08-14T17:46:26.927265+00:00,b011cda240b4f819,CSM001xTSM001-2026-08-13-AAOI-BUY-001,AAOI,buy,,4000.0,SUBMISSION_BLOCKED_ALP003,DRY_RUN,INTENT_ONLY,
2026-08-14T17:46:26.928491+00:00,3e2abbdd836d63c8,CSM001xTSM001-2026-08-13-ACMR-BUY-002,ACMR,buy,,4000.0,SUBMISSION_BLOCKED_ALP003,DRY_RUN,INTENT_ONLY,
2026-08-14T17:46:26.928491+00:00,00a964ea09b46040,CSM001xTSM001-2026-08-13-ACRS-BUY-003,ACRS,buy,,4000.0,SUBMISSION_BLOCKED_ALP003,DRY_RUN,INTENT_ONLY,
2026-08-14T17:46:26.929492+00:00,7b3e87a2bdbeca8e,CSM001xTSM001-2026-08-13-AEIS-BUY-004,AEIS,buy,,4000.0,SUBMISSION_BLOCKED_ALP003,DRY_RUN,INTENT_ONLY,
2026-08-14T17:46:26.930489+00:00,2e4bc4ad54de7927,CSM001xTSM001-2026-08-13-ALXO-BUY-005,ALXO,buy,,4000.0,SUBMISSION_BLOCKED_ALP003,DRY_RUN,INTENT_ONLY,
2026-08-14T17:46:26.930489+00:00,f5f16bfe9196e434,CSM001xTSM001-2026-08-13-AMAT-BUY-006,AMAT,buy,,4000.0,SUBMISSION_BLOCKED_ALP003,DRY_RUN,INTENT_ONLY,
2026-08-14T17:46:26.931487+00:00,2baa9cb74ee91453,CSM001xTSM001-2026-08-13-AMD-BUY-007,AMD,buy,,4000.0,SUBMISSION_BLOCKED_ALP003,DRY_RUN,INTENT_ONLY,
2026-08-14T17:46:26.931487+00:00,13d634112dc4f9b2,CSM001xTSM001-2026-08-13-AMKR-BUY-008,AMKR,buy,,4000.0,SUBMISSION_BLOCKED_ALP003,DRY_RUN,INTENT_ONLY,
2026-08-14T17:46:26.931487+00:00,693c1dae7865dae9,CSM001xTSM001-2026-08-13-AMRX-BUY-009,AMRX,buy,,4000.0,SUBMISSION_BLOCKED_ALP003,DRY_RUN,INTENT_ONLY,
2026-08-14T17:46:26.932659+00:00,b420b1bc02df7d64,CSM001xTSM001-2026-08-13-ANAB-BUY-010,ANAB,buy,,4000.0,SUBMISSION_BLOCKED_ALP003,DRY_RUN,INTENT_ONLY,
2026-08-14T17:46:26.932659+00:00,18bd21a750bef7e0,CSM001xTSM001-2026-08-13-ANNX-BUY-011,ANNX,buy,,4000.0,SUBMISSION_BLOCKED_ALP003,DRY_RUN,INTENT_ONLY,
2026-08-14T17:46:26.933661+00:00,52ac6b5b26d7d353,CSM001xTSM001-2026-08-13-APPS-BUY-012,APPS,buy,,4000.0,SUBMISSION_BLOCKED_ALP003,DRY_RUN,INTENT_ONLY,
2026-08-14T17:46:26.934673+00:00,3254345f378e5d9b,CSM001xTSM001-2026-08-13-ARCB-BUY-013,ARCB,buy,,4000.0,SUBMISSION_BLOCKED_ALP003,DRY_RUN,INTENT_ONLY,
2026-08-14T17:46:26.934673+00:00,68605f3e6d066752,CSM001xTSM001-2026-08-13-ARWR-BUY-014,ARWR,buy,,4000.0,SUBMISSION_BLOCKED_ALP003,DRY_RUN,INTENT_ONLY,
2026-08-14T17:46:26.934673+00:00,1de3da8214c79622,CSM001xTSM001-2026-08-13-ASML-BUY-015,ASML,buy,,4000.0,SUBMISSION_BLOCKED_ALP003,DRY_RUN,INTENT_ONLY,
2026-08-14T17:46:26.935655+00:00,c1b95f13389a5fec,CSM001xTSM001-2026-08-13-ATEX-BUY-016,ATEX,buy,,4000.0,SUBMISSION_BLOCKED_ALP003,DRY_RUN,INTENT_ONLY,
2026-08-14T17:46:26.935655+00:00,033805b131863b49,CSM001xTSM001-2026-08-13-ATRO-BUY-017,ATRO,buy,,4000.0,SUBMISSION_BLOCKED_ALP003,DRY_RUN,INTENT_ONLY,
2026-08-14T17:46:26.936159+00:00,3c25cf0ee53452ac,CSM001xTSM001-2026-08-13-AXGN-BUY-018,AXGN,buy,,4000.0,SUBMISSION_BLOCKED_ALP003,DRY_RUN,INTENT_ONLY,
2026-08-14T17:46:26.936159+00:00,3988c69e066634a8,CSM001xTSM001-2026-08-13-AXSM-BUY-019,AXSM,buy,,4000.0,SUBMISSION_BLOCKED_ALP003,DRY_RUN,INTENT_ONLY,
2026-08-14T17:46:26.936159+00:00,8126d5b92c1f89ac,CSM001xTSM001-2026-08-13-AXTI-BUY-020,AXTI,buy,,4000.0,SUBMISSION_BLOCKED_ALP003,DRY_RUN,INTENT_ONLY,
2026-08-14T17:46:26.936159+00:00,908eddd8611857c1,CSM001xTSM001-2026-08-13-BAND-BUY-021,BAND,buy,,4000.0,SUBMISSION_BLOCKED_ALP003,DRY_RUN,INTENT_ONLY,
2026-08-14T17:46:26.938307+00:00,7d8a84c219d3cf6c,CSM001xTSM001-2026-08-13-BELFB-BUY-022,BELFB,buy,,4000.0,SUBMISSION_BLOCKED_ALP003,DRY_RUN,INTENT_ONLY,
2026-08-14T17:46:26.938307+00:00,4cdd56cdcd4a3936,CSM001xTSM001-2026-08-13-CALY-BUY-023,CALY,buy,,4000.0,SUBMISSION_BLOCKED_ALP003,DRY_RUN,INTENT_ONLY,
2026-08-14T17:46:26.938307+00:00,853010319f9c9d9c,CSM001xTSM001-2026-08-13-CDNA-BUY-024,CDNA,buy,,4000.0,SUBMISSION_BLOCKED_ALP003,DRY_RUN,INTENT_ONLY,
2026-08-14T17:46:26.939348+00:00,2669ee7fa8a5dff8,CSM001xTSM001-2026-08-13-CERS-BUY-025,CERS,buy,,4000.0,SUBMISSION_BLOCKED_ALP003,DRY_RUN,INTENT_ONLY,
2026-08-14T17:46:27.481562+00:00,b011cda240b4f819,CSM001xTSM001-2026-08-13-AAOI-BUY-001,AAOI,buy,,4000.0,SUBMISSION_BLOCKED_ALP003,DRY_RUN,INTENT_ONLY,
2026-08-14T17:46:27.481562+00:00,3e2abbdd836d63c8,CSM001xTSM001-2026-08-13-ACMR-BUY-002,ACMR,buy,,4000.0,SUBMISSION_BLOCKED_ALP003,DRY_RUN,INTENT_ONLY,
2026-08-14T17:46:27.482669+00:00,00a964ea09b46040,CSM001xTSM001-2026-08-13-ACRS-BUY-003,ACRS,buy,,4000.0,SUBMISSION_BLOCKED_ALP003,DRY_RUN,INTENT_ONLY,
2026-08-14T17:46:27.482669+00:00,7b3e87a2bdbeca8e,CSM001xTSM001-2026-08-13-AEIS-BUY-004,AEIS,buy,,4000.0,SUBMISSION_BLOCKED_ALP003,DRY_RUN,INTENT_ONLY,
2026-08-14T17:46:27.482669+00:00,2e4bc4ad54de7927,CSM001xTSM001-2026-08-13-ALXO-BUY-005,ALXO,buy,,4000.0,SUBMISSION_BLOCKED_ALP003,DRY_RUN,INTENT_ONLY,
2026-08-14T17:46:27.484100+00:00,f5f16bfe9196e434,CSM001xTSM001-2026-08-13-AMAT-BUY-006,AMAT,buy,,4000.0,SUBMISSION_BLOCKED_ALP003,DRY_RUN,INTENT_ONLY,
2026-08-14T17:46:27.484100+00:00,2baa9cb74ee91453,CSM001xTSM001-2026-08-13-AMD-BUY-007,AMD,buy,,4000.0,SUBMISSION_BLOCKED_ALP003,DRY_RUN,INTENT_ONLY,
2026-08-14T17:46:27.484100+00:00,13d634112dc4f9b2,CSM001xTSM001-2026-08-13-AMKR-BUY-008,AMKR,buy,,4000.0,SUBMISSION_BLOCKED_ALP003,DRY_RUN,INTENT_ONLY,
2026-08-14T17:46:27.484100+00:00,693c1dae7865dae9,CSM001xTSM001-2026-08-13-AMRX-BUY-009,AMRX,buy,,4000.0,SUBMISSION_BLOCKED_ALP003,DRY_RUN,INTENT_ONLY,
2026-08-14T17:46:27.485609+00:00,b420b1bc02df7d64,CSM001xTSM001-2026-08-13-ANAB-BUY-010,ANAB,buy,,4000.0,SUBMISSION_BLOCKED_ALP003,DRY_RUN,INTENT_ONLY,
2026-08-14T17:46:27.485609+00:00,18bd21a750bef7e0,CSM001xTSM001-2026-08-13-ANNX-BUY-011,ANNX,buy,,4000.0,SUBMISSION_BLOCKED_ALP003,DRY_RUN,INTENT_ONLY,
2026-08-14T17:46:27.486674+00:00,52ac6b5b26d7d353,CSM001xTSM001-2026-08-13-APPS-BUY-012,APPS,buy,,4000.0,SUBMISSION_BLOCKED_ALP003,DRY_RUN,INTENT_ONLY,
2026-08-14T17:46:27.486674+00:00,3254345f378e5d9b,CSM001xTSM001-2026-08-13-ARCB-BUY-013,ARCB,buy,,4000.0,SUBMISSION_BLOCKED_ALP003,DRY_RUN,INTENT_ONLY,
2026-08-14T17:46:27.486674+00:00,68605f3e6d066752,CSM001xTSM001-2026-08-13-ARWR-BUY-014,ARWR,buy,,4000.0,SUBMISSION_BLOCKED_ALP003,DRY_RUN,INTENT_ONLY,
2026-08-14T17:46:27.486674+00:00,1de3da8214c79622,CSM001xTSM001-2026-08-13-ASML-BUY-015,ASML,buy,,4000.0,SUBMISSION_BLOCKED_ALP003,DRY_RUN,INTENT_ONLY,
2026-08-14T17:46:27.488147+00:00,c1b95f13389a5fec,CSM001xTSM001-2026-08-13-ATEX-BUY-016,ATEX,buy,,4000.0,SUBMISSION_BLOCKED_ALP003,DRY_RUN,INTENT_ONLY,
2026-08-14T17:46:27.488147+00:00,033805b131863b49,CSM001xTSM001-2026-08-13-ATRO-BUY-017,ATRO,buy,,4000.0,SUBMISSION_BLOCKED_ALP003,DRY_RUN,INTENT_ONLY,
2026-08-14T17:46:27.488147+00:00,3c25cf0ee53452ac,CSM001xTSM001-2026-08-13-AXGN-BUY-018,AXGN,buy,,4000.0,SUBMISSION_BLOCKED_ALP003,DRY_RUN,INTENT_ONLY,
2026-08-14T17:46:27.489153+00:00,3988c69e066634a8,CSM001xTSM001-2026-08-13-AXSM-BUY-019,AXSM,buy,,4000.0,SUBMISSION_BLOCKED_ALP003,DRY_RUN,INTENT_ONLY,
2026-08-14T17:46:27.489153+00:00,8126d5b92c1f89ac,CSM001xTSM001-2026-08-13-AXTI-BUY-020,AXTI,buy,,4000.0,SUBMISSION_BLOCKED_ALP003,DRY_RUN,INTENT_ONLY,
2026-08-14T17:46:27.489153+00:00,908eddd8611857c1,CSM001xTSM001-2026-08-13-BAND-BUY-021,BAND,buy,,4000.0,SUBMISSION_BLOCKED_ALP003,DRY_RUN,INTENT_ONLY,
2026-08-14T17:46:27.489153+00:00,7d8a84c219d3cf6c,CSM001xTSM001-2026-08-13-BELFB-BUY-022,BELFB,buy,,4000.0,SUBMISSION_BLOCKED_ALP003,DRY_RUN,INTENT_ONLY,
2026-08-14T17:46:27.490350+00:00,4cdd56cdcd4a3936,CSM001xTSM001-2026-08-13-CALY-BUY-023,CALY,buy,,4000.0,SUBMISSION_BLOCKED_ALP003,DRY_RUN,INTENT_ONLY,
2026-08-14T17:46:27.490350+00:00,853010319f9c9d9c,CSM001xTSM001-2026-08-13-CDNA-BUY-024,CDNA,buy,,4000.0,SUBMISSION_BLOCKED_ALP003,DRY_RUN,INTENT_ONLY,
2026-08-14T17:46:27.490350+00:00,2669ee7fa8a5dff8,CSM001xTSM001-2026-08-13-CERS-BUY-025,CERS,buy,,4000.0,SUBMISSION_BLOCKED_ALP003,DRY_RUN,INTENT_ONLY,
2026-08-14T17:47:12.720566+00:00,b011cda240b4f819,CSM001xTSM001-2026-08-13-AAOI-BUY-001,AAOI,buy,,4000.0,SUBMISSION_BLOCKED_ALP003,DRY_RUN,INTENT_ONLY,
2026-08-14T17:47:12.720566+00:00,3e2abbdd836d63c8,CSM001xTSM001-2026-08-13-ACMR-BUY-002,ACMR,buy,,4000.0,SUBMISSION_BLOCKED_ALP003,DRY_RUN,INTENT_ONLY,
2026-08-14T17:47:12.720566+00:00,00a964ea09b46040,CSM001xTSM001-2026-08-13-ACRS-BUY-003,ACRS,buy,,4000.0,SUBMISSION_BLOCKED_ALP003,DRY_RUN,INTENT_ONLY,
2026-08-14T17:47:12.721563+00:00,7b3e87a2bdbeca8e,CSM001xTSM001-2026-08-13-AEIS-BUY-004,AEIS,buy,,4000.0,SUBMISSION_BLOCKED_ALP003,DRY_RUN,INTENT_ONLY,
2026-08-14T17:47:12.721563+00:00,2e4bc4ad54de7927,CSM001xTSM001-2026-08-13-ALXO-BUY-005,ALXO,buy,,4000.0,SUBMISSION_BLOCKED_ALP003,DRY_RUN,INTENT_ONLY,
2026-08-14T17:47:12.721563+00:00,f5f16bfe9196e434,CSM001xTSM001-2026-08-13-AMAT-BUY-006,AMAT,buy,,4000.0,SUBMISSION_BLOCKED_ALP003,DRY_RUN,INTENT_ONLY,
2026-08-14T17:47:12.722560+00:00,2baa9cb74ee91453,CSM001xTSM001-2026-08-13-AMD-BUY-007,AMD,buy,,4000.0,SUBMISSION_BLOCKED_ALP003,DRY_RUN,INTENT_ONLY,
2026-08-14T17:47:12.722560+00:00,13d634112dc4f9b2,CSM001xTSM001-2026-08-13-AMKR-BUY-008,AMKR,buy,,4000.0,SUBMISSION_BLOCKED_ALP003,DRY_RUN,INTENT_ONLY,
2026-08-14T17:47:12.722560+00:00,693c1dae7865dae9,CSM001xTSM001-2026-08-13-AMRX-BUY-009,AMRX,buy,,4000.0,SUBMISSION_BLOCKED_ALP003,DRY_RUN,INTENT_ONLY,
2026-08-14T17:47:12.723597+00:00,b420b1bc02df7d64,CSM001xTSM001-2026-08-13-ANAB-BUY-010,ANAB,buy,,4000.0,SUBMISSION_BLOCKED_ALP003,DRY_RUN,INTENT_ONLY,
2026-08-14T17:47:12.723597+00:00,18bd21a750bef7e0,CSM001xTSM001-2026-08-13-ANNX-BUY-011,ANNX,buy,,4000.0,SUBMISSION_BLOCKED_ALP003,DRY_RUN,INTENT_ONLY,
2026-08-14T17:47:12.723597+00:00,52ac6b5b26d7d353,CSM001xTSM001-2026-08-13-APPS-BUY-012,APPS,buy,,4000.0,SUBMISSION_BLOCKED_ALP003,DRY_RUN,INTENT_ONLY,
2026-08-14T17:47:12.724618+00:00,3254345f378e5d9b,CSM001xTSM001-2026-08-13-ARCB-BUY-013,ARCB,buy,,4000.0,SUBMISSION_BLOCKED_ALP003,DRY_RUN,INTENT_ONLY,
2026-08-14T17:47:12.724618+00:00,68605f3e6d066752,CSM001xTSM001-2026-08-13-ARWR-BUY-014,ARWR,buy,,4000.0,SUBMISSION_BLOCKED_ALP003,DRY_RUN,INTENT_ONLY,
2026-08-14T17:47:12.725655+00:00,1de3da8214c79622,CSM001xTSM001-2026-08-13-ASML-BUY-015,ASML,buy,,4000.0,SUBMISSION_BLOCKED_ALP003,DRY_RUN,INTENT_ONLY,
2026-08-14T17:47:12.726653+00:00,c1b95f13389a5fec,CSM001xTSM001-2026-08-13-ATEX-BUY-016,ATEX,buy,,4000.0,SUBMISSION_BLOCKED_ALP003,DRY_RUN,INTENT_ONLY,
2026-08-14T17:47:12.726653+00:00,033805b131863b49,CSM001xTSM001-2026-08-13-ATRO-BUY-017,ATRO,buy,,4000.0,SUBMISSION_BLOCKED_ALP003,DRY_RUN,INTENT_ONLY,
2026-08-14T17:47:12.727157+00:00,3c25cf0ee53452ac,CSM001xTSM001-2026-08-13-AXGN-BUY-018,AXGN,buy,,4000.0,SUBMISSION_BLOCKED_ALP003,DRY_RUN,INTENT_ONLY,
2026-08-14T17:47:12.727157+00:00,3988c69e066634a8,CSM001xTSM001-2026-08-13-AXSM-BUY-019,AXSM,buy,,4000.0,SUBMISSION_BLOCKED_ALP003,DRY_RUN,INTENT_ONLY,
2026-08-14T17:47:12.728165+00:00,8126d5b92c1f89ac,CSM001xTSM001-2026-08-13-AXTI-BUY-020,AXTI,buy,,4000.0,SUBMISSION_BLOCKED_ALP003,DRY_RUN,INTENT_ONLY,
2026-08-14T17:47:12.728165+00:00,908eddd8611857c1,CSM001xTSM001-2026-08-13-BAND-BUY-021,BAND,buy,,4000.0,SUBMISSION_BLOCKED_ALP003,DRY_RUN,INTENT_ONLY,
2026-08-14T17:47:12.729168+00:00,7d8a84c219d3cf6c,CSM001xTSM001-2026-08-13-BELFB-BUY-022,BELFB,buy,,4000.0,SUBMISSION_BLOCKED_ALP003,DRY_RUN,INTENT_ONLY,
2026-08-14T17:47:12.729168+00:00,4cdd56cdcd4a3936,CSM001xTSM001-2026-08-13-CALY-BUY-023,CALY,buy,,4000.0,SUBMISSION_BLOCKED_ALP003,DRY_RUN,INTENT_ONLY,
2026-08-14T17:47:12.729168+00:00,853010319f9c9d9c,CSM001xTSM001-2026-08-13-CDNA-BUY-024,CDNA,buy,,4000.0,SUBMISSION_BLOCKED_ALP003,DRY_RUN,INTENT_ONLY,
2026-08-14T17:47:12.730298+00:00,2669ee7fa8a5dff8,CSM001xTSM001-2026-08-13-CERS-BUY-025,CERS,buy,,4000.0,SUBMISSION_BLOCKED_ALP003,DRY_RUN,INTENT_ONLY,
2026-08-14T17:50:37.308596+00:00,b011cda240b4f819,CSM001xTSM001-2026-08-13-AAOI-BUY-001,AAOI,buy,,4000.0,SUBMISSION_BLOCKED_ALP003,DRY_RUN,INTENT_ONLY,
2026-08-14T17:50:37.308596+00:00,3e2abbdd836d63c8,CSM001xTSM001-2026-08-13-ACMR-BUY-002,ACMR,buy,,4000.0,SUBMISSION_BLOCKED_ALP003,DRY_RUN,INTENT_ONLY,
2026-08-14T17:50:37.308596+00:00,00a964ea09b46040,CSM001xTSM001-2026-08-13-ACRS-BUY-003,ACRS,buy,,4000.0,SUBMISSION_BLOCKED_ALP003,DRY_RUN,INTENT_ONLY,
2026-08-14T17:50:37.309601+00:00,7b3e87a2bdbeca8e,CSM001xTSM001-2026-08-13-AEIS-BUY-004,AEIS,buy,,4000.0,SUBMISSION_BLOCKED_ALP003,DRY_RUN,INTENT_ONLY,
2026-08-14T17:50:37.309601+00:00,2e4bc4ad54de7927,CSM001xTSM001-2026-08-13-ALXO-BUY-005,ALXO,buy,,4000.0,SUBMISSION_BLOCKED_ALP003,DRY_RUN,INTENT_ONLY,
2026-08-14T17:50:37.309601+00:00,f5f16bfe9196e434,CSM001xTSM001-2026-08-13-AMAT-BUY-006,AMAT,buy,,4000.0,SUBMISSION_BLOCKED_ALP003,DRY_RUN,INTENT_ONLY,
2026-08-14T17:50:37.310618+00:00,2baa9cb74ee91453,CSM001xTSM001-2026-08-13-AMD-BUY-007,AMD,buy,,4000.0,SUBMISSION_BLOCKED_ALP003,DRY_RUN,INTENT_ONLY,
2026-08-14T17:50:37.310618+00:00,13d634112dc4f9b2,CSM001xTSM001-2026-08-13-AMKR-BUY-008,AMKR,buy,,4000.0,SUBMISSION_BLOCKED_ALP003,DRY_RUN,INTENT_ONLY,
2026-08-14T17:50:37.311621+00:00,693c1dae7865dae9,CSM001xTSM001-2026-08-13-AMRX-BUY-009,AMRX,buy,,4000.0,SUBMISSION_BLOCKED_ALP003,DRY_RUN,INTENT_ONLY,
2026-08-14T17:50:37.311621+00:00,b420b1bc02df7d64,CSM001xTSM001-2026-08-13-ANAB-BUY-010,ANAB,buy,,4000.0,SUBMISSION_BLOCKED_ALP003,DRY_RUN,INTENT_ONLY,
2026-08-14T17:50:37.311621+00:00,18bd21a750bef7e0,CSM001xTSM001-2026-08-13-ANNX-BUY-011,ANNX,buy,,4000.0,SUBMISSION_BLOCKED_ALP003,DRY_RUN,INTENT_ONLY,
2026-08-14T17:50:37.312615+00:00,52ac6b5b26d7d353,CSM001xTSM001-2026-08-13-APPS-BUY-012,APPS,buy,,4000.0,SUBMISSION_BLOCKED_ALP003,DRY_RUN,INTENT_ONLY,
2026-08-14T17:50:37.312615+00:00,3254345f378e5d9b,CSM001xTSM001-2026-08-13-ARCB-BUY-013,ARCB,buy,,4000.0,SUBMISSION_BLOCKED_ALP003,DRY_RUN,INTENT_ONLY,
2026-08-14T17:50:37.312615+00:00,68605f3e6d066752,CSM001xTSM001-2026-08-13-ARWR-BUY-014,ARWR,buy,,4000.0,SUBMISSION_BLOCKED_ALP003,DRY_RUN,INTENT_ONLY,
2026-08-14T17:50:37.312615+00:00,1de3da8214c79622,CSM001xTSM001-2026-08-13-ASML-BUY-015,ASML,buy,,4000.0,SUBMISSION_BLOCKED_ALP003,DRY_RUN,INTENT_ONLY,
2026-08-14T17:50:37.312615+00:00,c1b95f13389a5fec,CSM001xTSM001-2026-08-13-ATEX-BUY-016,ATEX,buy,,4000.0,SUBMISSION_BLOCKED_ALP003,DRY_RUN,INTENT_ONLY,
2026-08-14T17:50:37.313971+00:00,033805b131863b49,CSM001xTSM001-2026-08-13-ATRO-BUY-017,ATRO,buy,,4000.0,SUBMISSION_BLOCKED_ALP003,DRY_RUN,INTENT_ONLY,
2026-08-14T17:50:37.313971+00:00,3c25cf0ee53452ac,CSM001xTSM001-2026-08-13-AXGN-BUY-018,AXGN,buy,,4000.0,SUBMISSION_BLOCKED_ALP003,DRY_RUN,INTENT_ONLY,
2026-08-14T17:50:37.313971+00:00,3988c69e066634a8,CSM001xTSM001-2026-08-13-AXSM-BUY-019,AXSM,buy,,4000.0,SUBMISSION_BLOCKED_ALP003,DRY_RUN,INTENT_ONLY,
2026-08-14T17:50:37.314974+00:00,8126d5b92c1f89ac,CSM001xTSM001-2026-08-13-AXTI-BUY-020,AXTI,buy,,4000.0,SUBMISSION_BLOCKED_ALP003,DRY_RUN,INTENT_ONLY,
2026-08-14T17:50:37.314974+00:00,908eddd8611857c1,CSM001xTSM001-2026-08-13-BAND-BUY-021,BAND,buy,,4000.0,SUBMISSION_BLOCKED_ALP003,DRY_RUN,INTENT_ONLY,
2026-08-14T17:50:37.314974+00:00,7d8a84c219d3cf6c,CSM001xTSM001-2026-08-13-BELFB-BUY-022,BELFB,buy,,4000.0,SUBMISSION_BLOCKED_ALP003,DRY_RUN,INTENT_ONLY,
2026-08-14T17:50:37.314974+00:00,4cdd56cdcd4a3936,CSM001xTSM001-2026-08-13-CALY-BUY-023,CALY,buy,,4000.0,SUBMISSION_BLOCKED_ALP003,DRY_RUN,INTENT_ONLY,
2026-08-14T17:50:37.315991+00:00,853010319f9c9d9c,CSM001xTSM001-2026-08-13-CDNA-BUY-024,CDNA,buy,,4000.0,SUBMISSION_BLOCKED_ALP003,DRY_RUN,INTENT_ONLY,
2026-08-14T17:50:37.315991+00:00,2669ee7fa8a5dff8,CSM001xTSM001-2026-08-13-CERS-BUY-025,CERS,buy,,4000.0,SUBMISSION_BLOCKED_ALP003,DRY_RUN,INTENT_ONLY,
2026-08-14T17:50:37.587070+00:00,b011cda240b4f819,CSM001xTSM001-2026-08-13-AAOI-BUY-001,AAOI,buy,,4000.0,SUBMISSION_BLOCKED_ALP003,DRY_RUN,INTENT_ONLY,
2026-08-14T17:50:37.587070+00:00,3e2abbdd836d63c8,CSM001xTSM001-2026-08-13-ACMR-BUY-002,ACMR,buy,,4000.0,SUBMISSION_BLOCKED_ALP003,DRY_RUN,INTENT_ONLY,
2026-08-14T17:50:37.587070+00:00,00a964ea09b46040,CSM001xTSM001-2026-08-13-ACRS-BUY-003,ACRS,buy,,4000.0,SUBMISSION_BLOCKED_ALP003,DRY_RUN,INTENT_ONLY,
2026-08-14T17:50:37.589275+00:00,7b3e87a2bdbeca8e,CSM001xTSM001-2026-08-13-AEIS-BUY-004,AEIS,buy,,4000.0,SUBMISSION_BLOCKED_ALP003,DRY_RUN,INTENT_ONLY,
2026-08-14T17:50:37.589275+00:00,2e4bc4ad54de7927,CSM001xTSM001-2026-08-13-ALXO-BUY-005,ALXO,buy,,4000.0,SUBMISSION_BLOCKED_ALP003,DRY_RUN,INTENT_ONLY,
2026-08-14T17:50:37.589275+00:00,f5f16bfe9196e434,CSM001xTSM001-2026-08-13-AMAT-BUY-006,AMAT,buy,,4000.0,SUBMISSION_BLOCKED_ALP003,DRY_RUN,INTENT_ONLY,
2026-08-14T17:50:37.590771+00:00,2baa9cb74ee91453,CSM001xTSM001-2026-08-13-AMD-BUY-007,AMD,buy,,4000.0,SUBMISSION_BLOCKED_ALP003,DRY_RUN,INTENT_ONLY,
2026-08-14T17:50:37.590771+00:00,13d634112dc4f9b2,CSM001xTSM001-2026-08-13-AMKR-BUY-008,AMKR,buy,,4000.0,SUBMISSION_BLOCKED_ALP003,DRY_RUN,INTENT_ONLY,
2026-08-14T17:50:37.591906+00:00,693c1dae7865dae9,CSM001xTSM001-2026-08-13-AMRX-BUY-009,AMRX,buy,,4000.0,SUBMISSION_BLOCKED_ALP003,DRY_RUN,INTENT_ONLY,
2026-08-14T17:50:37.591906+00:00,b420b1bc02df7d64,CSM001xTSM001-2026-08-13-ANAB-BUY-010,ANAB,buy,,4000.0,SUBMISSION_BLOCKED_ALP003,DRY_RUN,INTENT_ONLY,
2026-08-14T17:50:37.591906+00:00,18bd21a750bef7e0,CSM001xTSM001-2026-08-13-ANNX-BUY-011,ANNX,buy,,4000.0,SUBMISSION_BLOCKED_ALP003,DRY_RUN,INTENT_ONLY,
2026-08-14T17:50:37.592914+00:00,52ac6b5b26d7d353,CSM001xTSM001-2026-08-13-APPS-BUY-012,APPS,buy,,4000.0,SUBMISSION_BLOCKED_ALP003,DRY_RUN,INTENT_ONLY,
2026-08-14T17:50:37.592914+00:00,3254345f378e5d9b,CSM001xTSM001-2026-08-13-ARCB-BUY-013,ARCB,buy,,4000.0,SUBMISSION_BLOCKED_ALP003,DRY_RUN,INTENT_ONLY,
2026-08-14T17:50:37.593931+00:00,68605f3e6d066752,CSM001xTSM001-2026-08-13-ARWR-BUY-014,ARWR,buy,,4000.0,SUBMISSION_BLOCKED_ALP003,DRY_RUN,INTENT_ONLY,
2026-08-14T17:50:37.593931+00:00,1de3da8214c79622,CSM001xTSM001-2026-08-13-ASML-BUY-015,ASML,buy,,4000.0,SUBMISSION_BLOCKED_ALP003,DRY_RUN,INTENT_ONLY,
2026-08-14T17:50:37.593931+00:00,c1b95f13389a5fec,CSM001xTSM001-2026-08-13-ATEX-BUY-016,ATEX,buy,,4000.0,SUBMISSION_BLOCKED_ALP003,DRY_RUN,INTENT_ONLY,
2026-08-14T17:50:37.593931+00:00,033805b131863b49,CSM001xTSM001-2026-08-13-ATRO-BUY-017,ATRO,buy,,4000.0,SUBMISSION_BLOCKED_ALP003,DRY_RUN,INTENT_ONLY,
2026-08-14T17:50:37.595346+00:00,3c25cf0ee53452ac,CSM001xTSM001-2026-08-13-AXGN-BUY-018,AXGN,buy,,4000.0,SUBMISSION_BLOCKED_ALP003,DRY_RUN,INTENT_ONLY,
2026-08-14T17:50:37.595346+00:00,3988c69e066634a8,CSM001xTSM001-2026-08-13-AXSM-BUY-019,AXSM,buy,,4000.0,SUBMISSION_BLOCKED_ALP003,DRY_RUN,INTENT_ONLY,
2026-08-14T17:50:37.595346+00:00,8126d5b92c1f89ac,CSM001xTSM001-2026-08-13-AXTI-BUY-020,AXTI,buy,,4000.0,SUBMISSION_BLOCKED_ALP003,DRY_RUN,INTENT_ONLY,
2026-08-14T17:50:37.595346+00:00,908eddd8611857c1,CSM001xTSM001-2026-08-13-BAND-BUY-021,BAND,buy,,4000.0,SUBMISSION_BLOCKED_ALP003,DRY_RUN,INTENT_ONLY,
2026-08-14T17:50:37.596677+00:00,7d8a84c219d3cf6c,CSM001xTSM001-2026-08-13-BELFB-BUY-022,BELFB,buy,,4000.0,SUBMISSION_BLOCKED_ALP003,DRY_RUN,INTENT_ONLY,
2026-08-14T17:50:37.596677+00:00,4cdd56cdcd4a3936,CSM001xTSM001-2026-08-13-CALY-BUY-023,CALY,buy,,4000.0,SUBMISSION_BLOCKED_ALP003,DRY_RUN,INTENT_ONLY,
2026-08-14T17:50:37.596677+00:00,853010319f9c9d9c,CSM001xTSM001-2026-08-13-CDNA-BUY-024,CDNA,buy,,4000.0,SUBMISSION_BLOCKED_ALP003,DRY_RUN,INTENT_ONLY,
2026-08-14T17:50:37.597697+00:00,2669ee7fa8a5dff8,CSM001xTSM001-2026-08-13-CERS-BUY-025,CERS,buy,,4000.0,SUBMISSION_BLOCKED_ALP003,DRY_RUN,INTENT_ONLY,
2026-08-14T17:50:58.711216+00:00,b011cda240b4f819,CSM001xTSM001-2026-08-13-AAOI-BUY-001,AAOI,buy,,4000.0,SUBMISSION_BLOCKED_ALP003,DRY_RUN,INTENT_ONLY,
2026-08-14T17:50:58.711216+00:00,3e2abbdd836d63c8,CSM001xTSM001-2026-08-13-ACMR-BUY-002,ACMR,buy,,4000.0,SUBMISSION_BLOCKED_ALP003,DRY_RUN,INTENT_ONLY,
2026-08-14T17:50:58.712224+00:00,00a964ea09b46040,CSM001xTSM001-2026-08-13-ACRS-BUY-003,ACRS,buy,,4000.0,SUBMISSION_BLOCKED_ALP003,DRY_RUN,INTENT_ONLY,
2026-08-14T17:50:58.712224+00:00,7b3e87a2bdbeca8e,CSM001xTSM001-2026-08-13-AEIS-BUY-004,AEIS,buy,,4000.0,SUBMISSION_BLOCKED_ALP003,DRY_RUN,INTENT_ONLY,
2026-08-14T17:50:58.712224+00:00,2e4bc4ad54de7927,CSM001xTSM001-2026-08-13-ALXO-BUY-005,ALXO,buy,,4000.0,SUBMISSION_BLOCKED_ALP003,DRY_RUN,INTENT_ONLY,
2026-08-14T17:50:58.713468+00:00,f5f16bfe9196e434,CSM001xTSM001-2026-08-13-AMAT-BUY-006,AMAT,buy,,4000.0,SUBMISSION_BLOCKED_ALP003,DRY_RUN,INTENT_ONLY,
2026-08-14T17:50:58.713468+00:00,2baa9cb74ee91453,CSM001xTSM001-2026-08-13-AMD-BUY-007,AMD,buy,,4000.0,SUBMISSION_BLOCKED_ALP003,DRY_RUN,INTENT_ONLY,
2026-08-14T17:50:58.713468+00:00,13d634112dc4f9b2,CSM001xTSM001-2026-08-13-AMKR-BUY-008,AMKR,buy,,4000.0,SUBMISSION_BLOCKED_ALP003,DRY_RUN,INTENT_ONLY,
2026-08-14T17:50:58.713468+00:00,693c1dae7865dae9,CSM001xTSM001-2026-08-13-AMRX-BUY-009,AMRX,buy,,4000.0,SUBMISSION_BLOCKED_ALP003,DRY_RUN,INTENT_ONLY,
2026-08-14T17:50:58.714645+00:00,b420b1bc02df7d64,CSM001xTSM001-2026-08-13-ANAB-BUY-010,ANAB,buy,,4000.0,SUBMISSION_BLOCKED_ALP003,DRY_RUN,INTENT_ONLY,
2026-08-14T17:50:58.714645+00:00,18bd21a750bef7e0,CSM001xTSM001-2026-08-13-ANNX-BUY-011,ANNX,buy,,4000.0,SUBMISSION_BLOCKED_ALP003,DRY_RUN,INTENT_ONLY,
2026-08-14T17:50:58.714645+00:00,52ac6b5b26d7d353,CSM001xTSM001-2026-08-13-APPS-BUY-012,APPS,buy,,4000.0,SUBMISSION_BLOCKED_ALP003,DRY_RUN,INTENT_ONLY,
2026-08-14T17:50:58.715651+00:00,3254345f378e5d9b,CSM001xTSM001-2026-08-13-ARCB-BUY-013,ARCB,buy,,4000.0,SUBMISSION_BLOCKED_ALP003,DRY_RUN,INTENT_ONLY,
2026-08-14T17:50:58.715651+00:00,68605f3e6d066752,CSM001xTSM001-2026-08-13-ARWR-BUY-014,ARWR,buy,,4000.0,SUBMISSION_BLOCKED_ALP003,DRY_RUN,INTENT_ONLY,
2026-08-14T17:50:58.715651+00:00,1de3da8214c79622,CSM001xTSM001-2026-08-13-ASML-BUY-015,ASML,buy,,4000.0,SUBMISSION_BLOCKED_ALP003,DRY_RUN,INTENT_ONLY,
2026-08-14T17:50:58.715651+00:00,c1b95f13389a5fec,CSM001xTSM001-2026-08-13-ATEX-BUY-016,ATEX,buy,,4000.0,SUBMISSION_BLOCKED_ALP003,DRY_RUN,INTENT_ONLY,
2026-08-14T17:50:58.716906+00:00,033805b131863b49,CSM001xTSM001-2026-08-13-ATRO-BUY-017,ATRO,buy,,4000.0,SUBMISSION_BLOCKED_ALP003,DRY_RUN,INTENT_ONLY,
2026-08-14T17:50:58.716906+00:00,3c25cf0ee53452ac,CSM001xTSM001-2026-08-13-AXGN-BUY-018,AXGN,buy,,4000.0,SUBMISSION_BLOCKED_ALP003,DRY_RUN,INTENT_ONLY,
2026-08-14T17:50:58.716906+00:00,3988c69e066634a8,CSM001xTSM001-2026-08-13-AXSM-BUY-019,AXSM,buy,,4000.0,SUBMISSION_BLOCKED_ALP003,DRY_RUN,INTENT_ONLY,
2026-08-14T17:50:58.718064+00:00,8126d5b92c1f89ac,CSM001xTSM001-2026-08-13-AXTI-BUY-020,AXTI,buy,,4000.0,SUBMISSION_BLOCKED_ALP003,DRY_RUN,INTENT_ONLY,
2026-08-14T17:50:58.718064+00:00,908eddd8611857c1,CSM001xTSM001-2026-08-13-BAND-BUY-021,BAND,buy,,4000.0,SUBMISSION_BLOCKED_ALP003,DRY_RUN,INTENT_ONLY,
2026-08-14T17:50:58.718064+00:00,7d8a84c219d3cf6c,CSM001xTSM001-2026-08-13-BELFB-BUY-022,BELFB,buy,,4000.0,SUBMISSION_BLOCKED_ALP003,DRY_RUN,INTENT_ONLY,
2026-08-14T17:50:58.718064+00:00,4cdd56cdcd4a3936,CSM001xTSM001-2026-08-13-CALY-BUY-023,CALY,buy,,4000.0,SUBMISSION_BLOCKED_ALP003,DRY_RUN,INTENT_ONLY,
2026-08-14T17:50:58.718064+00:00,853010319f9c9d9c,CSM001xTSM001-2026-08-13-CDNA-BUY-024,CDNA,buy,,4000.0,SUBMISSION_BLOCKED_ALP003,DRY_RUN,INTENT_ONLY,
2026-08-14T17:50:58.719570+00:00,2669ee7fa8a5dff8,CSM001xTSM001-2026-08-13-CERS-BUY-025,CERS,buy,,4000.0,SUBMISSION_BLOCKED_ALP003,DRY_RUN,INTENT_ONLY,
2026-08-24T23:17:32.609383+00:00,b98886aaef9cebe6,CSM001xTSM001-2026-08-24-AAOI-BUY-001,AAOI,buy,,4000.0,SUBMISSION_BLOCKED_ALP003,DRY_RUN,INTENT_ONLY,
2026-08-24T23:17:32.609383+00:00,a2e6764ee8a131df,CSM001xTSM001-2026-08-24-ACMR-BUY-002,ACMR,buy,,4000.0,SUBMISSION_BLOCKED_ALP003,DRY_RUN,INTENT_ONLY,
2026-08-24T23:17:32.609383+00:00,6c8b826b826bfef3,CSM001xTSM001-2026-08-24-ACRS-BUY-003,ACRS,buy,,4000.0,SUBMISSION_BLOCKED_ALP003,DRY_RUN,INTENT_ONLY,
2026-08-24T23:17:32.610396+00:00,e1a16516b0b50af0,CSM001xTSM001-2026-08-24-AEIS-BUY-004,AEIS,buy,,4000.0,SUBMISSION_BLOCKED_ALP003,DRY_RUN,INTENT_ONLY,
2026-08-24T23:17:32.610396+00:00,8b04cd052c9be883,CSM001xTSM001-2026-08-24-ALXO-BUY-005,ALXO,buy,,4000.0,SUBMISSION_BLOCKED_ALP003,DRY_RUN,INTENT_ONLY,
2026-08-24T23:17:32.611380+00:00,c55d5f9b5828aaae,CSM001xTSM001-2026-08-24-AMAT-BUY-006,AMAT,buy,,4000.0,SUBMISSION_BLOCKED_ALP003,DRY_RUN,INTENT_ONLY,
2026-08-24T23:17:32.611380+00:00,ee1f8122504bbb40,CSM001xTSM001-2026-08-24-AMD-BUY-007,AMD,buy,,4000.0,SUBMISSION_BLOCKED_ALP003,DRY_RUN,INTENT_ONLY,
2026-08-24T23:17:32.612379+00:00,bb8890118827649c,CSM001xTSM001-2026-08-24-AMKR-BUY-008,AMKR,buy,,4000.0,SUBMISSION_BLOCKED_ALP003,DRY_RUN,INTENT_ONLY,
2026-08-24T23:17:32.612379+00:00,84d38aa4b2d57124,CSM001xTSM001-2026-08-24-ANAB-BUY-009,ANAB,buy,,4000.0,SUBMISSION_BLOCKED_ALP003,DRY_RUN,INTENT_ONLY,
2026-08-24T23:17:32.613376+00:00,c1f4677120ed55b6,CSM001xTSM001-2026-08-24-ANDE-BUY-010,ANDE,buy,,4000.0,SUBMISSION_BLOCKED_ALP003,DRY_RUN,INTENT_ONLY,
2026-08-24T23:17:32.613376+00:00,d20a231b8e81d3ec,CSM001xTSM001-2026-08-24-ANNX-BUY-011,ANNX,buy,,4000.0,SUBMISSION_BLOCKED_ALP003,DRY_RUN,INTENT_ONLY,
2026-08-24T23:17:32.614447+00:00,74960114ee6e6f4d,CSM001xTSM001-2026-08-24-APPS-BUY-012,APPS,buy,,4000.0,SUBMISSION_BLOCKED_ALP003,DRY_RUN,INTENT_ONLY,
2026-08-24T23:17:32.614447+00:00,af1eecae20a19aba,CSM001xTSM001-2026-08-24-ARCB-BUY-013,ARCB,buy,,4000.0,SUBMISSION_BLOCKED_ALP003,DRY_RUN,INTENT_ONLY,
2026-08-24T23:17:32.615388+00:00,8eb7a64d294b758d,CSM001xTSM001-2026-08-24-ARWR-BUY-014,ARWR,buy,,4000.0,SUBMISSION_BLOCKED_ALP003,DRY_RUN,INTENT_ONLY,
2026-08-24T23:17:32.616398+00:00,dbb0024aa78bb9d8,CSM001xTSM001-2026-08-24-ASML-BUY-015,ASML,buy,,4000.0,SUBMISSION_BLOCKED_ALP003,DRY_RUN,INTENT_ONLY,
2026-08-24T23:17:32.616398+00:00,6c44372deaacd44f,CSM001xTSM001-2026-08-24-ATEX-BUY-016,ATEX,buy,,4000.0,SUBMISSION_BLOCKED_ALP003,DRY_RUN,INTENT_ONLY,
2026-08-24T23:17:32.617382+00:00,044c23b948680cb9,CSM001xTSM001-2026-08-24-ATRO-BUY-017,ATRO,buy,,4000.0,SUBMISSION_BLOCKED_ALP003,DRY_RUN,INTENT_ONLY,
2026-08-24T23:17:32.617382+00:00,b57d2d4334bd54b3,CSM001xTSM001-2026-08-24-AXGN-BUY-018,AXGN,buy,,4000.0,SUBMISSION_BLOCKED_ALP003,DRY_RUN,INTENT_ONLY,
2026-08-24T23:17:32.617382+00:00,d23b14657e43e6dd,CSM001xTSM001-2026-08-24-AXSM-BUY-019,AXSM,buy,,4000.0,SUBMISSION_BLOCKED_ALP003,DRY_RUN,INTENT_ONLY,
2026-08-24T23:17:32.618902+00:00,3bfddf3c3b8daf94,CSM001xTSM001-2026-08-24-AXTI-BUY-020,AXTI,buy,,4000.0,SUBMISSION_BLOCKED_ALP003,DRY_RUN,INTENT_ONLY,
2026-08-24T23:17:32.618902+00:00,e8bb4add9cd9edac,CSM001xTSM001-2026-08-24-BAND-BUY-021,BAND,buy,,4000.0,SUBMISSION_BLOCKED_ALP003,DRY_RUN,INTENT_ONLY,
2026-08-24T23:17:32.619957+00:00,d0d8ccca4c81849c,CSM001xTSM001-2026-08-24-BELFB-BUY-022,BELFB,buy,,4000.0,SUBMISSION_BLOCKED_ALP003,DRY_RUN,INTENT_ONLY,
2026-08-24T23:17:32.619957+00:00,6b3a39ddf11ade64,CSM001xTSM001-2026-08-24-CDNA-BUY-023,CDNA,buy,,4000.0,SUBMISSION_BLOCKED_ALP003,DRY_RUN,INTENT_ONLY,
2026-08-24T23:17:32.620921+00:00,d66cd33c81033117,CSM001xTSM001-2026-08-24-CENX-BUY-024,CENX,buy,,4000.0,SUBMISSION_BLOCKED_ALP003,DRY_RUN,INTENT_ONLY,
2026-08-24T23:17:32.620921+00:00,fc8c2e55eff3d58c,CSM001xTSM001-2026-08-24-CERS-BUY-025,CERS,buy,,4000.0,SUBMISSION_BLOCKED_ALP003,DRY_RUN,INTENT_ONLY,
2026-08-24T23:19:31.336948+00:00,b98886aaef9cebe6,CSM001xTSM001-2026-08-24-AAOI-BUY-001,AAOI,buy,,4000.0,SUBMISSION_BLOCKED_ALP003,DRY_RUN,INTENT_ONLY,
2026-08-24T23:19:31.336948+00:00,a2e6764ee8a131df,CSM001xTSM001-2026-08-24-ACMR-BUY-002,ACMR,buy,,4000.0,SUBMISSION_BLOCKED_ALP003,DRY_RUN,INTENT_ONLY,
2026-08-24T23:19:31.336948+00:00,6c8b826b826bfef3,CSM001xTSM001-2026-08-24-ACRS-BUY-003,ACRS,buy,,4000.0,SUBMISSION_BLOCKED_ALP003,DRY_RUN,INTENT_ONLY,
2026-08-24T23:19:31.336948+00:00,e1a16516b0b50af0,CSM001xTSM001-2026-08-24-AEIS-BUY-004,AEIS,buy,,4000.0,SUBMISSION_BLOCKED_ALP003,DRY_RUN,INTENT_ONLY,
2026-08-24T23:19:31.336948+00:00,8b04cd052c9be883,CSM001xTSM001-2026-08-24-ALXO-BUY-005,ALXO,buy,,4000.0,SUBMISSION_BLOCKED_ALP003,DRY_RUN,INTENT_ONLY,
2026-08-24T23:19:31.336948+00:00,c55d5f9b5828aaae,CSM001xTSM001-2026-08-24-AMAT-BUY-006,AMAT,buy,,4000.0,SUBMISSION_BLOCKED_ALP003,DRY_RUN,INTENT_ONLY,
2026-08-24T23:19:31.343357+00:00,ee1f8122504bbb40,CSM001xTSM001-2026-08-24-AMD-BUY-007,AMD,buy,,4000.0,SUBMISSION_BLOCKED_ALP003,DRY_RUN,INTENT_ONLY,
2026-08-24T23:19:31.343357+00:00,bb8890118827649c,CSM001xTSM001-2026-08-24-AMKR-BUY-008,AMKR,buy,,4000.0,SUBMISSION_BLOCKED_ALP003,DRY_RUN,INTENT_ONLY,
2026-08-24T23:19:31.343357+00:00,84d38aa4b2d57124,CSM001xTSM001-2026-08-24-ANAB-BUY-009,ANAB,buy,,4000.0,SUBMISSION_BLOCKED_ALP003,DRY_RUN,INTENT_ONLY,
2026-08-24T23:19:31.343357+00:00,c1f4677120ed55b6,CSM001xTSM001-2026-08-24-ANDE-BUY-010,ANDE,buy,,4000.0,SUBMISSION_BLOCKED_ALP003,DRY_RUN,INTENT_ONLY,
2026-08-24T23:19:31.345810+00:00,d20a231b8e81d3ec,CSM001xTSM001-2026-08-24-ANNX-BUY-011,ANNX,buy,,4000.0,SUBMISSION_BLOCKED_ALP003,DRY_RUN,INTENT_ONLY,
2026-08-24T23:19:31.345810+00:00,74960114ee6e6f4d,CSM001xTSM001-2026-08-24-APPS-BUY-012,APPS,buy,,4000.0,SUBMISSION_BLOCKED_ALP003,DRY_RUN,INTENT_ONLY,
2026-08-24T23:19:31.345810+00:00,af1eecae20a19aba,CSM001xTSM001-2026-08-24-ARCB-BUY-013,ARCB,buy,,4000.0,SUBMISSION_BLOCKED_ALP003,DRY_RUN,INTENT_ONLY,
2026-08-24T23:19:31.346909+00:00,8eb7a64d294b758d,CSM001xTSM001-2026-08-24-ARWR-BUY-014,ARWR,buy,,4000.0,SUBMISSION_BLOCKED_ALP003,DRY_RUN,INTENT_ONLY,
2026-08-24T23:19:31.347932+00:00,dbb0024aa78bb9d8,CSM001xTSM001-2026-08-24-ASML-BUY-015,ASML,buy,,4000.0,SUBMISSION_BLOCKED_ALP003,DRY_RUN,INTENT_ONLY,
2026-08-24T23:19:31.349521+00:00,6c44372deaacd44f,CSM001xTSM001-2026-08-24-ATEX-BUY-016,ATEX,buy,,4000.0,SUBMISSION_BLOCKED_ALP003,DRY_RUN,INTENT_ONLY,
2026-08-24T23:19:31.350612+00:00,044c23b948680cb9,CSM001xTSM001-2026-08-24-ATRO-BUY-017,ATRO,buy,,4000.0,SUBMISSION_BLOCKED_ALP003,DRY_RUN,INTENT_ONLY,
2026-08-24T23:19:31.350612+00:00,b57d2d4334bd54b3,CSM001xTSM001-2026-08-24-AXGN-BUY-018,AXGN,buy,,4000.0,SUBMISSION_BLOCKED_ALP003,DRY_RUN,INTENT_ONLY,
2026-08-24T23:19:31.351597+00:00,d23b14657e43e6dd,CSM001xTSM001-2026-08-24-AXSM-BUY-019,AXSM,buy,,4000.0,SUBMISSION_BLOCKED_ALP003,DRY_RUN,INTENT_ONLY,
2026-08-24T23:19:31.352192+00:00,3bfddf3c3b8daf94,CSM001xTSM001-2026-08-24-AXTI-BUY-020,AXTI,buy,,4000.0,SUBMISSION_BLOCKED_ALP003,DRY_RUN,INTENT_ONLY,
2026-08-24T23:19:31.353327+00:00,e8bb4add9cd9edac,CSM001xTSM001-2026-08-24-BAND-BUY-021,BAND,buy,,4000.0,SUBMISSION_BLOCKED_ALP003,DRY_RUN,INTENT_ONLY,
2026-08-24T23:19:31.353327+00:00,d0d8ccca4c81849c,CSM001xTSM001-2026-08-24-BELFB-BUY-022,BELFB,buy,,4000.0,SUBMISSION_BLOCKED_ALP003,DRY_RUN,INTENT_ONLY,
2026-08-24T23:19:31.353327+00:00,6b3a39ddf11ade64,CSM001xTSM001-2026-08-24-CDNA-BUY-023,CDNA,buy,,4000.0,SUBMISSION_BLOCKED_ALP003,DRY_RUN,INTENT_ONLY,
2026-08-24T23:19:31.353327+00:00,d66cd33c81033117,CSM001xTSM001-2026-08-24-CENX-BUY-024,CENX,buy,,4000.0,SUBMISSION_BLOCKED_ALP003,DRY_RUN,INTENT_ONLY,
2026-08-24T23:19:31.353327+00:00,fc8c2e55eff3d58c,CSM001xTSM001-2026-08-24-CERS-BUY-025,CERS,buy,,4000.0,SUBMISSION_BLOCKED_ALP003,DRY_RUN,INTENT_ONLY,
2026-08-25T14:34:51.400579+00:00,b98886aaef9cebe6,CSM001xTSM001-2026-08-24-AAOI-BUY-001,AAOI,buy,,4000.0,SUBMISSION_BLOCKED_ALP003,DRY_RUN,INTENT_ONLY,
2026-08-25T14:34:51.400579+00:00,a2e6764ee8a131df,CSM001xTSM001-2026-08-24-ACMR-BUY-002,ACMR,buy,,4000.0,SUBMISSION_BLOCKED_ALP003,DRY_RUN,INTENT_ONLY,
2026-08-25T14:34:51.401578+00:00,6c8b826b826bfef3,CSM001xTSM001-2026-08-24-ACRS-BUY-003,ACRS,buy,,4000.0,SUBMISSION_BLOCKED_ALP003,DRY_RUN,INTENT_ONLY,
2026-08-25T14:34:51.401578+00:00,e1a16516b0b50af0,CSM001xTSM001-2026-08-24-AEIS-BUY-004,AEIS,buy,,4000.0,SUBMISSION_BLOCKED_ALP003,DRY_RUN,INTENT_ONLY,
2026-08-25T14:34:51.401578+00:00,8b04cd052c9be883,CSM001xTSM001-2026-08-24-ALXO-BUY-005,ALXO,buy,,4000.0,SUBMISSION_BLOCKED_ALP003,DRY_RUN,INTENT_ONLY,
2026-08-25T14:34:51.402580+00:00,c55d5f9b5828aaae,CSM001xTSM001-2026-08-24-AMAT-BUY-006,AMAT,buy,,4000.0,SUBMISSION_BLOCKED_ALP003,DRY_RUN,INTENT_ONLY,
2026-08-25T14:34:51.402580+00:00,ee1f8122504bbb40,CSM001xTSM001-2026-08-24-AMD-BUY-007,AMD,buy,,4000.0,SUBMISSION_BLOCKED_ALP003,DRY_RUN,INTENT_ONLY,
2026-08-25T14:34:51.403580+00:00,bb8890118827649c,CSM001xTSM001-2026-08-24-AMKR-BUY-008,AMKR,buy,,4000.0,SUBMISSION_BLOCKED_ALP003,DRY_RUN,INTENT_ONLY,
2026-08-25T14:34:51.403580+00:00,84d38aa4b2d57124,CSM001xTSM001-2026-08-24-ANAB-BUY-009,ANAB,buy,,4000.0,SUBMISSION_BLOCKED_ALP003,DRY_RUN,INTENT_ONLY,
2026-08-25T14:34:51.403580+00:00,c1f4677120ed55b6,CSM001xTSM001-2026-08-24-ANDE-BUY-010,ANDE,buy,,4000.0,SUBMISSION_BLOCKED_ALP003,DRY_RUN,INTENT_ONLY,
2026-08-25T14:34:51.404615+00:00,d20a231b8e81d3ec,CSM001xTSM001-2026-08-24-ANNX-BUY-011,ANNX,buy,,4000.0,SUBMISSION_BLOCKED_ALP003,DRY_RUN,INTENT_ONLY,
2026-08-25T14:34:51.404615+00:00,74960114ee6e6f4d,CSM001xTSM001-2026-08-24-APPS-BUY-012,APPS,buy,,4000.0,SUBMISSION_BLOCKED_ALP003,DRY_RUN,INTENT_ONLY,
2026-08-25T14:34:51.405583+00:00,af1eecae20a19aba,CSM001xTSM001-2026-08-24-ARCB-BUY-013,ARCB,buy,,4000.0,SUBMISSION_BLOCKED_ALP003,DRY_RUN,INTENT_ONLY,
2026-08-25T14:34:51.405583+00:00,8eb7a64d294b758d,CSM001xTSM001-2026-08-24-ARWR-BUY-014,ARWR,buy,,4000.0,SUBMISSION_BLOCKED_ALP003,DRY_RUN,INTENT_ONLY,
2026-08-25T14:34:51.405583+00:00,dbb0024aa78bb9d8,CSM001xTSM001-2026-08-24-ASML-BUY-015,ASML,buy,,4000.0,SUBMISSION_BLOCKED_ALP003,DRY_RUN,INTENT_ONLY,
2026-08-25T14:34:51.406579+00:00,6c44372deaacd44f,CSM001xTSM001-2026-08-24-ATEX-BUY-016,ATEX,buy,,4000.0,SUBMISSION_BLOCKED_ALP003,DRY_RUN,INTENT_ONLY,
2026-08-25T14:34:51.406579+00:00,044c23b948680cb9,CSM001xTSM001-2026-08-24-ATRO-BUY-017,ATRO,buy,,4000.0,SUBMISSION_BLOCKED_ALP003,DRY_RUN,INTENT_ONLY,
2026-08-25T14:34:51.406579+00:00,b57d2d4334bd54b3,CSM001xTSM001-2026-08-24-AXGN-BUY-018,AXGN,buy,,4000.0,SUBMISSION_BLOCKED_ALP003,DRY_RUN,INTENT_ONLY,
2026-08-25T14:34:51.407581+00:00,d23b14657e43e6dd,CSM001xTSM001-2026-08-24-AXSM-BUY-019,AXSM,buy,,4000.0,SUBMISSION_BLOCKED_ALP003,DRY_RUN,INTENT_ONLY,
2026-08-25T14:34:51.407581+00:00,3bfddf3c3b8daf94,CSM001xTSM001-2026-08-24-AXTI-BUY-020,AXTI,buy,,4000.0,SUBMISSION_BLOCKED_ALP003,DRY_RUN,INTENT_ONLY,
2026-08-25T14:34:51.408596+00:00,e8bb4add9cd9edac,CSM001xTSM001-2026-08-24-BAND-BUY-021,BAND,buy,,4000.0,SUBMISSION_BLOCKED_ALP003,DRY_RUN,INTENT_ONLY,
2026-08-25T14:34:51.408596+00:00,d0d8ccca4c81849c,CSM001xTSM001-2026-08-24-BELFB-BUY-022,BELFB,buy,,4000.0,SUBMISSION_BLOCKED_ALP003,DRY_RUN,INTENT_ONLY,
2026-08-25T14:34:51.409593+00:00,6b3a39ddf11ade64,CSM001xTSM001-2026-08-24-CDNA-BUY-023,CDNA,buy,,4000.0,SUBMISSION_BLOCKED_ALP003,DRY_RUN,INTENT_ONLY,
2026-08-25T14:34:51.409593+00:00,d66cd33c81033117,CSM001xTSM001-2026-08-24-CENX-BUY-024,CENX,buy,,4000.0,SUBMISSION_BLOCKED_ALP003,DRY_RUN,INTENT_ONLY,
2026-08-25T14:34:51.409593+00:00,fc8c2e55eff3d58c,CSM001xTSM001-2026-08-24-CERS-BUY-025,CERS,buy,,4000.0,SUBMISSION_BLOCKED_ALP003,DRY_RUN,INTENT_ONLY,
2026-08-25T14:44:04.344988+00:00,b98886aaef9cebe6,CSM001xTSM001-2026-08-24-AAOI-BUY-001,AAOI,buy,,4000.0,SUBMISSION_BLOCKED_ALP003,DRY_RUN,INTENT_ONLY,
2026-08-25T14:44:04.346990+00:00,a2e6764ee8a131df,CSM001xTSM001-2026-08-24-ACMR-BUY-002,ACMR,buy,,4000.0,SUBMISSION_BLOCKED_ALP003,DRY_RUN,INTENT_ONLY,
2026-08-25T14:44:04.346990+00:00,6c8b826b826bfef3,CSM001xTSM001-2026-08-24-ACRS-BUY-003,ACRS,buy,,4000.0,SUBMISSION_BLOCKED_ALP003,DRY_RUN,INTENT_ONLY,
2026-08-25T14:44:04.348007+00:00,e1a16516b0b50af0,CSM001xTSM001-2026-08-24-AEIS-BUY-004,AEIS,buy,,4000.0,SUBMISSION_BLOCKED_ALP003,DRY_RUN,INTENT_ONLY,
2026-08-25T14:44:04.348007+00:00,8b04cd052c9be883,CSM001xTSM001-2026-08-24-ALXO-BUY-005,ALXO,buy,,4000.0,SUBMISSION_BLOCKED_ALP003,DRY_RUN,INTENT_ONLY,
2026-08-25T14:44:04.348990+00:00,c55d5f9b5828aaae,CSM001xTSM001-2026-08-24-AMAT-BUY-006,AMAT,buy,,4000.0,SUBMISSION_BLOCKED_ALP003,DRY_RUN,INTENT_ONLY,
2026-08-25T14:44:04.348990+00:00,ee1f8122504bbb40,CSM001xTSM001-2026-08-24-AMD-BUY-007,AMD,buy,,4000.0,SUBMISSION_BLOCKED_ALP003,DRY_RUN,INTENT_ONLY,
2026-08-25T14:44:04.349991+00:00,bb8890118827649c,CSM001xTSM001-2026-08-24-AMKR-BUY-008,AMKR,buy,,4000.0,SUBMISSION_BLOCKED_ALP003,DRY_RUN,INTENT_ONLY,
2026-08-25T14:44:04.349991+00:00,84d38aa4b2d57124,CSM001xTSM001-2026-08-24-ANAB-BUY-009,ANAB,buy,,4000.0,SUBMISSION_BLOCKED_ALP003,DRY_RUN,INTENT_ONLY,
2026-08-25T14:44:04.349991+00:00,c1f4677120ed55b6,CSM001xTSM001-2026-08-24-ANDE-BUY-010,ANDE,buy,,4000.0,SUBMISSION_BLOCKED_ALP003,DRY_RUN,INTENT_ONLY,
2026-08-25T14:44:04.350989+00:00,d20a231b8e81d3ec,CSM001xTSM001-2026-08-24-ANNX-BUY-011,ANNX,buy,,4000.0,SUBMISSION_BLOCKED_ALP003,DRY_RUN,INTENT_ONLY,
2026-08-25T14:44:04.350989+00:00,74960114ee6e6f4d,CSM001xTSM001-2026-08-24-APPS-BUY-012,APPS,buy,,4000.0,SUBMISSION_BLOCKED_ALP003,DRY_RUN,INTENT_ONLY,
2026-08-25T14:44:04.350989+00:00,af1eecae20a19aba,CSM001xTSM001-2026-08-24-ARCB-BUY-013,ARCB,buy,,4000.0,SUBMISSION_BLOCKED_ALP003,DRY_RUN,INTENT_ONLY,
2026-08-25T14:44:04.350989+00:00,8eb7a64d294b758d,CSM001xTSM001-2026-08-24-ARWR-BUY-014,ARWR,buy,,4000.0,SUBMISSION_BLOCKED_ALP003,DRY_RUN,INTENT_ONLY,
2026-08-25T14:44:04.352171+00:00,dbb0024aa78bb9d8,CSM001xTSM001-2026-08-24-ASML-BUY-015,ASML,buy,,4000.0,SUBMISSION_BLOCKED_ALP003,DRY_RUN,INTENT_ONLY,
2026-08-25T14:44:04.352171+00:00,6c44372deaacd44f,CSM001xTSM001-2026-08-24-ATEX-BUY-016,ATEX,buy,,4000.0,SUBMISSION_BLOCKED_ALP003,DRY_RUN,INTENT_ONLY,
2026-08-25T14:44:04.352171+00:00,044c23b948680cb9,CSM001xTSM001-2026-08-24-ATRO-BUY-017,ATRO,buy,,4000.0,SUBMISSION_BLOCKED_ALP003,DRY_RUN,INTENT_ONLY,
2026-08-25T14:44:04.352171+00:00,b57d2d4334bd54b3,CSM001xTSM001-2026-08-24-AXGN-BUY-018,AXGN,buy,,4000.0,SUBMISSION_BLOCKED_ALP003,DRY_RUN,INTENT_ONLY,
2026-08-25T14:44:04.353171+00:00,d23b14657e43e6dd,CSM001xTSM001-2026-08-24-AXSM-BUY-019,AXSM,buy,,4000.0,SUBMISSION_BLOCKED_ALP003,DRY_RUN,INTENT_ONLY,
2026-08-25T14:44:04.353171+00:00,3bfddf3c3b8daf94,CSM001xTSM001-2026-08-24-AXTI-BUY-020,AXTI,buy,,4000.0,SUBMISSION_BLOCKED_ALP003,DRY_RUN,INTENT_ONLY,
2026-08-25T14:44:04.353171+00:00,e8bb4add9cd9edac,CSM001xTSM001-2026-08-24-BAND-BUY-021,BAND,buy,,4000.0,SUBMISSION_BLOCKED_ALP003,DRY_RUN,INTENT_ONLY,
2026-08-25T14:44:04.354169+00:00,d0d8ccca4c81849c,CSM001xTSM001-2026-08-24-BELFB-BUY-022,BELFB,buy,,4000.0,SUBMISSION_BLOCKED_ALP003,DRY_RUN,INTENT_ONLY,
2026-08-25T14:44:04.354169+00:00,6b3a39ddf11ade64,CSM001xTSM001-2026-08-24-CDNA-BUY-023,CDNA,buy,,4000.0,SUBMISSION_BLOCKED_ALP003,DRY_RUN,INTENT_ONLY,
2026-08-25T14:44:04.354169+00:00,d66cd33c81033117,CSM001xTSM001-2026-08-24-CENX-BUY-024,CENX,buy,,4000.0,SUBMISSION_BLOCKED_ALP003,DRY_RUN,INTENT_ONLY,
2026-08-25T14:44:04.354169+00:00,fc8c2e55eff3d58c,CSM001xTSM001-2026-08-24-CERS-BUY-025,CERS,buy,,4000.0,SUBMISSION_BLOCKED_ALP003,DRY_RUN,INTENT_ONLY,
2026-08-25T14:57:40.869722+00:00,b98886aaef9cebe6,CSM001xTSM001-2026-08-24-AAOI-BUY-001,AAOI,buy,,4000.0,SUBMISSION_BLOCKED_ALP003,DRY_RUN,INTENT_ONLY,
2026-08-25T14:57:40.871727+00:00,a2e6764ee8a131df,CSM001xTSM001-2026-08-24-ACMR-BUY-002,ACMR,buy,,4000.0,SUBMISSION_BLOCKED_ALP003,DRY_RUN,INTENT_ONLY,
2026-08-25T14:57:40.872730+00:00,6c8b826b826bfef3,CSM001xTSM001-2026-08-24-ACRS-BUY-003,ACRS,buy,,4000.0,SUBMISSION_BLOCKED_ALP003,DRY_RUN,INTENT_ONLY,
2026-08-25T14:57:40.872730+00:00,e1a16516b0b50af0,CSM001xTSM001-2026-08-24-AEIS-BUY-004,AEIS,buy,,4000.0,SUBMISSION_BLOCKED_ALP003,DRY_RUN,INTENT_ONLY,
2026-08-25T14:57:40.873745+00:00,8b04cd052c9be883,CSM001xTSM001-2026-08-24-ALXO-BUY-005,ALXO,buy,,4000.0,SUBMISSION_BLOCKED_ALP003,DRY_RUN,INTENT_ONLY,
2026-08-25T14:57:40.874749+00:00,c55d5f9b5828aaae,CSM001xTSM001-2026-08-24-AMAT-BUY-006,AMAT,buy,,4000.0,SUBMISSION_BLOCKED_ALP003,DRY_RUN,INTENT_ONLY,
2026-08-25T14:57:40.874749+00:00,ee1f8122504bbb40,CSM001xTSM001-2026-08-24-AMD-BUY-007,AMD,buy,,4000.0,SUBMISSION_BLOCKED_ALP003,DRY_RUN,INTENT_ONLY,
2026-08-25T14:57:40.875729+00:00,bb8890118827649c,CSM001xTSM001-2026-08-24-AMKR-BUY-008,AMKR,buy,,4000.0,SUBMISSION_BLOCKED_ALP003,DRY_RUN,INTENT_ONLY,
2026-08-25T14:57:40.875729+00:00,84d38aa4b2d57124,CSM001xTSM001-2026-08-24-ANAB-BUY-009,ANAB,buy,,4000.0,SUBMISSION_BLOCKED_ALP003,DRY_RUN,INTENT_ONLY,
2026-08-25T14:57:40.876758+00:00,c1f4677120ed55b6,CSM001xTSM001-2026-08-24-ANDE-BUY-010,ANDE,buy,,4000.0,SUBMISSION_BLOCKED_ALP003,DRY_RUN,INTENT_ONLY,
2026-08-25T14:57:40.876758+00:00,d20a231b8e81d3ec,CSM001xTSM001-2026-08-24-ANNX-BUY-011,ANNX,buy,,4000.0,SUBMISSION_BLOCKED_ALP003,DRY_RUN,INTENT_ONLY,
2026-08-25T14:57:40.877728+00:00,74960114ee6e6f4d,CSM001xTSM001-2026-08-24-APPS-BUY-012,APPS,buy,,4000.0,SUBMISSION_BLOCKED_ALP003,DRY_RUN,INTENT_ONLY,
2026-08-25T14:57:40.877728+00:00,af1eecae20a19aba,CSM001xTSM001-2026-08-24-ARCB-BUY-013,ARCB,buy,,4000.0,SUBMISSION_BLOCKED_ALP003,DRY_RUN,INTENT_ONLY,
2026-08-25T14:57:40.877728+00:00,8eb7a64d294b758d,CSM001xTSM001-2026-08-24-ARWR-BUY-014,ARWR,buy,,4000.0,SUBMISSION_BLOCKED_ALP003,DRY_RUN,INTENT_ONLY,
2026-08-25T14:57:40.878734+00:00,dbb0024aa78bb9d8,CSM001xTSM001-2026-08-24-ASML-BUY-015,ASML,buy,,4000.0,SUBMISSION_BLOCKED_ALP003,DRY_RUN,INTENT_ONLY,
2026-08-25T14:57:40.878734+00:00,6c44372deaacd44f,CSM001xTSM001-2026-08-24-ATEX-BUY-016,ATEX,buy,,4000.0,SUBMISSION_BLOCKED_ALP003,DRY_RUN,INTENT_ONLY,
2026-08-25T14:57:40.879766+00:00,044c23b948680cb9,CSM001xTSM001-2026-08-24-ATRO-BUY-017,ATRO,buy,,4000.0,SUBMISSION_BLOCKED_ALP003,DRY_RUN,INTENT_ONLY,
2026-08-25T14:57:40.879766+00:00,b57d2d4334bd54b3,CSM001xTSM001-2026-08-24-AXGN-BUY-018,AXGN,buy,,4000.0,SUBMISSION_BLOCKED_ALP003,DRY_RUN,INTENT_ONLY,
2026-08-25T14:57:40.879766+00:00,d23b14657e43e6dd,CSM001xTSM001-2026-08-24-AXSM-BUY-019,AXSM,buy,,4000.0,SUBMISSION_BLOCKED_ALP003,DRY_RUN,INTENT_ONLY,
2026-08-25T14:57:40.880728+00:00,3bfddf3c3b8daf94,CSM001xTSM001-2026-08-24-AXTI-BUY-020,AXTI,buy,,4000.0,SUBMISSION_BLOCKED_ALP003,DRY_RUN,INTENT_ONLY,
2026-08-25T14:57:40.880728+00:00,e8bb4add9cd9edac,CSM001xTSM001-2026-08-24-BAND-BUY-021,BAND,buy,,4000.0,SUBMISSION_BLOCKED_ALP003,DRY_RUN,INTENT_ONLY,
2026-08-25T14:57:40.880728+00:00,d0d8ccca4c81849c,CSM001xTSM001-2026-08-24-BELFB-BUY-022,BELFB,buy,,4000.0,SUBMISSION_BLOCKED_ALP003,DRY_RUN,INTENT_ONLY,
2026-08-25T14:57:40.881762+00:00,6b3a39ddf11ade64,CSM001xTSM001-2026-08-24-CDNA-BUY-023,CDNA,buy,,4000.0,SUBMISSION_BLOCKED_ALP003,DRY_RUN,INTENT_ONLY,
2026-08-25T14:57:40.881762+00:00,d66cd33c81033117,CSM001xTSM001-2026-08-24-CENX-BUY-024,CENX,buy,,4000.0,SUBMISSION_BLOCKED_ALP003,DRY_RUN,INTENT_ONLY,
2026-08-25T14:57:40.881762+00:00,fc8c2e55eff3d58c,CSM001xTSM001-2026-08-24-CERS-BUY-025,CERS,buy,,4000.0,SUBMISSION_BLOCKED_ALP003,DRY_RUN,INTENT_ONLY,
2026-08-25T16:04:27.984310+00:00,b98886aaef9cebe6,CSM001xTSM001-2026-08-24-AAOI-BUY-001,AAOI,buy,,4000.0,SUBMISSION_BLOCKED_ALP003,DRY_RUN,INTENT_ONLY,
2026-08-25T16:04:27.985309+00:00,a2e6764ee8a131df,CSM001xTSM001-2026-08-24-ACMR-BUY-002,ACMR,buy,,4000.0,SUBMISSION_BLOCKED_ALP003,DRY_RUN,INTENT_ONLY,
2026-08-25T16:04:27.985309+00:00,6c8b826b826bfef3,CSM001xTSM001-2026-08-24-ACRS-BUY-003,ACRS,buy,,4000.0,SUBMISSION_BLOCKED_ALP003,DRY_RUN,INTENT_ONLY,
2026-08-25T16:04:27.986319+00:00,e1a16516b0b50af0,CSM001xTSM001-2026-08-24-AEIS-BUY-004,AEIS,buy,,4000.0,SUBMISSION_BLOCKED_ALP003,DRY_RUN,INTENT_ONLY,
2026-08-25T16:04:27.986319+00:00,8b04cd052c9be883,CSM001xTSM001-2026-08-24-ALXO-BUY-005,ALXO,buy,,4000.0,SUBMISSION_BLOCKED_ALP003,DRY_RUN,INTENT_ONLY,
2026-08-25T16:04:27.987321+00:00,c55d5f9b5828aaae,CSM001xTSM001-2026-08-24-AMAT-BUY-006,AMAT,buy,,4000.0,SUBMISSION_BLOCKED_ALP003,DRY_RUN,INTENT_ONLY,
2026-08-25T16:04:27.987321+00:00,ee1f8122504bbb40,CSM001xTSM001-2026-08-24-AMD-BUY-007,AMD,buy,,4000.0,SUBMISSION_BLOCKED_ALP003,DRY_RUN,INTENT_ONLY,
2026-08-25T16:04:27.988315+00:00,bb8890118827649c,CSM001xTSM001-2026-08-24-AMKR-BUY-008,AMKR,buy,,4000.0,SUBMISSION_BLOCKED_ALP003,DRY_RUN,INTENT_ONLY,
2026-08-25T16:04:27.988315+00:00,84d38aa4b2d57124,CSM001xTSM001-2026-08-24-ANAB-BUY-009,ANAB,buy,,4000.0,SUBMISSION_BLOCKED_ALP003,DRY_RUN,INTENT_ONLY,
2026-08-25T16:04:27.989332+00:00,c1f4677120ed55b6,CSM001xTSM001-2026-08-24-ANDE-BUY-010,ANDE,buy,,4000.0,SUBMISSION_BLOCKED_ALP003,DRY_RUN,INTENT_ONLY,
2026-08-25T16:04:27.989332+00:00,d20a231b8e81d3ec,CSM001xTSM001-2026-08-24-ANNX-BUY-011,ANNX,buy,,4000.0,SUBMISSION_BLOCKED_ALP003,DRY_RUN,INTENT_ONLY,
2026-08-25T16:04:27.989332+00:00,74960114ee6e6f4d,CSM001xTSM001-2026-08-24-APPS-BUY-012,APPS,buy,,4000.0,SUBMISSION_BLOCKED_ALP003,DRY_RUN,INTENT_ONLY,
2026-08-25T16:04:27.990312+00:00,af1eecae20a19aba,CSM001xTSM001-2026-08-24-ARCB-BUY-013,ARCB,buy,,4000.0,SUBMISSION_BLOCKED_ALP003,DRY_RUN,INTENT_ONLY,
2026-08-25T16:04:27.990312+00:00,8eb7a64d294b758d,CSM001xTSM001-2026-08-24-ARWR-BUY-014,ARWR,buy,,4000.0,SUBMISSION_BLOCKED_ALP003,DRY_RUN,INTENT_ONLY,
2026-08-25T16:04:27.991313+00:00,dbb0024aa78bb9d8,CSM001xTSM001-2026-08-24-ASML-BUY-015,ASML,buy,,4000.0,SUBMISSION_BLOCKED_ALP003,DRY_RUN,INTENT_ONLY,
2026-08-25T16:04:27.991313+00:00,6c44372deaacd44f,CSM001xTSM001-2026-08-24-ATEX-BUY-016,ATEX,buy,,4000.0,SUBMISSION_BLOCKED_ALP003,DRY_RUN,INTENT_ONLY,
2026-08-25T16:04:27.991313+00:00,044c23b948680cb9,CSM001xTSM001-2026-08-24-ATRO-BUY-017,ATRO,buy,,4000.0,SUBMISSION_BLOCKED_ALP003,DRY_RUN,INTENT_ONLY,
2026-08-25T16:04:27.992310+00:00,b57d2d4334bd54b3,CSM001xTSM001-2026-08-24-AXGN-BUY-018,AXGN,buy,,4000.0,SUBMISSION_BLOCKED_ALP003,DRY_RUN,INTENT_ONLY,
2026-08-25T16:04:27.992310+00:00,d23b14657e43e6dd,CSM001xTSM001-2026-08-24-AXSM-BUY-019,AXSM,buy,,4000.0,SUBMISSION_BLOCKED_ALP003,DRY_RUN,INTENT_ONLY,
2026-08-25T16:04:27.992310+00:00,3bfddf3c3b8daf94,CSM001xTSM001-2026-08-24-AXTI-BUY-020,AXTI,buy,,4000.0,SUBMISSION_BLOCKED_ALP003,DRY_RUN,INTENT_ONLY,
2026-08-25T16:04:27.993326+00:00,e8bb4add9cd9edac,CSM001xTSM001-2026-08-24-BAND-BUY-021,BAND,buy,,4000.0,SUBMISSION_BLOCKED_ALP003,DRY_RUN,INTENT_ONLY,
2026-08-25T16:04:27.993326+00:00,d0d8ccca4c81849c,CSM001xTSM001-2026-08-24-BELFB-BUY-022,BELFB,buy,,4000.0,SUBMISSION_BLOCKED_ALP003,DRY_RUN,INTENT_ONLY,
2026-08-25T16:04:27.993326+00:00,6b3a39ddf11ade64,CSM001xTSM001-2026-08-24-CDNA-BUY-023,CDNA,buy,,4000.0,SUBMISSION_BLOCKED_ALP003,DRY_RUN,INTENT_ONLY,
2026-08-25T16:04:27.994311+00:00,d66cd33c81033117,CSM001xTSM001-2026-08-24-CENX-BUY-024,CENX,buy,,4000.0,SUBMISSION_BLOCKED_ALP003,DRY_RUN,INTENT_ONLY,
2026-08-25T16:04:27.994311+00:00,fc8c2e55eff3d58c,CSM001xTSM001-2026-08-24-CERS-BUY-025,CERS,buy,,4000.0,SUBMISSION_BLOCKED_ALP003,DRY_RUN,INTENT_ONLY,
2026-08-25T16:10:27.036022+00:00,b98886aaef9cebe6,CSM001xTSM001-2026-08-24-AAOI-BUY-001,AAOI,buy,,4000.0,SUBMISSION_BLOCKED_ALP003,DRY_RUN,INTENT_ONLY,
2026-08-25T16:10:27.036022+00:00,a2e6764ee8a131df,CSM001xTSM001-2026-08-24-ACMR-BUY-002,ACMR,buy,,4000.0,SUBMISSION_BLOCKED_ALP003,DRY_RUN,INTENT_ONLY,
2026-08-25T16:10:27.036022+00:00,6c8b826b826bfef3,CSM001xTSM001-2026-08-24-ACRS-BUY-003,ACRS,buy,,4000.0,SUBMISSION_BLOCKED_ALP003,DRY_RUN,INTENT_ONLY,
2026-08-25T16:10:27.037022+00:00,e1a16516b0b50af0,CSM001xTSM001-2026-08-24-AEIS-BUY-004,AEIS,buy,,4000.0,SUBMISSION_BLOCKED_ALP003,DRY_RUN,INTENT_ONLY,
2026-08-25T16:10:27.037022+00:00,8b04cd052c9be883,CSM001xTSM001-2026-08-24-ALXO-BUY-005,ALXO,buy,,4000.0,SUBMISSION_BLOCKED_ALP003,DRY_RUN,INTENT_ONLY,
2026-08-25T16:10:27.037022+00:00,c55d5f9b5828aaae,CSM001xTSM001-2026-08-24-AMAT-BUY-006,AMAT,buy,,4000.0,SUBMISSION_BLOCKED_ALP003,DRY_RUN,INTENT_ONLY,
2026-08-25T16:10:27.038023+00:00,ee1f8122504bbb40,CSM001xTSM001-2026-08-24-AMD-BUY-007,AMD,buy,,4000.0,SUBMISSION_BLOCKED_ALP003,DRY_RUN,INTENT_ONLY,
2026-08-25T16:10:27.038023+00:00,bb8890118827649c,CSM001xTSM001-2026-08-24-AMKR-BUY-008,AMKR,buy,,4000.0,SUBMISSION_BLOCKED_ALP003,DRY_RUN,INTENT_ONLY,
2026-08-25T16:10:27.038023+00:00,84d38aa4b2d57124,CSM001xTSM001-2026-08-24-ANAB-BUY-009,ANAB,buy,,4000.0,SUBMISSION_BLOCKED_ALP003,DRY_RUN,INTENT_ONLY,
2026-08-25T16:10:27.039022+00:00,c1f4677120ed55b6,CSM001xTSM001-2026-08-24-ANDE-BUY-010,ANDE,buy,,4000.0,SUBMISSION_BLOCKED_ALP003,DRY_RUN,INTENT_ONLY,
2026-08-25T16:10:27.039022+00:00,d20a231b8e81d3ec,CSM001xTSM001-2026-08-24-ANNX-BUY-011,ANNX,buy,,4000.0,SUBMISSION_BLOCKED_ALP003,DRY_RUN,INTENT_ONLY,
2026-08-25T16:10:27.040035+00:00,74960114ee6e6f4d,CSM001xTSM001-2026-08-24-APPS-BUY-012,APPS,buy,,4000.0,SUBMISSION_BLOCKED_ALP003,DRY_RUN,INTENT_ONLY,
2026-08-25T16:10:27.040035+00:00,af1eecae20a19aba,CSM001xTSM001-2026-08-24-ARCB-BUY-013,ARCB,buy,,4000.0,SUBMISSION_BLOCKED_ALP003,DRY_RUN,INTENT_ONLY,
2026-08-25T16:10:27.040035+00:00,8eb7a64d294b758d,CSM001xTSM001-2026-08-24-ARWR-BUY-014,ARWR,buy,,4000.0,SUBMISSION_BLOCKED_ALP003,DRY_RUN,INTENT_ONLY,
2026-08-25T16:10:27.041022+00:00,dbb0024aa78bb9d8,CSM001xTSM001-2026-08-24-ASML-BUY-015,ASML,buy,,4000.0,SUBMISSION_BLOCKED_ALP003,DRY_RUN,INTENT_ONLY,
2026-08-25T16:10:27.041022+00:00,6c44372deaacd44f,CSM001xTSM001-2026-08-24-ATEX-BUY-016,ATEX,buy,,4000.0,SUBMISSION_BLOCKED_ALP003,DRY_RUN,INTENT_ONLY,
2026-08-25T16:10:27.041022+00:00,044c23b948680cb9,CSM001xTSM001-2026-08-24-ATRO-BUY-017,ATRO,buy,,4000.0,SUBMISSION_BLOCKED_ALP003,DRY_RUN,INTENT_ONLY,
2026-08-25T16:10:27.042022+00:00,b57d2d4334bd54b3,CSM001xTSM001-2026-08-24-AXGN-BUY-018,AXGN,buy,,4000.0,SUBMISSION_BLOCKED_ALP003,DRY_RUN,INTENT_ONLY,
2026-08-25T16:10:27.042022+00:00,d23b14657e43e6dd,CSM001xTSM001-2026-08-24-AXSM-BUY-019,AXSM,buy,,4000.0,SUBMISSION_BLOCKED_ALP003,DRY_RUN,INTENT_ONLY,
2026-08-25T16:10:27.043023+00:00,3bfddf3c3b8daf94,CSM001xTSM001-2026-08-24-AXTI-BUY-020,AXTI,buy,,4000.0,SUBMISSION_BLOCKED_ALP003,DRY_RUN,INTENT_ONLY,
2026-08-25T16:10:27.043023+00:00,e8bb4add9cd9edac,CSM001xTSM001-2026-08-24-BAND-BUY-021,BAND,buy,,4000.0,SUBMISSION_BLOCKED_ALP003,DRY_RUN,INTENT_ONLY,
2026-08-25T16:10:27.043023+00:00,d0d8ccca4c81849c,CSM001xTSM001-2026-08-24-BELFB-BUY-022,BELFB,buy,,4000.0,SUBMISSION_BLOCKED_ALP003,DRY_RUN,INTENT_ONLY,
2026-08-25T16:10:27.044022+00:00,6b3a39ddf11ade64,CSM001xTSM001-2026-08-24-CDNA-BUY-023,CDNA,buy,,4000.0,SUBMISSION_BLOCKED_ALP003,DRY_RUN,INTENT_ONLY,
2026-08-25T16:10:27.044022+00:00,d66cd33c81033117,CSM001xTSM001-2026-08-24-CENX-BUY-024,CENX,buy,,4000.0,SUBMISSION_BLOCKED_ALP003,DRY_RUN,INTENT_ONLY,
2026-08-25T16:10:27.045022+00:00,fc8c2e55eff3d58c,CSM001xTSM001-2026-08-24-CERS-BUY-025,CERS,buy,,4000.0,SUBMISSION_BLOCKED_ALP003,DRY_RUN,INTENT_ONLY,
2026-08-25T19:54:38.115394+00:00,b98886aaef9cebe6,CSM001xTSM001-2026-08-24-AAOI-BUY-001,AAOI,buy,,4000.0,SUBMISSION_BLOCKED_ALP003,DRY_RUN,INTENT_ONLY,
2026-08-25T19:54:38.116366+00:00,a2e6764ee8a131df,CSM001xTSM001-2026-08-24-ACMR-BUY-002,ACMR,buy,,4000.0,SUBMISSION_BLOCKED_ALP003,DRY_RUN,INTENT_ONLY,
2026-08-25T19:54:38.116366+00:00,6c8b826b826bfef3,CSM001xTSM001-2026-08-24-ACRS-BUY-003,ACRS,buy,,4000.0,SUBMISSION_BLOCKED_ALP003,DRY_RUN,INTENT_ONLY,
2026-08-25T19:54:38.117372+00:00,e1a16516b0b50af0,CSM001xTSM001-2026-08-24-AEIS-BUY-004,AEIS,buy,,4000.0,SUBMISSION_BLOCKED_ALP003,DRY_RUN,INTENT_ONLY,
2026-08-25T19:54:38.117372+00:00,8b04cd052c9be883,CSM001xTSM001-2026-08-24-ALXO-BUY-005,ALXO,buy,,4000.0,SUBMISSION_BLOCKED_ALP003,DRY_RUN,INTENT_ONLY,
2026-08-25T19:54:38.117372+00:00,c55d5f9b5828aaae,CSM001xTSM001-2026-08-24-AMAT-BUY-006,AMAT,buy,,4000.0,SUBMISSION_BLOCKED_ALP003,DRY_RUN,INTENT_ONLY,
2026-08-25T19:54:38.117372+00:00,ee1f8122504bbb40,CSM001xTSM001-2026-08-24-AMD-BUY-007,AMD,buy,,4000.0,SUBMISSION_BLOCKED_ALP003,DRY_RUN,INTENT_ONLY,
2026-08-25T19:54:38.118877+00:00,bb8890118827649c,CSM001xTSM001-2026-08-24-AMKR-BUY-008,AMKR,buy,,4000.0,SUBMISSION_BLOCKED_ALP003,DRY_RUN,INTENT_ONLY,
2026-08-25T19:54:38.118877+00:00,84d38aa4b2d57124,CSM001xTSM001-2026-08-24-ANAB-BUY-009,ANAB,buy,,4000.0,SUBMISSION_BLOCKED_ALP003,DRY_RUN,INTENT_ONLY,
2026-08-25T19:54:38.119883+00:00,c1f4677120ed55b6,CSM001xTSM001-2026-08-24-ANDE-BUY-010,ANDE,buy,,4000.0,SUBMISSION_BLOCKED_ALP003,DRY_RUN,INTENT_ONLY,
2026-08-25T19:54:38.119883+00:00,d20a231b8e81d3ec,CSM001xTSM001-2026-08-24-ANNX-BUY-011,ANNX,buy,,4000.0,SUBMISSION_BLOCKED_ALP003,DRY_RUN,INTENT_ONLY,
2026-08-25T19:54:38.119883+00:00,74960114ee6e6f4d,CSM001xTSM001-2026-08-24-APPS-BUY-012,APPS,buy,,4000.0,SUBMISSION_BLOCKED_ALP003,DRY_RUN,INTENT_ONLY,
2026-08-25T19:54:38.120901+00:00,af1eecae20a19aba,CSM001xTSM001-2026-08-24-ARCB-BUY-013,ARCB,buy,,4000.0,SUBMISSION_BLOCKED_ALP003,DRY_RUN,INTENT_ONLY,
2026-08-25T19:54:38.120901+00:00,8eb7a64d294b758d,CSM001xTSM001-2026-08-24-ARWR-BUY-014,ARWR,buy,,4000.0,SUBMISSION_BLOCKED_ALP003,DRY_RUN,INTENT_ONLY,
2026-08-25T19:54:38.120901+00:00,dbb0024aa78bb9d8,CSM001xTSM001-2026-08-24-ASML-BUY-015,ASML,buy,,4000.0,SUBMISSION_BLOCKED_ALP003,DRY_RUN,INTENT_ONLY,
2026-08-25T19:54:38.121888+00:00,6c44372deaacd44f,CSM001xTSM001-2026-08-24-ATEX-BUY-016,ATEX,buy,,4000.0,SUBMISSION_BLOCKED_ALP003,DRY_RUN,INTENT_ONLY,
2026-08-25T19:54:38.121888+00:00,044c23b948680cb9,CSM001xTSM001-2026-08-24-ATRO-BUY-017,ATRO,buy,,4000.0,SUBMISSION_BLOCKED_ALP003,DRY_RUN,INTENT_ONLY,
2026-08-25T19:54:38.121888+00:00,b57d2d4334bd54b3,CSM001xTSM001-2026-08-24-AXGN-BUY-018,AXGN,buy,,4000.0,SUBMISSION_BLOCKED_ALP003,DRY_RUN,INTENT_ONLY,
2026-08-25T19:54:38.122889+00:00,d23b14657e43e6dd,CSM001xTSM001-2026-08-24-AXSM-BUY-019,AXSM,buy,,4000.0,SUBMISSION_BLOCKED_ALP003,DRY_RUN,INTENT_ONLY,
2026-08-25T19:54:38.122889+00:00,3bfddf3c3b8daf94,CSM001xTSM001-2026-08-24-AXTI-BUY-020,AXTI,buy,,4000.0,SUBMISSION_BLOCKED_ALP003,DRY_RUN,INTENT_ONLY,
2026-08-25T19:54:38.122889+00:00,e8bb4add9cd9edac,CSM001xTSM001-2026-08-24-BAND-BUY-021,BAND,buy,,4000.0,SUBMISSION_BLOCKED_ALP003,DRY_RUN,INTENT_ONLY,
2026-08-25T19:54:38.123889+00:00,d0d8ccca4c81849c,CSM001xTSM001-2026-08-24-BELFB-BUY-022,BELFB,buy,,4000.0,SUBMISSION_BLOCKED_ALP003,DRY_RUN,INTENT_ONLY,
2026-08-25T19:54:38.123889+00:00,6b3a39ddf11ade64,CSM001xTSM001-2026-08-24-CDNA-BUY-023,CDNA,buy,,4000.0,SUBMISSION_BLOCKED_ALP003,DRY_RUN,INTENT_ONLY,
2026-08-25T19:54:38.123889+00:00,d66cd33c81033117,CSM001xTSM001-2026-08-24-CENX-BUY-024,CENX,buy,,4000.0,SUBMISSION_BLOCKED_ALP003,DRY_RUN,INTENT_ONLY,
2026-08-25T19:54:38.124888+00:00,fc8c2e55eff3d58c,CSM001xTSM001-2026-08-24-CERS-BUY-025,CERS,buy,,4000.0,SUBMISSION_BLOCKED_ALP003,DRY_RUN,INTENT_ONLY,
2026-08-25T20:43:22.003204+00:00,fa0309f3e87e5ac5,CSM001xTSM001-2026-08-25-AAOI-BUY-001,AAOI,buy,,4000.0,SUBMISSION_BLOCKED_ALP003,DRY_RUN,INTENT_ONLY,
2026-08-25T20:43:22.004530+00:00,884b6958758b881a,CSM001xTSM001-2026-08-25-ACMR-BUY-002,ACMR,buy,,4000.0,SUBMISSION_BLOCKED_ALP003,DRY_RUN,INTENT_ONLY,
2026-08-25T20:43:22.005250+00:00,4057a0b75aebfc55,CSM001xTSM001-2026-08-25-ACRS-BUY-003,ACRS,buy,,4000.0,SUBMISSION_BLOCKED_ALP003,DRY_RUN,INTENT_ONLY,
2026-08-25T20:43:22.005250+00:00,b7db99c9c6d87a46,CSM001xTSM001-2026-08-25-AEIS-BUY-004,AEIS,buy,,4000.0,SUBMISSION_BLOCKED_ALP003,DRY_RUN,INTENT_ONLY,
2026-08-25T20:43:22.006204+00:00,00d4184c854e444d,CSM001xTSM001-2026-08-25-AMAT-BUY-005,AMAT,buy,,4000.0,SUBMISSION_BLOCKED_ALP003,DRY_RUN,INTENT_ONLY,
2026-08-25T20:43:22.006204+00:00,9936139d8ff3b2d9,CSM001xTSM001-2026-08-25-AMD-BUY-006,AMD,buy,,4000.0,SUBMISSION_BLOCKED_ALP003,DRY_RUN,INTENT_ONLY,
2026-08-25T20:43:22.006204+00:00,c53607f7c4e0c6a1,CSM001xTSM001-2026-08-25-AMKR-BUY-007,AMKR,buy,,4000.0,SUBMISSION_BLOCKED_ALP003,DRY_RUN,INTENT_ONLY,
2026-08-25T20:43:22.007202+00:00,afe16ee6a5f21704,CSM001xTSM001-2026-08-25-AMRX-BUY-008,AMRX,buy,,4000.0,SUBMISSION_BLOCKED_ALP003,DRY_RUN,INTENT_ONLY,
2026-08-25T20:43:22.007202+00:00,9035e26247843d62,CSM001xTSM001-2026-08-25-ANAB-BUY-009,ANAB,buy,,4000.0,SUBMISSION_BLOCKED_ALP003,DRY_RUN,INTENT_ONLY,
2026-08-25T20:43:22.007202+00:00,fb3ff09390eae65e,CSM001xTSM001-2026-08-25-ANNX-BUY-010,ANNX,buy,,4000.0,SUBMISSION_BLOCKED_ALP003,DRY_RUN,INTENT_ONLY,
2026-08-25T20:43:22.008418+00:00,fa4c5e20585faa9f,CSM001xTSM001-2026-08-25-APPS-BUY-011,APPS,buy,,4000.0,SUBMISSION_BLOCKED_ALP003,DRY_RUN,INTENT_ONLY,
2026-08-25T20:43:22.008418+00:00,325fe3438156b2d5,CSM001xTSM001-2026-08-25-ARCB-BUY-012,ARCB,buy,,4000.0,SUBMISSION_BLOCKED_ALP003,DRY_RUN,INTENT_ONLY,
2026-08-25T20:43:22.008418+00:00,5dca7c9f56d3e8da,CSM001xTSM001-2026-08-25-ARWR-BUY-013,ARWR,buy,,4000.0,SUBMISSION_BLOCKED_ALP003,DRY_RUN,INTENT_ONLY,
2026-08-25T20:43:22.009417+00:00,08fc87d1d4bfdc59,CSM001xTSM001-2026-08-25-ASML-BUY-014,ASML,buy,,4000.0,SUBMISSION_BLOCKED_ALP003,DRY_RUN,INTENT_ONLY,
2026-08-25T20:43:22.009417+00:00,38d188609e9642e9,CSM001xTSM001-2026-08-25-ATEX-BUY-015,ATEX,buy,,4000.0,SUBMISSION_BLOCKED_ALP003,DRY_RUN,INTENT_ONLY,
2026-08-25T20:43:22.009417+00:00,41eda9a7f04c39be,CSM001xTSM001-2026-08-25-ATRO-BUY-016,ATRO,buy,,4000.0,SUBMISSION_BLOCKED_ALP003,DRY_RUN,INTENT_ONLY,
2026-08-25T20:43:22.010417+00:00,425586c0a86d955c,CSM001xTSM001-2026-08-25-AXGN-BUY-017,AXGN,buy,,4000.0,SUBMISSION_BLOCKED_ALP003,DRY_RUN,INTENT_ONLY,
2026-08-25T20:43:22.010417+00:00,ac9ffe2ab57448d0,CSM001xTSM001-2026-08-25-AXSM-BUY-018,AXSM,buy,,4000.0,SUBMISSION_BLOCKED_ALP003,DRY_RUN,INTENT_ONLY,
2026-08-25T20:43:22.011423+00:00,a4ec8ca405861f45,CSM001xTSM001-2026-08-25-AXTI-BUY-019,AXTI,buy,,4000.0,SUBMISSION_BLOCKED_ALP003,DRY_RUN,INTENT_ONLY,
2026-08-25T20:43:22.011423+00:00,aec9c97c58047ab0,CSM001xTSM001-2026-08-25-BAND-BUY-020,BAND,buy,,4000.0,SUBMISSION_BLOCKED_ALP003,DRY_RUN,INTENT_ONLY,
2026-08-25T20:43:22.012419+00:00,f222a382bb2418f4,CSM001xTSM001-2026-08-25-BELFB-BUY-021,BELFB,buy,,4000.0,SUBMISSION_BLOCKED_ALP003,DRY_RUN,INTENT_ONLY,
2026-08-25T20:43:22.012419+00:00,9ae406f639aa07f7,CSM001xTSM001-2026-08-25-BJRI-BUY-022,BJRI,buy,,4000.0,SUBMISSION_BLOCKED_ALP003,DRY_RUN,INTENT_ONLY,
2026-08-25T20:43:22.012419+00:00,8b394118859e2363,CSM001xTSM001-2026-08-25-CDNA-BUY-023,CDNA,buy,,4000.0,SUBMISSION_BLOCKED_ALP003,DRY_RUN,INTENT_ONLY,
2026-08-25T20:43:22.013419+00:00,3c2a91ef5a195c02,CSM001xTSM001-2026-08-25-CENX-BUY-024,CENX,buy,,4000.0,SUBMISSION_BLOCKED_ALP003,DRY_RUN,INTENT_ONLY,
2026-08-25T20:43:22.013419+00:00,5b7da076f3ce157b,CSM001xTSM001-2026-08-25-CERS-BUY-025,CERS,buy,,4000.0,SUBMISSION_BLOCKED_ALP003,DRY_RUN,INTENT_ONLY,
2026-08-25T23:24:52.176956+00:00,fa0309f3e87e5ac5,CSM001xTSM001-2026-08-25-AAOI-BUY-001,AAOI,buy,,4000.0,SUBMISSION_BLOCKED_ALP003,DRY_RUN,INTENT_ONLY,
2026-08-25T23:24:52.178024+00:00,884b6958758b881a,CSM001xTSM001-2026-08-25-ACMR-BUY-002,ACMR,buy,,4000.0,SUBMISSION_BLOCKED_ALP003,DRY_RUN,INTENT_ONLY,
2026-08-25T23:24:52.178024+00:00,4057a0b75aebfc55,CSM001xTSM001-2026-08-25-ACRS-BUY-003,ACRS,buy,,4000.0,SUBMISSION_BLOCKED_ALP003,DRY_RUN,INTENT_ONLY,
2026-08-25T23:24:52.178024+00:00,b7db99c9c6d87a46,CSM001xTSM001-2026-08-25-AEIS-BUY-004,AEIS,buy,,4000.0,SUBMISSION_BLOCKED_ALP003,DRY_RUN,INTENT_ONLY,
2026-08-25T23:24:52.178965+00:00,00d4184c854e444d,CSM001xTSM001-2026-08-25-AMAT-BUY-005,AMAT,buy,,4000.0,SUBMISSION_BLOCKED_ALP003,DRY_RUN,INTENT_ONLY,
2026-08-25T23:24:52.178965+00:00,9936139d8ff3b2d9,CSM001xTSM001-2026-08-25-AMD-BUY-006,AMD,buy,,4000.0,SUBMISSION_BLOCKED_ALP003,DRY_RUN,INTENT_ONLY,
2026-08-25T23:24:52.178965+00:00,c53607f7c4e0c6a1,CSM001xTSM001-2026-08-25-AMKR-BUY-007,AMKR,buy,,4000.0,SUBMISSION_BLOCKED_ALP003,DRY_RUN,INTENT_ONLY,
2026-08-25T23:24:52.179957+00:00,afe16ee6a5f21704,CSM001xTSM001-2026-08-25-AMRX-BUY-008,AMRX,buy,,4000.0,SUBMISSION_BLOCKED_ALP003,DRY_RUN,INTENT_ONLY,
2026-08-25T23:24:52.179957+00:00,9035e26247843d62,CSM001xTSM001-2026-08-25-ANAB-BUY-009,ANAB,buy,,4000.0,SUBMISSION_BLOCKED_ALP003,DRY_RUN,INTENT_ONLY,
2026-08-25T23:24:52.180974+00:00,fb3ff09390eae65e,CSM001xTSM001-2026-08-25-ANNX-BUY-010,ANNX,buy,,4000.0,SUBMISSION_BLOCKED_ALP003,DRY_RUN,INTENT_ONLY,
2026-08-25T23:24:52.180974+00:00,fa4c5e20585faa9f,CSM001xTSM001-2026-08-25-APPS-BUY-011,APPS,buy,,4000.0,SUBMISSION_BLOCKED_ALP003,DRY_RUN,INTENT_ONLY,
2026-08-25T23:24:52.180974+00:00,325fe3438156b2d5,CSM001xTSM001-2026-08-25-ARCB-BUY-012,ARCB,buy,,4000.0,SUBMISSION_BLOCKED_ALP003,DRY_RUN,INTENT_ONLY,
2026-08-25T23:24:52.181958+00:00,5dca7c9f56d3e8da,CSM001xTSM001-2026-08-25-ARWR-BUY-013,ARWR,buy,,4000.0,SUBMISSION_BLOCKED_ALP003,DRY_RUN,INTENT_ONLY,
2026-08-25T23:24:52.181958+00:00,08fc87d1d4bfdc59,CSM001xTSM001-2026-08-25-ASML-BUY-014,ASML,buy,,4000.0,SUBMISSION_BLOCKED_ALP003,DRY_RUN,INTENT_ONLY,
2026-08-25T23:24:52.181958+00:00,38d188609e9642e9,CSM001xTSM001-2026-08-25-ATEX-BUY-015,ATEX,buy,,4000.0,SUBMISSION_BLOCKED_ALP003,DRY_RUN,INTENT_ONLY,
2026-08-25T23:24:52.182956+00:00,41eda9a7f04c39be,CSM001xTSM001-2026-08-25-ATRO-BUY-016,ATRO,buy,,4000.0,SUBMISSION_BLOCKED_ALP003,DRY_RUN,INTENT_ONLY,
2026-08-25T23:24:52.182956+00:00,425586c0a86d955c,CSM001xTSM001-2026-08-25-AXGN-BUY-017,AXGN,buy,,4000.0,SUBMISSION_BLOCKED_ALP003,DRY_RUN,INTENT_ONLY,
2026-08-25T23:24:52.183958+00:00,ac9ffe2ab57448d0,CSM001xTSM001-2026-08-25-AXSM-BUY-018,AXSM,buy,,4000.0,SUBMISSION_BLOCKED_ALP003,DRY_RUN,INTENT_ONLY,
2026-08-25T23:24:52.183958+00:00,a4ec8ca405861f45,CSM001xTSM001-2026-08-25-AXTI-BUY-019,AXTI,buy,,4000.0,SUBMISSION_BLOCKED_ALP003,DRY_RUN,INTENT_ONLY,
2026-08-25T23:24:52.184975+00:00,aec9c97c58047ab0,CSM001xTSM001-2026-08-25-BAND-BUY-020,BAND,buy,,4000.0,SUBMISSION_BLOCKED_ALP003,DRY_RUN,INTENT_ONLY,
2026-08-25T23:24:52.184975+00:00,f222a382bb2418f4,CSM001xTSM001-2026-08-25-BELFB-BUY-021,BELFB,buy,,4000.0,SUBMISSION_BLOCKED_ALP003,DRY_RUN,INTENT_ONLY,
2026-08-25T23:24:52.185958+00:00,9ae406f639aa07f7,CSM001xTSM001-2026-08-25-BJRI-BUY-022,BJRI,buy,,4000.0,SUBMISSION_BLOCKED_ALP003,DRY_RUN,INTENT_ONLY,
2026-08-25T23:24:52.185958+00:00,8b394118859e2363,CSM001xTSM001-2026-08-25-CDNA-BUY-023,CDNA,buy,,4000.0,SUBMISSION_BLOCKED_ALP003,DRY_RUN,INTENT_ONLY,
2026-08-25T23:24:52.185958+00:00,3c2a91ef5a195c02,CSM001xTSM001-2026-08-25-CENX-BUY-024,CENX,buy,,4000.0,SUBMISSION_BLOCKED_ALP003,DRY_RUN,INTENT_ONLY,
2026-08-25T23:24:52.186965+00:00,5b7da076f3ce157b,CSM001xTSM001-2026-08-25-CERS-BUY-025,CERS,buy,,4000.0,SUBMISSION_BLOCKED_ALP003,DRY_RUN,INTENT_ONLY,
2026-08-25T23:28:02.428351+00:00,fa0309f3e87e5ac5,CSM001xTSM001-2026-08-25-AAOI-BUY-001,AAOI,buy,,4000.0,SUBMISSION_BLOCKED_ALP003,DRY_RUN,INTENT_ONLY,
2026-08-25T23:28:02.428351+00:00,884b6958758b881a,CSM001xTSM001-2026-08-25-ACMR-BUY-002,ACMR,buy,,4000.0,SUBMISSION_BLOCKED_ALP003,DRY_RUN,INTENT_ONLY,
2026-08-25T23:28:02.428351+00:00,4057a0b75aebfc55,CSM001xTSM001-2026-08-25-ACRS-BUY-003,ACRS,buy,,4000.0,SUBMISSION_BLOCKED_ALP003,DRY_RUN,INTENT_ONLY,
2026-08-25T23:28:02.429338+00:00,b7db99c9c6d87a46,CSM001xTSM001-2026-08-25-AEIS-BUY-004,AEIS,buy,,4000.0,SUBMISSION_BLOCKED_ALP003,DRY_RUN,INTENT_ONLY,
2026-08-25T23:28:02.429338+00:00,00d4184c854e444d,CSM001xTSM001-2026-08-25-AMAT-BUY-005,AMAT,buy,,4000.0,SUBMISSION_BLOCKED_ALP003,DRY_RUN,INTENT_ONLY,
2026-08-25T23:28:02.429338+00:00,9936139d8ff3b2d9,CSM001xTSM001-2026-08-25-AMD-BUY-006,AMD,buy,,4000.0,SUBMISSION_BLOCKED_ALP003,DRY_RUN,INTENT_ONLY,
2026-08-25T23:28:02.430355+00:00,c53607f7c4e0c6a1,CSM001xTSM001-2026-08-25-AMKR-BUY-007,AMKR,buy,,4000.0,SUBMISSION_BLOCKED_ALP003,DRY_RUN,INTENT_ONLY,
2026-08-25T23:28:02.430355+00:00,afe16ee6a5f21704,CSM001xTSM001-2026-08-25-AMRX-BUY-008,AMRX,buy,,4000.0,SUBMISSION_BLOCKED_ALP003,DRY_RUN,INTENT_ONLY,
2026-08-25T23:28:02.430355+00:00,9035e26247843d62,CSM001xTSM001-2026-08-25-ANAB-BUY-009,ANAB,buy,,4000.0,SUBMISSION_BLOCKED_ALP003,DRY_RUN,INTENT_ONLY,
2026-08-25T23:28:02.431342+00:00,fb3ff09390eae65e,CSM001xTSM001-2026-08-25-ANNX-BUY-010,ANNX,buy,,4000.0,SUBMISSION_BLOCKED_ALP003,DRY_RUN,INTENT_ONLY,
2026-08-25T23:28:02.431342+00:00,fa4c5e20585faa9f,CSM001xTSM001-2026-08-25-APPS-BUY-011,APPS,buy,,4000.0,SUBMISSION_BLOCKED_ALP003,DRY_RUN,INTENT_ONLY,
2026-08-25T23:28:02.431342+00:00,325fe3438156b2d5,CSM001xTSM001-2026-08-25-ARCB-BUY-012,ARCB,buy,,4000.0,SUBMISSION_BLOCKED_ALP003,DRY_RUN,INTENT_ONLY,
2026-08-25T23:28:02.432344+00:00,5dca7c9f56d3e8da,CSM001xTSM001-2026-08-25-ARWR-BUY-013,ARWR,buy,,4000.0,SUBMISSION_BLOCKED_ALP003,DRY_RUN,INTENT_ONLY,
2026-08-25T23:28:02.433342+00:00,08fc87d1d4bfdc59,CSM001xTSM001-2026-08-25-ASML-BUY-014,ASML,buy,,4000.0,SUBMISSION_BLOCKED_ALP003,DRY_RUN,INTENT_ONLY,
2026-08-25T23:28:02.433342+00:00,38d188609e9642e9,CSM001xTSM001-2026-08-25-ATEX-BUY-015,ATEX,buy,,4000.0,SUBMISSION_BLOCKED_ALP003,DRY_RUN,INTENT_ONLY,
2026-08-25T23:28:02.433342+00:00,41eda9a7f04c39be,CSM001xTSM001-2026-08-25-ATRO-BUY-016,ATRO,buy,,4000.0,SUBMISSION_BLOCKED_ALP003,DRY_RUN,INTENT_ONLY,
2026-08-25T23:28:02.434344+00:00,425586c0a86d955c,CSM001xTSM001-2026-08-25-AXGN-BUY-017,AXGN,buy,,4000.0,SUBMISSION_BLOCKED_ALP003,DRY_RUN,INTENT_ONLY,
2026-08-25T23:28:02.434344+00:00,ac9ffe2ab57448d0,CSM001xTSM001-2026-08-25-AXSM-BUY-018,AXSM,buy,,4000.0,SUBMISSION_BLOCKED_ALP003,DRY_RUN,INTENT_ONLY,
2026-08-25T23:28:02.434344+00:00,a4ec8ca405861f45,CSM001xTSM001-2026-08-25-AXTI-BUY-019,AXTI,buy,,4000.0,SUBMISSION_BLOCKED_ALP003,DRY_RUN,INTENT_ONLY,
2026-08-25T23:28:02.435354+00:00,aec9c97c58047ab0,CSM001xTSM001-2026-08-25-BAND-BUY-020,BAND,buy,,4000.0,SUBMISSION_BLOCKED_ALP003,DRY_RUN,INTENT_ONLY,
2026-08-25T23:28:02.435354+00:00,f222a382bb2418f4,CSM001xTSM001-2026-08-25-BELFB-BUY-021,BELFB,buy,,4000.0,SUBMISSION_BLOCKED_ALP003,DRY_RUN,INTENT_ONLY,
2026-08-25T23:28:02.436338+00:00,9ae406f639aa07f7,CSM001xTSM001-2026-08-25-BJRI-BUY-022,BJRI,buy,,4000.0,SUBMISSION_BLOCKED_ALP003,DRY_RUN,INTENT_ONLY,
2026-08-25T23:28:02.436338+00:00,8b394118859e2363,CSM001xTSM001-2026-08-25-CDNA-BUY-023,CDNA,buy,,4000.0,SUBMISSION_BLOCKED_ALP003,DRY_RUN,INTENT_ONLY,
2026-08-25T23:28:02.436338+00:00,3c2a91ef5a195c02,CSM001xTSM001-2026-08-25-CENX-BUY-024,CENX,buy,,4000.0,SUBMISSION_BLOCKED_ALP003,DRY_RUN,INTENT_ONLY,
2026-08-25T23:28:02.437350+00:00,5b7da076f3ce157b,CSM001xTSM001-2026-08-25-CERS-BUY-025,CERS,buy,,4000.0,SUBMISSION_BLOCKED_ALP003,DRY_RUN,INTENT_ONLY,
2026-08-25T23:30:28.181445+00:00,fa0309f3e87e5ac5,CSM001xTSM001-2026-08-25-AAOI-BUY-001,AAOI,buy,,4000.0,SUBMISSION_BLOCKED_ALP003,DRY_RUN,INTENT_ONLY,
2026-08-25T23:30:28.182457+00:00,884b6958758b881a,CSM001xTSM001-2026-08-25-ACMR-BUY-002,ACMR,buy,,4000.0,SUBMISSION_BLOCKED_ALP003,DRY_RUN,INTENT_ONLY,
2026-08-25T23:30:28.182457+00:00,4057a0b75aebfc55,CSM001xTSM001-2026-08-25-ACRS-BUY-003,ACRS,buy,,4000.0,SUBMISSION_BLOCKED_ALP003,DRY_RUN,INTENT_ONLY,
2026-08-25T23:30:28.183451+00:00,b7db99c9c6d87a46,CSM001xTSM001-2026-08-25-AEIS-BUY-004,AEIS,buy,,4000.0,SUBMISSION_BLOCKED_ALP003,DRY_RUN,INTENT_ONLY,
2026-08-25T23:30:28.183451+00:00,00d4184c854e444d,CSM001xTSM001-2026-08-25-AMAT-BUY-005,AMAT,buy,,4000.0,SUBMISSION_BLOCKED_ALP003,DRY_RUN,INTENT_ONLY,
2026-08-25T23:30:28.184444+00:00,9936139d8ff3b2d9,CSM001xTSM001-2026-08-25-AMD-BUY-006,AMD,buy,,4000.0,SUBMISSION_BLOCKED_ALP003,DRY_RUN,INTENT_ONLY,
2026-08-25T23:30:28.184444+00:00,c53607f7c4e0c6a1,CSM001xTSM001-2026-08-25-AMKR-BUY-007,AMKR,buy,,4000.0,SUBMISSION_BLOCKED_ALP003,DRY_RUN,INTENT_ONLY,
2026-08-25T23:30:28.185447+00:00,afe16ee6a5f21704,CSM001xTSM001-2026-08-25-AMRX-BUY-008,AMRX,buy,,4000.0,SUBMISSION_BLOCKED_ALP003,DRY_RUN,INTENT_ONLY,
2026-08-25T23:30:28.185447+00:00,9035e26247843d62,CSM001xTSM001-2026-08-25-ANAB-BUY-009,ANAB,buy,,4000.0,SUBMISSION_BLOCKED_ALP003,DRY_RUN,INTENT_ONLY,
2026-08-25T23:30:28.186445+00:00,fb3ff09390eae65e,CSM001xTSM001-2026-08-25-ANNX-BUY-010,ANNX,buy,,4000.0,SUBMISSION_BLOCKED_ALP003,DRY_RUN,INTENT_ONLY,
2026-08-25T23:30:28.186445+00:00,fa4c5e20585faa9f,CSM001xTSM001-2026-08-25-APPS-BUY-011,APPS,buy,,4000.0,SUBMISSION_BLOCKED_ALP003,DRY_RUN,INTENT_ONLY,
2026-08-25T23:30:28.186445+00:00,325fe3438156b2d5,CSM001xTSM001-2026-08-25-ARCB-BUY-012,ARCB,buy,,4000.0,SUBMISSION_BLOCKED_ALP003,DRY_RUN,INTENT_ONLY,
2026-08-25T23:30:28.187451+00:00,5dca7c9f56d3e8da,CSM001xTSM001-2026-08-25-ARWR-BUY-013,ARWR,buy,,4000.0,SUBMISSION_BLOCKED_ALP003,DRY_RUN,INTENT_ONLY,
2026-08-25T23:30:28.187451+00:00,08fc87d1d4bfdc59,CSM001xTSM001-2026-08-25-ASML-BUY-014,ASML,buy,,4000.0,SUBMISSION_BLOCKED_ALP003,DRY_RUN,INTENT_ONLY,
2026-08-25T23:30:28.188444+00:00,38d188609e9642e9,CSM001xTSM001-2026-08-25-ATEX-BUY-015,ATEX,buy,,4000.0,SUBMISSION_BLOCKED_ALP003,DRY_RUN,INTENT_ONLY,
2026-08-25T23:30:28.188444+00:00,41eda9a7f04c39be,CSM001xTSM001-2026-08-25-ATRO-BUY-016,ATRO,buy,,4000.0,SUBMISSION_BLOCKED_ALP003,DRY_RUN,INTENT_ONLY,
2026-08-25T23:30:28.188444+00:00,425586c0a86d955c,CSM001xTSM001-2026-08-25-AXGN-BUY-017,AXGN,buy,,4000.0,SUBMISSION_BLOCKED_ALP003,DRY_RUN,INTENT_ONLY,
2026-08-25T23:30:28.189449+00:00,ac9ffe2ab57448d0,CSM001xTSM001-2026-08-25-AXSM-BUY-018,AXSM,buy,,4000.0,SUBMISSION_BLOCKED_ALP003,DRY_RUN,INTENT_ONLY,
2026-08-25T23:30:28.189449+00:00,a4ec8ca405861f45,CSM001xTSM001-2026-08-25-AXTI-BUY-019,AXTI,buy,,4000.0,SUBMISSION_BLOCKED_ALP003,DRY_RUN,INTENT_ONLY,
2026-08-25T23:30:28.190454+00:00,aec9c97c58047ab0,CSM001xTSM001-2026-08-25-BAND-BUY-020,BAND,buy,,4000.0,SUBMISSION_BLOCKED_ALP003,DRY_RUN,INTENT_ONLY,
2026-08-25T23:30:28.190454+00:00,f222a382bb2418f4,CSM001xTSM001-2026-08-25-BELFB-BUY-021,BELFB,buy,,4000.0,SUBMISSION_BLOCKED_ALP003,DRY_RUN,INTENT_ONLY,
2026-08-25T23:30:28.190454+00:00,9ae406f639aa07f7,CSM001xTSM001-2026-08-25-BJRI-BUY-022,BJRI,buy,,4000.0,SUBMISSION_BLOCKED_ALP003,DRY_RUN,INTENT_ONLY,
2026-08-25T23:30:28.191446+00:00,8b394118859e2363,CSM001xTSM001-2026-08-25-CDNA-BUY-023,CDNA,buy,,4000.0,SUBMISSION_BLOCKED_ALP003,DRY_RUN,INTENT_ONLY,
2026-08-25T23:30:28.191446+00:00,3c2a91ef5a195c02,CSM001xTSM001-2026-08-25-CENX-BUY-024,CENX,buy,,4000.0,SUBMISSION_BLOCKED_ALP003,DRY_RUN,INTENT_ONLY,
2026-08-25T23:30:28.191446+00:00,5b7da076f3ce157b,CSM001xTSM001-2026-08-25-CERS-BUY-025,CERS,buy,,4000.0,SUBMISSION_BLOCKED_ALP003,DRY_RUN,INTENT_ONLY,
2026-08-25T23:32:52.764379+00:00,fa0309f3e87e5ac5,CSM001xTSM001-2026-08-25-AAOI-BUY-001,AAOI,buy,,4000.0,SUBMISSION_BLOCKED_ALP003,DRY_RUN,INTENT_ONLY,
2026-08-25T23:32:52.765349+00:00,884b6958758b881a,CSM001xTSM001-2026-08-25-ACMR-BUY-002,ACMR,buy,,4000.0,SUBMISSION_BLOCKED_ALP003,DRY_RUN,INTENT_ONLY,
2026-08-25T23:32:52.765349+00:00,4057a0b75aebfc55,CSM001xTSM001-2026-08-25-ACRS-BUY-003,ACRS,buy,,4000.0,SUBMISSION_BLOCKED_ALP003,DRY_RUN,INTENT_ONLY,
2026-08-25T23:32:52.765349+00:00,b7db99c9c6d87a46,CSM001xTSM001-2026-08-25-AEIS-BUY-004,AEIS,buy,,4000.0,SUBMISSION_BLOCKED_ALP003,DRY_RUN,INTENT_ONLY,
2026-08-25T23:32:52.766364+00:00,00d4184c854e444d,CSM001xTSM001-2026-08-25-AMAT-BUY-005,AMAT,buy,,4000.0,SUBMISSION_BLOCKED_ALP003,DRY_RUN,INTENT_ONLY,
2026-08-25T23:32:52.766364+00:00,9936139d8ff3b2d9,CSM001xTSM001-2026-08-25-AMD-BUY-006,AMD,buy,,4000.0,SUBMISSION_BLOCKED_ALP003,DRY_RUN,INTENT_ONLY,
2026-08-25T23:32:52.766364+00:00,c53607f7c4e0c6a1,CSM001xTSM001-2026-08-25-AMKR-BUY-007,AMKR,buy,,4000.0,SUBMISSION_BLOCKED_ALP003,DRY_RUN,INTENT_ONLY,
2026-08-25T23:32:52.767335+00:00,afe16ee6a5f21704,CSM001xTSM001-2026-08-25-AMRX-BUY-008,AMRX,buy,,4000.0,SUBMISSION_BLOCKED_ALP003,DRY_RUN,INTENT_ONLY,
2026-08-25T23:32:52.767335+00:00,9035e26247843d62,CSM001xTSM001-2026-08-25-ANAB-BUY-009,ANAB,buy,,4000.0,SUBMISSION_BLOCKED_ALP003,DRY_RUN,INTENT_ONLY,
2026-08-25T23:32:52.768528+00:00,fb3ff09390eae65e,CSM001xTSM001-2026-08-25-ANNX-BUY-010,ANNX,buy,,4000.0,SUBMISSION_BLOCKED_ALP003,DRY_RUN,INTENT_ONLY,
2026-08-25T23:32:52.768528+00:00,fa4c5e20585faa9f,CSM001xTSM001-2026-08-25-APPS-BUY-011,APPS,buy,,4000.0,SUBMISSION_BLOCKED_ALP003,DRY_RUN,INTENT_ONLY,
2026-08-25T23:32:52.769530+00:00,325fe3438156b2d5,CSM001xTSM001-2026-08-25-ARCB-BUY-012,ARCB,buy,,4000.0,SUBMISSION_BLOCKED_ALP003,DRY_RUN,INTENT_ONLY,
2026-08-25T23:32:52.769530+00:00,5dca7c9f56d3e8da,CSM001xTSM001-2026-08-25-ARWR-BUY-013,ARWR,buy,,4000.0,SUBMISSION_BLOCKED_ALP003,DRY_RUN,INTENT_ONLY,
2026-08-25T23:32:52.770555+00:00,08fc87d1d4bfdc59,CSM001xTSM001-2026-08-25-ASML-BUY-014,ASML,buy,,4000.0,SUBMISSION_BLOCKED_ALP003,DRY_RUN,INTENT_ONLY,
2026-08-25T23:32:52.770555+00:00,38d188609e9642e9,CSM001xTSM001-2026-08-25-ATEX-BUY-015,ATEX,buy,,4000.0,SUBMISSION_BLOCKED_ALP003,DRY_RUN,INTENT_ONLY,
2026-08-25T23:32:52.770555+00:00,41eda9a7f04c39be,CSM001xTSM001-2026-08-25-ATRO-BUY-016,ATRO,buy,,4000.0,SUBMISSION_BLOCKED_ALP003,DRY_RUN,INTENT_ONLY,
2026-08-25T23:32:52.771527+00:00,425586c0a86d955c,CSM001xTSM001-2026-08-25-AXGN-BUY-017,AXGN,buy,,4000.0,SUBMISSION_BLOCKED_ALP003,DRY_RUN,INTENT_ONLY,
2026-08-25T23:32:52.771527+00:00,ac9ffe2ab57448d0,CSM001xTSM001-2026-08-25-AXSM-BUY-018,AXSM,buy,,4000.0,SUBMISSION_BLOCKED_ALP003,DRY_RUN,INTENT_ONLY,
2026-08-25T23:32:52.771527+00:00,a4ec8ca405861f45,CSM001xTSM001-2026-08-25-AXTI-BUY-019,AXTI,buy,,4000.0,SUBMISSION_BLOCKED_ALP003,DRY_RUN,INTENT_ONLY,
2026-08-25T23:32:52.772542+00:00,aec9c97c58047ab0,CSM001xTSM001-2026-08-25-BAND-BUY-020,BAND,buy,,4000.0,SUBMISSION_BLOCKED_ALP003,DRY_RUN,INTENT_ONLY,
2026-08-25T23:32:52.772542+00:00,f222a382bb2418f4,CSM001xTSM001-2026-08-25-BELFB-BUY-021,BELFB,buy,,4000.0,SUBMISSION_BLOCKED_ALP003,DRY_RUN,INTENT_ONLY,
2026-08-25T23:32:52.773538+00:00,9ae406f639aa07f7,CSM001xTSM001-2026-08-25-BJRI-BUY-022,BJRI,buy,,4000.0,SUBMISSION_BLOCKED_ALP003,DRY_RUN,INTENT_ONLY,
2026-08-25T23:32:52.773538+00:00,8b394118859e2363,CSM001xTSM001-2026-08-25-CDNA-BUY-023,CDNA,buy,,4000.0,SUBMISSION_BLOCKED_ALP003,DRY_RUN,INTENT_ONLY,
2026-08-25T23:32:52.773538+00:00,3c2a91ef5a195c02,CSM001xTSM001-2026-08-25-CENX-BUY-024,CENX,buy,,4000.0,SUBMISSION_BLOCKED_ALP003,DRY_RUN,INTENT_ONLY,
2026-08-25T23:32:52.774527+00:00,5b7da076f3ce157b,CSM001xTSM001-2026-08-25-CERS-BUY-025,CERS,buy,,4000.0,SUBMISSION_BLOCKED_ALP003,DRY_RUN,INTENT_ONLY,
2026-08-26T20:32:36.465499+00:00,9a536173d4279207,CSM001xTSM001-2026-08-26-AAOI-BUY-001,AAOI,buy,,4000.0,SUBMISSION_BLOCKED_ALP003,DRY_RUN,INTENT_ONLY,
2026-08-26T20:32:37.591567+00:00,e5c7f3f93047d490,CSM001xTSM001-2026-08-26-ACMR-BUY-002,ACMR,buy,,4000.0,SUBMISSION_BLOCKED_ALP003,DRY_RUN,INTENT_ONLY,
2026-08-26T20:32:37.591567+00:00,a3b35116183c2fc9,CSM001xTSM001-2026-08-26-ACRS-BUY-003,ACRS,buy,,4000.0,SUBMISSION_BLOCKED_ALP003,DRY_RUN,INTENT_ONLY,
2026-08-26T20:32:37.591567+00:00,e127227c3dea7516,CSM001xTSM001-2026-08-26-AIR-BUY-004,AIR,buy,,4000.0,SUBMISSION_BLOCKED_ALP003,DRY_RUN,INTENT_ONLY,
2026-08-26T20:32:37.595322+00:00,39a791907c7ffdd9,CSM001xTSM001-2026-08-26-AMAT-BUY-005,AMAT,buy,,4000.0,SUBMISSION_BLOCKED_ALP003,DRY_RUN,INTENT_ONLY,
2026-08-26T20:32:37.595322+00:00,d6b037b1bbe416cd,CSM001xTSM001-2026-08-26-AMD-BUY-006,AMD,buy,,4000.0,SUBMISSION_BLOCKED_ALP003,DRY_RUN,INTENT_ONLY,
2026-08-26T20:32:37.595322+00:00,0aa24d0b9de7107c,CSM001xTSM001-2026-08-26-AMKR-BUY-007,AMKR,buy,,4000.0,SUBMISSION_BLOCKED_ALP003,DRY_RUN,INTENT_ONLY,
2026-08-26T20:32:37.595322+00:00,3da748214705a87c,CSM001xTSM001-2026-08-26-AMRX-BUY-008,AMRX,buy,,4000.0,SUBMISSION_BLOCKED_ALP003,DRY_RUN,INTENT_ONLY,
2026-08-26T20:32:37.597327+00:00,a3b58d0f008e0b6d,CSM001xTSM001-2026-08-26-ANAB-BUY-009,ANAB,buy,,4000.0,SUBMISSION_BLOCKED_ALP003,DRY_RUN,INTENT_ONLY,
2026-08-26T20:32:37.597327+00:00,1a284a5d3a65d628,CSM001xTSM001-2026-08-26-ANNX-BUY-010,ANNX,buy,,4000.0,SUBMISSION_BLOCKED_ALP003,DRY_RUN,INTENT_ONLY,
2026-08-26T20:32:37.597327+00:00,fe198cf077e6ab57,CSM001xTSM001-2026-08-26-APPS-BUY-011,APPS,buy,,4000.0,SUBMISSION_BLOCKED_ALP003,DRY_RUN,INTENT_ONLY,
2026-08-26T20:32:37.597327+00:00,1c1b09af87ac0147,CSM001xTSM001-2026-08-26-ARCB-BUY-012,ARCB,buy,,4000.0,SUBMISSION_BLOCKED_ALP003,DRY_RUN,INTENT_ONLY,
2026-08-26T20:32:37.597327+00:00,31acd3aeb05916c6,CSM001xTSM001-2026-08-26-ARWR-BUY-013,ARWR,buy,,4000.0,SUBMISSION_BLOCKED_ALP003,DRY_RUN,INTENT_ONLY,
2026-08-26T20:32:37.597327+00:00,ad5c0807d4e5861d,CSM001xTSM001-2026-08-26-ASML-BUY-014,ASML,buy,,4000.0,SUBMISSION_BLOCKED_ALP003,DRY_RUN,INTENT_ONLY,
2026-08-26T20:32:37.597327+00:00,6db4cf3159006b6e,CSM001xTSM001-2026-08-26-ATEX-BUY-015,ATEX,buy,,4000.0,SUBMISSION_BLOCKED_ALP003,DRY_RUN,INTENT_ONLY,
2026-08-26T20:32:37.597327+00:00,81b3cacd5de3132f,CSM001xTSM001-2026-08-26-ATRO-BUY-016,ATRO,buy,,4000.0,SUBMISSION_BLOCKED_ALP003,DRY_RUN,INTENT_ONLY,
2026-08-26T20:32:37.597327+00:00,1920216f99279c7b,CSM001xTSM001-2026-08-26-AXGN-BUY-017,AXGN,buy,,4000.0,SUBMISSION_BLOCKED_ALP003,DRY_RUN,INTENT_ONLY,
2026-08-26T20:32:37.597327+00:00,b4752e0cfa06cdbc,CSM001xTSM001-2026-08-26-AXSM-BUY-018,AXSM,buy,,4000.0,SUBMISSION_BLOCKED_ALP003,DRY_RUN,INTENT_ONLY,
2026-08-26T20:32:37.597327+00:00,87d417f238112770,CSM001xTSM001-2026-08-26-AXTI-BUY-019,AXTI,buy,,4000.0,SUBMISSION_BLOCKED_ALP003,DRY_RUN,INTENT_ONLY,
2026-08-26T20:32:37.597327+00:00,71fa50f744391ac6,CSM001xTSM001-2026-08-26-BAND-BUY-020,BAND,buy,,4000.0,SUBMISSION_BLOCKED_ALP003,DRY_RUN,INTENT_ONLY,
2026-08-26T20:32:37.597327+00:00,37064172920089f5,CSM001xTSM001-2026-08-26-BJRI-BUY-021,BJRI,buy,,4000.0,SUBMISSION_BLOCKED_ALP003,DRY_RUN,INTENT_ONLY,
2026-08-26T20:32:37.597327+00:00,9b86a1c6c34bbc8a,CSM001xTSM001-2026-08-26-CALY-BUY-022,CALY,buy,,4000.0,SUBMISSION_BLOCKED_ALP003,DRY_RUN,INTENT_ONLY,
2026-08-26T20:32:37.597327+00:00,5648c4b3060b1c8d,CSM001xTSM001-2026-08-26-CDNA-BUY-023,CDNA,buy,,4000.0,SUBMISSION_BLOCKED_ALP003,DRY_RUN,INTENT_ONLY,
2026-08-26T20:32:37.597327+00:00,89612030c63d05f6,CSM001xTSM001-2026-08-26-CENX-BUY-024,CENX,buy,,4000.0,SUBMISSION_BLOCKED_ALP003,DRY_RUN,INTENT_ONLY,
2026-08-26T20:32:37.597327+00:00,0871a188f724f2f3,CSM001xTSM001-2026-08-26-CERS-BUY-025,CERS,buy,,4000.0,SUBMISSION_BLOCKED_ALP003,DRY_RUN,INTENT_ONLY,
2026-08-27T20:32:34.342646+00:00,bb3c6b08fe3c88e5,CSM001xTSM001-2026-08-27-AAOI-BUY-001,AAOI,buy,,4000.0,SUBMISSION_BLOCKED_ALP003,DRY_RUN,INTENT_ONLY,
2026-08-27T20:32:34.344649+00:00,7148f77f5410ce22,CSM001xTSM001-2026-08-27-ACMR-BUY-002,ACMR,buy,,4000.0,SUBMISSION_BLOCKED_ALP003,DRY_RUN,INTENT_ONLY,
2026-08-27T20:32:34.344649+00:00,4472448d29207570,CSM001xTSM001-2026-08-27-ACRS-BUY-003,ACRS,buy,,4000.0,SUBMISSION_BLOCKED_ALP003,DRY_RUN,INTENT_ONLY,
2026-08-27T20:32:34.344649+00:00,92092022f5ee73f8,CSM001xTSM001-2026-08-27-AMAT-BUY-004,AMAT,buy,,4000.0,SUBMISSION_BLOCKED_ALP003,DRY_RUN,INTENT_ONLY,
2026-08-27T20:32:34.345647+00:00,0ef0e79d79c3ea3b,CSM001xTSM001-2026-08-27-AMD-BUY-005,AMD,buy,,4000.0,SUBMISSION_BLOCKED_ALP003,DRY_RUN,INTENT_ONLY,
2026-08-27T20:32:34.345647+00:00,9ca682222b934a36,CSM001xTSM001-2026-08-27-AMKR-BUY-006,AMKR,buy,,4000.0,SUBMISSION_BLOCKED_ALP003,DRY_RUN,INTENT_ONLY,
2026-08-27T20:32:34.345647+00:00,aff8439cb769032f,CSM001xTSM001-2026-08-27-AMRX-BUY-007,AMRX,buy,,4000.0,SUBMISSION_BLOCKED_ALP003,DRY_RUN,INTENT_ONLY,
2026-08-27T20:32:34.347293+00:00,db9ddd7cc130e7f4,CSM001xTSM001-2026-08-27-ANAB-BUY-008,ANAB,buy,,4000.0,SUBMISSION_BLOCKED_ALP003,DRY_RUN,INTENT_ONLY,
2026-08-27T20:32:34.347293+00:00,c71d70376a6e0cff,CSM001xTSM001-2026-08-27-ANNX-BUY-009,ANNX,buy,,4000.0,SUBMISSION_BLOCKED_ALP003,DRY_RUN,INTENT_ONLY,
2026-08-27T20:32:34.348304+00:00,45e3569a0c518344,CSM001xTSM001-2026-08-27-APPS-BUY-010,APPS,buy,,4000.0,SUBMISSION_BLOCKED_ALP003,DRY_RUN,INTENT_ONLY,
2026-08-27T20:32:34.348304+00:00,08f2d55f75ae6d31,CSM001xTSM001-2026-08-27-ARCB-BUY-011,ARCB,buy,,4000.0,SUBMISSION_BLOCKED_ALP003,DRY_RUN,INTENT_ONLY,
2026-08-27T20:32:34.349299+00:00,48f0ccbec256b291,CSM001xTSM001-2026-08-27-ARWR-BUY-012,ARWR,buy,,4000.0,SUBMISSION_BLOCKED_ALP003,DRY_RUN,INTENT_ONLY,
2026-08-27T20:32:34.349299+00:00,b8fa75feb2969914,CSM001xTSM001-2026-08-27-ASML-BUY-013,ASML,buy,,4000.0,SUBMISSION_BLOCKED_ALP003,DRY_RUN,INTENT_ONLY,
2026-08-27T20:32:34.349299+00:00,edd1eb2f7071b690,CSM001xTSM001-2026-08-27-ATEX-BUY-014,ATEX,buy,,4000.0,SUBMISSION_BLOCKED_ALP003,DRY_RUN,INTENT_ONLY,
2026-08-27T20:32:34.350300+00:00,bcd2fc298bc58697,CSM001xTSM001-2026-08-27-ATRO-BUY-015,ATRO,buy,,4000.0,SUBMISSION_BLOCKED_ALP003,DRY_RUN,INTENT_ONLY,
2026-08-27T20:32:34.350300+00:00,2add0803bb05fc4d,CSM001xTSM001-2026-08-27-AXGN-BUY-016,AXGN,buy,,4000.0,SUBMISSION_BLOCKED_ALP003,DRY_RUN,INTENT_ONLY,
2026-08-27T20:32:34.350300+00:00,dd17850b4a895ed5,CSM001xTSM001-2026-08-27-AXSM-BUY-017,AXSM,buy,,4000.0,SUBMISSION_BLOCKED_ALP003,DRY_RUN,INTENT_ONLY,
2026-08-27T20:32:34.351309+00:00,292b022b9b614de8,CSM001xTSM001-2026-08-27-AXTI-BUY-018,AXTI,buy,,4000.0,SUBMISSION_BLOCKED_ALP003,DRY_RUN,INTENT_ONLY,
2026-08-27T20:32:34.351309+00:00,1e3a79a8bc1c385e,CSM001xTSM001-2026-08-27-BAND-BUY-019,BAND,buy,,4000.0,SUBMISSION_BLOCKED_ALP003,DRY_RUN,INTENT_ONLY,
2026-08-27T20:32:34.351309+00:00,d8d8eedb815ad6d0,CSM001xTSM001-2026-08-27-BJRI-BUY-020,BJRI,buy,,4000.0,SUBMISSION_BLOCKED_ALP003,DRY_RUN,INTENT_ONLY,
2026-08-27T20:32:34.352313+00:00,a905a04dd2f9209b,CSM001xTSM001-2026-08-27-BRKR-BUY-021,BRKR,buy,,4000.0,SUBMISSION_BLOCKED_ALP003,DRY_RUN,INTENT_ONLY,
2026-08-27T20:32:34.352313+00:00,e28d265c1b6e24a6,CSM001xTSM001-2026-08-27-CALY-BUY-022,CALY,buy,,4000.0,SUBMISSION_BLOCKED_ALP003,DRY_RUN,INTENT_ONLY,
2026-08-27T20:32:34.352313+00:00,63810e74465c2de2,CSM001xTSM001-2026-08-27-CDNA-BUY-023,CDNA,buy,,4000.0,SUBMISSION_BLOCKED_ALP003,DRY_RUN,INTENT_ONLY,
2026-08-27T20:32:34.353299+00:00,4cb674ebcef42dc4,CSM001xTSM001-2026-08-27-CENX-BUY-024,CENX,buy,,4000.0,SUBMISSION_BLOCKED_ALP003,DRY_RUN,INTENT_ONLY,
2026-08-27T20:32:34.353299+00:00,567b1e151ce9af72,CSM001xTSM001-2026-08-27-CERS-BUY-025,CERS,buy,,4000.0,SUBMISSION_BLOCKED_ALP003,DRY_RUN,INTENT_ONLY,
2026-08-28T20:32:34.290059+00:00,5fdfdc14afbbd02f,CSM001xTSM001-2026-08-28-AAOI-BUY-001,AAOI,buy,,4000.0,SUBMISSION_BLOCKED_ALP003,DRY_RUN,INTENT_ONLY,
2026-08-28T20:32:34.292365+00:00,27601531f8fba68f,CSM001xTSM001-2026-08-28-ACMR-BUY-002,ACMR,buy,,4000.0,SUBMISSION_BLOCKED_ALP003,DRY_RUN,INTENT_ONLY,
2026-08-28T20:32:34.292875+00:00,0854573238bfa759,CSM001xTSM001-2026-08-28-ACRS-BUY-003,ACRS,buy,,4000.0,SUBMISSION_BLOCKED_ALP003,DRY_RUN,INTENT_ONLY,
2026-08-28T20:32:34.293901+00:00,2184f695299afd6e,CSM001xTSM001-2026-08-28-AMAT-BUY-004,AMAT,buy,,4000.0,SUBMISSION_BLOCKED_ALP003,DRY_RUN,INTENT_ONLY,
2026-08-28T20:32:34.293901+00:00,1b668c3dac963561,CSM001xTSM001-2026-08-28-AMD-BUY-005,AMD,buy,,4000.0,SUBMISSION_BLOCKED_ALP003,DRY_RUN,INTENT_ONLY,
2026-08-28T20:32:34.293901+00:00,cac6bb61969830bc,CSM001xTSM001-2026-08-28-AMKR-BUY-006,AMKR,buy,,4000.0,SUBMISSION_BLOCKED_ALP003,DRY_RUN,INTENT_ONLY,
2026-08-28T20:32:34.294907+00:00,72993e8d560bb9c9,CSM001xTSM001-2026-08-28-AMRX-BUY-007,AMRX,buy,,4000.0,SUBMISSION_BLOCKED_ALP003,DRY_RUN,INTENT_ONLY,
2026-08-28T20:32:34.294907+00:00,cf0825c775a3b1d0,CSM001xTSM001-2026-08-28-ANAB-BUY-008,ANAB,buy,,4000.0,SUBMISSION_BLOCKED_ALP003,DRY_RUN,INTENT_ONLY,
2026-08-28T20:32:34.294907+00:00,d0d4aa96dc7cf864,CSM001xTSM001-2026-08-28-ANIK-BUY-009,ANIK,buy,,4000.0,SUBMISSION_BLOCKED_ALP003,DRY_RUN,INTENT_ONLY,
2026-08-28T20:32:34.295907+00:00,7e43137b095e05a4,CSM001xTSM001-2026-08-28-ANNX-BUY-010,ANNX,buy,,4000.0,SUBMISSION_BLOCKED_ALP003,DRY_RUN,INTENT_ONLY,
2026-08-28T20:32:34.295907+00:00,81a857dac1fec4e1,CSM001xTSM001-2026-08-28-APPS-BUY-011,APPS,buy,,4000.0,SUBMISSION_BLOCKED_ALP003,DRY_RUN,INTENT_ONLY,
2026-08-28T20:32:34.295907+00:00,b694905a0ccb4ba3,CSM001xTSM001-2026-08-28-ARCB-BUY-012,ARCB,buy,,4000.0,SUBMISSION_BLOCKED_ALP003,DRY_RUN,INTENT_ONLY,
2026-08-28T20:32:34.296907+00:00,82011f137c6bda29,CSM001xTSM001-2026-08-28-ARWR-BUY-013,ARWR,buy,,4000.0,SUBMISSION_BLOCKED_ALP003,DRY_RUN,INTENT_ONLY,
2026-08-28T20:32:34.297502+00:00,8bd425c1893fdc0c,CSM001xTSM001-2026-08-28-ASML-BUY-014,ASML,buy,,4000.0,SUBMISSION_BLOCKED_ALP003,DRY_RUN,INTENT_ONLY,
2026-08-28T20:32:34.297502+00:00,1f0a2c1724cb7e3e,CSM001xTSM001-2026-08-28-ATEX-BUY-015,ATEX,buy,,4000.0,SUBMISSION_BLOCKED_ALP003,DRY_RUN,INTENT_ONLY,
2026-08-28T20:32:34.298537+00:00,784867083d253ad8,CSM001xTSM001-2026-08-28-ATRO-BUY-016,ATRO,buy,,4000.0,SUBMISSION_BLOCKED_ALP003,DRY_RUN,INTENT_ONLY,
2026-08-28T20:32:34.299551+00:00,8aae09148caddb11,CSM001xTSM001-2026-08-28-AXGN-BUY-017,AXGN,buy,,4000.0,SUBMISSION_BLOCKED_ALP003,DRY_RUN,INTENT_ONLY,
2026-08-28T20:32:34.299551+00:00,bbde28e2d610f76c,CSM001xTSM001-2026-08-28-AXSM-BUY-018,AXSM,buy,,4000.0,SUBMISSION_BLOCKED_ALP003,DRY_RUN,INTENT_ONLY,
2026-08-28T20:32:34.300537+00:00,9a7b7b15e4b5f15b,CSM001xTSM001-2026-08-28-AXTI-BUY-019,AXTI,buy,,4000.0,SUBMISSION_BLOCKED_ALP003,DRY_RUN,INTENT_ONLY,
2026-08-28T20:32:34.301554+00:00,3eaa0675195b9681,CSM001xTSM001-2026-08-28-BAND-BUY-020,BAND,buy,,4000.0,SUBMISSION_BLOCKED_ALP003,DRY_RUN,INTENT_ONLY,
2026-08-28T20:32:34.301554+00:00,063bfdb925e9408b,CSM001xTSM001-2026-08-28-BJRI-BUY-021,BJRI,buy,,4000.0,SUBMISSION_BLOCKED_ALP003,DRY_RUN,INTENT_ONLY,
2026-08-28T20:32:34.301554+00:00,2aa745993bf53ac2,CSM001xTSM001-2026-08-28-BRKR-BUY-022,BRKR,buy,,4000.0,SUBMISSION_BLOCKED_ALP003,DRY_RUN,INTENT_ONLY,
2026-08-28T20:32:34.301554+00:00,03f7ee5615e0f196,CSM001xTSM001-2026-08-28-CDNA-BUY-023,CDNA,buy,,4000.0,SUBMISSION_BLOCKED_ALP003,DRY_RUN,INTENT_ONLY,
2026-08-28T20:32:34.303059+00:00,5f96bb0b6751b6fe,CSM001xTSM001-2026-08-28-CENX-BUY-024,CENX,buy,,4000.0,SUBMISSION_BLOCKED_ALP003,DRY_RUN,INTENT_ONLY,
2026-08-28T20:32:34.303059+00:00,ded3d9aff7adb25b,CSM001xTSM001-2026-08-28-CERS-BUY-025,CERS,buy,,4000.0,SUBMISSION_BLOCKED_ALP003,DRY_RUN,INTENT_ONLY,
2026-08-30T10:02:39.978406+00:00,fa0309f3e87e5ac5,CSM001xTSM001-2026-08-25-AAOI-BUY-001,AAOI,buy,,4000.0,SUBMISSION_BLOCKED_ALP003,DRY_RUN,INTENT_ONLY,
2026-08-30T10:02:39.980416+00:00,884b6958758b881a,CSM001xTSM001-2026-08-25-ACMR-BUY-002,ACMR,buy,,4000.0,SUBMISSION_BLOCKED_ALP003,DRY_RUN,INTENT_ONLY,
2026-08-30T10:02:39.980416+00:00,4057a0b75aebfc55,CSM001xTSM001-2026-08-25-ACRS-BUY-003,ACRS,buy,,4000.0,SUBMISSION_BLOCKED_ALP003,DRY_RUN,INTENT_ONLY,
2026-08-30T10:02:39.981379+00:00,b7db99c9c6d87a46,CSM001xTSM001-2026-08-25-AEIS-BUY-004,AEIS,buy,,4000.0,SUBMISSION_BLOCKED_ALP003,DRY_RUN,INTENT_ONLY,
2026-08-30T10:02:39.981379+00:00,00d4184c854e444d,CSM001xTSM001-2026-08-25-AMAT-BUY-005,AMAT,buy,,4000.0,SUBMISSION_BLOCKED_ALP003,DRY_RUN,INTENT_ONLY,
2026-08-30T10:02:39.981379+00:00,9936139d8ff3b2d9,CSM001xTSM001-2026-08-25-AMD-BUY-006,AMD,buy,,4000.0,SUBMISSION_BLOCKED_ALP003,DRY_RUN,INTENT_ONLY,
2026-08-30T10:02:39.982392+00:00,c53607f7c4e0c6a1,CSM001xTSM001-2026-08-25-AMKR-BUY-007,AMKR,buy,,4000.0,SUBMISSION_BLOCKED_ALP003,DRY_RUN,INTENT_ONLY,
2026-08-30T10:02:39.982392+00:00,afe16ee6a5f21704,CSM001xTSM001-2026-08-25-AMRX-BUY-008,AMRX,buy,,4000.0,SUBMISSION_BLOCKED_ALP003,DRY_RUN,INTENT_ONLY,
2026-08-30T10:02:39.982392+00:00,9035e26247843d62,CSM001xTSM001-2026-08-25-ANAB-BUY-009,ANAB,buy,,4000.0,SUBMISSION_BLOCKED_ALP003,DRY_RUN,INTENT_ONLY,
2026-08-30T10:02:39.983673+00:00,fb3ff09390eae65e,CSM001xTSM001-2026-08-25-ANNX-BUY-010,ANNX,buy,,4000.0,SUBMISSION_BLOCKED_ALP003,DRY_RUN,INTENT_ONLY,
2026-08-30T10:02:39.983673+00:00,fa4c5e20585faa9f,CSM001xTSM001-2026-08-25-APPS-BUY-011,APPS,buy,,4000.0,SUBMISSION_BLOCKED_ALP003,DRY_RUN,INTENT_ONLY,
2026-08-30T10:02:39.984670+00:00,325fe3438156b2d5,CSM001xTSM001-2026-08-25-ARCB-BUY-012,ARCB,buy,,4000.0,SUBMISSION_BLOCKED_ALP003,DRY_RUN,INTENT_ONLY,
2026-08-30T10:02:39.984670+00:00,5dca7c9f56d3e8da,CSM001xTSM001-2026-08-25-ARWR-BUY-013,ARWR,buy,,4000.0,SUBMISSION_BLOCKED_ALP003,DRY_RUN,INTENT_ONLY,
2026-08-30T10:02:39.985239+00:00,08fc87d1d4bfdc59,CSM001xTSM001-2026-08-25-ASML-BUY-014,ASML,buy,,4000.0,SUBMISSION_BLOCKED_ALP003,DRY_RUN,INTENT_ONLY,
2026-08-30T10:02:39.986281+00:00,38d188609e9642e9,CSM001xTSM001-2026-08-25-ATEX-BUY-015,ATEX,buy,,4000.0,SUBMISSION_BLOCKED_ALP003,DRY_RUN,INTENT_ONLY,
2026-08-30T10:02:39.986281+00:00,41eda9a7f04c39be,CSM001xTSM001-2026-08-25-ATRO-BUY-016,ATRO,buy,,4000.0,SUBMISSION_BLOCKED_ALP003,DRY_RUN,INTENT_ONLY,
2026-08-30T10:02:39.987271+00:00,425586c0a86d955c,CSM001xTSM001-2026-08-25-AXGN-BUY-017,AXGN,buy,,4000.0,SUBMISSION_BLOCKED_ALP003,DRY_RUN,INTENT_ONLY,
2026-08-30T10:02:39.987271+00:00,ac9ffe2ab57448d0,CSM001xTSM001-2026-08-25-AXSM-BUY-018,AXSM,buy,,4000.0,SUBMISSION_BLOCKED_ALP003,DRY_RUN,INTENT_ONLY,
2026-08-30T10:02:39.988268+00:00,a4ec8ca405861f45,CSM001xTSM001-2026-08-25-AXTI-BUY-019,AXTI,buy,,4000.0,SUBMISSION_BLOCKED_ALP003,DRY_RUN,INTENT_ONLY,
2026-08-30T10:02:39.988268+00:00,aec9c97c58047ab0,CSM001xTSM001-2026-08-25-BAND-BUY-020,BAND,buy,,4000.0,SUBMISSION_BLOCKED_ALP003,DRY_RUN,INTENT_ONLY,
2026-08-30T10:02:39.989275+00:00,f222a382bb2418f4,CSM001xTSM001-2026-08-25-BELFB-BUY-021,BELFB,buy,,4000.0,SUBMISSION_BLOCKED_ALP003,DRY_RUN,INTENT_ONLY,
2026-08-30T10:02:39.989275+00:00,9ae406f639aa07f7,CSM001xTSM001-2026-08-25-BJRI-BUY-022,BJRI,buy,,4000.0,SUBMISSION_BLOCKED_ALP003,DRY_RUN,INTENT_ONLY,
2026-08-30T10:02:39.989275+00:00,8b394118859e2363,CSM001xTSM001-2026-08-25-CDNA-BUY-023,CDNA,buy,,4000.0,SUBMISSION_BLOCKED_ALP003,DRY_RUN,INTENT_ONLY,
2026-08-30T10:02:39.990267+00:00,3c2a91ef5a195c02,CSM001xTSM001-2026-08-25-CENX-BUY-024,CENX,buy,,4000.0,SUBMISSION_BLOCKED_ALP003,DRY_RUN,INTENT_ONLY,
2026-08-30T10:02:39.990267+00:00,5b7da076f3ce157b,CSM001xTSM001-2026-08-25-CERS-BUY-025,CERS,buy,,4000.0,SUBMISSION_BLOCKED_ALP003,DRY_RUN,INTENT_ONLY,
2026-08-30T10:05:06.957746+00:00,fa0309f3e87e5ac5,CSM001xTSM001-2026-08-25-AAOI-BUY-001,AAOI,buy,,4000.0,SUBMISSION_BLOCKED_ALP003,DRY_RUN,INTENT_ONLY,
2026-08-30T10:05:06.957746+00:00,884b6958758b881a,CSM001xTSM001-2026-08-25-ACMR-BUY-002,ACMR,buy,,4000.0,SUBMISSION_BLOCKED_ALP003,DRY_RUN,INTENT_ONLY,
2026-08-30T10:05:06.958739+00:00,4057a0b75aebfc55,CSM001xTSM001-2026-08-25-ACRS-BUY-003,ACRS,buy,,4000.0,SUBMISSION_BLOCKED_ALP003,DRY_RUN,INTENT_ONLY,
2026-08-30T10:05:06.958739+00:00,b7db99c9c6d87a46,CSM001xTSM001-2026-08-25-AEIS-BUY-004,AEIS,buy,,4000.0,SUBMISSION_BLOCKED_ALP003,DRY_RUN,INTENT_ONLY,
2026-08-30T10:05:06.958739+00:00,00d4184c854e444d,CSM001xTSM001-2026-08-25-AMAT-BUY-005,AMAT,buy,,4000.0,SUBMISSION_BLOCKED_ALP003,DRY_RUN,INTENT_ONLY,
2026-08-30T10:05:06.959764+00:00,9936139d8ff3b2d9,CSM001xTSM001-2026-08-25-AMD-BUY-006,AMD,buy,,4000.0,SUBMISSION_BLOCKED_ALP003,DRY_RUN,INTENT_ONLY,
2026-08-30T10:05:06.959764+00:00,c53607f7c4e0c6a1,CSM001xTSM001-2026-08-25-AMKR-BUY-007,AMKR,buy,,4000.0,SUBMISSION_BLOCKED_ALP003,DRY_RUN,INTENT_ONLY,
2026-08-30T10:05:06.960748+00:00,afe16ee6a5f21704,CSM001xTSM001-2026-08-25-AMRX-BUY-008,AMRX,buy,,4000.0,SUBMISSION_BLOCKED_ALP003,DRY_RUN,INTENT_ONLY,
2026-08-30T10:05:06.960748+00:00,9035e26247843d62,CSM001xTSM001-2026-08-25-ANAB-BUY-009,ANAB,buy,,4000.0,SUBMISSION_BLOCKED_ALP003,DRY_RUN,INTENT_ONLY,
2026-08-30T10:05:06.960748+00:00,fb3ff09390eae65e,CSM001xTSM001-2026-08-25-ANNX-BUY-010,ANNX,buy,,4000.0,SUBMISSION_BLOCKED_ALP003,DRY_RUN,INTENT_ONLY,
2026-08-30T10:05:06.961797+00:00,fa4c5e20585faa9f,CSM001xTSM001-2026-08-25-APPS-BUY-011,APPS,buy,,4000.0,SUBMISSION_BLOCKED_ALP003,DRY_RUN,INTENT_ONLY,
2026-08-30T10:05:06.961797+00:00,325fe3438156b2d5,CSM001xTSM001-2026-08-25-ARCB-BUY-012,ARCB,buy,,4000.0,SUBMISSION_BLOCKED_ALP003,DRY_RUN,INTENT_ONLY,
2026-08-30T10:05:06.961797+00:00,5dca7c9f56d3e8da,CSM001xTSM001-2026-08-25-ARWR-BUY-013,ARWR,buy,,4000.0,SUBMISSION_BLOCKED_ALP003,DRY_RUN,INTENT_ONLY,
2026-08-30T10:05:06.961797+00:00,08fc87d1d4bfdc59,CSM001xTSM001-2026-08-25-ASML-BUY-014,ASML,buy,,4000.0,SUBMISSION_BLOCKED_ALP003,DRY_RUN,INTENT_ONLY,
2026-08-30T10:05:06.962986+00:00,38d188609e9642e9,CSM001xTSM001-2026-08-25-ATEX-BUY-015,ATEX,buy,,4000.0,SUBMISSION_BLOCKED_ALP003,DRY_RUN,INTENT_ONLY,
2026-08-30T10:05:06.962986+00:00,41eda9a7f04c39be,CSM001xTSM001-2026-08-25-ATRO-BUY-016,ATRO,buy,,4000.0,SUBMISSION_BLOCKED_ALP003,DRY_RUN,INTENT_ONLY,
2026-08-30T10:05:06.962986+00:00,425586c0a86d955c,CSM001xTSM001-2026-08-25-AXGN-BUY-017,AXGN,buy,,4000.0,SUBMISSION_BLOCKED_ALP003,DRY_RUN,INTENT_ONLY,
2026-08-30T10:05:06.963987+00:00,ac9ffe2ab57448d0,CSM001xTSM001-2026-08-25-AXSM-BUY-018,AXSM,buy,,4000.0,SUBMISSION_BLOCKED_ALP003,DRY_RUN,INTENT_ONLY,
2026-08-30T10:05:06.963987+00:00,a4ec8ca405861f45,CSM001xTSM001-2026-08-25-AXTI-BUY-019,AXTI,buy,,4000.0,SUBMISSION_BLOCKED_ALP003,DRY_RUN,INTENT_ONLY,
2026-08-30T10:05:06.963987+00:00,aec9c97c58047ab0,CSM001xTSM001-2026-08-25-BAND-BUY-020,BAND,buy,,4000.0,SUBMISSION_BLOCKED_ALP003,DRY_RUN,INTENT_ONLY,
2026-08-30T10:05:06.964985+00:00,f222a382bb2418f4,CSM001xTSM001-2026-08-25-BELFB-BUY-021,BELFB,buy,,4000.0,SUBMISSION_BLOCKED_ALP003,DRY_RUN,INTENT_ONLY,
2026-08-30T10:05:06.964985+00:00,9ae406f639aa07f7,CSM001xTSM001-2026-08-25-BJRI-BUY-022,BJRI,buy,,4000.0,SUBMISSION_BLOCKED_ALP003,DRY_RUN,INTENT_ONLY,
2026-08-30T10:05:06.964985+00:00,8b394118859e2363,CSM001xTSM001-2026-08-25-CDNA-BUY-023,CDNA,buy,,4000.0,SUBMISSION_BLOCKED_ALP003,DRY_RUN,INTENT_ONLY,
2026-08-30T10:05:06.965986+00:00,3c2a91ef5a195c02,CSM001xTSM001-2026-08-25-CENX-BUY-024,CENX,buy,,4000.0,SUBMISSION_BLOCKED_ALP003,DRY_RUN,INTENT_ONLY,
2026-08-30T10:05:06.965986+00:00,5b7da076f3ce157b,CSM001xTSM001-2026-08-25-CERS-BUY-025,CERS,buy,,4000.0,SUBMISSION_BLOCKED_ALP003,DRY_RUN,INTENT_ONLY,
2026-08-30T10:07:32.716629+00:00,fa0309f3e87e5ac5,CSM001xTSM001-2026-08-25-AAOI-BUY-001,AAOI,buy,,4000.0,SUBMISSION_BLOCKED_ALP003,DRY_RUN,INTENT_ONLY,
2026-08-30T10:07:32.716629+00:00,884b6958758b881a,CSM001xTSM001-2026-08-25-ACMR-BUY-002,ACMR,buy,,4000.0,SUBMISSION_BLOCKED_ALP003,DRY_RUN,INTENT_ONLY,
2026-08-30T10:07:32.716629+00:00,4057a0b75aebfc55,CSM001xTSM001-2026-08-25-ACRS-BUY-003,ACRS,buy,,4000.0,SUBMISSION_BLOCKED_ALP003,DRY_RUN,INTENT_ONLY,
2026-08-30T10:07:32.717628+00:00,b7db99c9c6d87a46,CSM001xTSM001-2026-08-25-AEIS-BUY-004,AEIS,buy,,4000.0,SUBMISSION_BLOCKED_ALP003,DRY_RUN,INTENT_ONLY,
2026-08-30T10:07:32.717628+00:00,00d4184c854e444d,CSM001xTSM001-2026-08-25-AMAT-BUY-005,AMAT,buy,,4000.0,SUBMISSION_BLOCKED_ALP003,DRY_RUN,INTENT_ONLY,
2026-08-30T10:07:32.717628+00:00,9936139d8ff3b2d9,CSM001xTSM001-2026-08-25-AMD-BUY-006,AMD,buy,,4000.0,SUBMISSION_BLOCKED_ALP003,DRY_RUN,INTENT_ONLY,
2026-08-30T10:07:32.718642+00:00,c53607f7c4e0c6a1,CSM001xTSM001-2026-08-25-AMKR-BUY-007,AMKR,buy,,4000.0,SUBMISSION_BLOCKED_ALP003,DRY_RUN,INTENT_ONLY,
2026-08-30T10:07:32.718642+00:00,afe16ee6a5f21704,CSM001xTSM001-2026-08-25-AMRX-BUY-008,AMRX,buy,,4000.0,SUBMISSION_BLOCKED_ALP003,DRY_RUN,INTENT_ONLY,
2026-08-30T10:07:32.718642+00:00,9035e26247843d62,CSM001xTSM001-2026-08-25-ANAB-BUY-009,ANAB,buy,,4000.0,SUBMISSION_BLOCKED_ALP003,DRY_RUN,INTENT_ONLY,
2026-08-30T10:07:32.719630+00:00,fb3ff09390eae65e,CSM001xTSM001-2026-08-25-ANNX-BUY-010,ANNX,buy,,4000.0,SUBMISSION_BLOCKED_ALP003,DRY_RUN,INTENT_ONLY,
2026-08-30T10:07:32.719630+00:00,fa4c5e20585faa9f,CSM001xTSM001-2026-08-25-APPS-BUY-011,APPS,buy,,4000.0,SUBMISSION_BLOCKED_ALP003,DRY_RUN,INTENT_ONLY,
2026-08-30T10:07:32.720636+00:00,325fe3438156b2d5,CSM001xTSM001-2026-08-25-ARCB-BUY-012,ARCB,buy,,4000.0,SUBMISSION_BLOCKED_ALP003,DRY_RUN,INTENT_ONLY,
2026-08-30T10:07:32.720636+00:00,5dca7c9f56d3e8da,CSM001xTSM001-2026-08-25-ARWR-BUY-013,ARWR,buy,,4000.0,SUBMISSION_BLOCKED_ALP003,DRY_RUN,INTENT_ONLY,
2026-08-30T10:07:32.720636+00:00,08fc87d1d4bfdc59,CSM001xTSM001-2026-08-25-ASML-BUY-014,ASML,buy,,4000.0,SUBMISSION_BLOCKED_ALP003,DRY_RUN,INTENT_ONLY,
2026-08-30T10:07:32.721634+00:00,38d188609e9642e9,CSM001xTSM001-2026-08-25-ATEX-BUY-015,ATEX,buy,,4000.0,SUBMISSION_BLOCKED_ALP003,DRY_RUN,INTENT_ONLY,
2026-08-30T10:07:32.722631+00:00,41eda9a7f04c39be,CSM001xTSM001-2026-08-25-ATRO-BUY-016,ATRO,buy,,4000.0,SUBMISSION_BLOCKED_ALP003,DRY_RUN,INTENT_ONLY,
2026-08-30T10:07:32.723012+00:00,425586c0a86d955c,CSM001xTSM001-2026-08-25-AXGN-BUY-017,AXGN,buy,,4000.0,SUBMISSION_BLOCKED_ALP003,DRY_RUN,INTENT_ONLY,
2026-08-30T10:07:32.723012+00:00,ac9ffe2ab57448d0,CSM001xTSM001-2026-08-25-AXSM-BUY-018,AXSM,buy,,4000.0,SUBMISSION_BLOCKED_ALP003,DRY_RUN,INTENT_ONLY,
2026-08-30T10:07:32.724235+00:00,a4ec8ca405861f45,CSM001xTSM001-2026-08-25-AXTI-BUY-019,AXTI,buy,,4000.0,SUBMISSION_BLOCKED_ALP003,DRY_RUN,INTENT_ONLY,
2026-08-30T10:07:32.724235+00:00,aec9c97c58047ab0,CSM001xTSM001-2026-08-25-BAND-BUY-020,BAND,buy,,4000.0,SUBMISSION_BLOCKED_ALP003,DRY_RUN,INTENT_ONLY,
2026-08-30T10:07:32.724235+00:00,f222a382bb2418f4,CSM001xTSM001-2026-08-25-BELFB-BUY-021,BELFB,buy,,4000.0,SUBMISSION_BLOCKED_ALP003,DRY_RUN,INTENT_ONLY,
2026-08-30T10:07:32.725235+00:00,9ae406f639aa07f7,CSM001xTSM001-2026-08-25-BJRI-BUY-022,BJRI,buy,,4000.0,SUBMISSION_BLOCKED_ALP003,DRY_RUN,INTENT_ONLY,
2026-08-30T10:07:32.725235+00:00,8b394118859e2363,CSM001xTSM001-2026-08-25-CDNA-BUY-023,CDNA,buy,,4000.0,SUBMISSION_BLOCKED_ALP003,DRY_RUN,INTENT_ONLY,
2026-08-30T10:07:32.725235+00:00,3c2a91ef5a195c02,CSM001xTSM001-2026-08-25-CENX-BUY-024,CENX,buy,,4000.0,SUBMISSION_BLOCKED_ALP003,DRY_RUN,INTENT_ONLY,
2026-08-30T10:07:32.726237+00:00,5b7da076f3ce157b,CSM001xTSM001-2026-08-25-CERS-BUY-025,CERS,buy,,4000.0,SUBMISSION_BLOCKED_ALP003,DRY_RUN,INTENT_ONLY,
2026-08-31T20:32:24.912145+00:00,eb129b065ec07896,CSM001xTSM001-2026-08-31-AAOI-BUY-001,AAOI,buy,,4000.0,SUBMISSION_BLOCKED_ALP003,DRY_RUN,INTENT_ONLY,
2026-08-31T20:32:24.912145+00:00,22ed8784b60e8573,CSM001xTSM001-2026-08-31-ACMR-BUY-002,ACMR,buy,,4000.0,SUBMISSION_BLOCKED_ALP003,DRY_RUN,INTENT_ONLY,
2026-08-31T20:32:24.912145+00:00,ad6afc31b8f790f6,CSM001xTSM001-2026-08-31-ACRS-BUY-003,ACRS,buy,,4000.0,SUBMISSION_BLOCKED_ALP003,DRY_RUN,INTENT_ONLY,
2026-08-31T20:32:24.912145+00:00,d9172b4eb306b9ac,CSM001xTSM001-2026-08-31-AMAT-BUY-004,AMAT,buy,,4000.0,SUBMISSION_BLOCKED_ALP003,DRY_RUN,INTENT_ONLY,
2026-08-31T20:32:24.912145+00:00,51448413fd88f3c2,CSM001xTSM001-2026-08-31-AMD-BUY-005,AMD,buy,,4000.0,SUBMISSION_BLOCKED_ALP003,DRY_RUN,INTENT_ONLY,
2026-08-31T20:32:24.912145+00:00,62c2a24588e6a09b,CSM001xTSM001-2026-08-31-AMKR-BUY-006,AMKR,buy,,4000.0,SUBMISSION_BLOCKED_ALP003,DRY_RUN,INTENT_ONLY,
2026-08-31T20:32:24.912145+00:00,7ad7698466c5e5d9,CSM001xTSM001-2026-08-31-AMRX-BUY-007,AMRX,buy,,4000.0,SUBMISSION_BLOCKED_ALP003,DRY_RUN,INTENT_ONLY,
2026-08-31T20:32:24.912145+00:00,0424f47458074df1,CSM001xTSM001-2026-08-31-ANAB-BUY-008,ANAB,buy,,4000.0,SUBMISSION_BLOCKED_ALP003,DRY_RUN,INTENT_ONLY,
2026-08-31T20:32:24.912145+00:00,84bed2b2677009ff,CSM001xTSM001-2026-08-31-ANIK-BUY-009,ANIK,buy,,4000.0,SUBMISSION_BLOCKED_ALP003,DRY_RUN,INTENT_ONLY,
2026-08-31T20:32:24.912145+00:00,3519c090602c13b7,CSM001xTSM001-2026-08-31-ANNX-BUY-010,ANNX,buy,,4000.0,SUBMISSION_BLOCKED_ALP003,DRY_RUN,INTENT_ONLY,
2026-08-31T20:32:24.912145+00:00,9a8c2904c0343ef8,CSM001xTSM001-2026-08-31-APPS-BUY-011,APPS,buy,,4000.0,SUBMISSION_BLOCKED_ALP003,DRY_RUN,INTENT_ONLY,
2026-08-31T20:32:24.912145+00:00,51fa8c35e3adb4fe,CSM001xTSM001-2026-08-31-ARCB-BUY-012,ARCB,buy,,4000.0,SUBMISSION_BLOCKED_ALP003,DRY_RUN,INTENT_ONLY,
2026-08-31T20:32:24.912145+00:00,940dad139ac62557,CSM001xTSM001-2026-08-31-ARWR-BUY-013,ARWR,buy,,4000.0,SUBMISSION_BLOCKED_ALP003,DRY_RUN,INTENT_ONLY,
2026-08-31T20:32:24.925227+00:00,c9a10a9b22c86b4b,CSM001xTSM001-2026-08-31-ASML-BUY-014,ASML,buy,,4000.0,SUBMISSION_BLOCKED_ALP003,DRY_RUN,INTENT_ONLY,
2026-08-31T20:32:24.925227+00:00,d5a660c11f4560f2,CSM001xTSM001-2026-08-31-ATEX-BUY-015,ATEX,buy,,4000.0,SUBMISSION_BLOCKED_ALP003,DRY_RUN,INTENT_ONLY,
2026-08-31T20:32:24.925227+00:00,115e84e866acf92d,CSM001xTSM001-2026-08-31-ATRO-BUY-016,ATRO,buy,,4000.0,SUBMISSION_BLOCKED_ALP003,DRY_RUN,INTENT_ONLY,
2026-08-31T20:32:24.925227+00:00,4714b07172428a2c,CSM001xTSM001-2026-08-31-AXGN-BUY-017,AXGN,buy,,4000.0,SUBMISSION_BLOCKED_ALP003,DRY_RUN,INTENT_ONLY,
2026-08-31T20:32:24.925227+00:00,28775575068a2771,CSM001xTSM001-2026-08-31-AXTI-BUY-018,AXTI,buy,,4000.0,SUBMISSION_BLOCKED_ALP003,DRY_RUN,INTENT_ONLY,
2026-08-31T20:32:24.925227+00:00,abc1be5288fe4395,CSM001xTSM001-2026-08-31-BAND-BUY-019,BAND,buy,,4000.0,SUBMISSION_BLOCKED_ALP003,DRY_RUN,INTENT_ONLY,
2026-08-31T20:32:24.927233+00:00,c5631f3be7b68ddb,CSM001xTSM001-2026-08-31-BELFB-BUY-020,BELFB,buy,,4000.0,SUBMISSION_BLOCKED_ALP003,DRY_RUN,INTENT_ONLY,
2026-08-31T20:32:24.927233+00:00,be0359109ad088b9,CSM001xTSM001-2026-08-31-BJRI-BUY-021,BJRI,buy,,4000.0,SUBMISSION_BLOCKED_ALP003,DRY_RUN,INTENT_ONLY,
2026-08-31T20:32:24.927233+00:00,641056fbca0fbb08,CSM001xTSM001-2026-08-31-BRKR-BUY-022,BRKR,buy,,4000.0,SUBMISSION_BLOCKED_ALP003,DRY_RUN,INTENT_ONLY,
2026-08-31T20:32:24.928238+00:00,b1bd3a307b7bc03d,CSM001xTSM001-2026-08-31-CALY-BUY-023,CALY,buy,,4000.0,SUBMISSION_BLOCKED_ALP003,DRY_RUN,INTENT_ONLY,
2026-08-31T20:32:24.928238+00:00,b9d82ff673827948,CSM001xTSM001-2026-08-31-CDNA-BUY-024,CDNA,buy,,4000.0,SUBMISSION_BLOCKED_ALP003,DRY_RUN,INTENT_ONLY,
2026-08-31T20:32:24.928238+00:00,999b52ef565f5764,CSM001xTSM001-2026-08-31-CENX-BUY-025,CENX,buy,,4000.0,SUBMISSION_BLOCKED_ALP003,DRY_RUN,INTENT_ONLY,
2026-09-01T18:47:08.286947+00:00,eb129b065ec07896,CSM001xTSM001-2026-08-31-AAOI-BUY-001,AAOI,buy,,4000.0,SUBMISSION_BLOCKED_ALP003,DRY_RUN,INTENT_ONLY,
2026-09-01T18:47:08.286947+00:00,22ed8784b60e8573,CSM001xTSM001-2026-08-31-ACMR-BUY-002,ACMR,buy,,4000.0,SUBMISSION_BLOCKED_ALP003,DRY_RUN,INTENT_ONLY,
2026-09-01T18:47:08.287957+00:00,ad6afc31b8f790f6,CSM001xTSM001-2026-08-31-ACRS-BUY-003,ACRS,buy,,4000.0,SUBMISSION_BLOCKED_ALP003,DRY_RUN,INTENT_ONLY,
2026-09-01T18:47:08.287957+00:00,d9172b4eb306b9ac,CSM001xTSM001-2026-08-31-AMAT-BUY-004,AMAT,buy,,4000.0,SUBMISSION_BLOCKED_ALP003,DRY_RUN,INTENT_ONLY,
2026-09-01T18:47:08.288936+00:00,51448413fd88f3c2,CSM001xTSM001-2026-08-31-AMD-BUY-005,AMD,buy,,4000.0,SUBMISSION_BLOCKED_ALP003,DRY_RUN,INTENT_ONLY,
2026-09-01T18:47:08.288936+00:00,62c2a24588e6a09b,CSM001xTSM001-2026-08-31-AMKR-BUY-006,AMKR,buy,,4000.0,SUBMISSION_BLOCKED_ALP003,DRY_RUN,INTENT_ONLY,
2026-09-01T18:47:08.288936+00:00,7ad7698466c5e5d9,CSM001xTSM001-2026-08-31-AMRX-BUY-007,AMRX,buy,,4000.0,SUBMISSION_BLOCKED_ALP003,DRY_RUN,INTENT_ONLY,
2026-09-01T18:47:08.289935+00:00,0424f47458074df1,CSM001xTSM001-2026-08-31-ANAB-BUY-008,ANAB,buy,,4000.0,SUBMISSION_BLOCKED_ALP003,DRY_RUN,INTENT_ONLY,
2026-09-01T18:47:08.289935+00:00,84bed2b2677009ff,CSM001xTSM001-2026-08-31-ANIK-BUY-009,ANIK,buy,,4000.0,SUBMISSION_BLOCKED_ALP003,DRY_RUN,INTENT_ONLY,
2026-09-01T18:47:08.290935+00:00,3519c090602c13b7,CSM001xTSM001-2026-08-31-ANNX-BUY-010,ANNX,buy,,4000.0,SUBMISSION_BLOCKED_ALP003,DRY_RUN,INTENT_ONLY,
2026-09-01T18:47:08.290935+00:00,9a8c2904c0343ef8,CSM001xTSM001-2026-08-31-APPS-BUY-011,APPS,buy,,4000.0,SUBMISSION_BLOCKED_ALP003,DRY_RUN,INTENT_ONLY,
2026-09-01T18:47:08.291935+00:00,51fa8c35e3adb4fe,CSM001xTSM001-2026-08-31-ARCB-BUY-012,ARCB,buy,,4000.0,SUBMISSION_BLOCKED_ALP003,DRY_RUN,INTENT_ONLY,
2026-09-01T18:47:08.291935+00:00,940dad139ac62557,CSM001xTSM001-2026-08-31-ARWR-BUY-013,ARWR,buy,,4000.0,SUBMISSION_BLOCKED_ALP003,DRY_RUN,INTENT_ONLY,
2026-09-01T18:47:08.292934+00:00,c9a10a9b22c86b4b,CSM001xTSM001-2026-08-31-ASML-BUY-014,ASML,buy,,4000.0,SUBMISSION_BLOCKED_ALP003,DRY_RUN,INTENT_ONLY,
2026-09-01T18:47:08.292934+00:00,d5a660c11f4560f2,CSM001xTSM001-2026-08-31-ATEX-BUY-015,ATEX,buy,,4000.0,SUBMISSION_BLOCKED_ALP003,DRY_RUN,INTENT_ONLY,
2026-09-01T18:47:08.293937+00:00,115e84e866acf92d,CSM001xTSM001-2026-08-31-ATRO-BUY-016,ATRO,buy,,4000.0,SUBMISSION_BLOCKED_ALP003,DRY_RUN,INTENT_ONLY,
2026-09-01T18:47:08.293937+00:00,4714b07172428a2c,CSM001xTSM001-2026-08-31-AXGN-BUY-017,AXGN,buy,,4000.0,SUBMISSION_BLOCKED_ALP003,DRY_RUN,INTENT_ONLY,
2026-09-01T18:47:08.293937+00:00,28775575068a2771,CSM001xTSM001-2026-08-31-AXTI-BUY-018,AXTI,buy,,4000.0,SUBMISSION_BLOCKED_ALP003,DRY_RUN,INTENT_ONLY,
2026-09-01T18:47:08.294936+00:00,abc1be5288fe4395,CSM001xTSM001-2026-08-31-BAND-BUY-019,BAND,buy,,4000.0,SUBMISSION_BLOCKED_ALP003,DRY_RUN,INTENT_ONLY,
2026-09-01T18:47:08.294936+00:00,c5631f3be7b68ddb,CSM001xTSM001-2026-08-31-BELFB-BUY-020,BELFB,buy,,4000.0,SUBMISSION_BLOCKED_ALP003,DRY_RUN,INTENT_ONLY,
2026-09-01T18:47:08.294936+00:00,be0359109ad088b9,CSM001xTSM001-2026-08-31-BJRI-BUY-021,BJRI,buy,,4000.0,SUBMISSION_BLOCKED_ALP003,DRY_RUN,INTENT_ONLY,
2026-09-01T18:47:08.295934+00:00,641056fbca0fbb08,CSM001xTSM001-2026-08-31-BRKR-BUY-022,BRKR,buy,,4000.0,SUBMISSION_BLOCKED_ALP003,DRY_RUN,INTENT_ONLY,
2026-09-01T18:47:08.295934+00:00,b1bd3a307b7bc03d,CSM001xTSM001-2026-08-31-CALY-BUY-023,CALY,buy,,4000.0,SUBMISSION_BLOCKED_ALP003,DRY_RUN,INTENT_ONLY,
2026-09-01T18:47:08.295934+00:00,b9d82ff673827948,CSM001xTSM001-2026-08-31-CDNA-BUY-024,CDNA,buy,,4000.0,SUBMISSION_BLOCKED_ALP003,DRY_RUN,INTENT_ONLY,
2026-09-01T18:47:08.296945+00:00,999b52ef565f5764,CSM001xTSM001-2026-08-31-CENX-BUY-025,CENX,buy,,4000.0,SUBMISSION_BLOCKED_ALP003,DRY_RUN,INTENT_ONLY,
2026-09-01T20:32:24.470687+00:00,6fc43f0ee1bd512d,CSM001xTSM001-2026-09-01-AAOI-BUY-001,AAOI,buy,,4000.0,SUBMISSION_BLOCKED_ALP003,DRY_RUN,INTENT_ONLY,
2026-09-01T20:32:24.470687+00:00,725b94cd99e6563c,CSM001xTSM001-2026-09-01-ACMR-BUY-002,ACMR,buy,,4000.0,SUBMISSION_BLOCKED_ALP003,DRY_RUN,INTENT_ONLY,
2026-09-01T20:32:24.470687+00:00,cfd04eef906cc6a3,CSM001xTSM001-2026-09-01-ACRS-BUY-003,ACRS,buy,,4000.0,SUBMISSION_BLOCKED_ALP003,DRY_RUN,INTENT_ONLY,
2026-09-01T20:32:24.470687+00:00,48449a47fd04af0a,CSM001xTSM001-2026-09-01-AEIS-BUY-004,AEIS,buy,,4000.0,SUBMISSION_BLOCKED_ALP003,DRY_RUN,INTENT_ONLY,
2026-09-01T20:32:24.470687+00:00,3bc032f618835f5e,CSM001xTSM001-2026-09-01-AMAT-BUY-005,AMAT,buy,,4000.0,SUBMISSION_BLOCKED_ALP003,DRY_RUN,INTENT_ONLY,
2026-09-01T20:32:24.470687+00:00,890b38abd4ec13b4,CSM001xTSM001-2026-09-01-AMD-BUY-006,AMD,buy,,4000.0,SUBMISSION_BLOCKED_ALP003,DRY_RUN,INTENT_ONLY,
2026-09-01T20:32:24.470687+00:00,5f9353afa78f984f,CSM001xTSM001-2026-09-01-AMKR-BUY-007,AMKR,buy,,4000.0,SUBMISSION_BLOCKED_ALP003,DRY_RUN,INTENT_ONLY,
2026-09-01T20:32:24.470687+00:00,4a689c4682e63efa,CSM001xTSM001-2026-09-01-AMRX-BUY-008,AMRX,buy,,4000.0,SUBMISSION_BLOCKED_ALP003,DRY_RUN,INTENT_ONLY,
2026-09-01T20:32:24.470687+00:00,e3662f56dec18a39,CSM001xTSM001-2026-09-01-ANAB-BUY-009,ANAB,buy,,4000.0,SUBMISSION_BLOCKED_ALP003,DRY_RUN,INTENT_ONLY,
2026-09-01T20:32:24.470687+00:00,37a43e745df8e0c1,CSM001xTSM001-2026-09-01-ANIK-BUY-010,ANIK,buy,,4000.0,SUBMISSION_BLOCKED_ALP003,DRY_RUN,INTENT_ONLY,
2026-09-01T20:32:24.470687+00:00,77988b9afa9c6d72,CSM001xTSM001-2026-09-01-ANNX-BUY-011,ANNX,buy,,4000.0,SUBMISSION_BLOCKED_ALP003,DRY_RUN,INTENT_ONLY,
2026-09-01T20:32:24.470687+00:00,7c0e7b32f5178caf,CSM001xTSM001-2026-09-01-APPS-BUY-012,APPS,buy,,4000.0,SUBMISSION_BLOCKED_ALP003,DRY_RUN,INTENT_ONLY,
2026-09-01T20:32:24.470687+00:00,b531651cf0e276fa,CSM001xTSM001-2026-09-01-ARWR-BUY-013,ARWR,buy,,4000.0,SUBMISSION_BLOCKED_ALP003,DRY_RUN,INTENT_ONLY,
2026-09-01T20:32:24.470687+00:00,67e6d4460274daea,CSM001xTSM001-2026-09-01-ASML-BUY-014,ASML,buy,,4000.0,SUBMISSION_BLOCKED_ALP003,DRY_RUN,INTENT_ONLY,
2026-09-01T20:32:24.470687+00:00,a4906d15606eff10,CSM001xTSM001-2026-09-01-ATEX-BUY-015,ATEX,buy,,4000.0,SUBMISSION_BLOCKED_ALP003,DRY_RUN,INTENT_ONLY,
2026-09-01T20:32:24.470687+00:00,bcd4f994edca896c,CSM001xTSM001-2026-09-01-ATRO-BUY-016,ATRO,buy,,4000.0,SUBMISSION_BLOCKED_ALP003,DRY_RUN,INTENT_ONLY,
2026-09-01T20:32:24.470687+00:00,8b45d3d3d4a7898a,CSM001xTSM001-2026-09-01-AXGN-BUY-017,AXGN,buy,,4000.0,SUBMISSION_BLOCKED_ALP003,DRY_RUN,INTENT_ONLY,
2026-09-01T20:32:24.470687+00:00,2ad906c81bf64773,CSM001xTSM001-2026-09-01-AXTI-BUY-018,AXTI,buy,,4000.0,SUBMISSION_BLOCKED_ALP003,DRY_RUN,INTENT_ONLY,
2026-09-01T20:32:24.470687+00:00,08e1613795036a6d,CSM001xTSM001-2026-09-01-BAND-BUY-019,BAND,buy,,4000.0,SUBMISSION_BLOCKED_ALP003,DRY_RUN,INTENT_ONLY,
2026-09-01T20:32:24.470687+00:00,faf872b3b5ffd533,CSM001xTSM001-2026-09-01-BELFB-BUY-020,BELFB,buy,,4000.0,SUBMISSION_BLOCKED_ALP003,DRY_RUN,INTENT_ONLY,
2026-09-01T20:32:24.470687+00:00,61bac7c7d5b95f45,CSM001xTSM001-2026-09-01-BJRI-BUY-021,BJRI,buy,,4000.0,SUBMISSION_BLOCKED_ALP003,DRY_RUN,INTENT_ONLY,
2026-09-01T20:32:24.470687+00:00,15b29ae31bc23a62,CSM001xTSM001-2026-09-01-BRKR-BUY-022,BRKR,buy,,4000.0,SUBMISSION_BLOCKED_ALP003,DRY_RUN,INTENT_ONLY,
2026-09-01T20:32:24.470687+00:00,309f2afc121f5307,CSM001xTSM001-2026-09-01-CALY-BUY-023,CALY,buy,,4000.0,SUBMISSION_BLOCKED_ALP003,DRY_RUN,INTENT_ONLY,
2026-09-01T20:32:24.470687+00:00,579273950160d15c,CSM001xTSM001-2026-09-01-CDNA-BUY-024,CDNA,buy,,4000.0,SUBMISSION_BLOCKED_ALP003,DRY_RUN,INTENT_ONLY,
2026-09-01T20:32:24.470687+00:00,8595e225b3acbc16,CSM001xTSM001-2026-09-01-CENX-BUY-025,CENX,buy,,4000.0,SUBMISSION_BLOCKED_ALP003,DRY_RUN,INTENT_ONLY,
2026-09-02T00:03:58.004814+00:00,eb129b065ec07896,CSM001xTSM001-2026-08-31-AAOI-BUY-001,AAOI,buy,,4000.0,SUBMISSION_BLOCKED_ALP003,DRY_RUN,INTENT_ONLY,
2026-09-02T00:03:58.005813+00:00,22ed8784b60e8573,CSM001xTSM001-2026-08-31-ACMR-BUY-002,ACMR,buy,,4000.0,SUBMISSION_BLOCKED_ALP003,DRY_RUN,INTENT_ONLY,
2026-09-02T00:03:58.005813+00:00,ad6afc31b8f790f6,CSM001xTSM001-2026-08-31-ACRS-BUY-003,ACRS,buy,,4000.0,SUBMISSION_BLOCKED_ALP003,DRY_RUN,INTENT_ONLY,
2026-09-02T00:03:58.006814+00:00,d9172b4eb306b9ac,CSM001xTSM001-2026-08-31-AMAT-BUY-004,AMAT,buy,,4000.0,SUBMISSION_BLOCKED_ALP003,DRY_RUN,INTENT_ONLY,
2026-09-02T00:03:58.006814+00:00,51448413fd88f3c2,CSM001xTSM001-2026-08-31-AMD-BUY-005,AMD,buy,,4000.0,SUBMISSION_BLOCKED_ALP003,DRY_RUN,INTENT_ONLY,
2026-09-02T00:03:58.007812+00:00,62c2a24588e6a09b,CSM001xTSM001-2026-08-31-AMKR-BUY-006,AMKR,buy,,4000.0,SUBMISSION_BLOCKED_ALP003,DRY_RUN,INTENT_ONLY,
2026-09-02T00:03:58.007812+00:00,7ad7698466c5e5d9,CSM001xTSM001-2026-08-31-AMRX-BUY-007,AMRX,buy,,4000.0,SUBMISSION_BLOCKED_ALP003,DRY_RUN,INTENT_ONLY,
2026-09-02T00:03:58.007812+00:00,0424f47458074df1,CSM001xTSM001-2026-08-31-ANAB-BUY-008,ANAB,buy,,4000.0,SUBMISSION_BLOCKED_ALP003,DRY_RUN,INTENT_ONLY,
2026-09-02T00:03:58.008825+00:00,84bed2b2677009ff,CSM001xTSM001-2026-08-31-ANIK-BUY-009,ANIK,buy,,4000.0,SUBMISSION_BLOCKED_ALP003,DRY_RUN,INTENT_ONLY,
2026-09-02T00:03:58.008825+00:00,3519c090602c13b7,CSM001xTSM001-2026-08-31-ANNX-BUY-010,ANNX,buy,,4000.0,SUBMISSION_BLOCKED_ALP003,DRY_RUN,INTENT_ONLY,
2026-09-02T00:03:58.009811+00:00,9a8c2904c0343ef8,CSM001xTSM001-2026-08-31-APPS-BUY-011,APPS,buy,,4000.0,SUBMISSION_BLOCKED_ALP003,DRY_RUN,INTENT_ONLY,
2026-09-02T00:03:58.009811+00:00,51fa8c35e3adb4fe,CSM001xTSM001-2026-08-31-ARCB-BUY-012,ARCB,buy,,4000.0,SUBMISSION_BLOCKED_ALP003,DRY_RUN,INTENT_ONLY,
2026-09-02T00:03:58.009811+00:00,940dad139ac62557,CSM001xTSM001-2026-08-31-ARWR-BUY-013,ARWR,buy,,4000.0,SUBMISSION_BLOCKED_ALP003,DRY_RUN,INTENT_ONLY,
2026-09-02T00:03:58.010812+00:00,c9a10a9b22c86b4b,CSM001xTSM001-2026-08-31-ASML-BUY-014,ASML,buy,,4000.0,SUBMISSION_BLOCKED_ALP003,DRY_RUN,INTENT_ONLY,
2026-09-02T00:03:58.010812+00:00,d5a660c11f4560f2,CSM001xTSM001-2026-08-31-ATEX-BUY-015,ATEX,buy,,4000.0,SUBMISSION_BLOCKED_ALP003,DRY_RUN,INTENT_ONLY,
2026-09-02T00:03:58.011816+00:00,115e84e866acf92d,CSM001xTSM001-2026-08-31-ATRO-BUY-016,ATRO,buy,,4000.0,SUBMISSION_BLOCKED_ALP003,DRY_RUN,INTENT_ONLY,
2026-09-02T00:03:58.011816+00:00,4714b07172428a2c,CSM001xTSM001-2026-08-31-AXGN-BUY-017,AXGN,buy,,4000.0,SUBMISSION_BLOCKED_ALP003,DRY_RUN,INTENT_ONLY,
2026-09-02T00:03:58.012813+00:00,28775575068a2771,CSM001xTSM001-2026-08-31-AXTI-BUY-018,AXTI,buy,,4000.0,SUBMISSION_BLOCKED_ALP003,DRY_RUN,INTENT_ONLY,
2026-09-02T00:03:58.012813+00:00,abc1be5288fe4395,CSM001xTSM001-2026-08-31-BAND-BUY-019,BAND,buy,,4000.0,SUBMISSION_BLOCKED_ALP003,DRY_RUN,INTENT_ONLY,
2026-09-02T00:03:58.012813+00:00,c5631f3be7b68ddb,CSM001xTSM001-2026-08-31-BELFB-BUY-020,BELFB,buy,,4000.0,SUBMISSION_BLOCKED_ALP003,DRY_RUN,INTENT_ONLY,
2026-09-02T00:03:58.012813+00:00,be0359109ad088b9,CSM001xTSM001-2026-08-31-BJRI-BUY-021,BJRI,buy,,4000.0,SUBMISSION_BLOCKED_ALP003,DRY_RUN,INTENT_ONLY,
2026-09-02T00:03:58.013814+00:00,641056fbca0fbb08,CSM001xTSM001-2026-08-31-BRKR-BUY-022,BRKR,buy,,4000.0,SUBMISSION_BLOCKED_ALP003,DRY_RUN,INTENT_ONLY,
2026-09-02T00:03:58.013814+00:00,b1bd3a307b7bc03d,CSM001xTSM001-2026-08-31-CALY-BUY-023,CALY,buy,,4000.0,SUBMISSION_BLOCKED_ALP003,DRY_RUN,INTENT_ONLY,
2026-09-02T00:03:58.014821+00:00,b9d82ff673827948,CSM001xTSM001-2026-08-31-CDNA-BUY-024,CDNA,buy,,4000.0,SUBMISSION_BLOCKED_ALP003,DRY_RUN,INTENT_ONLY,
2026-09-02T00:03:58.014821+00:00,999b52ef565f5764,CSM001xTSM001-2026-08-31-CENX-BUY-025,CENX,buy,,4000.0,SUBMISSION_BLOCKED_ALP003,DRY_RUN,INTENT_ONLY,
2026-09-02T00:11:44.880156+00:00,eb129b065ec07896,CSM001xTSM001-2026-08-31-AAOI-BUY-001,AAOI,buy,,4000.0,SUBMISSION_BLOCKED_ALP003,DRY_RUN,INTENT_ONLY,
2026-09-02T00:11:44.880156+00:00,22ed8784b60e8573,CSM001xTSM001-2026-08-31-ACMR-BUY-002,ACMR,buy,,4000.0,SUBMISSION_BLOCKED_ALP003,DRY_RUN,INTENT_ONLY,
2026-09-02T00:11:44.881156+00:00,ad6afc31b8f790f6,CSM001xTSM001-2026-08-31-ACRS-BUY-003,ACRS,buy,,4000.0,SUBMISSION_BLOCKED_ALP003,DRY_RUN,INTENT_ONLY,
2026-09-02T00:11:44.881156+00:00,d9172b4eb306b9ac,CSM001xTSM001-2026-08-31-AMAT-BUY-004,AMAT,buy,,4000.0,SUBMISSION_BLOCKED_ALP003,DRY_RUN,INTENT_ONLY,
2026-09-02T00:11:44.881156+00:00,51448413fd88f3c2,CSM001xTSM001-2026-08-31-AMD-BUY-005,AMD,buy,,4000.0,SUBMISSION_BLOCKED_ALP003,DRY_RUN,INTENT_ONLY,
2026-09-02T00:11:44.882171+00:00,62c2a24588e6a09b,CSM001xTSM001-2026-08-31-AMKR-BUY-006,AMKR,buy,,4000.0,SUBMISSION_BLOCKED_ALP003,DRY_RUN,INTENT_ONLY,
2026-09-02T00:11:44.882171+00:00,7ad7698466c5e5d9,CSM001xTSM001-2026-08-31-AMRX-BUY-007,AMRX,buy,,4000.0,SUBMISSION_BLOCKED_ALP003,DRY_RUN,INTENT_ONLY,
2026-09-02T00:11:44.883156+00:00,0424f47458074df1,CSM001xTSM001-2026-08-31-ANAB-BUY-008,ANAB,buy,,4000.0,SUBMISSION_BLOCKED_ALP003,DRY_RUN,INTENT_ONLY,
2026-09-02T00:11:44.883156+00:00,84bed2b2677009ff,CSM001xTSM001-2026-08-31-ANIK-BUY-009,ANIK,buy,,4000.0,SUBMISSION_BLOCKED_ALP003,DRY_RUN,INTENT_ONLY,
2026-09-02T00:11:44.884159+00:00,3519c090602c13b7,CSM001xTSM001-2026-08-31-ANNX-BUY-010,ANNX,buy,,4000.0,SUBMISSION_BLOCKED_ALP003,DRY_RUN,INTENT_ONLY,
2026-09-02T00:11:44.884159+00:00,9a8c2904c0343ef8,CSM001xTSM001-2026-08-31-APPS-BUY-011,APPS,buy,,4000.0,SUBMISSION_BLOCKED_ALP003,DRY_RUN,INTENT_ONLY,
2026-09-02T00:11:44.884159+00:00,51fa8c35e3adb4fe,CSM001xTSM001-2026-08-31-ARCB-BUY-012,ARCB,buy,,4000.0,SUBMISSION_BLOCKED_ALP003,DRY_RUN,INTENT_ONLY,
2026-09-02T00:11:44.885172+00:00,940dad139ac62557,CSM001xTSM001-2026-08-31-ARWR-BUY-013,ARWR,buy,,4000.0,SUBMISSION_BLOCKED_ALP003,DRY_RUN,INTENT_ONLY,
2026-09-02T00:11:44.885172+00:00,c9a10a9b22c86b4b,CSM001xTSM001-2026-08-31-ASML-BUY-014,ASML,buy,,4000.0,SUBMISSION_BLOCKED_ALP003,DRY_RUN,INTENT_ONLY,
2026-09-02T00:11:44.885172+00:00,d5a660c11f4560f2,CSM001xTSM001-2026-08-31-ATEX-BUY-015,ATEX,buy,,4000.0,SUBMISSION_BLOCKED_ALP003,DRY_RUN,INTENT_ONLY,
2026-09-02T00:11:44.886174+00:00,115e84e866acf92d,CSM001xTSM001-2026-08-31-ATRO-BUY-016,ATRO,buy,,4000.0,SUBMISSION_BLOCKED_ALP003,DRY_RUN,INTENT_ONLY,
2026-09-02T00:11:44.886174+00:00,4714b07172428a2c,CSM001xTSM001-2026-08-31-AXGN-BUY-017,AXGN,buy,,4000.0,SUBMISSION_BLOCKED_ALP003,DRY_RUN,INTENT_ONLY,
2026-09-02T00:11:44.887171+00:00,28775575068a2771,CSM001xTSM001-2026-08-31-AXTI-BUY-018,AXTI,buy,,4000.0,SUBMISSION_BLOCKED_ALP003,DRY_RUN,INTENT_ONLY,
2026-09-02T00:11:44.887171+00:00,abc1be5288fe4395,CSM001xTSM001-2026-08-31-BAND-BUY-019,BAND,buy,,4000.0,SUBMISSION_BLOCKED_ALP003,DRY_RUN,INTENT_ONLY,
2026-09-02T00:11:44.887171+00:00,c5631f3be7b68ddb,CSM001xTSM001-2026-08-31-BELFB-BUY-020,BELFB,buy,,4000.0,SUBMISSION_BLOCKED_ALP003,DRY_RUN,INTENT_ONLY,
2026-09-02T00:11:44.888155+00:00,be0359109ad088b9,CSM001xTSM001-2026-08-31-BJRI-BUY-021,BJRI,buy,,4000.0,SUBMISSION_BLOCKED_ALP003,DRY_RUN,INTENT_ONLY,
2026-09-02T00:11:44.888155+00:00,641056fbca0fbb08,CSM001xTSM001-2026-08-31-BRKR-BUY-022,BRKR,buy,,4000.0,SUBMISSION_BLOCKED_ALP003,DRY_RUN,INTENT_ONLY,
2026-09-02T00:11:44.888155+00:00,b1bd3a307b7bc03d,CSM001xTSM001-2026-08-31-CALY-BUY-023,CALY,buy,,4000.0,SUBMISSION_BLOCKED_ALP003,DRY_RUN,INTENT_ONLY,
2026-09-02T00:11:44.889176+00:00,b9d82ff673827948,CSM001xTSM001-2026-08-31-CDNA-BUY-024,CDNA,buy,,4000.0,SUBMISSION_BLOCKED_ALP003,DRY_RUN,INTENT_ONLY,
2026-09-02T00:11:44.889176+00:00,999b52ef565f5764,CSM001xTSM001-2026-08-31-CENX-BUY-025,CENX,buy,,4000.0,SUBMISSION_BLOCKED_ALP003,DRY_RUN,INTENT_ONLY,
2026-09-02T00:14:17.049790+00:00,eb129b065ec07896,CSM001xTSM001-2026-08-31-AAOI-BUY-001,AAOI,buy,,4000.0,SUBMISSION_BLOCKED_ALP003,DRY_RUN,INTENT_ONLY,
2026-09-02T00:14:17.049790+00:00,22ed8784b60e8573,CSM001xTSM001-2026-08-31-ACMR-BUY-002,ACMR,buy,,4000.0,SUBMISSION_BLOCKED_ALP003,DRY_RUN,INTENT_ONLY,
2026-09-02T00:14:17.049790+00:00,ad6afc31b8f790f6,CSM001xTSM001-2026-08-31-ACRS-BUY-003,ACRS,buy,,4000.0,SUBMISSION_BLOCKED_ALP003,DRY_RUN,INTENT_ONLY,
2026-09-02T00:14:17.050791+00:00,d9172b4eb306b9ac,CSM001xTSM001-2026-08-31-AMAT-BUY-004,AMAT,buy,,4000.0,SUBMISSION_BLOCKED_ALP003,DRY_RUN,INTENT_ONLY,
2026-09-02T00:14:17.050791+00:00,51448413fd88f3c2,CSM001xTSM001-2026-08-31-AMD-BUY-005,AMD,buy,,4000.0,SUBMISSION_BLOCKED_ALP003,DRY_RUN,INTENT_ONLY,
2026-09-02T00:14:17.051795+00:00,62c2a24588e6a09b,CSM001xTSM001-2026-08-31-AMKR-BUY-006,AMKR,buy,,4000.0,SUBMISSION_BLOCKED_ALP003,DRY_RUN,INTENT_ONLY,
2026-09-02T00:14:17.051795+00:00,7ad7698466c5e5d9,CSM001xTSM001-2026-08-31-AMRX-BUY-007,AMRX,buy,,4000.0,SUBMISSION_BLOCKED_ALP003,DRY_RUN,INTENT_ONLY,
2026-09-02T00:14:17.052791+00:00,0424f47458074df1,CSM001xTSM001-2026-08-31-ANAB-BUY-008,ANAB,buy,,4000.0,SUBMISSION_BLOCKED_ALP003,DRY_RUN,INTENT_ONLY,
2026-09-02T00:14:17.052791+00:00,84bed2b2677009ff,CSM001xTSM001-2026-08-31-ANIK-BUY-009,ANIK,buy,,4000.0,SUBMISSION_BLOCKED_ALP003,DRY_RUN,INTENT_ONLY,
2026-09-02T00:14:17.052791+00:00,3519c090602c13b7,CSM001xTSM001-2026-08-31-ANNX-BUY-010,ANNX,buy,,4000.0,SUBMISSION_BLOCKED_ALP003,DRY_RUN,INTENT_ONLY,
2026-09-02T00:14:17.053791+00:00,9a8c2904c0343ef8,CSM001xTSM001-2026-08-31-APPS-BUY-011,APPS,buy,,4000.0,SUBMISSION_BLOCKED_ALP003,DRY_RUN,INTENT_ONLY,
2026-09-02T00:14:17.053791+00:00,51fa8c35e3adb4fe,CSM001xTSM001-2026-08-31-ARCB-BUY-012,ARCB,buy,,4000.0,SUBMISSION_BLOCKED_ALP003,DRY_RUN,INTENT_ONLY,
2026-09-02T00:14:17.053791+00:00,940dad139ac62557,CSM001xTSM001-2026-08-31-ARWR-BUY-013,ARWR,buy,,4000.0,SUBMISSION_BLOCKED_ALP003,DRY_RUN,INTENT_ONLY,
2026-09-02T00:14:17.054790+00:00,c9a10a9b22c86b4b,CSM001xTSM001-2026-08-31-ASML-BUY-014,ASML,buy,,4000.0,SUBMISSION_BLOCKED_ALP003,DRY_RUN,INTENT_ONLY,
2026-09-02T00:14:17.054790+00:00,d5a660c11f4560f2,CSM001xTSM001-2026-08-31-ATEX-BUY-015,ATEX,buy,,4000.0,SUBMISSION_BLOCKED_ALP003,DRY_RUN,INTENT_ONLY,
2026-09-02T00:14:17.055790+00:00,115e84e866acf92d,CSM001xTSM001-2026-08-31-ATRO-BUY-016,ATRO,buy,,4000.0,SUBMISSION_BLOCKED_ALP003,DRY_RUN,INTENT_ONLY,
2026-09-02T00:14:17.055790+00:00,4714b07172428a2c,CSM001xTSM001-2026-08-31-AXGN-BUY-017,AXGN,buy,,4000.0,SUBMISSION_BLOCKED_ALP003,DRY_RUN,INTENT_ONLY,
2026-09-02T00:14:17.055790+00:00,28775575068a2771,CSM001xTSM001-2026-08-31-AXTI-BUY-018,AXTI,buy,,4000.0,SUBMISSION_BLOCKED_ALP003,DRY_RUN,INTENT_ONLY,
2026-09-02T00:14:17.055790+00:00,abc1be5288fe4395,CSM001xTSM001-2026-08-31-BAND-BUY-019,BAND,buy,,4000.0,SUBMISSION_BLOCKED_ALP003,DRY_RUN,INTENT_ONLY,
2026-09-02T00:14:17.056790+00:00,c5631f3be7b68ddb,CSM001xTSM001-2026-08-31-BELFB-BUY-020,BELFB,buy,,4000.0,SUBMISSION_BLOCKED_ALP003,DRY_RUN,INTENT_ONLY,
2026-09-02T00:14:17.056790+00:00,be0359109ad088b9,CSM001xTSM001-2026-08-31-BJRI-BUY-021,BJRI,buy,,4000.0,SUBMISSION_BLOCKED_ALP003,DRY_RUN,INTENT_ONLY,
2026-09-02T00:14:17.057805+00:00,641056fbca0fbb08,CSM001xTSM001-2026-08-31-BRKR-BUY-022,BRKR,buy,,4000.0,SUBMISSION_BLOCKED_ALP003,DRY_RUN,INTENT_ONLY,
2026-09-02T00:14:17.057805+00:00,b1bd3a307b7bc03d,CSM001xTSM001-2026-08-31-CALY-BUY-023,CALY,buy,,4000.0,SUBMISSION_BLOCKED_ALP003,DRY_RUN,INTENT_ONLY,
2026-09-02T00:14:17.057805+00:00,b9d82ff673827948,CSM001xTSM001-2026-08-31-CDNA-BUY-024,CDNA,buy,,4000.0,SUBMISSION_BLOCKED_ALP003,DRY_RUN,INTENT_ONLY,
2026-09-02T00:14:17.058791+00:00,999b52ef565f5764,CSM001xTSM001-2026-08-31-CENX-BUY-025,CENX,buy,,4000.0,SUBMISSION_BLOCKED_ALP003,DRY_RUN,INTENT_ONLY,
2026-09-02T00:32:26.469105+00:00,6fc43f0ee1bd512d,CSM001xTSM001-2026-09-01-AAOI-BUY-001,AAOI,buy,,4000.0,REJECTED_INVALID,PAPER_MUTATION,INTENT_ONLY,"BROKER_MODE_NOT_DRY_RUN,TRADING_ENABLED_NOT_ALLOWED_IN_ALP003"
2026-09-02T00:32:26.469105+00:00,725b94cd99e6563c,CSM001xTSM001-2026-09-01-ACMR-BUY-002,ACMR,buy,,4000.0,REJECTED_INVALID,PAPER_MUTATION,INTENT_ONLY,"BROKER_MODE_NOT_DRY_RUN,TRADING_ENABLED_NOT_ALLOWED_IN_ALP003"
2026-09-02T00:32:26.469105+00:00,cfd04eef906cc6a3,CSM001xTSM001-2026-09-01-ACRS-BUY-003,ACRS,buy,,4000.0,REJECTED_INVALID,PAPER_MUTATION,INTENT_ONLY,"BROKER_MODE_NOT_DRY_RUN,TRADING_ENABLED_NOT_ALLOWED_IN_ALP003"
2026-09-02T00:32:26.470098+00:00,48449a47fd04af0a,CSM001xTSM001-2026-09-01-AEIS-BUY-004,AEIS,buy,,4000.0,REJECTED_INVALID,PAPER_MUTATION,INTENT_ONLY,"BROKER_MODE_NOT_DRY_RUN,TRADING_ENABLED_NOT_ALLOWED_IN_ALP003"
2026-09-02T00:32:26.470098+00:00,3bc032f618835f5e,CSM001xTSM001-2026-09-01-AMAT-BUY-005,AMAT,buy,,4000.0,REJECTED_INVALID,PAPER_MUTATION,INTENT_ONLY,"BROKER_MODE_NOT_DRY_RUN,TRADING_ENABLED_NOT_ALLOWED_IN_ALP003"
2026-09-02T00:32:26.471097+00:00,890b38abd4ec13b4,CSM001xTSM001-2026-09-01-AMD-BUY-006,AMD,buy,,4000.0,REJECTED_INVALID,PAPER_MUTATION,INTENT_ONLY,"BROKER_MODE_NOT_DRY_RUN,TRADING_ENABLED_NOT_ALLOWED_IN_ALP003"
2026-09-02T00:32:26.471097+00:00,5f9353afa78f984f,CSM001xTSM001-2026-09-01-AMKR-BUY-007,AMKR,buy,,4000.0,REJECTED_INVALID,PAPER_MUTATION,INTENT_ONLY,"BROKER_MODE_NOT_DRY_RUN,TRADING_ENABLED_NOT_ALLOWED_IN_ALP003"
2026-09-02T00:32:26.471097+00:00,4a689c4682e63efa,CSM001xTSM001-2026-09-01-AMRX-BUY-008,AMRX,buy,,4000.0,REJECTED_INVALID,PAPER_MUTATION,INTENT_ONLY,"BROKER_MODE_NOT_DRY_RUN,TRADING_ENABLED_NOT_ALLOWED_IN_ALP003"
2026-09-02T00:32:26.472085+00:00,e3662f56dec18a39,CSM001xTSM001-2026-09-01-ANAB-BUY-009,ANAB,buy,,4000.0,REJECTED_INVALID,PAPER_MUTATION,INTENT_ONLY,"BROKER_MODE_NOT_DRY_RUN,TRADING_ENABLED_NOT_ALLOWED_IN_ALP003"
2026-09-02T00:32:26.472085+00:00,37a43e745df8e0c1,CSM001xTSM001-2026-09-01-ANIK-BUY-010,ANIK,buy,,4000.0,REJECTED_INVALID,PAPER_MUTATION,INTENT_ONLY,"BROKER_MODE_NOT_DRY_RUN,TRADING_ENABLED_NOT_ALLOWED_IN_ALP003"
2026-09-02T00:32:26.472085+00:00,77988b9afa9c6d72,CSM001xTSM001-2026-09-01-ANNX-BUY-011,ANNX,buy,,4000.0,REJECTED_INVALID,PAPER_MUTATION,INTENT_ONLY,"BROKER_MODE_NOT_DRY_RUN,TRADING_ENABLED_NOT_ALLOWED_IN_ALP003"
2026-09-02T00:32:26.473101+00:00,7c0e7b32f5178caf,CSM001xTSM001-2026-09-01-APPS-BUY-012,APPS,buy,,4000.0,REJECTED_INVALID,PAPER_MUTATION,INTENT_ONLY,"BROKER_MODE_NOT_DRY_RUN,TRADING_ENABLED_NOT_ALLOWED_IN_ALP003"
2026-09-02T00:32:26.473101+00:00,b531651cf0e276fa,CSM001xTSM001-2026-09-01-ARWR-BUY-013,ARWR,buy,,4000.0,REJECTED_INVALID,PAPER_MUTATION,INTENT_ONLY,"BROKER_MODE_NOT_DRY_RUN,TRADING_ENABLED_NOT_ALLOWED_IN_ALP003"
2026-09-02T00:32:26.474086+00:00,67e6d4460274daea,CSM001xTSM001-2026-09-01-ASML-BUY-014,ASML,buy,,4000.0,REJECTED_INVALID,PAPER_MUTATION,INTENT_ONLY,"BROKER_MODE_NOT_DRY_RUN,TRADING_ENABLED_NOT_ALLOWED_IN_ALP003"
2026-09-02T00:32:26.474086+00:00,a4906d15606eff10,CSM001xTSM001-2026-09-01-ATEX-BUY-015,ATEX,buy,,4000.0,REJECTED_INVALID,PAPER_MUTATION,INTENT_ONLY,"BROKER_MODE_NOT_DRY_RUN,TRADING_ENABLED_NOT_ALLOWED_IN_ALP003"
2026-09-02T00:32:26.475090+00:00,bcd4f994edca896c,CSM001xTSM001-2026-09-01-ATRO-BUY-016,ATRO,buy,,4000.0,REJECTED_INVALID,PAPER_MUTATION,INTENT_ONLY,"BROKER_MODE_NOT_DRY_RUN,TRADING_ENABLED_NOT_ALLOWED_IN_ALP003"
2026-09-02T00:32:26.475090+00:00,8b45d3d3d4a7898a,CSM001xTSM001-2026-09-01-AXGN-BUY-017,AXGN,buy,,4000.0,REJECTED_INVALID,PAPER_MUTATION,INTENT_ONLY,"BROKER_MODE_NOT_DRY_RUN,TRADING_ENABLED_NOT_ALLOWED_IN_ALP003"
2026-09-02T00:32:26.476620+00:00,2ad906c81bf64773,CSM001xTSM001-2026-09-01-AXTI-BUY-018,AXTI,buy,,4000.0,REJECTED_INVALID,PAPER_MUTATION,INTENT_ONLY,"BROKER_MODE_NOT_DRY_RUN,TRADING_ENABLED_NOT_ALLOWED_IN_ALP003"
2026-09-02T00:32:26.477640+00:00,08e1613795036a6d,CSM001xTSM001-2026-09-01-BAND-BUY-019,BAND,buy,,4000.0,REJECTED_INVALID,PAPER_MUTATION,INTENT_ONLY,"BROKER_MODE_NOT_DRY_RUN,TRADING_ENABLED_NOT_ALLOWED_IN_ALP003"
2026-09-02T00:32:26.477640+00:00,faf872b3b5ffd533,CSM001xTSM001-2026-09-01-BELFB-BUY-020,BELFB,buy,,4000.0,REJECTED_INVALID,PAPER_MUTATION,INTENT_ONLY,"BROKER_MODE_NOT_DRY_RUN,TRADING_ENABLED_NOT_ALLOWED_IN_ALP003"
2026-09-02T00:32:26.479678+00:00,61bac7c7d5b95f45,CSM001xTSM001-2026-09-01-BJRI-BUY-021,BJRI,buy,,4000.0,REJECTED_INVALID,PAPER_MUTATION,INTENT_ONLY,"BROKER_MODE_NOT_DRY_RUN,TRADING_ENABLED_NOT_ALLOWED_IN_ALP003"
2026-09-02T00:32:26.480937+00:00,15b29ae31bc23a62,CSM001xTSM001-2026-09-01-BRKR-BUY-022,BRKR,buy,,4000.0,REJECTED_INVALID,PAPER_MUTATION,INTENT_ONLY,"BROKER_MODE_NOT_DRY_RUN,TRADING_ENABLED_NOT_ALLOWED_IN_ALP003"
2026-09-02T00:32:26.480937+00:00,309f2afc121f5307,CSM001xTSM001-2026-09-01-CALY-BUY-023,CALY,buy,,4000.0,REJECTED_INVALID,PAPER_MUTATION,INTENT_ONLY,"BROKER_MODE_NOT_DRY_RUN,TRADING_ENABLED_NOT_ALLOWED_IN_ALP003"
2026-09-02T00:32:26.481947+00:00,579273950160d15c,CSM001xTSM001-2026-09-01-CDNA-BUY-024,CDNA,buy,,4000.0,REJECTED_INVALID,PAPER_MUTATION,INTENT_ONLY,"BROKER_MODE_NOT_DRY_RUN,TRADING_ENABLED_NOT_ALLOWED_IN_ALP003"
2026-09-02T00:32:26.481947+00:00,8595e225b3acbc16,CSM001xTSM001-2026-09-01-CENX-BUY-025,CENX,buy,,4000.0,REJECTED_INVALID,PAPER_MUTATION,INTENT_ONLY,"BROKER_MODE_NOT_DRY_RUN,TRADING_ENABLED_NOT_ALLOWED_IN_ALP003"
2026-09-02T00:35:07.759620+00:00,6fc43f0ee1bd512d,CSM001xTSM001-2026-09-01-AAOI-BUY-001,AAOI,buy,,4000.0,SUBMISSION_BLOCKED_ALP003,DRY_RUN,INTENT_ONLY,
2026-09-02T00:35:07.760282+00:00,725b94cd99e6563c,CSM001xTSM001-2026-09-01-ACMR-BUY-002,ACMR,buy,,4000.0,SUBMISSION_BLOCKED_ALP003,DRY_RUN,INTENT_ONLY,
2026-09-02T00:35:07.760282+00:00,cfd04eef906cc6a3,CSM001xTSM001-2026-09-01-ACRS-BUY-003,ACRS,buy,,4000.0,SUBMISSION_BLOCKED_ALP003,DRY_RUN,INTENT_ONLY,
2026-09-02T00:35:07.761293+00:00,48449a47fd04af0a,CSM001xTSM001-2026-09-01-AEIS-BUY-004,AEIS,buy,,4000.0,SUBMISSION_BLOCKED_ALP003,DRY_RUN,INTENT_ONLY,
2026-09-02T00:35:07.761293+00:00,3bc032f618835f5e,CSM001xTSM001-2026-09-01-AMAT-BUY-005,AMAT,buy,,4000.0,SUBMISSION_BLOCKED_ALP003,DRY_RUN,INTENT_ONLY,
2026-09-02T00:35:07.762303+00:00,890b38abd4ec13b4,CSM001xTSM001-2026-09-01-AMD-BUY-006,AMD,buy,,4000.0,SUBMISSION_BLOCKED_ALP003,DRY_RUN,INTENT_ONLY,
2026-09-02T00:35:07.762303+00:00,5f9353afa78f984f,CSM001xTSM001-2026-09-01-AMKR-BUY-007,AMKR,buy,,4000.0,SUBMISSION_BLOCKED_ALP003,DRY_RUN,INTENT_ONLY,
2026-09-02T00:35:07.762303+00:00,4a689c4682e63efa,CSM001xTSM001-2026-09-01-AMRX-BUY-008,AMRX,buy,,4000.0,SUBMISSION_BLOCKED_ALP003,DRY_RUN,INTENT_ONLY,
2026-09-02T00:35:07.763294+00:00,e3662f56dec18a39,CSM001xTSM001-2026-09-01-ANAB-BUY-009,ANAB,buy,,4000.0,SUBMISSION_BLOCKED_ALP003,DRY_RUN,INTENT_ONLY,
2026-09-02T00:35:07.763294+00:00,37a43e745df8e0c1,CSM001xTSM001-2026-09-01-ANIK-BUY-010,ANIK,buy,,4000.0,SUBMISSION_BLOCKED_ALP003,DRY_RUN,INTENT_ONLY,
2026-09-02T00:35:07.764318+00:00,77988b9afa9c6d72,CSM001xTSM001-2026-09-01-ANNX-BUY-011,ANNX,buy,,4000.0,SUBMISSION_BLOCKED_ALP003,DRY_RUN,INTENT_ONLY,
2026-09-02T00:35:07.764318+00:00,7c0e7b32f5178caf,CSM001xTSM001-2026-09-01-APPS-BUY-012,APPS,buy,,4000.0,SUBMISSION_BLOCKED_ALP003,DRY_RUN,INTENT_ONLY,
2026-09-02T00:35:07.764318+00:00,b531651cf0e276fa,CSM001xTSM001-2026-09-01-ARWR-BUY-013,ARWR,buy,,4000.0,SUBMISSION_BLOCKED_ALP003,DRY_RUN,INTENT_ONLY,
2026-09-02T00:35:07.765295+00:00,67e6d4460274daea,CSM001xTSM001-2026-09-01-ASML-BUY-014,ASML,buy,,4000.0,SUBMISSION_BLOCKED_ALP003,DRY_RUN,INTENT_ONLY,
2026-09-02T00:35:07.765295+00:00,a4906d15606eff10,CSM001xTSM001-2026-09-01-ATEX-BUY-015,ATEX,buy,,4000.0,SUBMISSION_BLOCKED_ALP003,DRY_RUN,INTENT_ONLY,
2026-09-02T00:35:07.766303+00:00,bcd4f994edca896c,CSM001xTSM001-2026-09-01-ATRO-BUY-016,ATRO,buy,,4000.0,SUBMISSION_BLOCKED_ALP003,DRY_RUN,INTENT_ONLY,
2026-09-02T00:35:07.766303+00:00,8b45d3d3d4a7898a,CSM001xTSM001-2026-09-01-AXGN-BUY-017,AXGN,buy,,4000.0,SUBMISSION_BLOCKED_ALP003,DRY_RUN,INTENT_ONLY,
2026-09-02T00:35:07.766303+00:00,2ad906c81bf64773,CSM001xTSM001-2026-09-01-AXTI-BUY-018,AXTI,buy,,4000.0,SUBMISSION_BLOCKED_ALP003,DRY_RUN,INTENT_ONLY,
2026-09-02T00:35:07.767290+00:00,08e1613795036a6d,CSM001xTSM001-2026-09-01-BAND-BUY-019,BAND,buy,,4000.0,SUBMISSION_BLOCKED_ALP003,DRY_RUN,INTENT_ONLY,
2026-09-02T00:35:07.767290+00:00,faf872b3b5ffd533,CSM001xTSM001-2026-09-01-BELFB-BUY-020,BELFB,buy,,4000.0,SUBMISSION_BLOCKED_ALP003,DRY_RUN,INTENT_ONLY,
2026-09-02T00:35:07.767290+00:00,61bac7c7d5b95f45,CSM001xTSM001-2026-09-01-BJRI-BUY-021,BJRI,buy,,4000.0,SUBMISSION_BLOCKED_ALP003,DRY_RUN,INTENT_ONLY,
2026-09-02T00:35:07.768289+00:00,15b29ae31bc23a62,CSM001xTSM001-2026-09-01-BRKR-BUY-022,BRKR,buy,,4000.0,SUBMISSION_BLOCKED_ALP003,DRY_RUN,INTENT_ONLY,
2026-09-02T00:35:07.768289+00:00,309f2afc121f5307,CSM001xTSM001-2026-09-01-CALY-BUY-023,CALY,buy,,4000.0,SUBMISSION_BLOCKED_ALP003,DRY_RUN,INTENT_ONLY,
2026-09-02T00:35:07.769466+00:00,579273950160d15c,CSM001xTSM001-2026-09-01-CDNA-BUY-024,CDNA,buy,,4000.0,SUBMISSION_BLOCKED_ALP003,DRY_RUN,INTENT_ONLY,
2026-09-02T00:35:07.770479+00:00,8595e225b3acbc16,CSM001xTSM001-2026-09-01-CENX-BUY-025,CENX,buy,,4000.0,SUBMISSION_BLOCKED_ALP003,DRY_RUN,INTENT_ONLY,
2026-09-02T00:38:17.196431+00:00,eb129b065ec07896,CSM001xTSM001-2026-08-31-AAOI-BUY-001,AAOI,buy,,4000.0,REJECTED_INVALID,PAPER_MUTATION,INTENT_ONLY,"BROKER_MODE_NOT_DRY_RUN,TRADING_ENABLED_NOT_ALLOWED_IN_ALP003"
2026-09-02T00:38:17.197430+00:00,22ed8784b60e8573,CSM001xTSM001-2026-08-31-ACMR-BUY-002,ACMR,buy,,4000.0,REJECTED_INVALID,PAPER_MUTATION,INTENT_ONLY,"BROKER_MODE_NOT_DRY_RUN,TRADING_ENABLED_NOT_ALLOWED_IN_ALP003"
2026-09-02T00:38:17.197430+00:00,ad6afc31b8f790f6,CSM001xTSM001-2026-08-31-ACRS-BUY-003,ACRS,buy,,4000.0,REJECTED_INVALID,PAPER_MUTATION,INTENT_ONLY,"BROKER_MODE_NOT_DRY_RUN,TRADING_ENABLED_NOT_ALLOWED_IN_ALP003"
2026-09-02T00:38:17.197430+00:00,d9172b4eb306b9ac,CSM001xTSM001-2026-08-31-AMAT-BUY-004,AMAT,buy,,4000.0,REJECTED_INVALID,PAPER_MUTATION,INTENT_ONLY,"BROKER_MODE_NOT_DRY_RUN,TRADING_ENABLED_NOT_ALLOWED_IN_ALP003"
2026-09-02T00:38:17.198444+00:00,51448413fd88f3c2,CSM001xTSM001-2026-08-31-AMD-BUY-005,AMD,buy,,4000.0,REJECTED_INVALID,PAPER_MUTATION,INTENT_ONLY,"BROKER_MODE_NOT_DRY_RUN,TRADING_ENABLED_NOT_ALLOWED_IN_ALP003"
2026-09-02T00:38:17.198444+00:00,62c2a24588e6a09b,CSM001xTSM001-2026-08-31-AMKR-BUY-006,AMKR,buy,,4000.0,REJECTED_INVALID,PAPER_MUTATION,INTENT_ONLY,"BROKER_MODE_NOT_DRY_RUN,TRADING_ENABLED_NOT_ALLOWED_IN_ALP003"
2026-09-02T00:38:17.198444+00:00,7ad7698466c5e5d9,CSM001xTSM001-2026-08-31-AMRX-BUY-007,AMRX,buy,,4000.0,REJECTED_INVALID,PAPER_MUTATION,INTENT_ONLY,"BROKER_MODE_NOT_DRY_RUN,TRADING_ENABLED_NOT_ALLOWED_IN_ALP003"
2026-09-02T00:38:17.198444+00:00,0424f47458074df1,CSM001xTSM001-2026-08-31-ANAB-BUY-008,ANAB,buy,,4000.0,REJECTED_INVALID,PAPER_MUTATION,INTENT_ONLY,"BROKER_MODE_NOT_DRY_RUN,TRADING_ENABLED_NOT_ALLOWED_IN_ALP003"
2026-09-02T00:38:17.199960+00:00,84bed2b2677009ff,CSM001xTSM001-2026-08-31-ANIK-BUY-009,ANIK,buy,,4000.0,REJECTED_INVALID,PAPER_MUTATION,INTENT_ONLY,"BROKER_MODE_NOT_DRY_RUN,TRADING_ENABLED_NOT_ALLOWED_IN_ALP003"
2026-09-02T00:38:17.199960+00:00,3519c090602c13b7,CSM001xTSM001-2026-08-31-ANNX-BUY-010,ANNX,buy,,4000.0,REJECTED_INVALID,PAPER_MUTATION,INTENT_ONLY,"BROKER_MODE_NOT_DRY_RUN,TRADING_ENABLED_NOT_ALLOWED_IN_ALP003"
2026-09-02T00:38:17.200966+00:00,9a8c2904c0343ef8,CSM001xTSM001-2026-08-31-APPS-BUY-011,APPS,buy,,4000.0,REJECTED_INVALID,PAPER_MUTATION,INTENT_ONLY,"BROKER_MODE_NOT_DRY_RUN,TRADING_ENABLED_NOT_ALLOWED_IN_ALP003"
2026-09-02T00:38:17.201975+00:00,51fa8c35e3adb4fe,CSM001xTSM001-2026-08-31-ARCB-BUY-012,ARCB,buy,,4000.0,REJECTED_INVALID,PAPER_MUTATION,INTENT_ONLY,"BROKER_MODE_NOT_DRY_RUN,TRADING_ENABLED_NOT_ALLOWED_IN_ALP003"
2026-09-02T00:38:17.201975+00:00,940dad139ac62557,CSM001xTSM001-2026-08-31-ARWR-BUY-013,ARWR,buy,,4000.0,REJECTED_INVALID,PAPER_MUTATION,INTENT_ONLY,"BROKER_MODE_NOT_DRY_RUN,TRADING_ENABLED_NOT_ALLOWED_IN_ALP003"
2026-09-02T00:38:17.202981+00:00,c9a10a9b22c86b4b,CSM001xTSM001-2026-08-31-ASML-BUY-014,ASML,buy,,4000.0,REJECTED_INVALID,PAPER_MUTATION,INTENT_ONLY,"BROKER_MODE_NOT_DRY_RUN,TRADING_ENABLED_NOT_ALLOWED_IN_ALP003"
2026-09-02T00:38:17.203971+00:00,d5a660c11f4560f2,CSM001xTSM001-2026-08-31-ATEX-BUY-015,ATEX,buy,,4000.0,REJECTED_INVALID,PAPER_MUTATION,INTENT_ONLY,"BROKER_MODE_NOT_DRY_RUN,TRADING_ENABLED_NOT_ALLOWED_IN_ALP003"
2026-09-02T00:38:17.203971+00:00,115e84e866acf92d,CSM001xTSM001-2026-08-31-ATRO-BUY-016,ATRO,buy,,4000.0,REJECTED_INVALID,PAPER_MUTATION,INTENT_ONLY,"BROKER_MODE_NOT_DRY_RUN,TRADING_ENABLED_NOT_ALLOWED_IN_ALP003"
2026-09-02T00:38:17.203971+00:00,4714b07172428a2c,CSM001xTSM001-2026-08-31-AXGN-BUY-017,AXGN,buy,,4000.0,REJECTED_INVALID,PAPER_MUTATION,INTENT_ONLY,"BROKER_MODE_NOT_DRY_RUN,TRADING_ENABLED_NOT_ALLOWED_IN_ALP003"
2026-09-02T00:38:17.204976+00:00,28775575068a2771,CSM001xTSM001-2026-08-31-AXTI-BUY-018,AXTI,buy,,4000.0,REJECTED_INVALID,PAPER_MUTATION,INTENT_ONLY,"BROKER_MODE_NOT_DRY_RUN,TRADING_ENABLED_NOT_ALLOWED_IN_ALP003"
2026-09-02T00:38:17.204976+00:00,abc1be5288fe4395,CSM001xTSM001-2026-08-31-BAND-BUY-019,BAND,buy,,4000.0,REJECTED_INVALID,PAPER_MUTATION,INTENT_ONLY,"BROKER_MODE_NOT_DRY_RUN,TRADING_ENABLED_NOT_ALLOWED_IN_ALP003"
2026-09-02T00:38:17.205972+00:00,c5631f3be7b68ddb,CSM001xTSM001-2026-08-31-BELFB-BUY-020,BELFB,buy,,4000.0,REJECTED_INVALID,PAPER_MUTATION,INTENT_ONLY,"BROKER_MODE_NOT_DRY_RUN,TRADING_ENABLED_NOT_ALLOWED_IN_ALP003"
2026-09-02T00:38:17.205972+00:00,be0359109ad088b9,CSM001xTSM001-2026-08-31-BJRI-BUY-021,BJRI,buy,,4000.0,REJECTED_INVALID,PAPER_MUTATION,INTENT_ONLY,"BROKER_MODE_NOT_DRY_RUN,TRADING_ENABLED_NOT_ALLOWED_IN_ALP003"
2026-09-02T00:38:17.206971+00:00,641056fbca0fbb08,CSM001xTSM001-2026-08-31-BRKR-BUY-022,BRKR,buy,,4000.0,REJECTED_INVALID,PAPER_MUTATION,INTENT_ONLY,"BROKER_MODE_NOT_DRY_RUN,TRADING_ENABLED_NOT_ALLOWED_IN_ALP003"
2026-09-02T00:38:17.206971+00:00,b1bd3a307b7bc03d,CSM001xTSM001-2026-08-31-CALY-BUY-023,CALY,buy,,4000.0,REJECTED_INVALID,PAPER_MUTATION,INTENT_ONLY,"BROKER_MODE_NOT_DRY_RUN,TRADING_ENABLED_NOT_ALLOWED_IN_ALP003"
2026-09-02T00:38:17.206971+00:00,b9d82ff673827948,CSM001xTSM001-2026-08-31-CDNA-BUY-024,CDNA,buy,,4000.0,REJECTED_INVALID,PAPER_MUTATION,INTENT_ONLY,"BROKER_MODE_NOT_DRY_RUN,TRADING_ENABLED_NOT_ALLOWED_IN_ALP003"
2026-09-02T00:38:17.207973+00:00,999b52ef565f5764,CSM001xTSM001-2026-08-31-CENX-BUY-025,CENX,buy,,4000.0,REJECTED_INVALID,PAPER_MUTATION,INTENT_ONLY,"BROKER_MODE_NOT_DRY_RUN,TRADING_ENABLED_NOT_ALLOWED_IN_ALP003"
2026-09-02T00:44:50.860280+00:00,eb129b065ec07896,CSM001xTSM001-2026-08-31-AAOI-BUY-001,AAOI,buy,,4000.0,REJECTED_INVALID,PAPER_MUTATION,INTENT_ONLY,"BROKER_MODE_NOT_DRY_RUN,TRADING_ENABLED_NOT_ALLOWED_IN_ALP003"
2026-09-02T00:44:50.860280+00:00,22ed8784b60e8573,CSM001xTSM001-2026-08-31-ACMR-BUY-002,ACMR,buy,,4000.0,REJECTED_INVALID,PAPER_MUTATION,INTENT_ONLY,"BROKER_MODE_NOT_DRY_RUN,TRADING_ENABLED_NOT_ALLOWED_IN_ALP003"
2026-09-02T00:44:50.871877+00:00,ad6afc31b8f790f6,CSM001xTSM001-2026-08-31-ACRS-BUY-003,ACRS,buy,,4000.0,REJECTED_INVALID,PAPER_MUTATION,INTENT_ONLY,"BROKER_MODE_NOT_DRY_RUN,TRADING_ENABLED_NOT_ALLOWED_IN_ALP003"
2026-09-02T00:44:50.871877+00:00,d9172b4eb306b9ac,CSM001xTSM001-2026-08-31-AMAT-BUY-004,AMAT,buy,,4000.0,REJECTED_INVALID,PAPER_MUTATION,INTENT_ONLY,"BROKER_MODE_NOT_DRY_RUN,TRADING_ENABLED_NOT_ALLOWED_IN_ALP003"
2026-09-02T00:44:50.871877+00:00,51448413fd88f3c2,CSM001xTSM001-2026-08-31-AMD-BUY-005,AMD,buy,,4000.0,REJECTED_INVALID,PAPER_MUTATION,INTENT_ONLY,"BROKER_MODE_NOT_DRY_RUN,TRADING_ENABLED_NOT_ALLOWED_IN_ALP003"
2026-09-02T00:44:50.871877+00:00,62c2a24588e6a09b,CSM001xTSM001-2026-08-31-AMKR-BUY-006,AMKR,buy,,4000.0,REJECTED_INVALID,PAPER_MUTATION,INTENT_ONLY,"BROKER_MODE_NOT_DRY_RUN,TRADING_ENABLED_NOT_ALLOWED_IN_ALP003"
2026-09-02T00:44:50.871877+00:00,7ad7698466c5e5d9,CSM001xTSM001-2026-08-31-AMRX-BUY-007,AMRX,buy,,4000.0,REJECTED_INVALID,PAPER_MUTATION,INTENT_ONLY,"BROKER_MODE_NOT_DRY_RUN,TRADING_ENABLED_NOT_ALLOWED_IN_ALP003"
2026-09-02T00:44:50.871877+00:00,0424f47458074df1,CSM001xTSM001-2026-08-31-ANAB-BUY-008,ANAB,buy,,4000.0,REJECTED_INVALID,PAPER_MUTATION,INTENT_ONLY,"BROKER_MODE_NOT_DRY_RUN,TRADING_ENABLED_NOT_ALLOWED_IN_ALP003"
2026-09-02T00:44:50.871877+00:00,84bed2b2677009ff,CSM001xTSM001-2026-08-31-ANIK-BUY-009,ANIK,buy,,4000.0,REJECTED_INVALID,PAPER_MUTATION,INTENT_ONLY,"BROKER_MODE_NOT_DRY_RUN,TRADING_ENABLED_NOT_ALLOWED_IN_ALP003"
2026-09-02T00:44:50.871877+00:00,3519c090602c13b7,CSM001xTSM001-2026-08-31-ANNX-BUY-010,ANNX,buy,,4000.0,REJECTED_INVALID,PAPER_MUTATION,INTENT_ONLY,"BROKER_MODE_NOT_DRY_RUN,TRADING_ENABLED_NOT_ALLOWED_IN_ALP003"
2026-09-02T00:44:50.871877+00:00,9a8c2904c0343ef8,CSM001xTSM001-2026-08-31-APPS-BUY-011,APPS,buy,,4000.0,REJECTED_INVALID,PAPER_MUTATION,INTENT_ONLY,"BROKER_MODE_NOT_DRY_RUN,TRADING_ENABLED_NOT_ALLOWED_IN_ALP003"
2026-09-02T00:44:50.871877+00:00,51fa8c35e3adb4fe,CSM001xTSM001-2026-08-31-ARCB-BUY-012,ARCB,buy,,4000.0,REJECTED_INVALID,PAPER_MUTATION,INTENT_ONLY,"BROKER_MODE_NOT_DRY_RUN,TRADING_ENABLED_NOT_ALLOWED_IN_ALP003"
2026-09-02T00:44:50.871877+00:00,940dad139ac62557,CSM001xTSM001-2026-08-31-ARWR-BUY-013,ARWR,buy,,4000.0,REJECTED_INVALID,PAPER_MUTATION,INTENT_ONLY,"BROKER_MODE_NOT_DRY_RUN,TRADING_ENABLED_NOT_ALLOWED_IN_ALP003"
2026-09-02T00:44:50.871877+00:00,c9a10a9b22c86b4b,CSM001xTSM001-2026-08-31-ASML-BUY-014,ASML,buy,,4000.0,REJECTED_INVALID,PAPER_MUTATION,INTENT_ONLY,"BROKER_MODE_NOT_DRY_RUN,TRADING_ENABLED_NOT_ALLOWED_IN_ALP003"
2026-09-02T00:44:50.871877+00:00,d5a660c11f4560f2,CSM001xTSM001-2026-08-31-ATEX-BUY-015,ATEX,buy,,4000.0,REJECTED_INVALID,PAPER_MUTATION,INTENT_ONLY,"BROKER_MODE_NOT_DRY_RUN,TRADING_ENABLED_NOT_ALLOWED_IN_ALP003"
2026-09-02T00:44:50.871877+00:00,115e84e866acf92d,CSM001xTSM001-2026-08-31-ATRO-BUY-016,ATRO,buy,,4000.0,REJECTED_INVALID,PAPER_MUTATION,INTENT_ONLY,"BROKER_MODE_NOT_DRY_RUN,TRADING_ENABLED_NOT_ALLOWED_IN_ALP003"
2026-09-02T00:44:50.871877+00:00,4714b07172428a2c,CSM001xTSM001-2026-08-31-AXGN-BUY-017,AXGN,buy,,4000.0,REJECTED_INVALID,PAPER_MUTATION,INTENT_ONLY,"BROKER_MODE_NOT_DRY_RUN,TRADING_ENABLED_NOT_ALLOWED_IN_ALP003"
2026-09-02T00:44:50.871877+00:00,28775575068a2771,CSM001xTSM001-2026-08-31-AXTI-BUY-018,AXTI,buy,,4000.0,REJECTED_INVALID,PAPER_MUTATION,INTENT_ONLY,"BROKER_MODE_NOT_DRY_RUN,TRADING_ENABLED_NOT_ALLOWED_IN_ALP003"
2026-09-02T00:44:50.871877+00:00,abc1be5288fe4395,CSM001xTSM001-2026-08-31-BAND-BUY-019,BAND,buy,,4000.0,REJECTED_INVALID,PAPER_MUTATION,INTENT_ONLY,"BROKER_MODE_NOT_DRY_RUN,TRADING_ENABLED_NOT_ALLOWED_IN_ALP003"
2026-09-02T00:44:50.871877+00:00,c5631f3be7b68ddb,CSM001xTSM001-2026-08-31-BELFB-BUY-020,BELFB,buy,,4000.0,REJECTED_INVALID,PAPER_MUTATION,INTENT_ONLY,"BROKER_MODE_NOT_DRY_RUN,TRADING_ENABLED_NOT_ALLOWED_IN_ALP003"
2026-09-02T00:44:50.871877+00:00,be0359109ad088b9,CSM001xTSM001-2026-08-31-BJRI-BUY-021,BJRI,buy,,4000.0,REJECTED_INVALID,PAPER_MUTATION,INTENT_ONLY,"BROKER_MODE_NOT_DRY_RUN,TRADING_ENABLED_NOT_ALLOWED_IN_ALP003"
2026-09-02T00:44:50.871877+00:00,641056fbca0fbb08,CSM001xTSM001-2026-08-31-BRKR-BUY-022,BRKR,buy,,4000.0,REJECTED_INVALID,PAPER_MUTATION,INTENT_ONLY,"BROKER_MODE_NOT_DRY_RUN,TRADING_ENABLED_NOT_ALLOWED_IN_ALP003"
2026-09-02T00:44:50.871877+00:00,b1bd3a307b7bc03d,CSM001xTSM001-2026-08-31-CALY-BUY-023,CALY,buy,,4000.0,REJECTED_INVALID,PAPER_MUTATION,INTENT_ONLY,"BROKER_MODE_NOT_DRY_RUN,TRADING_ENABLED_NOT_ALLOWED_IN_ALP003"
2026-09-02T00:44:50.871877+00:00,b9d82ff673827948,CSM001xTSM001-2026-08-31-CDNA-BUY-024,CDNA,buy,,4000.0,REJECTED_INVALID,PAPER_MUTATION,INTENT_ONLY,"BROKER_MODE_NOT_DRY_RUN,TRADING_ENABLED_NOT_ALLOWED_IN_ALP003"
2026-09-02T00:44:50.871877+00:00,999b52ef565f5764,CSM001xTSM001-2026-08-31-CENX-BUY-025,CENX,buy,,4000.0,REJECTED_INVALID,PAPER_MUTATION,INTENT_ONLY,"BROKER_MODE_NOT_DRY_RUN,TRADING_ENABLED_NOT_ALLOWED_IN_ALP003"
2026-09-02T00:47:15.265186+00:00,eb129b065ec07896,CSM001xTSM001-2026-08-31-AAOI-BUY-001,AAOI,buy,,4000.0,SUBMITTED,PAPER_MUTATION,BROKER_ACCEPTED,
2026-09-02T00:47:15.670957+00:00,22ed8784b60e8573,CSM001xTSM001-2026-08-31-ACMR-BUY-002,ACMR,buy,,4000.0,SUBMITTED,PAPER_MUTATION,BROKER_ACCEPTED,
2026-09-02T00:47:16.061655+00:00,ad6afc31b8f790f6,CSM001xTSM001-2026-08-31-ACRS-BUY-003,ACRS,buy,,4000.0,SUBMITTED,PAPER_MUTATION,BROKER_ACCEPTED,
2026-09-02T00:47:16.462385+00:00,d9172b4eb306b9ac,CSM001xTSM001-2026-08-31-AMAT-BUY-004,AMAT,buy,,4000.0,SUBMITTED,PAPER_MUTATION,BROKER_ACCEPTED,
2026-09-02T00:47:16.866196+00:00,51448413fd88f3c2,CSM001xTSM001-2026-08-31-AMD-BUY-005,AMD,buy,,4000.0,SUBMITTED,PAPER_MUTATION,BROKER_ACCEPTED,
2026-09-02T00:47:17.276057+00:00,62c2a24588e6a09b,CSM001xTSM001-2026-08-31-AMKR-BUY-006,AMKR,buy,,4000.0,SUBMITTED,PAPER_MUTATION,BROKER_ACCEPTED,
2026-09-02T00:47:17.666854+00:00,7ad7698466c5e5d9,CSM001xTSM001-2026-08-31-AMRX-BUY-007,AMRX,buy,,4000.0,SUBMITTED,PAPER_MUTATION,BROKER_ACCEPTED,
2026-09-02T00:47:18.079381+00:00,0424f47458074df1,CSM001xTSM001-2026-08-31-ANAB-BUY-008,ANAB,buy,,4000.0,SUBMITTED,PAPER_MUTATION,BROKER_ACCEPTED,
2026-09-02T00:47:18.483718+00:00,84bed2b2677009ff,CSM001xTSM001-2026-08-31-ANIK-BUY-009,ANIK,buy,,4000.0,SUBMITTED,PAPER_MUTATION,BROKER_ACCEPTED,
2026-09-02T00:47:18.891000+00:00,3519c090602c13b7,CSM001xTSM001-2026-08-31-ANNX-BUY-010,ANNX,buy,,4000.0,SUBMITTED,PAPER_MUTATION,BROKER_ACCEPTED,
2026-09-02T00:47:19.280377+00:00,9a8c2904c0343ef8,CSM001xTSM001-2026-08-31-APPS-BUY-011,APPS,buy,,4000.0,SUBMITTED,PAPER_MUTATION,BROKER_ACCEPTED,
2026-09-02T00:47:19.689767+00:00,51fa8c35e3adb4fe,CSM001xTSM001-2026-08-31-ARCB-BUY-012,ARCB,buy,,4000.0,SUBMITTED,PAPER_MUTATION,BROKER_ACCEPTED,
2026-09-02T00:47:20.095500+00:00,940dad139ac62557,CSM001xTSM001-2026-08-31-ARWR-BUY-013,ARWR,buy,,4000.0,SUBMITTED,PAPER_MUTATION,BROKER_ACCEPTED,
2026-09-02T00:47:20.497499+00:00,c9a10a9b22c86b4b,CSM001xTSM001-2026-08-31-ASML-BUY-014,ASML,buy,,4000.0,SUBMITTED,PAPER_MUTATION,BROKER_ACCEPTED,
2026-09-02T00:47:20.901056+00:00,d5a660c11f4560f2,CSM001xTSM001-2026-08-31-ATEX-BUY-015,ATEX,buy,,4000.0,SUBMITTED,PAPER_MUTATION,BROKER_ACCEPTED,
2026-09-02T00:47:21.325572+00:00,115e84e866acf92d,CSM001xTSM001-2026-08-31-ATRO-BUY-016,ATRO,buy,,4000.0,SUBMITTED,PAPER_MUTATION,BROKER_ACCEPTED,
2026-09-02T00:47:21.710341+00:00,4714b07172428a2c,CSM001xTSM001-2026-08-31-AXGN-BUY-017,AXGN,buy,,4000.0,SUBMITTED,PAPER_MUTATION,BROKER_ACCEPTED,
2026-09-02T00:47:22.111837+00:00,28775575068a2771,CSM001xTSM001-2026-08-31-AXTI-BUY-018,AXTI,buy,,4000.0,SUBMITTED,PAPER_MUTATION,BROKER_ACCEPTED,
2026-09-02T00:47:22.533593+00:00,abc1be5288fe4395,CSM001xTSM001-2026-08-31-BAND-BUY-019,BAND,buy,,4000.0,SUBMITTED,PAPER_MUTATION,BROKER_ACCEPTED,
2026-09-02T00:47:22.964810+00:00,c5631f3be7b68ddb,CSM001xTSM001-2026-08-31-BELFB-BUY-020,BELFB,buy,,4000.0,SUBMITTED,PAPER_MUTATION,BROKER_ACCEPTED,
2026-09-02T00:47:23.373718+00:00,be0359109ad088b9,CSM001xTSM001-2026-08-31-BJRI-BUY-021,BJRI,buy,,4000.0,SUBMITTED,PAPER_MUTATION,BROKER_ACCEPTED,
2026-09-02T00:47:23.786807+00:00,641056fbca0fbb08,CSM001xTSM001-2026-08-31-BRKR-BUY-022,BRKR,buy,,4000.0,SUBMITTED,PAPER_MUTATION,BROKER_ACCEPTED,
2026-09-02T00:47:24.192101+00:00,b1bd3a307b7bc03d,CSM001xTSM001-2026-08-31-CALY-BUY-023,CALY,buy,,4000.0,SUBMITTED,PAPER_MUTATION,BROKER_ACCEPTED,
2026-09-02T00:47:24.592345+00:00,b9d82ff673827948,CSM001xTSM001-2026-08-31-CDNA-BUY-024,CDNA,buy,,4000.0,SUBMITTED,PAPER_MUTATION,BROKER_ACCEPTED,
2026-09-02T00:47:25.011915+00:00,999b52ef565f5764,CSM001xTSM001-2026-08-31-CENX-BUY-025,CENX,buy,,4000.0,SUBMITTED,PAPER_MUTATION,BROKER_ACCEPTED,
2026-09-02T01:35:43.437275+00:00,fa0309f3e87e5ac5,CSM001xTSM001-2026-08-25-AAOI-BUY-001,AAOI,buy,,4000.0,SUBMISSION_BLOCKED_ALP003,DRY_RUN,INTENT_ONLY,
2026-09-02T01:35:43.437275+00:00,884b6958758b881a,CSM001xTSM001-2026-08-25-ACMR-BUY-002,ACMR,buy,,4000.0,SUBMISSION_BLOCKED_ALP003,DRY_RUN,INTENT_ONLY,
2026-09-02T01:35:43.437275+00:00,4057a0b75aebfc55,CSM001xTSM001-2026-08-25-ACRS-BUY-003,ACRS,buy,,4000.0,SUBMISSION_BLOCKED_ALP003,DRY_RUN,INTENT_ONLY,
2026-09-02T01:35:43.437275+00:00,b7db99c9c6d87a46,CSM001xTSM001-2026-08-25-AEIS-BUY-004,AEIS,buy,,4000.0,SUBMISSION_BLOCKED_ALP003,DRY_RUN,INTENT_ONLY,
2026-09-02T01:35:43.437275+00:00,00d4184c854e444d,CSM001xTSM001-2026-08-25-AMAT-BUY-005,AMAT,buy,,4000.0,SUBMISSION_BLOCKED_ALP003,DRY_RUN,INTENT_ONLY,
2026-09-02T01:35:43.437275+00:00,9936139d8ff3b2d9,CSM001xTSM001-2026-08-25-AMD-BUY-006,AMD,buy,,4000.0,SUBMISSION_BLOCKED_ALP003,DRY_RUN,INTENT_ONLY,
2026-09-02T01:35:43.437275+00:00,c53607f7c4e0c6a1,CSM001xTSM001-2026-08-25-AMKR-BUY-007,AMKR,buy,,4000.0,SUBMISSION_BLOCKED_ALP003,DRY_RUN,INTENT_ONLY,
2026-09-02T01:35:43.437275+00:00,afe16ee6a5f21704,CSM001xTSM001-2026-08-25-AMRX-BUY-008,AMRX,buy,,4000.0,SUBMISSION_BLOCKED_ALP003,DRY_RUN,INTENT_ONLY,
2026-09-02T01:35:43.437275+00:00,9035e26247843d62,CSM001xTSM001-2026-08-25-ANAB-BUY-009,ANAB,buy,,4000.0,SUBMISSION_BLOCKED_ALP003,DRY_RUN,INTENT_ONLY,
2026-09-02T01:35:43.437275+00:00,fb3ff09390eae65e,CSM001xTSM001-2026-08-25-ANNX-BUY-010,ANNX,buy,,4000.0,SUBMISSION_BLOCKED_ALP003,DRY_RUN,INTENT_ONLY,
2026-09-02T01:35:43.437275+00:00,fa4c5e20585faa9f,CSM001xTSM001-2026-08-25-APPS-BUY-011,APPS,buy,,4000.0,SUBMISSION_BLOCKED_ALP003,DRY_RUN,INTENT_ONLY,
2026-09-02T01:35:43.437275+00:00,325fe3438156b2d5,CSM001xTSM001-2026-08-25-ARCB-BUY-012,ARCB,buy,,4000.0,SUBMISSION_BLOCKED_ALP003,DRY_RUN,INTENT_ONLY,
2026-09-02T01:35:43.437275+00:00,5dca7c9f56d3e8da,CSM001xTSM001-2026-08-25-ARWR-BUY-013,ARWR,buy,,4000.0,SUBMISSION_BLOCKED_ALP003,DRY_RUN,INTENT_ONLY,
2026-09-02T01:35:43.437275+00:00,08fc87d1d4bfdc59,CSM001xTSM001-2026-08-25-ASML-BUY-014,ASML,buy,,4000.0,SUBMISSION_BLOCKED_ALP003,DRY_RUN,INTENT_ONLY,
2026-09-02T01:35:43.437275+00:00,38d188609e9642e9,CSM001xTSM001-2026-08-25-ATEX-BUY-015,ATEX,buy,,4000.0,SUBMISSION_BLOCKED_ALP003,DRY_RUN,INTENT_ONLY,
2026-09-02T01:35:43.437275+00:00,41eda9a7f04c39be,CSM001xTSM001-2026-08-25-ATRO-BUY-016,ATRO,buy,,4000.0,SUBMISSION_BLOCKED_ALP003,DRY_RUN,INTENT_ONLY,
2026-09-02T01:35:43.437275+00:00,425586c0a86d955c,CSM001xTSM001-2026-08-25-AXGN-BUY-017,AXGN,buy,,4000.0,SUBMISSION_BLOCKED_ALP003,DRY_RUN,INTENT_ONLY,
2026-09-02T01:35:43.437275+00:00,ac9ffe2ab57448d0,CSM001xTSM001-2026-08-25-AXSM-BUY-018,AXSM,buy,,4000.0,SUBMISSION_BLOCKED_ALP003,DRY_RUN,INTENT_ONLY,
2026-09-02T01:35:43.437275+00:00,a4ec8ca405861f45,CSM001xTSM001-2026-08-25-AXTI-BUY-019,AXTI,buy,,4000.0,SUBMISSION_BLOCKED_ALP003,DRY_RUN,INTENT_ONLY,
2026-09-02T01:35:43.437275+00:00,aec9c97c58047ab0,CSM001xTSM001-2026-08-25-BAND-BUY-020,BAND,buy,,4000.0,SUBMISSION_BLOCKED_ALP003,DRY_RUN,INTENT_ONLY,
2026-09-02T01:35:43.437275+00:00,f222a382bb2418f4,CSM001xTSM001-2026-08-25-BELFB-BUY-021,BELFB,buy,,4000.0,SUBMISSION_BLOCKED_ALP003,DRY_RUN,INTENT_ONLY,
2026-09-02T01:35:43.447743+00:00,9ae406f639aa07f7,CSM001xTSM001-2026-08-25-BJRI-BUY-022,BJRI,buy,,4000.0,SUBMISSION_BLOCKED_ALP003,DRY_RUN,INTENT_ONLY,
2026-09-02T01:35:43.447743+00:00,8b394118859e2363,CSM001xTSM001-2026-08-25-CDNA-BUY-023,CDNA,buy,,4000.0,SUBMISSION_BLOCKED_ALP003,DRY_RUN,INTENT_ONLY,
2026-09-02T01:35:43.447743+00:00,3c2a91ef5a195c02,CSM001xTSM001-2026-08-25-CENX-BUY-024,CENX,buy,,4000.0,SUBMISSION_BLOCKED_ALP003,DRY_RUN,INTENT_ONLY,
2026-09-02T01:35:43.447743+00:00,5b7da076f3ce157b,CSM001xTSM001-2026-08-25-CERS-BUY-025,CERS,buy,,4000.0,SUBMISSION_BLOCKED_ALP003,DRY_RUN,INTENT_ONLY,
2026-09-02T01:38:12.129132+00:00,fa0309f3e87e5ac5,CSM001xTSM001-2026-08-25-AAOI-BUY-001,AAOI,buy,,4000.0,SUBMISSION_BLOCKED_ALP003,DRY_RUN,INTENT_ONLY,
2026-09-02T01:38:12.129132+00:00,884b6958758b881a,CSM001xTSM001-2026-08-25-ACMR-BUY-002,ACMR,buy,,4000.0,SUBMISSION_BLOCKED_ALP003,DRY_RUN,INTENT_ONLY,
2026-09-02T01:38:12.129132+00:00,4057a0b75aebfc55,CSM001xTSM001-2026-08-25-ACRS-BUY-003,ACRS,buy,,4000.0,SUBMISSION_BLOCKED_ALP003,DRY_RUN,INTENT_ONLY,
2026-09-02T01:38:12.129132+00:00,b7db99c9c6d87a46,CSM001xTSM001-2026-08-25-AEIS-BUY-004,AEIS,buy,,4000.0,SUBMISSION_BLOCKED_ALP003,DRY_RUN,INTENT_ONLY,
2026-09-02T01:38:12.129132+00:00,00d4184c854e444d,CSM001xTSM001-2026-08-25-AMAT-BUY-005,AMAT,buy,,4000.0,SUBMISSION_BLOCKED_ALP003,DRY_RUN,INTENT_ONLY,
2026-09-02T01:38:12.129132+00:00,9936139d8ff3b2d9,CSM001xTSM001-2026-08-25-AMD-BUY-006,AMD,buy,,4000.0,SUBMISSION_BLOCKED_ALP003,DRY_RUN,INTENT_ONLY,
2026-09-02T01:38:12.129132+00:00,c53607f7c4e0c6a1,CSM001xTSM001-2026-08-25-AMKR-BUY-007,AMKR,buy,,4000.0,SUBMISSION_BLOCKED_ALP003,DRY_RUN,INTENT_ONLY,
2026-09-02T01:38:12.129132+00:00,afe16ee6a5f21704,CSM001xTSM001-2026-08-25-AMRX-BUY-008,AMRX,buy,,4000.0,SUBMISSION_BLOCKED_ALP003,DRY_RUN,INTENT_ONLY,
2026-09-02T01:38:12.129132+00:00,9035e26247843d62,CSM001xTSM001-2026-08-25-ANAB-BUY-009,ANAB,buy,,4000.0,SUBMISSION_BLOCKED_ALP003,DRY_RUN,INTENT_ONLY,
2026-09-02T01:38:12.129132+00:00,fb3ff09390eae65e,CSM001xTSM001-2026-08-25-ANNX-BUY-010,ANNX,buy,,4000.0,SUBMISSION_BLOCKED_ALP003,DRY_RUN,INTENT_ONLY,
2026-09-02T01:38:12.129132+00:00,fa4c5e20585faa9f,CSM001xTSM001-2026-08-25-APPS-BUY-011,APPS,buy,,4000.0,SUBMISSION_BLOCKED_ALP003,DRY_RUN,INTENT_ONLY,
2026-09-02T01:38:12.129132+00:00,325fe3438156b2d5,CSM001xTSM001-2026-08-25-ARCB-BUY-012,ARCB,buy,,4000.0,SUBMISSION_BLOCKED_ALP003,DRY_RUN,INTENT_ONLY,
2026-09-02T01:38:12.129132+00:00,5dca7c9f56d3e8da,CSM001xTSM001-2026-08-25-ARWR-BUY-013,ARWR,buy,,4000.0,SUBMISSION_BLOCKED_ALP003,DRY_RUN,INTENT_ONLY,
2026-09-02T01:38:12.129132+00:00,08fc87d1d4bfdc59,CSM001xTSM001-2026-08-25-ASML-BUY-014,ASML,buy,,4000.0,SUBMISSION_BLOCKED_ALP003,DRY_RUN,INTENT_ONLY,
2026-09-02T01:38:12.129132+00:00,38d188609e9642e9,CSM001xTSM001-2026-08-25-ATEX-BUY-015,ATEX,buy,,4000.0,SUBMISSION_BLOCKED_ALP003,DRY_RUN,INTENT_ONLY,
2026-09-02T01:38:12.129132+00:00,41eda9a7f04c39be,CSM001xTSM001-2026-08-25-ATRO-BUY-016,ATRO,buy,,4000.0,SUBMISSION_BLOCKED_ALP003,DRY_RUN,INTENT_ONLY,
2026-09-02T01:38:12.129132+00:00,425586c0a86d955c,CSM001xTSM001-2026-08-25-AXGN-BUY-017,AXGN,buy,,4000.0,SUBMISSION_BLOCKED_ALP003,DRY_RUN,INTENT_ONLY,
2026-09-02T01:38:12.129132+00:00,ac9ffe2ab57448d0,CSM001xTSM001-2026-08-25-AXSM-BUY-018,AXSM,buy,,4000.0,SUBMISSION_BLOCKED_ALP003,DRY_RUN,INTENT_ONLY,
2026-09-02T01:38:12.129132+00:00,a4ec8ca405861f45,CSM001xTSM001-2026-08-25-AXTI-BUY-019,AXTI,buy,,4000.0,SUBMISSION_BLOCKED_ALP003,DRY_RUN,INTENT_ONLY,
2026-09-02T01:38:12.129132+00:00,aec9c97c58047ab0,CSM001xTSM001-2026-08-25-BAND-BUY-020,BAND,buy,,4000.0,SUBMISSION_BLOCKED_ALP003,DRY_RUN,INTENT_ONLY,
2026-09-02T01:38:12.129132+00:00,f222a382bb2418f4,CSM001xTSM001-2026-08-25-BELFB-BUY-021,BELFB,buy,,4000.0,SUBMISSION_BLOCKED_ALP003,DRY_RUN,INTENT_ONLY,
2026-09-02T01:38:12.144912+00:00,9ae406f639aa07f7,CSM001xTSM001-2026-08-25-BJRI-BUY-022,BJRI,buy,,4000.0,SUBMISSION_BLOCKED_ALP003,DRY_RUN,INTENT_ONLY,
2026-09-02T01:38:12.144912+00:00,8b394118859e2363,CSM001xTSM001-2026-08-25-CDNA-BUY-023,CDNA,buy,,4000.0,SUBMISSION_BLOCKED_ALP003,DRY_RUN,INTENT_ONLY,
2026-09-02T01:38:12.144912+00:00,3c2a91ef5a195c02,CSM001xTSM001-2026-08-25-CENX-BUY-024,CENX,buy,,4000.0,SUBMISSION_BLOCKED_ALP003,DRY_RUN,INTENT_ONLY,
2026-09-02T01:38:12.144912+00:00,5b7da076f3ce157b,CSM001xTSM001-2026-08-25-CERS-BUY-025,CERS,buy,,4000.0,SUBMISSION_BLOCKED_ALP003,DRY_RUN,INTENT_ONLY,
2026-09-02T01:40:42.092678+00:00,fa0309f3e87e5ac5,CSM001xTSM001-2026-08-25-AAOI-BUY-001,AAOI,buy,,4000.0,SUBMISSION_BLOCKED_ALP003,DRY_RUN,INTENT_ONLY,
2026-09-02T01:40:42.092678+00:00,884b6958758b881a,CSM001xTSM001-2026-08-25-ACMR-BUY-002,ACMR,buy,,4000.0,SUBMISSION_BLOCKED_ALP003,DRY_RUN,INTENT_ONLY,
2026-09-02T01:40:42.092678+00:00,4057a0b75aebfc55,CSM001xTSM001-2026-08-25-ACRS-BUY-003,ACRS,buy,,4000.0,SUBMISSION_BLOCKED_ALP003,DRY_RUN,INTENT_ONLY,
2026-09-02T01:40:42.092678+00:00,b7db99c9c6d87a46,CSM001xTSM001-2026-08-25-AEIS-BUY-004,AEIS,buy,,4000.0,SUBMISSION_BLOCKED_ALP003,DRY_RUN,INTENT_ONLY,
2026-09-02T01:40:42.092678+00:00,00d4184c854e444d,CSM001xTSM001-2026-08-25-AMAT-BUY-005,AMAT,buy,,4000.0,SUBMISSION_BLOCKED_ALP003,DRY_RUN,INTENT_ONLY,
2026-09-02T01:40:42.092678+00:00,9936139d8ff3b2d9,CSM001xTSM001-2026-08-25-AMD-BUY-006,AMD,buy,,4000.0,SUBMISSION_BLOCKED_ALP003,DRY_RUN,INTENT_ONLY,
2026-09-02T01:40:42.092678+00:00,c53607f7c4e0c6a1,CSM001xTSM001-2026-08-25-AMKR-BUY-007,AMKR,buy,,4000.0,SUBMISSION_BLOCKED_ALP003,DRY_RUN,INTENT_ONLY,
2026-09-02T01:40:42.092678+00:00,afe16ee6a5f21704,CSM001xTSM001-2026-08-25-AMRX-BUY-008,AMRX,buy,,4000.0,SUBMISSION_BLOCKED_ALP003,DRY_RUN,INTENT_ONLY,
2026-09-02T01:40:42.092678+00:00,9035e26247843d62,CSM001xTSM001-2026-08-25-ANAB-BUY-009,ANAB,buy,,4000.0,SUBMISSION_BLOCKED_ALP003,DRY_RUN,INTENT_ONLY,
2026-09-02T01:40:42.092678+00:00,fb3ff09390eae65e,CSM001xTSM001-2026-08-25-ANNX-BUY-010,ANNX,buy,,4000.0,SUBMISSION_BLOCKED_ALP003,DRY_RUN,INTENT_ONLY,
2026-09-02T01:40:42.092678+00:00,fa4c5e20585faa9f,CSM001xTSM001-2026-08-25-APPS-BUY-011,APPS,buy,,4000.0,SUBMISSION_BLOCKED_ALP003,DRY_RUN,INTENT_ONLY,
2026-09-02T01:40:42.092678+00:00,325fe3438156b2d5,CSM001xTSM001-2026-08-25-ARCB-BUY-012,ARCB,buy,,4000.0,SUBMISSION_BLOCKED_ALP003,DRY_RUN,INTENT_ONLY,
2026-09-02T01:40:42.092678+00:00,5dca7c9f56d3e8da,CSM001xTSM001-2026-08-25-ARWR-BUY-013,ARWR,buy,,4000.0,SUBMISSION_BLOCKED_ALP003,DRY_RUN,INTENT_ONLY,
2026-09-02T01:40:42.092678+00:00,08fc87d1d4bfdc59,CSM001xTSM001-2026-08-25-ASML-BUY-014,ASML,buy,,4000.0,SUBMISSION_BLOCKED_ALP003,DRY_RUN,INTENT_ONLY,
2026-09-02T01:40:42.092678+00:00,38d188609e9642e9,CSM001xTSM001-2026-08-25-ATEX-BUY-015,ATEX,buy,,4000.0,SUBMISSION_BLOCKED_ALP003,DRY_RUN,INTENT_ONLY,
2026-09-02T01:40:42.092678+00:00,41eda9a7f04c39be,CSM001xTSM001-2026-08-25-ATRO-BUY-016,ATRO,buy,,4000.0,SUBMISSION_BLOCKED_ALP003,DRY_RUN,INTENT_ONLY,
2026-09-02T01:40:42.092678+00:00,425586c0a86d955c,CSM001xTSM001-2026-08-25-AXGN-BUY-017,AXGN,buy,,4000.0,SUBMISSION_BLOCKED_ALP003,DRY_RUN,INTENT_ONLY,
2026-09-02T01:40:42.092678+00:00,ac9ffe2ab57448d0,CSM001xTSM001-2026-08-25-AXSM-BUY-018,AXSM,buy,,4000.0,SUBMISSION_BLOCKED_ALP003,DRY_RUN,INTENT_ONLY,
2026-09-02T01:40:42.092678+00:00,a4ec8ca405861f45,CSM001xTSM001-2026-08-25-AXTI-BUY-019,AXTI,buy,,4000.0,SUBMISSION_BLOCKED_ALP003,DRY_RUN,INTENT_ONLY,
2026-09-02T01:40:42.092678+00:00,aec9c97c58047ab0,CSM001xTSM001-2026-08-25-BAND-BUY-020,BAND,buy,,4000.0,SUBMISSION_BLOCKED_ALP003,DRY_RUN,INTENT_ONLY,
2026-09-02T01:40:42.092678+00:00,f222a382bb2418f4,CSM001xTSM001-2026-08-25-BELFB-BUY-021,BELFB,buy,,4000.0,SUBMISSION_BLOCKED_ALP003,DRY_RUN,INTENT_ONLY,
2026-09-02T01:40:42.092678+00:00,9ae406f639aa07f7,CSM001xTSM001-2026-08-25-BJRI-BUY-022,BJRI,buy,,4000.0,SUBMISSION_BLOCKED_ALP003,DRY_RUN,INTENT_ONLY,
2026-09-02T01:40:42.092678+00:00,8b394118859e2363,CSM001xTSM001-2026-08-25-CDNA-BUY-023,CDNA,buy,,4000.0,SUBMISSION_BLOCKED_ALP003,DRY_RUN,INTENT_ONLY,
2026-09-02T01:40:42.092678+00:00,3c2a91ef5a195c02,CSM001xTSM001-2026-08-25-CENX-BUY-024,CENX,buy,,4000.0,SUBMISSION_BLOCKED_ALP003,DRY_RUN,INTENT_ONLY,
2026-09-02T01:40:42.092678+00:00,5b7da076f3ce157b,CSM001xTSM001-2026-08-25-CERS-BUY-025,CERS,buy,,4000.0,SUBMISSION_BLOCKED_ALP003,DRY_RUN,INTENT_ONLY,
2026-09-02T20:32:49.502522+00:00,8ec813c4a2f3bf9d,CSM001xTSM001-2026-09-02-AAOI-BUY-001,AAOI,buy,,4000.0,SUBMISSION_BLOCKED_ALP003,DRY_RUN,INTENT_ONLY,
2026-09-02T20:32:49.502522+00:00,45529e23474d9c68,CSM001xTSM001-2026-09-02-ACMR-BUY-002,ACMR,buy,,4000.0,SUBMISSION_BLOCKED_ALP003,DRY_RUN,INTENT_ONLY,
2026-09-02T20:32:49.502522+00:00,5d137c00b50efa74,CSM001xTSM001-2026-09-02-ACRS-BUY-003,ACRS,buy,,4000.0,SUBMISSION_BLOCKED_ALP003,DRY_RUN,INTENT_ONLY,
2026-09-02T20:32:49.502522+00:00,04644cd0f43decba,CSM001xTSM001-2026-09-02-ADEA-BUY-004,ADEA,buy,,4000.0,SUBMISSION_BLOCKED_ALP003,DRY_RUN,INTENT_ONLY,
2026-09-02T20:32:49.502522+00:00,cab367b579f62cb7,CSM001xTSM001-2026-09-02-AEIS-BUY-005,AEIS,buy,,4000.0,SUBMISSION_BLOCKED_ALP003,DRY_RUN,INTENT_ONLY,
2026-09-02T20:32:49.502522+00:00,13114634ea066742,CSM001xTSM001-2026-09-02-AMAT-BUY-006,AMAT,buy,,4000.0,SUBMISSION_BLOCKED_ALP003,DRY_RUN,INTENT_ONLY,
2026-09-02T20:32:49.510317+00:00,6edebbb3e3e1ee59,CSM001xTSM001-2026-09-02-AMD-BUY-007,AMD,buy,,4000.0,SUBMISSION_BLOCKED_ALP003,DRY_RUN,INTENT_ONLY,
2026-09-02T20:32:49.510317+00:00,4ca5aecacd485f19,CSM001xTSM001-2026-09-02-AMKR-BUY-008,AMKR,buy,,4000.0,SUBMISSION_BLOCKED_ALP003,DRY_RUN,INTENT_ONLY,
2026-09-02T20:32:49.510317+00:00,f3a5f7a3c6c51dad,CSM001xTSM001-2026-09-02-ANAB-BUY-009,ANAB,buy,,4000.0,SUBMISSION_BLOCKED_ALP003,DRY_RUN,INTENT_ONLY,
2026-09-02T20:32:49.510317+00:00,fb6feebb6cffa919,CSM001xTSM001-2026-09-02-ANIK-BUY-010,ANIK,buy,,4000.0,SUBMISSION_BLOCKED_ALP003,DRY_RUN,INTENT_ONLY,
2026-09-02T20:32:49.510317+00:00,88e8311da129ba42,CSM001xTSM001-2026-09-02-ANNX-BUY-011,ANNX,buy,,4000.0,SUBMISSION_BLOCKED_ALP003,DRY_RUN,INTENT_ONLY,
2026-09-02T20:32:49.510317+00:00,3028f481f335cd06,CSM001xTSM001-2026-09-02-APPS-BUY-012,APPS,buy,,4000.0,SUBMISSION_BLOCKED_ALP003,DRY_RUN,INTENT_ONLY,
2026-09-02T20:32:49.510317+00:00,bc60d09bed7fd993,CSM001xTSM001-2026-09-02-ARCB-BUY-013,ARCB,buy,,4000.0,SUBMISSION_BLOCKED_ALP003,DRY_RUN,INTENT_ONLY,
2026-09-02T20:32:49.510317+00:00,56dc61720fa674e7,CSM001xTSM001-2026-09-02-ARWR-BUY-014,ARWR,buy,,4000.0,SUBMISSION_BLOCKED_ALP003,DRY_RUN,INTENT_ONLY,
2026-09-02T20:32:49.510317+00:00,350b8b2f3b280f6e,CSM001xTSM001-2026-09-02-ASML-BUY-015,ASML,buy,,4000.0,SUBMISSION_BLOCKED_ALP003,DRY_RUN,INTENT_ONLY,
2026-09-02T20:32:49.510317+00:00,02ed02a61fd86faf,CSM001xTSM001-2026-09-02-ATEX-BUY-016,ATEX,buy,,4000.0,SUBMISSION_BLOCKED_ALP003,DRY_RUN,INTENT_ONLY,
2026-09-02T20:32:49.510317+00:00,16169819bf992f42,CSM001xTSM001-2026-09-02-ATRO-BUY-017,ATRO,buy,,4000.0,SUBMISSION_BLOCKED_ALP003,DRY_RUN,INTENT_ONLY,
2026-09-02T20:32:49.510317+00:00,a52d934c07ee472f,CSM001xTSM001-2026-09-02-AXGN-BUY-018,AXGN,buy,,4000.0,SUBMISSION_BLOCKED_ALP003,DRY_RUN,INTENT_ONLY,
2026-09-02T20:32:49.510317+00:00,153f3ee27bd8374f,CSM001xTSM001-2026-09-02-AXTI-BUY-019,AXTI,buy,,4000.0,SUBMISSION_BLOCKED_ALP003,DRY_RUN,INTENT_ONLY,
2026-09-02T20:32:49.510317+00:00,82a3f1cf29dfef9b,CSM001xTSM001-2026-09-02-BAND-BUY-020,BAND,buy,,4000.0,SUBMISSION_BLOCKED_ALP003,DRY_RUN,INTENT_ONLY,
2026-09-02T20:32:49.510317+00:00,2e69c36077c572c0,CSM001xTSM001-2026-09-02-BELFB-BUY-021,BELFB,buy,,4000.0,SUBMISSION_BLOCKED_ALP003,DRY_RUN,INTENT_ONLY,
2026-09-02T20:32:49.510317+00:00,fc0b8333853fc42d,CSM001xTSM001-2026-09-02-BJRI-BUY-022,BJRI,buy,,4000.0,SUBMISSION_BLOCKED_ALP003,DRY_RUN,INTENT_ONLY,
2026-09-02T20:32:49.510317+00:00,d2c568608e940721,CSM001xTSM001-2026-09-02-CALY-BUY-023,CALY,buy,,4000.0,SUBMISSION_BLOCKED_ALP003,DRY_RUN,INTENT_ONLY,
2026-09-02T20:32:49.510317+00:00,ffcb699c2099f022,CSM001xTSM001-2026-09-02-CDNA-BUY-024,CDNA,buy,,4000.0,SUBMISSION_BLOCKED_ALP003,DRY_RUN,INTENT_ONLY,
2026-09-02T20:32:49.510317+00:00,fdf33b6f0c804ddb,CSM001xTSM001-2026-09-02-CENX-BUY-025,CENX,buy,,4000.0,SUBMISSION_BLOCKED_ALP003,DRY_RUN,INTENT_ONLY,
2026-09-03T20:32:29.092508+00:00,5a5fba7a004dec53,CSM001xTSM001-2026-09-03-AAOI-BUY-001,AAOI,buy,,4000.0,SUBMISSION_BLOCKED_ALP003,DRY_RUN,INTENT_ONLY,
2026-09-03T20:32:29.094508+00:00,c26e6f8abd4bc56e,CSM001xTSM001-2026-09-03-ACMR-BUY-002,ACMR,buy,,4000.0,SUBMISSION_BLOCKED_ALP003,DRY_RUN,INTENT_ONLY,
2026-09-03T20:32:29.094508+00:00,ac0b40ece59eead7,CSM001xTSM001-2026-09-03-ACRS-BUY-003,ACRS,buy,,4000.0,SUBMISSION_BLOCKED_ALP003,DRY_RUN,INTENT_ONLY,
2026-09-03T20:32:29.095507+00:00,97f2064337bf5bb9,CSM001xTSM001-2026-09-03-ADEA-BUY-004,ADEA,buy,,4000.0,SUBMISSION_BLOCKED_ALP003,DRY_RUN,INTENT_ONLY,
2026-09-03T20:32:29.095507+00:00,6ffd290dfd1bfacc,CSM001xTSM001-2026-09-03-AEIS-BUY-005,AEIS,buy,,4000.0,SUBMISSION_BLOCKED_ALP003,DRY_RUN,INTENT_ONLY,
2026-09-03T20:32:29.096505+00:00,38d1aac702cb179a,CSM001xTSM001-2026-09-03-AMAT-BUY-006,AMAT,buy,,4000.0,SUBMISSION_BLOCKED_ALP003,DRY_RUN,INTENT_ONLY,
2026-09-03T20:32:29.096505+00:00,317fbaf7f1fc489e,CSM001xTSM001-2026-09-03-AMD-BUY-007,AMD,buy,,4000.0,SUBMISSION_BLOCKED_ALP003,DRY_RUN,INTENT_ONLY,
2026-09-03T20:32:29.096505+00:00,d7dc364786ac7c7d,CSM001xTSM001-2026-09-03-AMKR-BUY-008,AMKR,buy,,4000.0,SUBMISSION_BLOCKED_ALP003,DRY_RUN,INTENT_ONLY,
2026-09-03T20:32:29.097507+00:00,6b03abb21ad5a8b4,CSM001xTSM001-2026-09-03-ANAB-BUY-009,ANAB,buy,,4000.0,SUBMISSION_BLOCKED_ALP003,DRY_RUN,INTENT_ONLY,
2026-09-03T20:32:29.097507+00:00,f4d397874b49c8b0,CSM001xTSM001-2026-09-03-ANIK-BUY-010,ANIK,buy,,4000.0,SUBMISSION_BLOCKED_ALP003,DRY_RUN,INTENT_ONLY,
2026-09-03T20:32:29.098528+00:00,ba3a27e11048de6c,CSM001xTSM001-2026-09-03-ANNX-BUY-011,ANNX,buy,,4000.0,SUBMISSION_BLOCKED_ALP003,DRY_RUN,INTENT_ONLY,
2026-09-03T20:32:29.098528+00:00,df0c4dc7ebba29a5,CSM001xTSM001-2026-09-03-APPS-BUY-012,APPS,buy,,4000.0,SUBMISSION_BLOCKED_ALP003,DRY_RUN,INTENT_ONLY,
2026-09-03T20:32:29.098528+00:00,f1b9faf405af5203,CSM001xTSM001-2026-09-03-ARCB-BUY-013,ARCB,buy,,4000.0,SUBMISSION_BLOCKED_ALP003,DRY_RUN,INTENT_ONLY,
2026-09-03T20:32:29.099509+00:00,a0f8f961e5157800,CSM001xTSM001-2026-09-03-ARWR-BUY-014,ARWR,buy,,4000.0,SUBMISSION_BLOCKED_ALP003,DRY_RUN,INTENT_ONLY,
2026-09-03T20:32:29.099509+00:00,36187a2c56dc950b,CSM001xTSM001-2026-09-03-ASML-BUY-015,ASML,buy,,4000.0,SUBMISSION_BLOCKED_ALP003,DRY_RUN,INTENT_ONLY,
2026-09-03T20:32:29.099509+00:00,32d2f5b782ad07da,CSM001xTSM001-2026-09-03-ATEX-BUY-016,ATEX,buy,,4000.0,SUBMISSION_BLOCKED_ALP003,DRY_RUN,INTENT_ONLY,
2026-09-03T20:32:29.100520+00:00,7957b9f15eb44dd5,CSM001xTSM001-2026-09-03-ATRO-BUY-017,ATRO,buy,,4000.0,SUBMISSION_BLOCKED_ALP003,DRY_RUN,INTENT_ONLY,
2026-09-03T20:32:29.100520+00:00,40a07df4a4dddc4d,CSM001xTSM001-2026-09-03-AXGN-BUY-018,AXGN,buy,,4000.0,SUBMISSION_BLOCKED_ALP003,DRY_RUN,INTENT_ONLY,
2026-09-03T20:32:29.101505+00:00,71bf9b5846c059ba,CSM001xTSM001-2026-09-03-AXTI-BUY-019,AXTI,buy,,4000.0,SUBMISSION_BLOCKED_ALP003,DRY_RUN,INTENT_ONLY,
2026-09-03T20:32:29.101505+00:00,23abdffc504fed3c,CSM001xTSM001-2026-09-03-BAND-BUY-020,BAND,buy,,4000.0,SUBMISSION_BLOCKED_ALP003,DRY_RUN,INTENT_ONLY,
2026-09-03T20:32:29.101505+00:00,bfc16fc4758b1ee9,CSM001xTSM001-2026-09-03-BELFB-BUY-021,BELFB,buy,,4000.0,SUBMISSION_BLOCKED_ALP003,DRY_RUN,INTENT_ONLY,
2026-09-03T20:32:29.102505+00:00,c1b082c0018f401a,CSM001xTSM001-2026-09-03-BJRI-BUY-022,BJRI,buy,,4000.0,SUBMISSION_BLOCKED_ALP003,DRY_RUN,INTENT_ONLY,
2026-09-03T20:32:29.102505+00:00,0305504f89feaa45,CSM001xTSM001-2026-09-03-CALY-BUY-023,CALY,buy,,4000.0,SUBMISSION_BLOCKED_ALP003,DRY_RUN,INTENT_ONLY,
2026-09-03T20:32:29.102505+00:00,e770b2906eb9fc70,CSM001xTSM001-2026-09-03-CDNA-BUY-024,CDNA,buy,,4000.0,SUBMISSION_BLOCKED_ALP003,DRY_RUN,INTENT_ONLY,
2026-09-03T20:32:29.103506+00:00,4d5ea7726fd95302,CSM001xTSM001-2026-09-03-CENX-BUY-025,CENX,buy,,4000.0,SUBMISSION_BLOCKED_ALP003,DRY_RUN,INTENT_ONLY,
2026-09-04T10:22:18.390865+00:00,5a5fba7a004dec53,CSM001xTSM001-2026-09-03-AAOI-BUY-001,AAOI,buy,,4000.0,SUBMISSION_BLOCKED_ALP003,DRY_RUN,INTENT_ONLY,
2026-09-04T10:22:18.391882+00:00,c26e6f8abd4bc56e,CSM001xTSM001-2026-09-03-ACMR-BUY-002,ACMR,buy,,4000.0,SUBMISSION_BLOCKED_ALP003,DRY_RUN,INTENT_ONLY,
2026-09-04T10:22:18.391882+00:00,ac0b40ece59eead7,CSM001xTSM001-2026-09-03-ACRS-BUY-003,ACRS,buy,,4000.0,SUBMISSION_BLOCKED_ALP003,DRY_RUN,INTENT_ONLY,
2026-09-04T10:22:18.392852+00:00,97f2064337bf5bb9,CSM001xTSM001-2026-09-03-ADEA-BUY-004,ADEA,buy,,4000.0,SUBMISSION_BLOCKED_ALP003,DRY_RUN,INTENT_ONLY,
2026-09-04T10:22:18.392852+00:00,6ffd290dfd1bfacc,CSM001xTSM001-2026-09-03-AEIS-BUY-005,AEIS,buy,,4000.0,SUBMISSION_BLOCKED_ALP003,DRY_RUN,INTENT_ONLY,
2026-09-04T10:22:18.393857+00:00,38d1aac702cb179a,CSM001xTSM001-2026-09-03-AMAT-BUY-006,AMAT,buy,,4000.0,SUBMISSION_BLOCKED_ALP003,DRY_RUN,INTENT_ONLY,
2026-09-04T10:22:18.393857+00:00,317fbaf7f1fc489e,CSM001xTSM001-2026-09-03-AMD-BUY-007,AMD,buy,,4000.0,SUBMISSION_BLOCKED_ALP003,DRY_RUN,INTENT_ONLY,
2026-09-04T10:22:18.394868+00:00,d7dc364786ac7c7d,CSM001xTSM001-2026-09-03-AMKR-BUY-008,AMKR,buy,,4000.0,SUBMISSION_BLOCKED_ALP003,DRY_RUN,INTENT_ONLY,
2026-09-04T10:22:18.394868+00:00,6b03abb21ad5a8b4,CSM001xTSM001-2026-09-03-ANAB-BUY-009,ANAB,buy,,4000.0,SUBMISSION_BLOCKED_ALP003,DRY_RUN,INTENT_ONLY,
2026-09-04T10:22:18.394868+00:00,f4d397874b49c8b0,CSM001xTSM001-2026-09-03-ANIK-BUY-010,ANIK,buy,,4000.0,SUBMISSION_BLOCKED_ALP003,DRY_RUN,INTENT_ONLY,
2026-09-04T10:22:18.395850+00:00,ba3a27e11048de6c,CSM001xTSM001-2026-09-03-ANNX-BUY-011,ANNX,buy,,4000.0,SUBMISSION_BLOCKED_ALP003,DRY_RUN,INTENT_ONLY,
2026-09-04T10:22:18.395850+00:00,df0c4dc7ebba29a5,CSM001xTSM001-2026-09-03-APPS-BUY-012,APPS,buy,,4000.0,SUBMISSION_BLOCKED_ALP003,DRY_RUN,INTENT_ONLY,
2026-09-04T10:22:18.395850+00:00,f1b9faf405af5203,CSM001xTSM001-2026-09-03-ARCB-BUY-013,ARCB,buy,,4000.0,SUBMISSION_BLOCKED_ALP003,DRY_RUN,INTENT_ONLY,
2026-09-04T10:22:18.396850+00:00,a0f8f961e5157800,CSM001xTSM001-2026-09-03-ARWR-BUY-014,ARWR,buy,,4000.0,SUBMISSION_BLOCKED_ALP003,DRY_RUN,INTENT_ONLY,
2026-09-04T10:22:18.396850+00:00,36187a2c56dc950b,CSM001xTSM001-2026-09-03-ASML-BUY-015,ASML,buy,,4000.0,SUBMISSION_BLOCKED_ALP003,DRY_RUN,INTENT_ONLY,
2026-09-04T10:22:18.396850+00:00,32d2f5b782ad07da,CSM001xTSM001-2026-09-03-ATEX-BUY-016,ATEX,buy,,4000.0,SUBMISSION_BLOCKED_ALP003,DRY_RUN,INTENT_ONLY,
2026-09-04T10:22:18.397850+00:00,7957b9f15eb44dd5,CSM001xTSM001-2026-09-03-ATRO-BUY-017,ATRO,buy,,4000.0,SUBMISSION_BLOCKED_ALP003,DRY_RUN,INTENT_ONLY,
2026-09-04T10:22:18.397850+00:00,40a07df4a4dddc4d,CSM001xTSM001-2026-09-03-AXGN-BUY-018,AXGN,buy,,4000.0,SUBMISSION_BLOCKED_ALP003,DRY_RUN,INTENT_ONLY,
2026-09-04T10:22:18.397850+00:00,71bf9b5846c059ba,CSM001xTSM001-2026-09-03-AXTI-BUY-019,AXTI,buy,,4000.0,SUBMISSION_BLOCKED_ALP003,DRY_RUN,INTENT_ONLY,
2026-09-04T10:22:18.398851+00:00,23abdffc504fed3c,CSM001xTSM001-2026-09-03-BAND-BUY-020,BAND,buy,,4000.0,SUBMISSION_BLOCKED_ALP003,DRY_RUN,INTENT_ONLY,
2026-09-04T10:22:18.398851+00:00,bfc16fc4758b1ee9,CSM001xTSM001-2026-09-03-BELFB-BUY-021,BELFB,buy,,4000.0,SUBMISSION_BLOCKED_ALP003,DRY_RUN,INTENT_ONLY,
2026-09-04T10:22:18.398851+00:00,c1b082c0018f401a,CSM001xTSM001-2026-09-03-BJRI-BUY-022,BJRI,buy,,4000.0,SUBMISSION_BLOCKED_ALP003,DRY_RUN,INTENT_ONLY,
2026-09-04T10:22:18.399849+00:00,0305504f89feaa45,CSM001xTSM001-2026-09-03-CALY-BUY-023,CALY,buy,,4000.0,SUBMISSION_BLOCKED_ALP003,DRY_RUN,INTENT_ONLY,
2026-09-04T10:22:18.399849+00:00,e770b2906eb9fc70,CSM001xTSM001-2026-09-03-CDNA-BUY-024,CDNA,buy,,4000.0,SUBMISSION_BLOCKED_ALP003,DRY_RUN,INTENT_ONLY,
2026-09-04T10:22:18.399849+00:00,4d5ea7726fd95302,CSM001xTSM001-2026-09-03-CENX-BUY-025,CENX,buy,,4000.0,SUBMISSION_BLOCKED_ALP003,DRY_RUN,INTENT_ONLY,
2026-09-04T10:27:19.396848+00:00,5a5fba7a004dec53,CSM001xTSM001-2026-09-03-AAOI-BUY-001,AAOI,buy,,4000.0,SUBMISSION_BLOCKED_ALP003,DRY_RUN,INTENT_ONLY,
2026-09-04T10:27:19.396848+00:00,c26e6f8abd4bc56e,CSM001xTSM001-2026-09-03-ACMR-BUY-002,ACMR,buy,,4000.0,SUBMISSION_BLOCKED_ALP003,DRY_RUN,INTENT_ONLY,
2026-09-04T10:27:19.396848+00:00,ac0b40ece59eead7,CSM001xTSM001-2026-09-03-ACRS-BUY-003,ACRS,buy,,4000.0,SUBMISSION_BLOCKED_ALP003,DRY_RUN,INTENT_ONLY,
2026-09-04T10:27:19.397815+00:00,97f2064337bf5bb9,CSM001xTSM001-2026-09-03-ADEA-BUY-004,ADEA,buy,,4000.0,SUBMISSION_BLOCKED_ALP003,DRY_RUN,INTENT_ONLY,
2026-09-04T10:27:19.397815+00:00,6ffd290dfd1bfacc,CSM001xTSM001-2026-09-03-AEIS-BUY-005,AEIS,buy,,4000.0,SUBMISSION_BLOCKED_ALP003,DRY_RUN,INTENT_ONLY,
2026-09-04T10:27:19.398816+00:00,38d1aac702cb179a,CSM001xTSM001-2026-09-03-AMAT-BUY-006,AMAT,buy,,4000.0,SUBMISSION_BLOCKED_ALP003,DRY_RUN,INTENT_ONLY,
2026-09-04T10:27:19.398816+00:00,317fbaf7f1fc489e,CSM001xTSM001-2026-09-03-AMD-BUY-007,AMD,buy,,4000.0,SUBMISSION_BLOCKED_ALP003,DRY_RUN,INTENT_ONLY,
2026-09-04T10:27:19.398816+00:00,d7dc364786ac7c7d,CSM001xTSM001-2026-09-03-AMKR-BUY-008,AMKR,buy,,4000.0,SUBMISSION_BLOCKED_ALP003,DRY_RUN,INTENT_ONLY,
2026-09-04T10:27:19.399816+00:00,6b03abb21ad5a8b4,CSM001xTSM001-2026-09-03-ANAB-BUY-009,ANAB,buy,,4000.0,SUBMISSION_BLOCKED_ALP003,DRY_RUN,INTENT_ONLY,
2026-09-04T10:27:19.399816+00:00,f4d397874b49c8b0,CSM001xTSM001-2026-09-03-ANIK-BUY-010,ANIK,buy,,4000.0,SUBMISSION_BLOCKED_ALP003,DRY_RUN,INTENT_ONLY,
2026-09-04T10:27:19.399816+00:00,ba3a27e11048de6c,CSM001xTSM001-2026-09-03-ANNX-BUY-011,ANNX,buy,,4000.0,SUBMISSION_BLOCKED_ALP003,DRY_RUN,INTENT_ONLY,
2026-09-04T10:27:19.399816+00:00,df0c4dc7ebba29a5,CSM001xTSM001-2026-09-03-APPS-BUY-012,APPS,buy,,4000.0,SUBMISSION_BLOCKED_ALP003,DRY_RUN,INTENT_ONLY,
2026-09-04T10:27:19.401321+00:00,f1b9faf405af5203,CSM001xTSM001-2026-09-03-ARCB-BUY-013,ARCB,buy,,4000.0,SUBMISSION_BLOCKED_ALP003,DRY_RUN,INTENT_ONLY,
2026-09-04T10:27:19.401321+00:00,a0f8f961e5157800,CSM001xTSM001-2026-09-03-ARWR-BUY-014,ARWR,buy,,4000.0,SUBMISSION_BLOCKED_ALP003,DRY_RUN,INTENT_ONLY,
2026-09-04T10:27:19.402341+00:00,36187a2c56dc950b,CSM001xTSM001-2026-09-03-ASML-BUY-015,ASML,buy,,4000.0,SUBMISSION_BLOCKED_ALP003,DRY_RUN,INTENT_ONLY,
2026-09-04T10:27:19.402341+00:00,32d2f5b782ad07da,CSM001xTSM001-2026-09-03-ATEX-BUY-016,ATEX,buy,,4000.0,SUBMISSION_BLOCKED_ALP003,DRY_RUN,INTENT_ONLY,
2026-09-04T10:27:19.402341+00:00,7957b9f15eb44dd5,CSM001xTSM001-2026-09-03-ATRO-BUY-017,ATRO,buy,,4000.0,SUBMISSION_BLOCKED_ALP003,DRY_RUN,INTENT_ONLY,
2026-09-04T10:27:19.403329+00:00,40a07df4a4dddc4d,CSM001xTSM001-2026-09-03-AXGN-BUY-018,AXGN,buy,,4000.0,SUBMISSION_BLOCKED_ALP003,DRY_RUN,INTENT_ONLY,
2026-09-04T10:27:19.403329+00:00,71bf9b5846c059ba,CSM001xTSM001-2026-09-03-AXTI-BUY-019,AXTI,buy,,4000.0,SUBMISSION_BLOCKED_ALP003,DRY_RUN,INTENT_ONLY,
2026-09-04T10:27:19.403329+00:00,23abdffc504fed3c,CSM001xTSM001-2026-09-03-BAND-BUY-020,BAND,buy,,4000.0,SUBMISSION_BLOCKED_ALP003,DRY_RUN,INTENT_ONLY,
2026-09-04T10:27:19.404327+00:00,bfc16fc4758b1ee9,CSM001xTSM001-2026-09-03-BELFB-BUY-021,BELFB,buy,,4000.0,SUBMISSION_BLOCKED_ALP003,DRY_RUN,INTENT_ONLY,
2026-09-04T10:27:19.404327+00:00,c1b082c0018f401a,CSM001xTSM001-2026-09-03-BJRI-BUY-022,BJRI,buy,,4000.0,SUBMISSION_BLOCKED_ALP003,DRY_RUN,INTENT_ONLY,
2026-09-04T10:27:19.404327+00:00,0305504f89feaa45,CSM001xTSM001-2026-09-03-CALY-BUY-023,CALY,buy,,4000.0,SUBMISSION_BLOCKED_ALP003,DRY_RUN,INTENT_ONLY,
2026-09-04T10:27:19.405326+00:00,e770b2906eb9fc70,CSM001xTSM001-2026-09-03-CDNA-BUY-024,CDNA,buy,,4000.0,SUBMISSION_BLOCKED_ALP003,DRY_RUN,INTENT_ONLY,
2026-09-04T10:27:19.405326+00:00,4d5ea7726fd95302,CSM001xTSM001-2026-09-03-CENX-BUY-025,CENX,buy,,4000.0,SUBMISSION_BLOCKED_ALP003,DRY_RUN,INTENT_ONLY,
2026-09-04T10:29:55.842438+00:00,5a5fba7a004dec53,CSM001xTSM001-2026-09-03-AAOI-BUY-001,AAOI,buy,,4000.0,SUBMISSION_BLOCKED_ALP003,DRY_RUN,INTENT_ONLY,
2026-09-04T10:29:55.842438+00:00,c26e6f8abd4bc56e,CSM001xTSM001-2026-09-03-ACMR-BUY-002,ACMR,buy,,4000.0,SUBMISSION_BLOCKED_ALP003,DRY_RUN,INTENT_ONLY,
2026-09-04T10:29:55.842438+00:00,ac0b40ece59eead7,CSM001xTSM001-2026-09-03-ACRS-BUY-003,ACRS,buy,,4000.0,SUBMISSION_BLOCKED_ALP003,DRY_RUN,INTENT_ONLY,
2026-09-04T10:29:55.843419+00:00,97f2064337bf5bb9,CSM001xTSM001-2026-09-03-ADEA-BUY-004,ADEA,buy,,4000.0,SUBMISSION_BLOCKED_ALP003,DRY_RUN,INTENT_ONLY,
2026-09-04T10:29:55.843419+00:00,6ffd290dfd1bfacc,CSM001xTSM001-2026-09-03-AEIS-BUY-005,AEIS,buy,,4000.0,SUBMISSION_BLOCKED_ALP003,DRY_RUN,INTENT_ONLY,
2026-09-04T10:29:55.844457+00:00,38d1aac702cb179a,CSM001xTSM001-2026-09-03-AMAT-BUY-006,AMAT,buy,,4000.0,SUBMISSION_BLOCKED_ALP003,DRY_RUN,INTENT_ONLY,
2026-09-04T10:29:55.844457+00:00,317fbaf7f1fc489e,CSM001xTSM001-2026-09-03-AMD-BUY-007,AMD,buy,,4000.0,SUBMISSION_BLOCKED_ALP003,DRY_RUN,INTENT_ONLY,
2026-09-04T10:29:55.844457+00:00,d7dc364786ac7c7d,CSM001xTSM001-2026-09-03-AMKR-BUY-008,AMKR,buy,,4000.0,SUBMISSION_BLOCKED_ALP003,DRY_RUN,INTENT_ONLY,
2026-09-04T10:29:55.845425+00:00,6b03abb21ad5a8b4,CSM001xTSM001-2026-09-03-ANAB-BUY-009,ANAB,buy,,4000.0,SUBMISSION_BLOCKED_ALP003,DRY_RUN,INTENT_ONLY,
2026-09-04T10:29:55.845425+00:00,f4d397874b49c8b0,CSM001xTSM001-2026-09-03-ANIK-BUY-010,ANIK,buy,,4000.0,SUBMISSION_BLOCKED_ALP003,DRY_RUN,INTENT_ONLY,
2026-09-04T10:29:55.846424+00:00,ba3a27e11048de6c,CSM001xTSM001-2026-09-03-ANNX-BUY-011,ANNX,buy,,4000.0,SUBMISSION_BLOCKED_ALP003,DRY_RUN,INTENT_ONLY,
2026-09-04T10:29:55.846424+00:00,df0c4dc7ebba29a5,CSM001xTSM001-2026-09-03-APPS-BUY-012,APPS,buy,,4000.0,SUBMISSION_BLOCKED_ALP003,DRY_RUN,INTENT_ONLY,
2026-09-04T10:29:55.846424+00:00,f1b9faf405af5203,CSM001xTSM001-2026-09-03-ARCB-BUY-013,ARCB,buy,,4000.0,SUBMISSION_BLOCKED_ALP003,DRY_RUN,INTENT_ONLY,
2026-09-04T10:29:55.847425+00:00,a0f8f961e5157800,CSM001xTSM001-2026-09-03-ARWR-BUY-014,ARWR,buy,,4000.0,SUBMISSION_BLOCKED_ALP003,DRY_RUN,INTENT_ONLY,
2026-09-04T10:29:55.847425+00:00,36187a2c56dc950b,CSM001xTSM001-2026-09-03-ASML-BUY-015,ASML,buy,,4000.0,SUBMISSION_BLOCKED_ALP003,DRY_RUN,INTENT_ONLY,
2026-09-04T10:29:55.848423+00:00,32d2f5b782ad07da,CSM001xTSM001-2026-09-03-ATEX-BUY-016,ATEX,buy,,4000.0,SUBMISSION_BLOCKED_ALP003,DRY_RUN,INTENT_ONLY,
2026-09-04T10:29:55.848423+00:00,7957b9f15eb44dd5,CSM001xTSM001-2026-09-03-ATRO-BUY-017,ATRO,buy,,4000.0,SUBMISSION_BLOCKED_ALP003,DRY_RUN,INTENT_ONLY,
2026-09-04T10:29:55.848423+00:00,40a07df4a4dddc4d,CSM001xTSM001-2026-09-03-AXGN-BUY-018,AXGN,buy,,4000.0,SUBMISSION_BLOCKED_ALP003,DRY_RUN,INTENT_ONLY,
2026-09-04T10:29:55.849424+00:00,71bf9b5846c059ba,CSM001xTSM001-2026-09-03-AXTI-BUY-019,AXTI,buy,,4000.0,SUBMISSION_BLOCKED_ALP003,DRY_RUN,INTENT_ONLY,
2026-09-04T10:29:55.849424+00:00,23abdffc504fed3c,CSM001xTSM001-2026-09-03-BAND-BUY-020,BAND,buy,,4000.0,SUBMISSION_BLOCKED_ALP003,DRY_RUN,INTENT_ONLY,
2026-09-04T10:29:55.850425+00:00,bfc16fc4758b1ee9,CSM001xTSM001-2026-09-03-BELFB-BUY-021,BELFB,buy,,4000.0,SUBMISSION_BLOCKED_ALP003,DRY_RUN,INTENT_ONLY,
2026-09-04T10:29:55.850425+00:00,c1b082c0018f401a,CSM001xTSM001-2026-09-03-BJRI-BUY-022,BJRI,buy,,4000.0,SUBMISSION_BLOCKED_ALP003,DRY_RUN,INTENT_ONLY,
2026-09-04T10:29:55.850425+00:00,0305504f89feaa45,CSM001xTSM001-2026-09-03-CALY-BUY-023,CALY,buy,,4000.0,SUBMISSION_BLOCKED_ALP003,DRY_RUN,INTENT_ONLY,
2026-09-04T10:29:55.851424+00:00,e770b2906eb9fc70,CSM001xTSM001-2026-09-03-CDNA-BUY-024,CDNA,buy,,4000.0,SUBMISSION_BLOCKED_ALP003,DRY_RUN,INTENT_ONLY,
2026-09-04T10:29:55.851424+00:00,4d5ea7726fd95302,CSM001xTSM001-2026-09-03-CENX-BUY-025,CENX,buy,,4000.0,SUBMISSION_BLOCKED_ALP003,DRY_RUN,INTENT_ONLY,
2026-09-04T10:32:51.684395+00:00,5a5fba7a004dec53,CSM001xTSM001-2026-09-03-AAOI-BUY-001,AAOI,buy,,4000.0,SUBMISSION_BLOCKED_ALP003,DRY_RUN,INTENT_ONLY,
2026-09-04T10:32:51.685423+00:00,c26e6f8abd4bc56e,CSM001xTSM001-2026-09-03-ACMR-BUY-002,ACMR,buy,,4000.0,SUBMISSION_BLOCKED_ALP003,DRY_RUN,INTENT_ONLY,
2026-09-04T10:32:51.685423+00:00,ac0b40ece59eead7,CSM001xTSM001-2026-09-03-ACRS-BUY-003,ACRS,buy,,4000.0,SUBMISSION_BLOCKED_ALP003,DRY_RUN,INTENT_ONLY,
2026-09-04T10:32:51.685423+00:00,97f2064337bf5bb9,CSM001xTSM001-2026-09-03-ADEA-BUY-004,ADEA,buy,,4000.0,SUBMISSION_BLOCKED_ALP003,DRY_RUN,INTENT_ONLY,
2026-09-04T10:32:51.686395+00:00,6ffd290dfd1bfacc,CSM001xTSM001-2026-09-03-AEIS-BUY-005,AEIS,buy,,4000.0,SUBMISSION_BLOCKED_ALP003,DRY_RUN,INTENT_ONLY,
2026-09-04T10:32:51.686395+00:00,38d1aac702cb179a,CSM001xTSM001-2026-09-03-AMAT-BUY-006,AMAT,buy,,4000.0,SUBMISSION_BLOCKED_ALP003,DRY_RUN,INTENT_ONLY,
2026-09-04T10:32:51.687415+00:00,317fbaf7f1fc489e,CSM001xTSM001-2026-09-03-AMD-BUY-007,AMD,buy,,4000.0,SUBMISSION_BLOCKED_ALP003,DRY_RUN,INTENT_ONLY,
2026-09-04T10:32:51.687415+00:00,d7dc364786ac7c7d,CSM001xTSM001-2026-09-03-AMKR-BUY-008,AMKR,buy,,4000.0,SUBMISSION_BLOCKED_ALP003,DRY_RUN,INTENT_ONLY,
2026-09-04T10:32:51.687415+00:00,6b03abb21ad5a8b4,CSM001xTSM001-2026-09-03-ANAB-BUY-009,ANAB,buy,,4000.0,SUBMISSION_BLOCKED_ALP003,DRY_RUN,INTENT_ONLY,
2026-09-04T10:32:51.688396+00:00,f4d397874b49c8b0,CSM001xTSM001-2026-09-03-ANIK-BUY-010,ANIK,buy,,4000.0,SUBMISSION_BLOCKED_ALP003,DRY_RUN,INTENT_ONLY,
2026-09-04T10:32:51.688396+00:00,ba3a27e11048de6c,CSM001xTSM001-2026-09-03-ANNX-BUY-011,ANNX,buy,,4000.0,SUBMISSION_BLOCKED_ALP003,DRY_RUN,INTENT_ONLY,
2026-09-04T10:32:51.689414+00:00,df0c4dc7ebba29a5,CSM001xTSM001-2026-09-03-APPS-BUY-012,APPS,buy,,4000.0,SUBMISSION_BLOCKED_ALP003,DRY_RUN,INTENT_ONLY,
2026-09-04T10:32:51.689414+00:00,f1b9faf405af5203,CSM001xTSM001-2026-09-03-ARCB-BUY-013,ARCB,buy,,4000.0,SUBMISSION_BLOCKED_ALP003,DRY_RUN,INTENT_ONLY,
2026-09-04T10:32:51.689414+00:00,a0f8f961e5157800,CSM001xTSM001-2026-09-03-ARWR-BUY-014,ARWR,buy,,4000.0,SUBMISSION_BLOCKED_ALP003,DRY_RUN,INTENT_ONLY,
2026-09-04T10:32:51.690396+00:00,36187a2c56dc950b,CSM001xTSM001-2026-09-03-ASML-BUY-015,ASML,buy,,4000.0,SUBMISSION_BLOCKED_ALP003,DRY_RUN,INTENT_ONLY,
2026-09-04T10:32:51.690396+00:00,32d2f5b782ad07da,CSM001xTSM001-2026-09-03-ATEX-BUY-016,ATEX,buy,,4000.0,SUBMISSION_BLOCKED_ALP003,DRY_RUN,INTENT_ONLY,
2026-09-04T10:32:51.691396+00:00,7957b9f15eb44dd5,CSM001xTSM001-2026-09-03-ATRO-BUY-017,ATRO,buy,,4000.0,SUBMISSION_BLOCKED_ALP003,DRY_RUN,INTENT_ONLY,
2026-09-04T10:32:51.691396+00:00,40a07df4a4dddc4d,CSM001xTSM001-2026-09-03-AXGN-BUY-018,AXGN,buy,,4000.0,SUBMISSION_BLOCKED_ALP003,DRY_RUN,INTENT_ONLY,
2026-09-04T10:32:51.691396+00:00,71bf9b5846c059ba,CSM001xTSM001-2026-09-03-AXTI-BUY-019,AXTI,buy,,4000.0,SUBMISSION_BLOCKED_ALP003,DRY_RUN,INTENT_ONLY,
2026-09-04T10:32:51.692395+00:00,23abdffc504fed3c,CSM001xTSM001-2026-09-03-BAND-BUY-020,BAND,buy,,4000.0,SUBMISSION_BLOCKED_ALP003,DRY_RUN,INTENT_ONLY,
2026-09-04T10:32:51.692395+00:00,bfc16fc4758b1ee9,CSM001xTSM001-2026-09-03-BELFB-BUY-021,BELFB,buy,,4000.0,SUBMISSION_BLOCKED_ALP003,DRY_RUN,INTENT_ONLY,
2026-09-04T10:32:51.692395+00:00,c1b082c0018f401a,CSM001xTSM001-2026-09-03-BJRI-BUY-022,BJRI,buy,,4000.0,SUBMISSION_BLOCKED_ALP003,DRY_RUN,INTENT_ONLY,
2026-09-04T10:32:51.693396+00:00,0305504f89feaa45,CSM001xTSM001-2026-09-03-CALY-BUY-023,CALY,buy,,4000.0,SUBMISSION_BLOCKED_ALP003,DRY_RUN,INTENT_ONLY,
2026-09-04T10:32:51.693396+00:00,e770b2906eb9fc70,CSM001xTSM001-2026-09-03-CDNA-BUY-024,CDNA,buy,,4000.0,SUBMISSION_BLOCKED_ALP003,DRY_RUN,INTENT_ONLY,
2026-09-04T10:32:51.693396+00:00,4d5ea7726fd95302,CSM001xTSM001-2026-09-03-CENX-BUY-025,CENX,buy,,4000.0,SUBMISSION_BLOCKED_ALP003,DRY_RUN,INTENT_ONLY,
2026-09-04T10:38:18.543645+00:00,eb129b065ec07896,CSM001xTSM001-2026-08-31-AAOI-BUY-001,AAOI,buy,,4000.0,SUBMISSION_BLOCKED_ALP003,DRY_RUN,INTENT_ONLY,
2026-09-04T10:38:18.543645+00:00,22ed8784b60e8573,CSM001xTSM001-2026-08-31-ACMR-BUY-002,ACMR,buy,,4000.0,SUBMISSION_BLOCKED_ALP003,DRY_RUN,INTENT_ONLY,
2026-09-04T10:38:18.544628+00:00,ad6afc31b8f790f6,CSM001xTSM001-2026-08-31-ACRS-BUY-003,ACRS,buy,,4000.0,SUBMISSION_BLOCKED_ALP003,DRY_RUN,INTENT_ONLY,
2026-09-04T10:38:18.544628+00:00,d9172b4eb306b9ac,CSM001xTSM001-2026-08-31-AMAT-BUY-004,AMAT,buy,,4000.0,SUBMISSION_BLOCKED_ALP003,DRY_RUN,INTENT_ONLY,
2026-09-04T10:38:18.544628+00:00,51448413fd88f3c2,CSM001xTSM001-2026-08-31-AMD-BUY-005,AMD,buy,,4000.0,SUBMISSION_BLOCKED_ALP003,DRY_RUN,INTENT_ONLY,
2026-09-04T10:38:18.545612+00:00,62c2a24588e6a09b,CSM001xTSM001-2026-08-31-AMKR-BUY-006,AMKR,buy,,4000.0,SUBMISSION_BLOCKED_ALP003,DRY_RUN,INTENT_ONLY,
2026-09-04T10:38:18.545612+00:00,7ad7698466c5e5d9,CSM001xTSM001-2026-08-31-AMRX-BUY-007,AMRX,buy,,4000.0,SUBMISSION_BLOCKED_ALP003,DRY_RUN,INTENT_ONLY,
2026-09-04T10:38:18.546611+00:00,0424f47458074df1,CSM001xTSM001-2026-08-31-ANAB-BUY-008,ANAB,buy,,4000.0,SUBMISSION_BLOCKED_ALP003,DRY_RUN,INTENT_ONLY,
2026-09-04T10:38:18.546611+00:00,84bed2b2677009ff,CSM001xTSM001-2026-08-31-ANIK-BUY-009,ANIK,buy,,4000.0,SUBMISSION_BLOCKED_ALP003,DRY_RUN,INTENT_ONLY,
2026-09-04T10:38:18.546611+00:00,3519c090602c13b7,CSM001xTSM001-2026-08-31-ANNX-BUY-010,ANNX,buy,,4000.0,SUBMISSION_BLOCKED_ALP003,DRY_RUN,INTENT_ONLY,
2026-09-04T10:38:18.547623+00:00,9a8c2904c0343ef8,CSM001xTSM001-2026-08-31-APPS-BUY-011,APPS,buy,,4000.0,SUBMISSION_BLOCKED_ALP003,DRY_RUN,INTENT_ONLY,
2026-09-04T10:38:18.547623+00:00,51fa8c35e3adb4fe,CSM001xTSM001-2026-08-31-ARCB-BUY-012,ARCB,buy,,4000.0,SUBMISSION_BLOCKED_ALP003,DRY_RUN,INTENT_ONLY,
2026-09-04T10:38:18.548639+00:00,940dad139ac62557,CSM001xTSM001-2026-08-31-ARWR-BUY-013,ARWR,buy,,4000.0,SUBMISSION_BLOCKED_ALP003,DRY_RUN,INTENT_ONLY,
2026-09-04T10:38:18.548639+00:00,c9a10a9b22c86b4b,CSM001xTSM001-2026-08-31-ASML-BUY-014,ASML,buy,,4000.0,SUBMISSION_BLOCKED_ALP003,DRY_RUN,INTENT_ONLY,
2026-09-04T10:38:18.549625+00:00,d5a660c11f4560f2,CSM001xTSM001-2026-08-31-ATEX-BUY-015,ATEX,buy,,4000.0,SUBMISSION_BLOCKED_ALP003,DRY_RUN,INTENT_ONLY,
2026-09-04T10:38:18.549625+00:00,115e84e866acf92d,CSM001xTSM001-2026-08-31-ATRO-BUY-016,ATRO,buy,,4000.0,SUBMISSION_BLOCKED_ALP003,DRY_RUN,INTENT_ONLY,
2026-09-04T10:38:18.549625+00:00,4714b07172428a2c,CSM001xTSM001-2026-08-31-AXGN-BUY-017,AXGN,buy,,4000.0,SUBMISSION_BLOCKED_ALP003,DRY_RUN,INTENT_ONLY,
2026-09-04T10:38:18.550616+00:00,28775575068a2771,CSM001xTSM001-2026-08-31-AXTI-BUY-018,AXTI,buy,,4000.0,SUBMISSION_BLOCKED_ALP003,DRY_RUN,INTENT_ONLY,
2026-09-04T10:38:18.550616+00:00,abc1be5288fe4395,CSM001xTSM001-2026-08-31-BAND-BUY-019,BAND,buy,,4000.0,SUBMISSION_BLOCKED_ALP003,DRY_RUN,INTENT_ONLY,
2026-09-04T10:38:18.551613+00:00,c5631f3be7b68ddb,CSM001xTSM001-2026-08-31-BELFB-BUY-020,BELFB,buy,,4000.0,SUBMISSION_BLOCKED_ALP003,DRY_RUN,INTENT_ONLY,
2026-09-04T10:38:18.551613+00:00,be0359109ad088b9,CSM001xTSM001-2026-08-31-BJRI-BUY-021,BJRI,buy,,4000.0,SUBMISSION_BLOCKED_ALP003,DRY_RUN,INTENT_ONLY,
2026-09-04T10:38:18.551613+00:00,641056fbca0fbb08,CSM001xTSM001-2026-08-31-BRKR-BUY-022,BRKR,buy,,4000.0,SUBMISSION_BLOCKED_ALP003,DRY_RUN,INTENT_ONLY,
2026-09-04T10:38:18.551613+00:00,b1bd3a307b7bc03d,CSM001xTSM001-2026-08-31-CALY-BUY-023,CALY,buy,,4000.0,SUBMISSION_BLOCKED_ALP003,DRY_RUN,INTENT_ONLY,
2026-09-04T10:38:18.552613+00:00,b9d82ff673827948,CSM001xTSM001-2026-08-31-CDNA-BUY-024,CDNA,buy,,4000.0,SUBMISSION_BLOCKED_ALP003,DRY_RUN,INTENT_ONLY,
2026-09-04T10:38:18.552613+00:00,999b52ef565f5764,CSM001xTSM001-2026-08-31-CENX-BUY-025,CENX,buy,,4000.0,SUBMISSION_BLOCKED_ALP003,DRY_RUN,INTENT_ONLY,
2026-09-04T10:41:09.449951+00:00,eb129b065ec07896,CSM001xTSM001-2026-08-31-AAOI-BUY-001,AAOI,buy,,4000.0,SUBMISSION_BLOCKED_ALP003,DRY_RUN,INTENT_ONLY,
2026-09-04T10:41:09.449951+00:00,22ed8784b60e8573,CSM001xTSM001-2026-08-31-ACMR-BUY-002,ACMR,buy,,4000.0,SUBMISSION_BLOCKED_ALP003,DRY_RUN,INTENT_ONLY,
2026-09-04T10:41:09.449951+00:00,ad6afc31b8f790f6,CSM001xTSM001-2026-08-31-ACRS-BUY-003,ACRS,buy,,4000.0,SUBMISSION_BLOCKED_ALP003,DRY_RUN,INTENT_ONLY,
2026-09-04T10:41:09.450917+00:00,d9172b4eb306b9ac,CSM001xTSM001-2026-08-31-AMAT-BUY-004,AMAT,buy,,4000.0,SUBMISSION_BLOCKED_ALP003,DRY_RUN,INTENT_ONLY,
2026-09-04T10:41:09.450917+00:00,51448413fd88f3c2,CSM001xTSM001-2026-08-31-AMD-BUY-005,AMD,buy,,4000.0,SUBMISSION_BLOCKED_ALP003,DRY_RUN,INTENT_ONLY,
2026-09-04T10:41:09.451937+00:00,62c2a24588e6a09b,CSM001xTSM001-2026-08-31-AMKR-BUY-006,AMKR,buy,,4000.0,SUBMISSION_BLOCKED_ALP003,DRY_RUN,INTENT_ONLY,
2026-09-04T10:41:09.451937+00:00,7ad7698466c5e5d9,CSM001xTSM001-2026-08-31-AMRX-BUY-007,AMRX,buy,,4000.0,SUBMISSION_BLOCKED_ALP003,DRY_RUN,INTENT_ONLY,
2026-09-04T10:41:09.451937+00:00,0424f47458074df1,CSM001xTSM001-2026-08-31-ANAB-BUY-008,ANAB,buy,,4000.0,SUBMISSION_BLOCKED_ALP003,DRY_RUN,INTENT_ONLY,
2026-09-04T10:41:09.452916+00:00,84bed2b2677009ff,CSM001xTSM001-2026-08-31-ANIK-BUY-009,ANIK,buy,,4000.0,SUBMISSION_BLOCKED_ALP003,DRY_RUN,INTENT_ONLY,
2026-09-04T10:41:09.452916+00:00,3519c090602c13b7,CSM001xTSM001-2026-08-31-ANNX-BUY-010,ANNX,buy,,4000.0,SUBMISSION_BLOCKED_ALP003,DRY_RUN,INTENT_ONLY,
2026-09-04T10:41:09.452916+00:00,9a8c2904c0343ef8,CSM001xTSM001-2026-08-31-APPS-BUY-011,APPS,buy,,4000.0,SUBMISSION_BLOCKED_ALP003,DRY_RUN,INTENT_ONLY,
2026-09-04T10:41:09.453916+00:00,51fa8c35e3adb4fe,CSM001xTSM001-2026-08-31-ARCB-BUY-012,ARCB,buy,,4000.0,SUBMISSION_BLOCKED_ALP003,DRY_RUN,INTENT_ONLY,
2026-09-04T10:41:09.453916+00:00,940dad139ac62557,CSM001xTSM001-2026-08-31-ARWR-BUY-013,ARWR,buy,,4000.0,SUBMISSION_BLOCKED_ALP003,DRY_RUN,INTENT_ONLY,
2026-09-04T10:41:09.454916+00:00,c9a10a9b22c86b4b,CSM001xTSM001-2026-08-31-ASML-BUY-014,ASML,buy,,4000.0,SUBMISSION_BLOCKED_ALP003,DRY_RUN,INTENT_ONLY,
2026-09-04T10:41:09.454916+00:00,d5a660c11f4560f2,CSM001xTSM001-2026-08-31-ATEX-BUY-015,ATEX,buy,,4000.0,SUBMISSION_BLOCKED_ALP003,DRY_RUN,INTENT_ONLY,
2026-09-04T10:41:09.454916+00:00,115e84e866acf92d,CSM001xTSM001-2026-08-31-ATRO-BUY-016,ATRO,buy,,4000.0,SUBMISSION_BLOCKED_ALP003,DRY_RUN,INTENT_ONLY,
2026-09-04T10:41:09.455914+00:00,4714b07172428a2c,CSM001xTSM001-2026-08-31-AXGN-BUY-017,AXGN,buy,,4000.0,SUBMISSION_BLOCKED_ALP003,DRY_RUN,INTENT_ONLY,
2026-09-04T10:41:09.455914+00:00,28775575068a2771,CSM001xTSM001-2026-08-31-AXTI-BUY-018,AXTI,buy,,4000.0,SUBMISSION_BLOCKED_ALP003,DRY_RUN,INTENT_ONLY,
2026-09-04T10:41:09.455914+00:00,abc1be5288fe4395,CSM001xTSM001-2026-08-31-BAND-BUY-019,BAND,buy,,4000.0,SUBMISSION_BLOCKED_ALP003,DRY_RUN,INTENT_ONLY,
2026-09-04T10:41:09.456920+00:00,c5631f3be7b68ddb,CSM001xTSM001-2026-08-31-BELFB-BUY-020,BELFB,buy,,4000.0,SUBMISSION_BLOCKED_ALP003,DRY_RUN,INTENT_ONLY,
2026-09-04T10:41:09.456920+00:00,be0359109ad088b9,CSM001xTSM001-2026-08-31-BJRI-BUY-021,BJRI,buy,,4000.0,SUBMISSION_BLOCKED_ALP003,DRY_RUN,INTENT_ONLY,
2026-09-04T10:41:09.456920+00:00,641056fbca0fbb08,CSM001xTSM001-2026-08-31-BRKR-BUY-022,BRKR,buy,,4000.0,SUBMISSION_BLOCKED_ALP003,DRY_RUN,INTENT_ONLY,
2026-09-04T10:41:09.457915+00:00,b1bd3a307b7bc03d,CSM001xTSM001-2026-08-31-CALY-BUY-023,CALY,buy,,4000.0,SUBMISSION_BLOCKED_ALP003,DRY_RUN,INTENT_ONLY,
2026-09-04T10:41:09.457915+00:00,b9d82ff673827948,CSM001xTSM001-2026-08-31-CDNA-BUY-024,CDNA,buy,,4000.0,SUBMISSION_BLOCKED_ALP003,DRY_RUN,INTENT_ONLY,
2026-09-04T10:41:09.457915+00:00,999b52ef565f5764,CSM001xTSM001-2026-08-31-CENX-BUY-025,CENX,buy,,4000.0,SUBMISSION_BLOCKED_ALP003,DRY_RUN,INTENT_ONLY,
2026-09-04T10:43:42.439495+00:00,eb129b065ec07896,CSM001xTSM001-2026-08-31-AAOI-BUY-001,AAOI,buy,,4000.0,SUBMISSION_BLOCKED_ALP003,DRY_RUN,INTENT_ONLY,
2026-09-04T10:43:42.439495+00:00,22ed8784b60e8573,CSM001xTSM001-2026-08-31-ACMR-BUY-002,ACMR,buy,,4000.0,SUBMISSION_BLOCKED_ALP003,DRY_RUN,INTENT_ONLY,
2026-09-04T10:43:42.440480+00:00,ad6afc31b8f790f6,CSM001xTSM001-2026-08-31-ACRS-BUY-003,ACRS,buy,,4000.0,SUBMISSION_BLOCKED_ALP003,DRY_RUN,INTENT_ONLY,
2026-09-04T10:43:42.440480+00:00,d9172b4eb306b9ac,CSM001xTSM001-2026-08-31-AMAT-BUY-004,AMAT,buy,,4000.0,SUBMISSION_BLOCKED_ALP003,DRY_RUN,INTENT_ONLY,
2026-09-04T10:43:42.440480+00:00,51448413fd88f3c2,CSM001xTSM001-2026-08-31-AMD-BUY-005,AMD,buy,,4000.0,SUBMISSION_BLOCKED_ALP003,DRY_RUN,INTENT_ONLY,
2026-09-04T10:43:42.441482+00:00,62c2a24588e6a09b,CSM001xTSM001-2026-08-31-AMKR-BUY-006,AMKR,buy,,4000.0,SUBMISSION_BLOCKED_ALP003,DRY_RUN,INTENT_ONLY,
2026-09-04T10:43:42.441482+00:00,7ad7698466c5e5d9,CSM001xTSM001-2026-08-31-AMRX-BUY-007,AMRX,buy,,4000.0,SUBMISSION_BLOCKED_ALP003,DRY_RUN,INTENT_ONLY,
2026-09-04T10:43:42.442478+00:00,0424f47458074df1,CSM001xTSM001-2026-08-31-ANAB-BUY-008,ANAB,buy,,4000.0,SUBMISSION_BLOCKED_ALP003,DRY_RUN,INTENT_ONLY,
2026-09-04T10:43:42.442478+00:00,84bed2b2677009ff,CSM001xTSM001-2026-08-31-ANIK-BUY-009,ANIK,buy,,4000.0,SUBMISSION_BLOCKED_ALP003,DRY_RUN,INTENT_ONLY,
2026-09-04T10:43:42.443494+00:00,3519c090602c13b7,CSM001xTSM001-2026-08-31-ANNX-BUY-010,ANNX,buy,,4000.0,SUBMISSION_BLOCKED_ALP003,DRY_RUN,INTENT_ONLY,
2026-09-04T10:43:42.443494+00:00,9a8c2904c0343ef8,CSM001xTSM001-2026-08-31-APPS-BUY-011,APPS,buy,,4000.0,SUBMISSION_BLOCKED_ALP003,DRY_RUN,INTENT_ONLY,
2026-09-04T10:43:42.443494+00:00,51fa8c35e3adb4fe,CSM001xTSM001-2026-08-31-ARCB-BUY-012,ARCB,buy,,4000.0,SUBMISSION_BLOCKED_ALP003,DRY_RUN,INTENT_ONLY,
2026-09-04T10:43:42.444479+00:00,940dad139ac62557,CSM001xTSM001-2026-08-31-ARWR-BUY-013,ARWR,buy,,4000.0,SUBMISSION_BLOCKED_ALP003,DRY_RUN,INTENT_ONLY,
2026-09-04T10:43:42.444479+00:00,c9a10a9b22c86b4b,CSM001xTSM001-2026-08-31-ASML-BUY-014,ASML,buy,,4000.0,SUBMISSION_BLOCKED_ALP003,DRY_RUN,INTENT_ONLY,
2026-09-04T10:43:42.445533+00:00,d5a660c11f4560f2,CSM001xTSM001-2026-08-31-ATEX-BUY-015,ATEX,buy,,4000.0,SUBMISSION_BLOCKED_ALP003,DRY_RUN,INTENT_ONLY,
2026-09-04T10:43:42.445533+00:00,115e84e866acf92d,CSM001xTSM001-2026-08-31-ATRO-BUY-016,ATRO,buy,,4000.0,SUBMISSION_BLOCKED_ALP003,DRY_RUN,INTENT_ONLY,
2026-09-04T10:43:42.446477+00:00,4714b07172428a2c,CSM001xTSM001-2026-08-31-AXGN-BUY-017,AXGN,buy,,4000.0,SUBMISSION_BLOCKED_ALP003,DRY_RUN,INTENT_ONLY,
2026-09-04T10:43:42.446477+00:00,28775575068a2771,CSM001xTSM001-2026-08-31-AXTI-BUY-018,AXTI,buy,,4000.0,SUBMISSION_BLOCKED_ALP003,DRY_RUN,INTENT_ONLY,
2026-09-04T10:43:42.446477+00:00,abc1be5288fe4395,CSM001xTSM001-2026-08-31-BAND-BUY-019,BAND,buy,,4000.0,SUBMISSION_BLOCKED_ALP003,DRY_RUN,INTENT_ONLY,
2026-09-04T10:43:42.447483+00:00,c5631f3be7b68ddb,CSM001xTSM001-2026-08-31-BELFB-BUY-020,BELFB,buy,,4000.0,SUBMISSION_BLOCKED_ALP003,DRY_RUN,INTENT_ONLY,
2026-09-04T10:43:42.447483+00:00,be0359109ad088b9,CSM001xTSM001-2026-08-31-BJRI-BUY-021,BJRI,buy,,4000.0,SUBMISSION_BLOCKED_ALP003,DRY_RUN,INTENT_ONLY,
2026-09-04T10:43:42.447483+00:00,641056fbca0fbb08,CSM001xTSM001-2026-08-31-BRKR-BUY-022,BRKR,buy,,4000.0,SUBMISSION_BLOCKED_ALP003,DRY_RUN,INTENT_ONLY,
2026-09-04T10:43:42.448483+00:00,b1bd3a307b7bc03d,CSM001xTSM001-2026-08-31-CALY-BUY-023,CALY,buy,,4000.0,SUBMISSION_BLOCKED_ALP003,DRY_RUN,INTENT_ONLY,
2026-09-04T10:43:42.448483+00:00,b9d82ff673827948,CSM001xTSM001-2026-08-31-CDNA-BUY-024,CDNA,buy,,4000.0,SUBMISSION_BLOCKED_ALP003,DRY_RUN,INTENT_ONLY,
2026-09-04T10:43:42.449483+00:00,999b52ef565f5764,CSM001xTSM001-2026-08-31-CENX-BUY-025,CENX,buy,,4000.0,SUBMISSION_BLOCKED_ALP003,DRY_RUN,INTENT_ONLY,
2026-09-04T10:46:21.501775+00:00,839d0bd3c5c3d973,CSM001xTSM001-2026-07-31-AAOI-BUY-001,AAOI,buy,,4000.0,SUBMISSION_BLOCKED_ALP003,DRY_RUN,INTENT_ONLY,
2026-09-04T10:46:21.501775+00:00,c869564217d260ed,CSM001xTSM001-2026-07-31-ACLS-BUY-002,ACLS,buy,,4000.0,SUBMISSION_BLOCKED_ALP003,DRY_RUN,INTENT_ONLY,
2026-09-04T10:46:21.502754+00:00,46f3ff5dce3d54ba,CSM001xTSM001-2026-07-31-ACMR-BUY-003,ACMR,buy,,4000.0,SUBMISSION_BLOCKED_ALP003,DRY_RUN,INTENT_ONLY,
2026-09-04T10:46:21.502754+00:00,ed0ceb94bb61afdd,CSM001xTSM001-2026-07-31-ACRS-BUY-004,ACRS,buy,,4000.0,SUBMISSION_BLOCKED_ALP003,DRY_RUN,INTENT_ONLY,
2026-09-04T10:46:21.502754+00:00,c208241a7ef00a33,CSM001xTSM001-2026-07-31-ADEA-BUY-005,ADEA,buy,,4000.0,SUBMISSION_BLOCKED_ALP003,DRY_RUN,INTENT_ONLY,
2026-09-04T10:46:21.503739+00:00,4c04c9906fe8d3f8,CSM001xTSM001-2026-07-31-ADPT-BUY-006,ADPT,buy,,4000.0,SUBMISSION_BLOCKED_ALP003,DRY_RUN,INTENT_ONLY,
2026-09-04T10:46:21.503739+00:00,66014d3aea67322e,CSM001xTSM001-2026-07-31-AEIS-BUY-007,AEIS,buy,,4000.0,SUBMISSION_BLOCKED_ALP003,DRY_RUN,INTENT_ONLY,
2026-09-04T10:46:21.504753+00:00,4147a06213242c35,CSM001xTSM001-2026-07-31-ALGT-BUY-008,ALGT,buy,,4000.0,SUBMISSION_BLOCKED_ALP003,DRY_RUN,INTENT_ONLY,
2026-09-04T10:46:21.504753+00:00,609175faed33e0bb,CSM001xTSM001-2026-07-31-ALXO-BUY-009,ALXO,buy,,4000.0,SUBMISSION_BLOCKED_ALP003,DRY_RUN,INTENT_ONLY,
2026-09-04T10:46:21.504753+00:00,e5871e5d616d9fe1,CSM001xTSM001-2026-07-31-AMAT-BUY-010,AMAT,buy,,4000.0,SUBMISSION_BLOCKED_ALP003,DRY_RUN,INTENT_ONLY,
2026-09-04T10:46:21.505743+00:00,a4109d646823c292,CSM001xTSM001-2026-07-31-AMD-BUY-011,AMD,buy,,4000.0,SUBMISSION_BLOCKED_ALP003,DRY_RUN,INTENT_ONLY,
2026-09-04T10:46:21.505743+00:00,2bd2aeabaf673573,CSM001xTSM001-2026-07-31-AMKR-BUY-012,AMKR,buy,,4000.0,SUBMISSION_BLOCKED_ALP003,DRY_RUN,INTENT_ONLY,
2026-09-04T10:46:21.505743+00:00,b1c116cd50c4f0d4,CSM001xTSM001-2026-07-31-ANAB-BUY-013,ANAB,buy,,4000.0,SUBMISSION_BLOCKED_ALP003,DRY_RUN,INTENT_ONLY,
2026-09-04T10:46:21.506791+00:00,666e0656deb0cc8e,CSM001xTSM001-2026-07-31-APPS-BUY-014,APPS,buy,,4000.0,SUBMISSION_BLOCKED_ALP003,DRY_RUN,INTENT_ONLY,
2026-09-04T10:46:21.506791+00:00,6aabf1b7f468f64f,CSM001xTSM001-2026-07-31-ARWR-BUY-015,ARWR,buy,,4000.0,SUBMISSION_BLOCKED_ALP003,DRY_RUN,INTENT_ONLY,
2026-09-04T10:46:21.506791+00:00,c373ba28f10c529f,CSM001xTSM001-2026-07-31-ASML-BUY-016,ASML,buy,,4000.0,SUBMISSION_BLOCKED_ALP003,DRY_RUN,INTENT_ONLY,
2026-09-04T10:46:21.507793+00:00,527e49afe1f1951f,CSM001xTSM001-2026-07-31-ATEX-BUY-017,ATEX,buy,,4000.0,SUBMISSION_BLOCKED_ALP003,DRY_RUN,INTENT_ONLY,
2026-09-04T10:46:21.507793+00:00,57825cf9909cd4e6,CSM001xTSM001-2026-07-31-ATRO-BUY-018,ATRO,buy,,4000.0,SUBMISSION_BLOCKED_ALP003,DRY_RUN,INTENT_ONLY,
2026-09-04T10:46:21.507793+00:00,0a88dc6a37af6990,CSM001xTSM001-2026-07-31-AXGN-BUY-019,AXGN,buy,,4000.0,SUBMISSION_BLOCKED_ALP003,DRY_RUN,INTENT_ONLY,
2026-09-04T10:46:21.508791+00:00,d0ae1d980769bbe4,CSM001xTSM001-2026-07-31-AXSM-BUY-020,AXSM,buy,,4000.0,SUBMISSION_BLOCKED_ALP003,DRY_RUN,INTENT_ONLY,
2026-09-04T10:46:21.508791+00:00,2fc37c6161a1ac09,CSM001xTSM001-2026-07-31-AXTI-BUY-021,AXTI,buy,,4000.0,SUBMISSION_BLOCKED_ALP003,DRY_RUN,INTENT_ONLY,
2026-09-04T10:46:21.508791+00:00,ca26a2450a9ad9fe,CSM001xTSM001-2026-07-31-BAND-BUY-022,BAND,buy,,4000.0,SUBMISSION_BLOCKED_ALP003,DRY_RUN,INTENT_ONLY,
2026-09-04T10:46:21.509791+00:00,cce1adff5686aa21,CSM001xTSM001-2026-07-31-BELFB-BUY-023,BELFB,buy,,4000.0,SUBMISSION_BLOCKED_ALP003,DRY_RUN,INTENT_ONLY,
2026-09-04T10:46:21.509791+00:00,f34b2e7ccb42be3b,CSM001xTSM001-2026-07-31-CDNA-BUY-024,CDNA,buy,,4000.0,SUBMISSION_BLOCKED_ALP003,DRY_RUN,INTENT_ONLY,
2026-09-04T10:46:21.509791+00:00,64c6b70306036845,CSM001xTSM001-2026-07-31-CERS-BUY-025,CERS,buy,,4000.0,SUBMISSION_BLOCKED_ALP003,DRY_RUN,INTENT_ONLY,
2026-09-04T10:48:49.756167+00:00,839d0bd3c5c3d973,CSM001xTSM001-2026-07-31-AAOI-BUY-001,AAOI,buy,,4000.0,SUBMISSION_BLOCKED_ALP003,DRY_RUN,INTENT_ONLY,
2026-09-04T10:48:49.756167+00:00,c869564217d260ed,CSM001xTSM001-2026-07-31-ACLS-BUY-002,ACLS,buy,,4000.0,SUBMISSION_BLOCKED_ALP003,DRY_RUN,INTENT_ONLY,
2026-09-04T10:48:49.757672+00:00,46f3ff5dce3d54ba,CSM001xTSM001-2026-07-31-ACMR-BUY-003,ACMR,buy,,4000.0,SUBMISSION_BLOCKED_ALP003,DRY_RUN,INTENT_ONLY,
2026-09-04T10:48:49.757672+00:00,ed0ceb94bb61afdd,CSM001xTSM001-2026-07-31-ACRS-BUY-004,ACRS,buy,,4000.0,SUBMISSION_BLOCKED_ALP003,DRY_RUN,INTENT_ONLY,
2026-09-04T10:48:49.758679+00:00,c208241a7ef00a33,CSM001xTSM001-2026-07-31-ADEA-BUY-005,ADEA,buy,,4000.0,SUBMISSION_BLOCKED_ALP003,DRY_RUN,INTENT_ONLY,
2026-09-04T10:48:49.758679+00:00,4c04c9906fe8d3f8,CSM001xTSM001-2026-07-31-ADPT-BUY-006,ADPT,buy,,4000.0,SUBMISSION_BLOCKED_ALP003,DRY_RUN,INTENT_ONLY,
2026-09-04T10:48:49.758679+00:00,66014d3aea67322e,CSM001xTSM001-2026-07-31-AEIS-BUY-007,AEIS,buy,,4000.0,SUBMISSION_BLOCKED_ALP003,DRY_RUN,INTENT_ONLY,
2026-09-04T10:48:49.759679+00:00,4147a06213242c35,CSM001xTSM001-2026-07-31-ALGT-BUY-008,ALGT,buy,,4000.0,SUBMISSION_BLOCKED_ALP003,DRY_RUN,INTENT_ONLY,
2026-09-04T10:48:49.759679+00:00,609175faed33e0bb,CSM001xTSM001-2026-07-31-ALXO-BUY-009,ALXO,buy,,4000.0,SUBMISSION_BLOCKED_ALP003,DRY_RUN,INTENT_ONLY,
2026-09-04T10:48:49.759679+00:00,e5871e5d616d9fe1,CSM001xTSM001-2026-07-31-AMAT-BUY-010,AMAT,buy,,4000.0,SUBMISSION_BLOCKED_ALP003,DRY_RUN,INTENT_ONLY,
2026-09-04T10:48:49.760681+00:00,a4109d646823c292,CSM001xTSM001-2026-07-31-AMD-BUY-011,AMD,buy,,4000.0,SUBMISSION_BLOCKED_ALP003,DRY_RUN,INTENT_ONLY,
2026-09-04T10:48:49.760681+00:00,2bd2aeabaf673573,CSM001xTSM001-2026-07-31-AMKR-BUY-012,AMKR,buy,,4000.0,SUBMISSION_BLOCKED_ALP003,DRY_RUN,INTENT_ONLY,
2026-09-04T10:48:49.760681+00:00,b1c116cd50c4f0d4,CSM001xTSM001-2026-07-31-ANAB-BUY-013,ANAB,buy,,4000.0,SUBMISSION_BLOCKED_ALP003,DRY_RUN,INTENT_ONLY,
2026-09-04T10:48:49.761680+00:00,666e0656deb0cc8e,CSM001xTSM001-2026-07-31-APPS-BUY-014,APPS,buy,,4000.0,SUBMISSION_BLOCKED_ALP003,DRY_RUN,INTENT_ONLY,
2026-09-04T10:48:49.761680+00:00,6aabf1b7f468f64f,CSM001xTSM001-2026-07-31-ARWR-BUY-015,ARWR,buy,,4000.0,SUBMISSION_BLOCKED_ALP003,DRY_RUN,INTENT_ONLY,
2026-09-04T10:48:49.761680+00:00,c373ba28f10c529f,CSM001xTSM001-2026-07-31-ASML-BUY-016,ASML,buy,,4000.0,SUBMISSION_BLOCKED_ALP003,DRY_RUN,INTENT_ONLY,
2026-09-04T10:48:49.762679+00:00,527e49afe1f1951f,CSM001xTSM001-2026-07-31-ATEX-BUY-017,ATEX,buy,,4000.0,SUBMISSION_BLOCKED_ALP003,DRY_RUN,INTENT_ONLY,
2026-09-04T10:48:49.762679+00:00,57825cf9909cd4e6,CSM001xTSM001-2026-07-31-ATRO-BUY-018,ATRO,buy,,4000.0,SUBMISSION_BLOCKED_ALP003,DRY_RUN,INTENT_ONLY,
2026-09-04T10:48:49.762679+00:00,0a88dc6a37af6990,CSM001xTSM001-2026-07-31-AXGN-BUY-019,AXGN,buy,,4000.0,SUBMISSION_BLOCKED_ALP003,DRY_RUN,INTENT_ONLY,
2026-09-04T10:48:49.763679+00:00,d0ae1d980769bbe4,CSM001xTSM001-2026-07-31-AXSM-BUY-020,AXSM,buy,,4000.0,SUBMISSION_BLOCKED_ALP003,DRY_RUN,INTENT_ONLY,
2026-09-04T10:48:49.763679+00:00,2fc37c6161a1ac09,CSM001xTSM001-2026-07-31-AXTI-BUY-021,AXTI,buy,,4000.0,SUBMISSION_BLOCKED_ALP003,DRY_RUN,INTENT_ONLY,
2026-09-04T10:48:49.763679+00:00,ca26a2450a9ad9fe,CSM001xTSM001-2026-07-31-BAND-BUY-022,BAND,buy,,4000.0,SUBMISSION_BLOCKED_ALP003,DRY_RUN,INTENT_ONLY,
2026-09-04T10:48:49.764680+00:00,cce1adff5686aa21,CSM001xTSM001-2026-07-31-BELFB-BUY-023,BELFB,buy,,4000.0,SUBMISSION_BLOCKED_ALP003,DRY_RUN,INTENT_ONLY,
2026-09-04T10:48:49.764680+00:00,f34b2e7ccb42be3b,CSM001xTSM001-2026-07-31-CDNA-BUY-024,CDNA,buy,,4000.0,SUBMISSION_BLOCKED_ALP003,DRY_RUN,INTENT_ONLY,
2026-09-04T10:48:49.764680+00:00,64c6b70306036845,CSM001xTSM001-2026-07-31-CERS-BUY-025,CERS,buy,,4000.0,SUBMISSION_BLOCKED_ALP003,DRY_RUN,INTENT_ONLY,
2026-09-04T10:51:16.995728+00:00,839d0bd3c5c3d973,CSM001xTSM001-2026-07-31-AAOI-BUY-001,AAOI,buy,,4000.0,SUBMISSION_BLOCKED_ALP003,DRY_RUN,INTENT_ONLY,
2026-09-04T10:51:16.995728+00:00,c869564217d260ed,CSM001xTSM001-2026-07-31-ACLS-BUY-002,ACLS,buy,,4000.0,SUBMISSION_BLOCKED_ALP003,DRY_RUN,INTENT_ONLY,
2026-09-04T10:51:16.995728+00:00,46f3ff5dce3d54ba,CSM001xTSM001-2026-07-31-ACMR-BUY-003,ACMR,buy,,4000.0,SUBMISSION_BLOCKED_ALP003,DRY_RUN,INTENT_ONLY,
2026-09-04T10:51:16.995728+00:00,ed0ceb94bb61afdd,CSM001xTSM001-2026-07-31-ACRS-BUY-004,ACRS,buy,,4000.0,SUBMISSION_BLOCKED_ALP003,DRY_RUN,INTENT_ONLY,
2026-09-04T10:51:16.996901+00:00,c208241a7ef00a33,CSM001xTSM001-2026-07-31-ADEA-BUY-005,ADEA,buy,,4000.0,SUBMISSION_BLOCKED_ALP003,DRY_RUN,INTENT_ONLY,
2026-09-04T10:51:16.996901+00:00,4c04c9906fe8d3f8,CSM001xTSM001-2026-07-31-ADPT-BUY-006,ADPT,buy,,4000.0,SUBMISSION_BLOCKED_ALP003,DRY_RUN,INTENT_ONLY,
2026-09-04T10:51:16.997880+00:00,66014d3aea67322e,CSM001xTSM001-2026-07-31-AEIS-BUY-007,AEIS,buy,,4000.0,SUBMISSION_BLOCKED_ALP003,DRY_RUN,INTENT_ONLY,
2026-09-04T10:51:16.997880+00:00,4147a06213242c35,CSM001xTSM001-2026-07-31-ALGT-BUY-008,ALGT,buy,,4000.0,SUBMISSION_BLOCKED_ALP003,DRY_RUN,INTENT_ONLY,
2026-09-04T10:51:16.997880+00:00,609175faed33e0bb,CSM001xTSM001-2026-07-31-ALXO-BUY-009,ALXO,buy,,4000.0,SUBMISSION_BLOCKED_ALP003,DRY_RUN,INTENT_ONLY,
2026-09-04T10:51:16.997880+00:00,e5871e5d616d9fe1,CSM001xTSM001-2026-07-31-AMAT-BUY-010,AMAT,buy,,4000.0,SUBMISSION_BLOCKED_ALP003,DRY_RUN,INTENT_ONLY,
2026-09-04T10:51:16.999393+00:00,a4109d646823c292,CSM001xTSM001-2026-07-31-AMD-BUY-011,AMD,buy,,4000.0,SUBMISSION_BLOCKED_ALP003,DRY_RUN,INTENT_ONLY,
2026-09-04T10:51:16.999393+00:00,2bd2aeabaf673573,CSM001xTSM001-2026-07-31-AMKR-BUY-012,AMKR,buy,,4000.0,SUBMISSION_BLOCKED_ALP003,DRY_RUN,INTENT_ONLY,
2026-09-04T10:51:16.999393+00:00,b1c116cd50c4f0d4,CSM001xTSM001-2026-07-31-ANAB-BUY-013,ANAB,buy,,4000.0,SUBMISSION_BLOCKED_ALP003,DRY_RUN,INTENT_ONLY,
2026-09-04T10:51:17.000399+00:00,666e0656deb0cc8e,CSM001xTSM001-2026-07-31-APPS-BUY-014,APPS,buy,,4000.0,SUBMISSION_BLOCKED_ALP003,DRY_RUN,INTENT_ONLY,
2026-09-04T10:51:17.000399+00:00,6aabf1b7f468f64f,CSM001xTSM001-2026-07-31-ARWR-BUY-015,ARWR,buy,,4000.0,SUBMISSION_BLOCKED_ALP003,DRY_RUN,INTENT_ONLY,
2026-09-04T10:51:17.001403+00:00,c373ba28f10c529f,CSM001xTSM001-2026-07-31-ASML-BUY-016,ASML,buy,,4000.0,SUBMISSION_BLOCKED_ALP003,DRY_RUN,INTENT_ONLY,
2026-09-04T10:51:17.001403+00:00,527e49afe1f1951f,CSM001xTSM001-2026-07-31-ATEX-BUY-017,ATEX,buy,,4000.0,SUBMISSION_BLOCKED_ALP003,DRY_RUN,INTENT_ONLY,
2026-09-04T10:51:17.001403+00:00,57825cf9909cd4e6,CSM001xTSM001-2026-07-31-ATRO-BUY-018,ATRO,buy,,4000.0,SUBMISSION_BLOCKED_ALP003,DRY_RUN,INTENT_ONLY,
2026-09-04T10:51:17.001403+00:00,0a88dc6a37af6990,CSM001xTSM001-2026-07-31-AXGN-BUY-019,AXGN,buy,,4000.0,SUBMISSION_BLOCKED_ALP003,DRY_RUN,INTENT_ONLY,
2026-09-04T10:51:17.002418+00:00,d0ae1d980769bbe4,CSM001xTSM001-2026-07-31-AXSM-BUY-020,AXSM,buy,,4000.0,SUBMISSION_BLOCKED_ALP003,DRY_RUN,INTENT_ONLY,
2026-09-04T10:51:17.002418+00:00,2fc37c6161a1ac09,CSM001xTSM001-2026-07-31-AXTI-BUY-021,AXTI,buy,,4000.0,SUBMISSION_BLOCKED_ALP003,DRY_RUN,INTENT_ONLY,
2026-09-04T10:51:17.002418+00:00,ca26a2450a9ad9fe,CSM001xTSM001-2026-07-31-BAND-BUY-022,BAND,buy,,4000.0,SUBMISSION_BLOCKED_ALP003,DRY_RUN,INTENT_ONLY,
2026-09-04T10:51:17.003405+00:00,cce1adff5686aa21,CSM001xTSM001-2026-07-31-BELFB-BUY-023,BELFB,buy,,4000.0,SUBMISSION_BLOCKED_ALP003,DRY_RUN,INTENT_ONLY,
2026-09-04T10:51:17.003405+00:00,f34b2e7ccb42be3b,CSM001xTSM001-2026-07-31-CDNA-BUY-024,CDNA,buy,,4000.0,SUBMISSION_BLOCKED_ALP003,DRY_RUN,INTENT_ONLY,
2026-09-04T10:51:17.004454+00:00,64c6b70306036845,CSM001xTSM001-2026-07-31-CERS-BUY-025,CERS,buy,,4000.0,SUBMISSION_BLOCKED_ALP003,DRY_RUN,INTENT_ONLY,
