candidate_universe_id,selection_order,symbol
RRV002_FREE_US_EQUITY_250,1,AAL
RRV002_FREE_US_EQUITY_250,2,AAON
RRV002_FREE_US_EQUITY_250,3,AAPL
RRV002_FREE_US_EQUITY_250,4,ABCB
RRV002_FREE_US_EQUITY_250,5,ABCL
RRV002_FREE_US_EQUITY_250,6,ABNB
RRV002_FREE_US_EQUITY_250,7,ABUS
RRV002_FREE_US_EQUITY_250,8,ACGL
RRV002_FREE_US_EQUITY_250,9,ACHC
RRV002_FREE_US_EQUITY_250,10,ACIW
RRV002_FREE_US_EQUITY_250,11,ACLS
RRV002_FREE_US_EQUITY_250,12,ACMR
RRV002_FREE_US_EQUITY_250,13,ACRS
RRV002_FREE_US_EQUITY_250,14,ADBE
RRV002_FREE_US_EQUITY_250,15,ADEA
RRV002_FREE_US_EQUITY_250,16,ADI
RRV002_FREE_US_EQUITY_250,17,ADMA
RRV002_FREE_US_EQUITY_250,18,ADP
RRV002_FREE_US_EQUITY_250,19,ADPT
RRV002_FREE_US_EQUITY_250,20,ADSK
RRV002_FREE_US_EQUITY_250,21,ADTN
RRV002_FREE_US_EQUITY_250,22,ADV
RRV002_FREE_US_EQUITY_250,23,AEIS
RRV002_FREE_US_EQUITY_250,24,AEP
RRV002_FREE_US_EQUITY_250,25,AGEN
RRV002_FREE_US_EQUITY_250,26,AGIO
RRV002_FREE_US_EQUITY_250,27,AGNC
RRV002_FREE_US_EQUITY_250,28,AGNT
RRV002_FREE_US_EQUITY_250,29,AHCO
RRV002_FREE_US_EQUITY_250,30,AKAM
RRV002_FREE_US_EQUITY_250,31,AKBA
RRV002_FREE_US_EQUITY_250,32,ALDX
RRV002_FREE_US_EQUITY_250,33,ALEC
RRV002_FREE_US_EQUITY_250,34,ALGM
RRV002_FREE_US_EQUITY_250,35,ALGN
RRV002_FREE_US_EQUITY_250,36,ALGT
RRV002_FREE_US_EQUITY_250,37,ALKS
RRV002_FREE_US_EQUITY_250,38,ALLO
RRV002_FREE_US_EQUITY_250,39,ALRM
RRV002_FREE_US_EQUITY_250,40,ALT
RRV002_FREE_US_EQUITY_250,41,AMAT
RRV002_FREE_US_EQUITY_250,42,AMBA
RRV002_FREE_US_EQUITY_250,43,AMCX
RRV002_FREE_US_EQUITY_250,44,AMD
RRV002_FREE_US_EQUITY_250,45,AMGN
RRV002_FREE_US_EQUITY_250,46,AMKR
RRV002_FREE_US_EQUITY_250,47,AMPH
RRV002_FREE_US_EQUITY_250,48,AMSC
RRV002_FREE_US_EQUITY_250,49,AMTX
RRV002_FREE_US_EQUITY_250,50,AMZN
RRV002_FREE_US_EQUITY_250,51,ANAB
RRV002_FREE_US_EQUITY_250,52,ANDE
RRV002_FREE_US_EQUITY_250,53,ANGI
RRV002_FREE_US_EQUITY_250,54,ANGO
RRV002_FREE_US_EQUITY_250,55,ANNX
RRV002_FREE_US_EQUITY_250,56,APA
RRV002_FREE_US_EQUITY_250,57,APOG
RRV002_FREE_US_EQUITY_250,58,APPF
RRV002_FREE_US_EQUITY_250,59,APPN
RRV002_FREE_US_EQUITY_250,60,APPS
RRV002_FREE_US_EQUITY_250,61,ARAY
RRV002_FREE_US_EQUITY_250,62,ARCB
RRV002_FREE_US_EQUITY_250,63,ARCC
RRV002_FREE_US_EQUITY_250,64,ARCT
RRV002_FREE_US_EQUITY_250,65,ARKO
RRV002_FREE_US_EQUITY_250,66,ARQT
RRV002_FREE_US_EQUITY_250,67,ARRY
RRV002_FREE_US_EQUITY_250,68,ARVN
RRV002_FREE_US_EQUITY_250,69,ARWR
RRV002_FREE_US_EQUITY_250,70,ASML
RRV002_FREE_US_EQUITY_250,71,ASND
RRV002_FREE_US_EQUITY_250,72,ASO
RRV002_FREE_US_EQUITY_250,73,ASTE
RRV002_FREE_US_EQUITY_250,74,ASTH
RRV002_FREE_US_EQUITY_250,75,ATEC
RRV002_FREE_US_EQUITY_250,76,ATEX
RRV002_FREE_US_EQUITY_250,77,ATOM
RRV002_FREE_US_EQUITY_250,78,ATRC
RRV002_FREE_US_EQUITY_250,79,AUB
RRV002_FREE_US_EQUITY_250,80,AUPH
RRV002_FREE_US_EQUITY_250,81,AVAV
RRV002_FREE_US_EQUITY_250,82,AVGO
RRV002_FREE_US_EQUITY_250,83,AVO
RRV002_FREE_US_EQUITY_250,84,AVPT
RRV002_FREE_US_EQUITY_250,85,AVT
RRV002_FREE_US_EQUITY_250,86,AVXL
RRV002_FREE_US_EQUITY_250,87,AXGN
RRV002_FREE_US_EQUITY_250,88,AXON
RRV002_FREE_US_EQUITY_250,89,AXSM
RRV002_FREE_US_EQUITY_250,90,AZTA
RRV002_FREE_US_EQUITY_250,91,BAND
RRV002_FREE_US_EQUITY_250,92,BANR
RRV002_FREE_US_EQUITY_250,93,BBBY
RRV002_FREE_US_EQUITY_250,94,BBIO
RRV002_FREE_US_EQUITY_250,95,BCRX
RRV002_FREE_US_EQUITY_250,96,BEAM
RRV002_FREE_US_EQUITY_250,97,BGC
RRV002_FREE_US_EQUITY_250,98,BHF
RRV002_FREE_US_EQUITY_250,99,BJRI
RRV002_FREE_US_EQUITY_250,100,BKNG
RRV002_FREE_US_EQUITY_250,101,BL
RRV002_FREE_US_EQUITY_250,102,BLDP
RRV002_FREE_US_EQUITY_250,103,BLFS
RRV002_FREE_US_EQUITY_250,104,BLKB
RRV002_FREE_US_EQUITY_250,105,BLMN
RRV002_FREE_US_EQUITY_250,106,BLNK
RRV002_FREE_US_EQUITY_250,107,BMRN
RRV002_FREE_US_EQUITY_250,108,BOKF
RRV002_FREE_US_EQUITY_250,109,BOOM
RRV002_FREE_US_EQUITY_250,110,BPOP
RRV002_FREE_US_EQUITY_250,111,BRKR
RRV002_FREE_US_EQUITY_250,112,BSY
RRV002_FREE_US_EQUITY_250,113,BTG
RRV002_FREE_US_EQUITY_250,114,BWIN
RRV002_FREE_US_EQUITY_250,115,BYND
RRV002_FREE_US_EQUITY_250,116,CAKE
RRV002_FREE_US_EQUITY_250,117,CALM
RRV002_FREE_US_EQUITY_250,118,CAMT
RRV002_FREE_US_EQUITY_250,119,CAR
RRV002_FREE_US_EQUITY_250,120,CARG
RRV002_FREE_US_EQUITY_250,121,CASH
RRV002_FREE_US_EQUITY_250,122,CASY
RRV002_FREE_US_EQUITY_250,123,CATY
RRV002_FREE_US_EQUITY_250,124,CBRL
RRV002_FREE_US_EQUITY_250,125,CBSH
RRV002_FREE_US_EQUITY_250,126,CCCC
RRV002_FREE_US_EQUITY_250,127,CCOI
RRV002_FREE_US_EQUITY_250,128,CDNA
RRV002_FREE_US_EQUITY_250,129,CDNS
RRV002_FREE_US_EQUITY_250,130,CDW
RRV002_FREE_US_EQUITY_250,131,CDXS
RRV002_FREE_US_EQUITY_250,132,CDZI
RRV002_FREE_US_EQUITY_250,133,CELH
RRV002_FREE_US_EQUITY_250,134,CENTA
RRV002_FREE_US_EQUITY_250,135,CENX
RRV002_FREE_US_EQUITY_250,136,CERS
RRV002_FREE_US_EQUITY_250,137,CERT
RRV002_FREE_US_EQUITY_250,138,CEVA
RRV002_FREE_US_EQUITY_250,139,CFFN
RRV002_FREE_US_EQUITY_250,140,CG
RRV002_FREE_US_EQUITY_250,141,CGC
RRV002_FREE_US_EQUITY_250,142,CGNX
RRV002_FREE_US_EQUITY_250,143,CHDN
RRV002_FREE_US_EQUITY_250,144,CHKP
RRV002_FREE_US_EQUITY_250,145,CHRD
RRV002_FREE_US_EQUITY_250,146,CHRS
RRV002_FREE_US_EQUITY_250,147,CHRW
RRV002_FREE_US_EQUITY_250,148,CHTR
RRV002_FREE_US_EQUITY_250,149,CIGI
RRV002_FREE_US_EQUITY_250,150,CINF
RRV002_FREE_US_EQUITY_250,151,CLAR
RRV002_FREE_US_EQUITY_250,152,CLDX
RRV002_FREE_US_EQUITY_250,153,CLNE
RRV002_FREE_US_EQUITY_250,154,CLOV
RRV002_FREE_US_EQUITY_250,155,CMCSA
RRV002_FREE_US_EQUITY_250,156,CME
RRV002_FREE_US_EQUITY_250,157,CMPR
RRV002_FREE_US_EQUITY_250,158,CMPS
RRV002_FREE_US_EQUITY_250,159,CMRC
RRV002_FREE_US_EQUITY_250,160,CMTL
RRV002_FREE_US_EQUITY_250,161,CNDT
RRV002_FREE_US_EQUITY_250,162,CNXC
RRV002_FREE_US_EQUITY_250,163,COHR
RRV002_FREE_US_EQUITY_250,164,COHU
RRV002_FREE_US_EQUITY_250,165,COLB
RRV002_FREE_US_EQUITY_250,166,COLL
RRV002_FREE_US_EQUITY_250,167,COLM
RRV002_FREE_US_EQUITY_250,168,CORT
RRV002_FREE_US_EQUITY_250,169,COST
RRV002_FREE_US_EQUITY_250,170,CPRT
RRV002_FREE_US_EQUITY_250,171,CRMD
RRV002_FREE_US_EQUITY_250,172,CRNC
RRV002_FREE_US_EQUITY_250,173,CRNX
RRV002_FREE_US_EQUITY_250,174,CRON
RRV002_FREE_US_EQUITY_250,175,CROX
RRV002_FREE_US_EQUITY_250,176,CRSR
RRV002_FREE_US_EQUITY_250,177,CRUS
RRV002_FREE_US_EQUITY_250,178,CRWD
RRV002_FREE_US_EQUITY_250,179,CSCO
RRV002_FREE_US_EQUITY_250,180,CSGP
RRV002_FREE_US_EQUITY_250,181,CSIQ
RRV002_FREE_US_EQUITY_250,182,CSTL
RRV002_FREE_US_EQUITY_250,183,CSWC
RRV002_FREE_US_EQUITY_250,184,CSX
RRV002_FREE_US_EQUITY_250,185,CTAS
RRV002_FREE_US_EQUITY_250,186,CTRE
RRV002_FREE_US_EQUITY_250,187,CTSH
RRV002_FREE_US_EQUITY_250,188,CVBF
RRV002_FREE_US_EQUITY_250,189,CVLT
RRV002_FREE_US_EQUITY_250,190,CWST
RRV002_FREE_US_EQUITY_250,191,CYRX
RRV002_FREE_US_EQUITY_250,192,CZR
RRV002_FREE_US_EQUITY_250,193,DAKT
RRV002_FREE_US_EQUITY_250,194,DBX
RRV002_FREE_US_EQUITY_250,195,DCOM
RRV002_FREE_US_EQUITY_250,196,DDOG
RRV002_FREE_US_EQUITY_250,197,DGII
RRV002_FREE_US_EQUITY_250,198,DIOD
RRV002_FREE_US_EQUITY_250,199,DKNG
RRV002_FREE_US_EQUITY_250,200,DLTR
RRV002_FREE_US_EQUITY_250,201,DNLI
RRV002_FREE_US_EQUITY_250,202,DNN
RRV002_FREE_US_EQUITY_250,203,DOCU
RRV002_FREE_US_EQUITY_250,204,DOMO
RRV002_FREE_US_EQUITY_250,205,DOX
RRV002_FREE_US_EQUITY_250,206,DSGX
RRV002_FREE_US_EQUITY_250,207,DXCM
RRV002_FREE_US_EQUITY_250,208,DYN
RRV002_FREE_US_EQUITY_250,209,EBAY
RRV002_FREE_US_EQUITY_250,210,EBC
RRV002_FREE_US_EQUITY_250,211,ECHO
RRV002_FREE_US_EQUITY_250,212,ECPG
RRV002_FREE_US_EQUITY_250,213,EDIT
RRV002_FREE_US_EQUITY_250,214,EFSC
RRV002_FREE_US_EQUITY_250,215,EGBN
RRV002_FREE_US_EQUITY_250,216,EHTH
RRV002_FREE_US_EQUITY_250,217,ENPH
RRV002_FREE_US_EQUITY_250,218,ENSG
RRV002_FREE_US_EQUITY_250,219,ENTA
RRV002_FREE_US_EQUITY_250,220,ENTG
RRV002_FREE_US_EQUITY_250,221,EOLS
RRV002_FREE_US_EQUITY_250,222,EOSE
RRV002_FREE_US_EQUITY_250,223,EQIX
RRV002_FREE_US_EQUITY_250,224,EQX
RRV002_FREE_US_EQUITY_250,225,ERII
RRV002_FREE_US_EQUITY_250,226,ESTA
RRV002_FREE_US_EQUITY_250,227,ETSY
RRV002_FREE_US_EQUITY_250,228,EVER
RRV002_FREE_US_EQUITY_250,229,EWBC
RRV002_FREE_US_EQUITY_250,230,EXC
RRV002_FREE_US_EQUITY_250,231,EXEL
RRV002_FREE_US_EQUITY_250,232,EXLS
RRV002_FREE_US_EQUITY_250,233,EXPD
RRV002_FREE_US_EQUITY_250,234,EXPE
RRV002_FREE_US_EQUITY_250,235,EXPO
RRV002_FREE_US_EQUITY_250,236,EXTR
RRV002_FREE_US_EQUITY_250,237,EYE
RRV002_FREE_US_EQUITY_250,238,EYPT
RRV002_FREE_US_EQUITY_250,239,EZPW
RRV002_FREE_US_EQUITY_250,240,FANG
RRV002_FREE_US_EQUITY_250,241,FAST
RRV002_FREE_US_EQUITY_250,242,FATE
RRV002_FREE_US_EQUITY_250,243,FBNC
RRV002_FREE_US_EQUITY_250,244,FCEL
RRV002_FREE_US_EQUITY_250,245,FCFS
RRV002_FREE_US_EQUITY_250,246,FDMT
RRV002_FREE_US_EQUITY_250,247,FELE
RRV002_FREE_US_EQUITY_250,248,FFBC
RRV002_FREE_US_EQUITY_250,249,FFIN
RRV002_FREE_US_EQUITY_250,250,FFIV
RRV002_FREE_US_EQUITY_500,1,AAL
RRV002_FREE_US_EQUITY_500,2,AAON
RRV002_FREE_US_EQUITY_500,3,AAPL
RRV002_FREE_US_EQUITY_500,4,ABCB
RRV002_FREE_US_EQUITY_500,5,ABCL
RRV002_FREE_US_EQUITY_500,6,ABNB
RRV002_FREE_US_EQUITY_500,7,ABUS
RRV002_FREE_US_EQUITY_500,8,ACGL
RRV002_FREE_US_EQUITY_500,9,ACHC
RRV002_FREE_US_EQUITY_500,10,ACIW
RRV002_FREE_US_EQUITY_500,11,ACLS
RRV002_FREE_US_EQUITY_500,12,ACMR
RRV002_FREE_US_EQUITY_500,13,ACRS
RRV002_FREE_US_EQUITY_500,14,ADBE
RRV002_FREE_US_EQUITY_500,15,ADEA
RRV002_FREE_US_EQUITY_500,16,ADI
RRV002_FREE_US_EQUITY_500,17,ADMA
RRV002_FREE_US_EQUITY_500,18,ADP
RRV002_FREE_US_EQUITY_500,19,ADPT
RRV002_FREE_US_EQUITY_500,20,ADSK
RRV002_FREE_US_EQUITY_500,21,ADTN
RRV002_FREE_US_EQUITY_500,22,ADV
RRV002_FREE_US_EQUITY_500,23,AEIS
RRV002_FREE_US_EQUITY_500,24,AEP
RRV002_FREE_US_EQUITY_500,25,AGEN
RRV002_FREE_US_EQUITY_500,26,AGIO
RRV002_FREE_US_EQUITY_500,27,AGNC
RRV002_FREE_US_EQUITY_500,28,AGNT
RRV002_FREE_US_EQUITY_500,29,AHCO
RRV002_FREE_US_EQUITY_500,30,AKAM
RRV002_FREE_US_EQUITY_500,31,AKBA
RRV002_FREE_US_EQUITY_500,32,ALDX
RRV002_FREE_US_EQUITY_500,33,ALEC
RRV002_FREE_US_EQUITY_500,34,ALGM
RRV002_FREE_US_EQUITY_500,35,ALGN
RRV002_FREE_US_EQUITY_500,36,ALGT
RRV002_FREE_US_EQUITY_500,37,ALKS
RRV002_FREE_US_EQUITY_500,38,ALLO
RRV002_FREE_US_EQUITY_500,39,ALRM
RRV002_FREE_US_EQUITY_500,40,ALT
RRV002_FREE_US_EQUITY_500,41,AMAT
RRV002_FREE_US_EQUITY_500,42,AMBA
RRV002_FREE_US_EQUITY_500,43,AMCX
RRV002_FREE_US_EQUITY_500,44,AMD
RRV002_FREE_US_EQUITY_500,45,AMGN
RRV002_FREE_US_EQUITY_500,46,AMKR
RRV002_FREE_US_EQUITY_500,47,AMPH
RRV002_FREE_US_EQUITY_500,48,AMSC
RRV002_FREE_US_EQUITY_500,49,AMTX
RRV002_FREE_US_EQUITY_500,50,AMZN
RRV002_FREE_US_EQUITY_500,51,ANAB
RRV002_FREE_US_EQUITY_500,52,ANDE
RRV002_FREE_US_EQUITY_500,53,ANGI
RRV002_FREE_US_EQUITY_500,54,ANGO
RRV002_FREE_US_EQUITY_500,55,ANNX
RRV002_FREE_US_EQUITY_500,56,APA
RRV002_FREE_US_EQUITY_500,57,APOG
RRV002_FREE_US_EQUITY_500,58,APPF
RRV002_FREE_US_EQUITY_500,59,APPN
RRV002_FREE_US_EQUITY_500,60,APPS
RRV002_FREE_US_EQUITY_500,61,ARAY
RRV002_FREE_US_EQUITY_500,62,ARCB
RRV002_FREE_US_EQUITY_500,63,ARCC
RRV002_FREE_US_EQUITY_500,64,ARCT
RRV002_FREE_US_EQUITY_500,65,ARKO
RRV002_FREE_US_EQUITY_500,66,ARQT
RRV002_FREE_US_EQUITY_500,67,ARRY
RRV002_FREE_US_EQUITY_500,68,ARVN
RRV002_FREE_US_EQUITY_500,69,ARWR
RRV002_FREE_US_EQUITY_500,70,ASML
RRV002_FREE_US_EQUITY_500,71,ASND
RRV002_FREE_US_EQUITY_500,72,ASO
RRV002_FREE_US_EQUITY_500,73,ASTE
RRV002_FREE_US_EQUITY_500,74,ASTH
RRV002_FREE_US_EQUITY_500,75,ATEC
RRV002_FREE_US_EQUITY_500,76,ATEX
RRV002_FREE_US_EQUITY_500,77,ATOM
RRV002_FREE_US_EQUITY_500,78,ATRC
RRV002_FREE_US_EQUITY_500,79,AUB
RRV002_FREE_US_EQUITY_500,80,AUPH
RRV002_FREE_US_EQUITY_500,81,AVAV
RRV002_FREE_US_EQUITY_500,82,AVGO
RRV002_FREE_US_EQUITY_500,83,AVO
RRV002_FREE_US_EQUITY_500,84,AVPT
RRV002_FREE_US_EQUITY_500,85,AVT
RRV002_FREE_US_EQUITY_500,86,AVXL
RRV002_FREE_US_EQUITY_500,87,AXGN
RRV002_FREE_US_EQUITY_500,88,AXON
RRV002_FREE_US_EQUITY_500,89,AXSM
RRV002_FREE_US_EQUITY_500,90,AZTA
RRV002_FREE_US_EQUITY_500,91,BAND
RRV002_FREE_US_EQUITY_500,92,BANR
RRV002_FREE_US_EQUITY_500,93,BBBY
RRV002_FREE_US_EQUITY_500,94,BBIO
RRV002_FREE_US_EQUITY_500,95,BCRX
RRV002_FREE_US_EQUITY_500,96,BEAM
RRV002_FREE_US_EQUITY_500,97,BGC
RRV002_FREE_US_EQUITY_500,98,BHF
RRV002_FREE_US_EQUITY_500,99,BJRI
RRV002_FREE_US_EQUITY_500,100,BKNG
RRV002_FREE_US_EQUITY_500,101,BL
RRV002_FREE_US_EQUITY_500,102,BLDP
RRV002_FREE_US_EQUITY_500,103,BLFS
RRV002_FREE_US_EQUITY_500,104,BLKB
RRV002_FREE_US_EQUITY_500,105,BLMN
RRV002_FREE_US_EQUITY_500,106,BLNK
RRV002_FREE_US_EQUITY_500,107,BMRN
RRV002_FREE_US_EQUITY_500,108,BOKF
RRV002_FREE_US_EQUITY_500,109,BOOM
RRV002_FREE_US_EQUITY_500,110,BPOP
RRV002_FREE_US_EQUITY_500,111,BRKR
RRV002_FREE_US_EQUITY_500,112,BSY
RRV002_FREE_US_EQUITY_500,113,BTG
RRV002_FREE_US_EQUITY_500,114,BWIN
RRV002_FREE_US_EQUITY_500,115,BYND
RRV002_FREE_US_EQUITY_500,116,CAKE
RRV002_FREE_US_EQUITY_500,117,CALM
RRV002_FREE_US_EQUITY_500,118,CAMT
RRV002_FREE_US_EQUITY_500,119,CAR
RRV002_FREE_US_EQUITY_500,120,CARG
RRV002_FREE_US_EQUITY_500,121,CASH
RRV002_FREE_US_EQUITY_500,122,CASY
RRV002_FREE_US_EQUITY_500,123,CATY
RRV002_FREE_US_EQUITY_500,124,CBRL
RRV002_FREE_US_EQUITY_500,125,CBSH
RRV002_FREE_US_EQUITY_500,126,CCCC
RRV002_FREE_US_EQUITY_500,127,CCOI
RRV002_FREE_US_EQUITY_500,128,CDNA
RRV002_FREE_US_EQUITY_500,129,CDNS
RRV002_FREE_US_EQUITY_500,130,CDW
RRV002_FREE_US_EQUITY_500,131,CDXS
RRV002_FREE_US_EQUITY_500,132,CDZI
RRV002_FREE_US_EQUITY_500,133,CELH
RRV002_FREE_US_EQUITY_500,134,CENTA
RRV002_FREE_US_EQUITY_500,135,CENX
RRV002_FREE_US_EQUITY_500,136,CERS
RRV002_FREE_US_EQUITY_500,137,CERT
RRV002_FREE_US_EQUITY_500,138,CEVA
RRV002_FREE_US_EQUITY_500,139,CFFN
RRV002_FREE_US_EQUITY_500,140,CG
RRV002_FREE_US_EQUITY_500,141,CGC
RRV002_FREE_US_EQUITY_500,142,CGNX
RRV002_FREE_US_EQUITY_500,143,CHDN
RRV002_FREE_US_EQUITY_500,144,CHKP
RRV002_FREE_US_EQUITY_500,145,CHRD
RRV002_FREE_US_EQUITY_500,146,CHRS
RRV002_FREE_US_EQUITY_500,147,CHRW
RRV002_FREE_US_EQUITY_500,148,CHTR
RRV002_FREE_US_EQUITY_500,149,CIGI
RRV002_FREE_US_EQUITY_500,150,CINF
RRV002_FREE_US_EQUITY_500,151,CLAR
RRV002_FREE_US_EQUITY_500,152,CLDX
RRV002_FREE_US_EQUITY_500,153,CLNE
RRV002_FREE_US_EQUITY_500,154,CLOV
RRV002_FREE_US_EQUITY_500,155,CMCSA
RRV002_FREE_US_EQUITY_500,156,CME
RRV002_FREE_US_EQUITY_500,157,CMPR
RRV002_FREE_US_EQUITY_500,158,CMPS
RRV002_FREE_US_EQUITY_500,159,CMRC
RRV002_FREE_US_EQUITY_500,160,CMTL
RRV002_FREE_US_EQUITY_500,161,CNDT
RRV002_FREE_US_EQUITY_500,162,CNXC
RRV002_FREE_US_EQUITY_500,163,COHR
RRV002_FREE_US_EQUITY_500,164,COHU
RRV002_FREE_US_EQUITY_500,165,COLB
RRV002_FREE_US_EQUITY_500,166,COLL
RRV002_FREE_US_EQUITY_500,167,COLM
RRV002_FREE_US_EQUITY_500,168,CORT
RRV002_FREE_US_EQUITY_500,169,COST
RRV002_FREE_US_EQUITY_500,170,CPRT
RRV002_FREE_US_EQUITY_500,171,CRMD
RRV002_FREE_US_EQUITY_500,172,CRNC
RRV002_FREE_US_EQUITY_500,173,CRNX
RRV002_FREE_US_EQUITY_500,174,CRON
RRV002_FREE_US_EQUITY_500,175,CROX
RRV002_FREE_US_EQUITY_500,176,CRSR
RRV002_FREE_US_EQUITY_500,177,CRUS
RRV002_FREE_US_EQUITY_500,178,CRWD
RRV002_FREE_US_EQUITY_500,179,CSCO
RRV002_FREE_US_EQUITY_500,180,CSGP
RRV002_FREE_US_EQUITY_500,181,CSIQ
RRV002_FREE_US_EQUITY_500,182,CSTL
RRV002_FREE_US_EQUITY_500,183,CSWC
RRV002_FREE_US_EQUITY_500,184,CSX
RRV002_FREE_US_EQUITY_500,185,CTAS
RRV002_FREE_US_EQUITY_500,186,CTRE
RRV002_FREE_US_EQUITY_500,187,CTSH
RRV002_FREE_US_EQUITY_500,188,CVBF
RRV002_FREE_US_EQUITY_500,189,CVLT
RRV002_FREE_US_EQUITY_500,190,CWST
RRV002_FREE_US_EQUITY_500,191,CYRX
RRV002_FREE_US_EQUITY_500,192,CZR
RRV002_FREE_US_EQUITY_500,193,DAKT
RRV002_FREE_US_EQUITY_500,194,DBX
RRV002_FREE_US_EQUITY_500,195,DCOM
RRV002_FREE_US_EQUITY_500,196,DDOG
RRV002_FREE_US_EQUITY_500,197,DGII
RRV002_FREE_US_EQUITY_500,198,DIOD
RRV002_FREE_US_EQUITY_500,199,DKNG
RRV002_FREE_US_EQUITY_500,200,DLTR
RRV002_FREE_US_EQUITY_500,201,DNLI
RRV002_FREE_US_EQUITY_500,202,DNN
RRV002_FREE_US_EQUITY_500,203,DOCU
RRV002_FREE_US_EQUITY_500,204,DOMO
RRV002_FREE_US_EQUITY_500,205,DOX
RRV002_FREE_US_EQUITY_500,206,DSGX
RRV002_FREE_US_EQUITY_500,207,DXCM
RRV002_FREE_US_EQUITY_500,208,DYN
RRV002_FREE_US_EQUITY_500,209,EBAY
RRV002_FREE_US_EQUITY_500,210,EBC
RRV002_FREE_US_EQUITY_500,211,ECHO
RRV002_FREE_US_EQUITY_500,212,ECPG
RRV002_FREE_US_EQUITY_500,213,EDIT
RRV002_FREE_US_EQUITY_500,214,EFSC
RRV002_FREE_US_EQUITY_500,215,EGBN
RRV002_FREE_US_EQUITY_500,216,EHTH
RRV002_FREE_US_EQUITY_500,217,ENPH
RRV002_FREE_US_EQUITY_500,218,ENSG
RRV002_FREE_US_EQUITY_500,219,ENTA
RRV002_FREE_US_EQUITY_500,220,ENTG
RRV002_FREE_US_EQUITY_500,221,EOLS
RRV002_FREE_US_EQUITY_500,222,EOSE
RRV002_FREE_US_EQUITY_500,223,EQIX
RRV002_FREE_US_EQUITY_500,224,EQX
RRV002_FREE_US_EQUITY_500,225,ERII
RRV002_FREE_US_EQUITY_500,226,ESTA
RRV002_FREE_US_EQUITY_500,227,ETSY
RRV002_FREE_US_EQUITY_500,228,EVER
RRV002_FREE_US_EQUITY_500,229,EWBC
RRV002_FREE_US_EQUITY_500,230,EXC
RRV002_FREE_US_EQUITY_500,231,EXEL
RRV002_FREE_US_EQUITY_500,232,EXLS
RRV002_FREE_US_EQUITY_500,233,EXPD
RRV002_FREE_US_EQUITY_500,234,EXPE
RRV002_FREE_US_EQUITY_500,235,EXPO
RRV002_FREE_US_EQUITY_500,236,EXTR
RRV002_FREE_US_EQUITY_500,237,EYE
RRV002_FREE_US_EQUITY_500,238,EYPT
RRV002_FREE_US_EQUITY_500,239,EZPW
RRV002_FREE_US_EQUITY_500,240,FANG
RRV002_FREE_US_EQUITY_500,241,FAST
RRV002_FREE_US_EQUITY_500,242,FATE
RRV002_FREE_US_EQUITY_500,243,FBNC
RRV002_FREE_US_EQUITY_500,244,FCEL
RRV002_FREE_US_EQUITY_500,245,FCFS
RRV002_FREE_US_EQUITY_500,246,FDMT
RRV002_FREE_US_EQUITY_500,247,FELE
RRV002_FREE_US_EQUITY_500,248,FFBC
RRV002_FREE_US_EQUITY_500,249,FFIN
RRV002_FREE_US_EQUITY_500,250,FFIV
RRV002_FREE_US_EQUITY_500,251,FHB
RRV002_FREE_US_EQUITY_500,252,FIBK
RRV002_FREE_US_EQUITY_500,253,FISV
RRV002_FREE_US_EQUITY_500,254,FITB
RRV002_FREE_US_EQUITY_500,255,FIVE
RRV002_FREE_US_EQUITY_500,256,FIVN
RRV002_FREE_US_EQUITY_500,257,FIZZ
RRV002_FREE_US_EQUITY_500,258,FLEX
RRV002_FREE_US_EQUITY_500,259,FLGT
RRV002_FREE_US_EQUITY_500,260,FLNA
RRV002_FREE_US_EQUITY_500,261,FLWS
RRV002_FREE_US_EQUITY_500,262,FNKO
RRV002_FREE_US_EQUITY_500,263,FORM
RRV002_FREE_US_EQUITY_500,264,FOX
RRV002_FREE_US_EQUITY_500,265,FOXA
RRV002_FREE_US_EQUITY_500,266,FOXF
RRV002_FREE_US_EQUITY_500,267,FRME
RRV002_FREE_US_EQUITY_500,268,FROG
RRV002_FREE_US_EQUITY_500,269,FRPT
RRV002_FREE_US_EQUITY_500,270,FSLR
RRV002_FREE_US_EQUITY_500,271,FSP
RRV002_FREE_US_EQUITY_500,272,FTDR
RRV002_FREE_US_EQUITY_500,273,FTNT
RRV002_FREE_US_EQUITY_500,274,FULC
RRV002_FREE_US_EQUITY_500,275,FULT
RRV002_FREE_US_EQUITY_500,276,FWONK
RRV002_FREE_US_EQUITY_500,277,FWRD
RRV002_FREE_US_EQUITY_500,278,GBDC
RRV002_FREE_US_EQUITY_500,279,GCMG
RRV002_FREE_US_EQUITY_500,280,GDRX
RRV002_FREE_US_EQUITY_500,281,GDYN
RRV002_FREE_US_EQUITY_500,282,GEN
RRV002_FREE_US_EQUITY_500,283,GEVO
RRV002_FREE_US_EQUITY_500,284,GIII
RRV002_FREE_US_EQUITY_500,285,GILD
RRV002_FREE_US_EQUITY_500,286,GLNG
RRV002_FREE_US_EQUITY_500,287,GLPI
RRV002_FREE_US_EQUITY_500,288,GNTX
RRV002_FREE_US_EQUITY_500,289,GO
RRV002_FREE_US_EQUITY_500,290,GOGO
RRV002_FREE_US_EQUITY_500,291,GOLD
RRV002_FREE_US_EQUITY_500,292,GOOG
RRV002_FREE_US_EQUITY_500,293,GOOGL
RRV002_FREE_US_EQUITY_500,294,GOSS
RRV002_FREE_US_EQUITY_500,295,GPRE
RRV002_FREE_US_EQUITY_500,296,GPRO
RRV002_FREE_US_EQUITY_500,297,GRAB
RRV002_FREE_US_EQUITY_500,298,GRPN
RRV002_FREE_US_EQUITY_500,299,GRWG
RRV002_FREE_US_EQUITY_500,300,GSAT
RRV002_FREE_US_EQUITY_500,301,GSHD
RRV002_FREE_US_EQUITY_500,302,GSM
RRV002_FREE_US_EQUITY_500,303,GT
RRV002_FREE_US_EQUITY_500,304,GTM
RRV002_FREE_US_EQUITY_500,305,HAIN
RRV002_FREE_US_EQUITY_500,306,HALO
RRV002_FREE_US_EQUITY_500,307,HAS
RRV002_FREE_US_EQUITY_500,308,HBAN
RRV002_FREE_US_EQUITY_500,309,HCAT
RRV002_FREE_US_EQUITY_500,310,HCSG
RRV002_FREE_US_EQUITY_500,311,HDSN
RRV002_FREE_US_EQUITY_500,312,HELE
RRV002_FREE_US_EQUITY_500,313,HLIT
RRV002_FREE_US_EQUITY_500,314,HLMN
RRV002_FREE_US_EQUITY_500,315,HLNE
RRV002_FREE_US_EQUITY_500,316,HOPE
RRV002_FREE_US_EQUITY_500,317,HQY
RRV002_FREE_US_EQUITY_500,318,HRMY
RRV002_FREE_US_EQUITY_500,319,HSIC
RRV002_FREE_US_EQUITY_500,320,HST
RRV002_FREE_US_EQUITY_500,321,HTLD
RRV002_FREE_US_EQUITY_500,322,HUBG
RRV002_FREE_US_EQUITY_500,323,HWC
RRV002_FREE_US_EQUITY_500,324,IART
RRV002_FREE_US_EQUITY_500,325,IBKR
RRV002_FREE_US_EQUITY_500,326,IBOC
RRV002_FREE_US_EQUITY_500,327,IBRX
RRV002_FREE_US_EQUITY_500,328,ICHR
RRV002_FREE_US_EQUITY_500,329,ICLR
RRV002_FREE_US_EQUITY_500,330,ICUI
RRV002_FREE_US_EQUITY_500,331,IDCC
RRV002_FREE_US_EQUITY_500,332,IDXX
RRV002_FREE_US_EQUITY_500,333,IDYA
RRV002_FREE_US_EQUITY_500,334,IEP
RRV002_FREE_US_EQUITY_500,335,IHRT
RRV002_FREE_US_EQUITY_500,336,IIIV
RRV002_FREE_US_EQUITY_500,337,ILMN
RRV002_FREE_US_EQUITY_500,338,IMMR
RRV002_FREE_US_EQUITY_500,339,IMO
RRV002_FREE_US_EQUITY_500,340,IMTX
RRV002_FREE_US_EQUITY_500,341,IMVT
RRV002_FREE_US_EQUITY_500,342,IMXI
RRV002_FREE_US_EQUITY_500,343,INCY
RRV002_FREE_US_EQUITY_500,344,INDB
RRV002_FREE_US_EQUITY_500,345,INDI
RRV002_FREE_US_EQUITY_500,346,INGN
RRV002_FREE_US_EQUITY_500,347,INMD
RRV002_FREE_US_EQUITY_500,348,INO
RRV002_FREE_US_EQUITY_500,349,INSM
RRV002_FREE_US_EQUITY_500,350,INTC
RRV002_FREE_US_EQUITY_500,351,INTU
RRV002_FREE_US_EQUITY_500,352,INVZ
RRV002_FREE_US_EQUITY_500,353,IONS
RRV002_FREE_US_EQUITY_500,354,IOVA
RRV002_FREE_US_EQUITY_500,355,IPGP
RRV002_FREE_US_EQUITY_500,356,IRDM
RRV002_FREE_US_EQUITY_500,357,IRTC
RRV002_FREE_US_EQUITY_500,358,IRWD
RRV002_FREE_US_EQUITY_500,359,ISRG
RRV002_FREE_US_EQUITY_500,360,ITRI
RRV002_FREE_US_EQUITY_500,361,JACK
RRV002_FREE_US_EQUITY_500,362,JAZZ
RRV002_FREE_US_EQUITY_500,363,JBHT
RRV002_FREE_US_EQUITY_500,364,JBLU
RRV002_FREE_US_EQUITY_500,365,JKHY
RRV002_FREE_US_EQUITY_500,366,JRVR
RRV002_FREE_US_EQUITY_500,367,KDP
RRV002_FREE_US_EQUITY_500,368,KELYA
RRV002_FREE_US_EQUITY_500,369,KFRC
RRV002_FREE_US_EQUITY_500,370,KHC
RRV002_FREE_US_EQUITY_500,371,KIDS
RRV002_FREE_US_EQUITY_500,372,KLAC
RRV002_FREE_US_EQUITY_500,373,KLIC
RRV002_FREE_US_EQUITY_500,374,KNSA
RRV002_FREE_US_EQUITY_500,375,KNTK
RRV002_FREE_US_EQUITY_500,376,KOD
RRV002_FREE_US_EQUITY_500,377,KRNT
RRV002_FREE_US_EQUITY_500,378,KROS
RRV002_FREE_US_EQUITY_500,379,KRYS
RRV002_FREE_US_EQUITY_500,380,KTOS
RRV002_FREE_US_EQUITY_500,381,KURA
RRV002_FREE_US_EQUITY_500,382,KYMR
RRV002_FREE_US_EQUITY_500,383,LAB
RRV002_FREE_US_EQUITY_500,384,LAMR
RRV002_FREE_US_EQUITY_500,385,LASR
RRV002_FREE_US_EQUITY_500,386,LAUR
RRV002_FREE_US_EQUITY_500,387,LBRDK
RRV002_FREE_US_EQUITY_500,388,LBTYA
RRV002_FREE_US_EQUITY_500,389,LBTYK
RRV002_FREE_US_EQUITY_500,390,LCTX
RRV002_FREE_US_EQUITY_500,391,LECO
RRV002_FREE_US_EQUITY_500,392,LFCR
RRV002_FREE_US_EQUITY_500,393,LGIH
RRV002_FREE_US_EQUITY_500,394,LILAK
RRV002_FREE_US_EQUITY_500,395,LIND
RRV002_FREE_US_EQUITY_500,396,LITE
RRV002_FREE_US_EQUITY_500,397,LIVN
RRV002_FREE_US_EQUITY_500,398,LKQ
RRV002_FREE_US_EQUITY_500,399,LNG
RRV002_FREE_US_EQUITY_500,400,LNT
RRV002_FREE_US_EQUITY_500,401,LNTH
RRV002_FREE_US_EQUITY_500,402,LOB
RRV002_FREE_US_EQUITY_500,403,LOCO
RRV002_FREE_US_EQUITY_500,404,LOGI
RRV002_FREE_US_EQUITY_500,405,LOPE
RRV002_FREE_US_EQUITY_500,406,LOVE
RRV002_FREE_US_EQUITY_500,407,LPLA
RRV002_FREE_US_EQUITY_500,408,LPSN
RRV002_FREE_US_EQUITY_500,409,LRCX
RRV002_FREE_US_EQUITY_500,410,LSCC
RRV002_FREE_US_EQUITY_500,411,LSTR
RRV002_FREE_US_EQUITY_500,412,LULU
RRV002_FREE_US_EQUITY_500,413,LUNG
RRV002_FREE_US_EQUITY_500,414,LYFT
RRV002_FREE_US_EQUITY_500,415,MANH
RRV002_FREE_US_EQUITY_500,416,MAR
RRV002_FREE_US_EQUITY_500,417,MARA
RRV002_FREE_US_EQUITY_500,418,MASS
RRV002_FREE_US_EQUITY_500,419,MAT
RRV002_FREE_US_EQUITY_500,420,MBUU
RRV002_FREE_US_EQUITY_500,421,MCHP
RRV002_FREE_US_EQUITY_500,422,MDB
RRV002_FREE_US_EQUITY_500,423,MDGL
RRV002_FREE_US_EQUITY_500,424,MDLZ
RRV002_FREE_US_EQUITY_500,425,MDXG
RRV002_FREE_US_EQUITY_500,426,MEDP
RRV002_FREE_US_EQUITY_500,427,MELI
RRV002_FREE_US_EQUITY_500,428,MEOH
RRV002_FREE_US_EQUITY_500,429,MERC
RRV002_FREE_US_EQUITY_500,430,META
RRV002_FREE_US_EQUITY_500,431,MGNI
RRV002_FREE_US_EQUITY_500,432,MGNX
RRV002_FREE_US_EQUITY_500,433,MGPI
RRV002_FREE_US_EQUITY_500,434,MGTX
RRV002_FREE_US_EQUITY_500,435,MIDD
RRV002_FREE_US_EQUITY_500,436,MIRM
RRV002_FREE_US_EQUITY_500,437,MITK
RRV002_FREE_US_EQUITY_500,438,MKSI
RRV002_FREE_US_EQUITY_500,439,MKTX
RRV002_FREE_US_EQUITY_500,440,MMSI
RRV002_FREE_US_EQUITY_500,441,MMYT
RRV002_FREE_US_EQUITY_500,442,MNKD
RRV002_FREE_US_EQUITY_500,443,MNRO
RRV002_FREE_US_EQUITY_500,444,MNST
RRV002_FREE_US_EQUITY_500,445,MPWR
RRV002_FREE_US_EQUITY_500,446,MRCY
RRV002_FREE_US_EQUITY_500,447,MRNA
RRV002_FREE_US_EQUITY_500,448,MRTN
RRV002_FREE_US_EQUITY_500,449,MRVI
RRV002_FREE_US_EQUITY_500,450,MRVL
RRV002_FREE_US_EQUITY_500,451,MSFT
RRV002_FREE_US_EQUITY_500,452,MSTR
RRV002_FREE_US_EQUITY_500,453,MTCH
RRV002_FREE_US_EQUITY_500,454,MTSI
RRV002_FREE_US_EQUITY_500,455,MU
RRV002_FREE_US_EQUITY_500,456,MVIS
RRV002_FREE_US_EQUITY_500,457,MVST
RRV002_FREE_US_EQUITY_500,458,MYGN
RRV002_FREE_US_EQUITY_500,459,NAVI
RRV002_FREE_US_EQUITY_500,460,NBIX
RRV002_FREE_US_EQUITY_500,461,NBTB
RRV002_FREE_US_EQUITY_500,462,NCMI
RRV002_FREE_US_EQUITY_500,463,NCNO
RRV002_FREE_US_EQUITY_500,464,NDAQ
RRV002_FREE_US_EQUITY_500,465,NEO
RRV002_FREE_US_EQUITY_500,466,NEOG
RRV002_FREE_US_EQUITY_500,467,NEXT
RRV002_FREE_US_EQUITY_500,468,NFE
RRV002_FREE_US_EQUITY_500,469,NFLX
RRV002_FREE_US_EQUITY_500,470,NG
RRV002_FREE_US_EQUITY_500,471,NKTR
RRV002_FREE_US_EQUITY_500,472,NKTX
RRV002_FREE_US_EQUITY_500,473,NMFC
RRV002_FREE_US_EQUITY_500,474,NMIH
RRV002_FREE_US_EQUITY_500,475,NMRK
RRV002_FREE_US_EQUITY_500,476,NNOX
RRV002_FREE_US_EQUITY_500,477,NRIX
RRV002_FREE_US_EQUITY_500,478,NSIT
RRV002_FREE_US_EQUITY_500,479,NTAP
RRV002_FREE_US_EQUITY_500,480,NTCT
RRV002_FREE_US_EQUITY_500,481,NTGR
RRV002_FREE_US_EQUITY_500,482,NTLA
RRV002_FREE_US_EQUITY_500,483,NTNX
RRV002_FREE_US_EQUITY_500,484,NTRA
RRV002_FREE_US_EQUITY_500,485,NVCR
RRV002_FREE_US_EQUITY_500,486,NVDA
RRV002_FREE_US_EQUITY_500,487,NVMI
RRV002_FREE_US_EQUITY_500,488,NWBI
RRV002_FREE_US_EQUITY_500,489,NWE
RRV002_FREE_US_EQUITY_500,490,NWL
RRV002_FREE_US_EQUITY_500,491,NWS
RRV002_FREE_US_EQUITY_500,492,NWSA
RRV002_FREE_US_EQUITY_500,493,NXPI
RRV002_FREE_US_EQUITY_500,494,NXST
RRV002_FREE_US_EQUITY_500,495,OCFC
RRV002_FREE_US_EQUITY_500,496,OCGN
RRV002_FREE_US_EQUITY_500,497,OCUL
RRV002_FREE_US_EQUITY_500,498,ODFL
RRV002_FREE_US_EQUITY_500,499,OFIX
RRV002_FREE_US_EQUITY_500,500,OKTA
RRV002_FREE_US_EQUITY_1000,1,AAL
RRV002_FREE_US_EQUITY_1000,2,AAON
RRV002_FREE_US_EQUITY_1000,3,AAPL
RRV002_FREE_US_EQUITY_1000,4,ABCB
RRV002_FREE_US_EQUITY_1000,5,ABCL
RRV002_FREE_US_EQUITY_1000,6,ABNB
RRV002_FREE_US_EQUITY_1000,7,ABUS
RRV002_FREE_US_EQUITY_1000,8,ACGL
RRV002_FREE_US_EQUITY_1000,9,ACHC
RRV002_FREE_US_EQUITY_1000,10,ACIW
RRV002_FREE_US_EQUITY_1000,11,ACLS
RRV002_FREE_US_EQUITY_1000,12,ACMR
RRV002_FREE_US_EQUITY_1000,13,ACRS
RRV002_FREE_US_EQUITY_1000,14,ADBE
RRV002_FREE_US_EQUITY_1000,15,ADEA
RRV002_FREE_US_EQUITY_1000,16,ADI
RRV002_FREE_US_EQUITY_1000,17,ADMA
RRV002_FREE_US_EQUITY_1000,18,ADP
RRV002_FREE_US_EQUITY_1000,19,ADPT
RRV002_FREE_US_EQUITY_1000,20,ADSK
RRV002_FREE_US_EQUITY_1000,21,ADTN
RRV002_FREE_US_EQUITY_1000,22,ADV
RRV002_FREE_US_EQUITY_1000,23,AEIS
RRV002_FREE_US_EQUITY_1000,24,AEP
RRV002_FREE_US_EQUITY_1000,25,AGEN
RRV002_FREE_US_EQUITY_1000,26,AGIO
RRV002_FREE_US_EQUITY_1000,27,AGNC
RRV002_FREE_US_EQUITY_1000,28,AGNT
RRV002_FREE_US_EQUITY_1000,29,AHCO
RRV002_FREE_US_EQUITY_1000,30,AKAM
RRV002_FREE_US_EQUITY_1000,31,AKBA
RRV002_FREE_US_EQUITY_1000,32,ALDX
RRV002_FREE_US_EQUITY_1000,33,ALEC
RRV002_FREE_US_EQUITY_1000,34,ALGM
RRV002_FREE_US_EQUITY_1000,35,ALGN
RRV002_FREE_US_EQUITY_1000,36,ALGT
RRV002_FREE_US_EQUITY_1000,37,ALKS
RRV002_FREE_US_EQUITY_1000,38,ALLO
RRV002_FREE_US_EQUITY_1000,39,ALRM
RRV002_FREE_US_EQUITY_1000,40,ALT
RRV002_FREE_US_EQUITY_1000,41,AMAT
RRV002_FREE_US_EQUITY_1000,42,AMBA
RRV002_FREE_US_EQUITY_1000,43,AMCX
RRV002_FREE_US_EQUITY_1000,44,AMD
RRV002_FREE_US_EQUITY_1000,45,AMGN
RRV002_FREE_US_EQUITY_1000,46,AMKR
RRV002_FREE_US_EQUITY_1000,47,AMPH
RRV002_FREE_US_EQUITY_1000,48,AMSC
RRV002_FREE_US_EQUITY_1000,49,AMTX
RRV002_FREE_US_EQUITY_1000,50,AMZN
RRV002_FREE_US_EQUITY_1000,51,ANAB
RRV002_FREE_US_EQUITY_1000,52,ANDE
RRV002_FREE_US_EQUITY_1000,53,ANGI
RRV002_FREE_US_EQUITY_1000,54,ANGO
RRV002_FREE_US_EQUITY_1000,55,ANNX
RRV002_FREE_US_EQUITY_1000,56,APA
RRV002_FREE_US_EQUITY_1000,57,APOG
RRV002_FREE_US_EQUITY_1000,58,APPF
RRV002_FREE_US_EQUITY_1000,59,APPN
RRV002_FREE_US_EQUITY_1000,60,APPS
RRV002_FREE_US_EQUITY_1000,61,ARAY
RRV002_FREE_US_EQUITY_1000,62,ARCB
RRV002_FREE_US_EQUITY_1000,63,ARCC
RRV002_FREE_US_EQUITY_1000,64,ARCT
RRV002_FREE_US_EQUITY_1000,65,ARKO
RRV002_FREE_US_EQUITY_1000,66,ARQT
RRV002_FREE_US_EQUITY_1000,67,ARRY
RRV002_FREE_US_EQUITY_1000,68,ARVN
RRV002_FREE_US_EQUITY_1000,69,ARWR
RRV002_FREE_US_EQUITY_1000,70,ASML
RRV002_FREE_US_EQUITY_1000,71,ASND
RRV002_FREE_US_EQUITY_1000,72,ASO
RRV002_FREE_US_EQUITY_1000,73,ASTE
RRV002_FREE_US_EQUITY_1000,74,ASTH
RRV002_FREE_US_EQUITY_1000,75,ATEC
RRV002_FREE_US_EQUITY_1000,76,ATEX
RRV002_FREE_US_EQUITY_1000,77,ATOM
RRV002_FREE_US_EQUITY_1000,78,ATRC
RRV002_FREE_US_EQUITY_1000,79,AUB
RRV002_FREE_US_EQUITY_1000,80,AUPH
RRV002_FREE_US_EQUITY_1000,81,AVAV
RRV002_FREE_US_EQUITY_1000,82,AVGO
RRV002_FREE_US_EQUITY_1000,83,AVO
RRV002_FREE_US_EQUITY_1000,84,AVPT
RRV002_FREE_US_EQUITY_1000,85,AVT
RRV002_FREE_US_EQUITY_1000,86,AVXL
RRV002_FREE_US_EQUITY_1000,87,AXGN
RRV002_FREE_US_EQUITY_1000,88,AXON
RRV002_FREE_US_EQUITY_1000,89,AXSM
RRV002_FREE_US_EQUITY_1000,90,AZTA
RRV002_FREE_US_EQUITY_1000,91,BAND
RRV002_FREE_US_EQUITY_1000,92,BANR
RRV002_FREE_US_EQUITY_1000,93,BBBY
RRV002_FREE_US_EQUITY_1000,94,BBIO
RRV002_FREE_US_EQUITY_1000,95,BCRX
RRV002_FREE_US_EQUITY_1000,96,BEAM
RRV002_FREE_US_EQUITY_1000,97,BGC
RRV002_FREE_US_EQUITY_1000,98,BHF
RRV002_FREE_US_EQUITY_1000,99,BJRI
RRV002_FREE_US_EQUITY_1000,100,BKNG
RRV002_FREE_US_EQUITY_1000,101,BL
RRV002_FREE_US_EQUITY_1000,102,BLDP
RRV002_FREE_US_EQUITY_1000,103,BLFS
RRV002_FREE_US_EQUITY_1000,104,BLKB
RRV002_FREE_US_EQUITY_1000,105,BLMN
RRV002_FREE_US_EQUITY_1000,106,BLNK
RRV002_FREE_US_EQUITY_1000,107,BMRN
RRV002_FREE_US_EQUITY_1000,108,BOKF
RRV002_FREE_US_EQUITY_1000,109,BOOM
RRV002_FREE_US_EQUITY_1000,110,BPOP
RRV002_FREE_US_EQUITY_1000,111,BRKR
RRV002_FREE_US_EQUITY_1000,112,BSY
RRV002_FREE_US_EQUITY_1000,113,BTG
RRV002_FREE_US_EQUITY_1000,114,BWIN
RRV002_FREE_US_EQUITY_1000,115,BYND
RRV002_FREE_US_EQUITY_1000,116,CAKE
RRV002_FREE_US_EQUITY_1000,117,CALM
RRV002_FREE_US_EQUITY_1000,118,CAMT
RRV002_FREE_US_EQUITY_1000,119,CAR
RRV002_FREE_US_EQUITY_1000,120,CARG
RRV002_FREE_US_EQUITY_1000,121,CASH
RRV002_FREE_US_EQUITY_1000,122,CASY
RRV002_FREE_US_EQUITY_1000,123,CATY
RRV002_FREE_US_EQUITY_1000,124,CBRL
RRV002_FREE_US_EQUITY_1000,125,CBSH
RRV002_FREE_US_EQUITY_1000,126,CCCC
RRV002_FREE_US_EQUITY_1000,127,CCOI
RRV002_FREE_US_EQUITY_1000,128,CDNA
RRV002_FREE_US_EQUITY_1000,129,CDNS
RRV002_FREE_US_EQUITY_1000,130,CDW
RRV002_FREE_US_EQUITY_1000,131,CDXS
RRV002_FREE_US_EQUITY_1000,132,CDZI
RRV002_FREE_US_EQUITY_1000,133,CELH
RRV002_FREE_US_EQUITY_1000,134,CENTA
RRV002_FREE_US_EQUITY_1000,135,CENX
RRV002_FREE_US_EQUITY_1000,136,CERS
RRV002_FREE_US_EQUITY_1000,137,CERT
RRV002_FREE_US_EQUITY_1000,138,CEVA
RRV002_FREE_US_EQUITY_1000,139,CFFN
RRV002_FREE_US_EQUITY_1000,140,CG
RRV002_FREE_US_EQUITY_1000,141,CGC
RRV002_FREE_US_EQUITY_1000,142,CGNX
RRV002_FREE_US_EQUITY_1000,143,CHDN
RRV002_FREE_US_EQUITY_1000,144,CHKP
RRV002_FREE_US_EQUITY_1000,145,CHRD
RRV002_FREE_US_EQUITY_1000,146,CHRS
RRV002_FREE_US_EQUITY_1000,147,CHRW
RRV002_FREE_US_EQUITY_1000,148,CHTR
RRV002_FREE_US_EQUITY_1000,149,CIGI
RRV002_FREE_US_EQUITY_1000,150,CINF
RRV002_FREE_US_EQUITY_1000,151,CLAR
RRV002_FREE_US_EQUITY_1000,152,CLDX
RRV002_FREE_US_EQUITY_1000,153,CLNE
RRV002_FREE_US_EQUITY_1000,154,CLOV
RRV002_FREE_US_EQUITY_1000,155,CMCSA
RRV002_FREE_US_EQUITY_1000,156,CME
RRV002_FREE_US_EQUITY_1000,157,CMPR
RRV002_FREE_US_EQUITY_1000,158,CMPS
RRV002_FREE_US_EQUITY_1000,159,CMRC
RRV002_FREE_US_EQUITY_1000,160,CMTL
RRV002_FREE_US_EQUITY_1000,161,CNDT
RRV002_FREE_US_EQUITY_1000,162,CNXC
RRV002_FREE_US_EQUITY_1000,163,COHR
RRV002_FREE_US_EQUITY_1000,164,COHU
RRV002_FREE_US_EQUITY_1000,165,COLB
RRV002_FREE_US_EQUITY_1000,166,COLL
RRV002_FREE_US_EQUITY_1000,167,COLM
RRV002_FREE_US_EQUITY_1000,168,CORT
RRV002_FREE_US_EQUITY_1000,169,COST
RRV002_FREE_US_EQUITY_1000,170,CPRT
RRV002_FREE_US_EQUITY_1000,171,CRMD
RRV002_FREE_US_EQUITY_1000,172,CRNC
RRV002_FREE_US_EQUITY_1000,173,CRNX
RRV002_FREE_US_EQUITY_1000,174,CRON
RRV002_FREE_US_EQUITY_1000,175,CROX
RRV002_FREE_US_EQUITY_1000,176,CRSR
RRV002_FREE_US_EQUITY_1000,177,CRUS
RRV002_FREE_US_EQUITY_1000,178,CRWD
RRV002_FREE_US_EQUITY_1000,179,CSCO
RRV002_FREE_US_EQUITY_1000,180,CSGP
RRV002_FREE_US_EQUITY_1000,181,CSIQ
RRV002_FREE_US_EQUITY_1000,182,CSTL
RRV002_FREE_US_EQUITY_1000,183,CSWC
RRV002_FREE_US_EQUITY_1000,184,CSX
RRV002_FREE_US_EQUITY_1000,185,CTAS
RRV002_FREE_US_EQUITY_1000,186,CTRE
RRV002_FREE_US_EQUITY_1000,187,CTSH
RRV002_FREE_US_EQUITY_1000,188,CVBF
RRV002_FREE_US_EQUITY_1000,189,CVLT
RRV002_FREE_US_EQUITY_1000,190,CWST
RRV002_FREE_US_EQUITY_1000,191,CYRX
RRV002_FREE_US_EQUITY_1000,192,CZR
RRV002_FREE_US_EQUITY_1000,193,DAKT
RRV002_FREE_US_EQUITY_1000,194,DBX
RRV002_FREE_US_EQUITY_1000,195,DCOM
RRV002_FREE_US_EQUITY_1000,196,DDOG
RRV002_FREE_US_EQUITY_1000,197,DGII
RRV002_FREE_US_EQUITY_1000,198,DIOD
RRV002_FREE_US_EQUITY_1000,199,DKNG
RRV002_FREE_US_EQUITY_1000,200,DLTR
RRV002_FREE_US_EQUITY_1000,201,DNLI
RRV002_FREE_US_EQUITY_1000,202,DNN
RRV002_FREE_US_EQUITY_1000,203,DOCU
RRV002_FREE_US_EQUITY_1000,204,DOMO
RRV002_FREE_US_EQUITY_1000,205,DOX
RRV002_FREE_US_EQUITY_1000,206,DSGX
RRV002_FREE_US_EQUITY_1000,207,DXCM
RRV002_FREE_US_EQUITY_1000,208,DYN
RRV002_FREE_US_EQUITY_1000,209,EBAY
RRV002_FREE_US_EQUITY_1000,210,EBC
RRV002_FREE_US_EQUITY_1000,211,ECHO
RRV002_FREE_US_EQUITY_1000,212,ECPG
RRV002_FREE_US_EQUITY_1000,213,EDIT
RRV002_FREE_US_EQUITY_1000,214,EFSC
RRV002_FREE_US_EQUITY_1000,215,EGBN
RRV002_FREE_US_EQUITY_1000,216,EHTH
RRV002_FREE_US_EQUITY_1000,217,ENPH
RRV002_FREE_US_EQUITY_1000,218,ENSG
RRV002_FREE_US_EQUITY_1000,219,ENTA
RRV002_FREE_US_EQUITY_1000,220,ENTG
RRV002_FREE_US_EQUITY_1000,221,EOLS
RRV002_FREE_US_EQUITY_1000,222,EOSE
RRV002_FREE_US_EQUITY_1000,223,EQIX
RRV002_FREE_US_EQUITY_1000,224,EQX
RRV002_FREE_US_EQUITY_1000,225,ERII
RRV002_FREE_US_EQUITY_1000,226,ESTA
RRV002_FREE_US_EQUITY_1000,227,ETSY
RRV002_FREE_US_EQUITY_1000,228,EVER
RRV002_FREE_US_EQUITY_1000,229,EWBC
RRV002_FREE_US_EQUITY_1000,230,EXC
RRV002_FREE_US_EQUITY_1000,231,EXEL
RRV002_FREE_US_EQUITY_1000,232,EXLS
RRV002_FREE_US_EQUITY_1000,233,EXPD
RRV002_FREE_US_EQUITY_1000,234,EXPE
RRV002_FREE_US_EQUITY_1000,235,EXPO
RRV002_FREE_US_EQUITY_1000,236,EXTR
RRV002_FREE_US_EQUITY_1000,237,EYE
RRV002_FREE_US_EQUITY_1000,238,EYPT
RRV002_FREE_US_EQUITY_1000,239,EZPW
RRV002_FREE_US_EQUITY_1000,240,FANG
RRV002_FREE_US_EQUITY_1000,241,FAST
RRV002_FREE_US_EQUITY_1000,242,FATE
RRV002_FREE_US_EQUITY_1000,243,FBNC
RRV002_FREE_US_EQUITY_1000,244,FCEL
RRV002_FREE_US_EQUITY_1000,245,FCFS
RRV002_FREE_US_EQUITY_1000,246,FDMT
RRV002_FREE_US_EQUITY_1000,247,FELE
RRV002_FREE_US_EQUITY_1000,248,FFBC
RRV002_FREE_US_EQUITY_1000,249,FFIN
RRV002_FREE_US_EQUITY_1000,250,FFIV
RRV002_FREE_US_EQUITY_1000,251,FHB
RRV002_FREE_US_EQUITY_1000,252,FIBK
RRV002_FREE_US_EQUITY_1000,253,FISV
RRV002_FREE_US_EQUITY_1000,254,FITB
RRV002_FREE_US_EQUITY_1000,255,FIVE
RRV002_FREE_US_EQUITY_1000,256,FIVN
RRV002_FREE_US_EQUITY_1000,257,FIZZ
RRV002_FREE_US_EQUITY_1000,258,FLEX
RRV002_FREE_US_EQUITY_1000,259,FLGT
RRV002_FREE_US_EQUITY_1000,260,FLNA
RRV002_FREE_US_EQUITY_1000,261,FLWS
RRV002_FREE_US_EQUITY_1000,262,FNKO
RRV002_FREE_US_EQUITY_1000,263,FORM
RRV002_FREE_US_EQUITY_1000,264,FOX
RRV002_FREE_US_EQUITY_1000,265,FOXA
RRV002_FREE_US_EQUITY_1000,266,FOXF
RRV002_FREE_US_EQUITY_1000,267,FRME
RRV002_FREE_US_EQUITY_1000,268,FROG
RRV002_FREE_US_EQUITY_1000,269,FRPT
RRV002_FREE_US_EQUITY_1000,270,FSLR
RRV002_FREE_US_EQUITY_1000,271,FSP
RRV002_FREE_US_EQUITY_1000,272,FTDR
RRV002_FREE_US_EQUITY_1000,273,FTNT
RRV002_FREE_US_EQUITY_1000,274,FULC
RRV002_FREE_US_EQUITY_1000,275,FULT
RRV002_FREE_US_EQUITY_1000,276,FWONK
RRV002_FREE_US_EQUITY_1000,277,FWRD
RRV002_FREE_US_EQUITY_1000,278,GBDC
RRV002_FREE_US_EQUITY_1000,279,GCMG
RRV002_FREE_US_EQUITY_1000,280,GDRX
RRV002_FREE_US_EQUITY_1000,281,GDYN
RRV002_FREE_US_EQUITY_1000,282,GEN
RRV002_FREE_US_EQUITY_1000,283,GEVO
RRV002_FREE_US_EQUITY_1000,284,GIII
RRV002_FREE_US_EQUITY_1000,285,GILD
RRV002_FREE_US_EQUITY_1000,286,GLNG
RRV002_FREE_US_EQUITY_1000,287,GLPI
RRV002_FREE_US_EQUITY_1000,288,GNTX
RRV002_FREE_US_EQUITY_1000,289,GO
RRV002_FREE_US_EQUITY_1000,290,GOGO
RRV002_FREE_US_EQUITY_1000,291,GOLD
RRV002_FREE_US_EQUITY_1000,292,GOOG
RRV002_FREE_US_EQUITY_1000,293,GOOGL
RRV002_FREE_US_EQUITY_1000,294,GOSS
RRV002_FREE_US_EQUITY_1000,295,GPRE
RRV002_FREE_US_EQUITY_1000,296,GPRO
RRV002_FREE_US_EQUITY_1000,297,GRAB
RRV002_FREE_US_EQUITY_1000,298,GRPN
RRV002_FREE_US_EQUITY_1000,299,GRWG
RRV002_FREE_US_EQUITY_1000,300,GSAT
RRV002_FREE_US_EQUITY_1000,301,GSHD
RRV002_FREE_US_EQUITY_1000,302,GSM
RRV002_FREE_US_EQUITY_1000,303,GT
RRV002_FREE_US_EQUITY_1000,304,GTM
RRV002_FREE_US_EQUITY_1000,305,HAIN
RRV002_FREE_US_EQUITY_1000,306,HALO
RRV002_FREE_US_EQUITY_1000,307,HAS
RRV002_FREE_US_EQUITY_1000,308,HBAN
RRV002_FREE_US_EQUITY_1000,309,HCAT
RRV002_FREE_US_EQUITY_1000,310,HCSG
RRV002_FREE_US_EQUITY_1000,311,HDSN
RRV002_FREE_US_EQUITY_1000,312,HELE
RRV002_FREE_US_EQUITY_1000,313,HLIT
RRV002_FREE_US_EQUITY_1000,314,HLMN
RRV002_FREE_US_EQUITY_1000,315,HLNE
RRV002_FREE_US_EQUITY_1000,316,HOPE
RRV002_FREE_US_EQUITY_1000,317,HQY
RRV002_FREE_US_EQUITY_1000,318,HRMY
RRV002_FREE_US_EQUITY_1000,319,HSIC
RRV002_FREE_US_EQUITY_1000,320,HST
RRV002_FREE_US_EQUITY_1000,321,HTLD
RRV002_FREE_US_EQUITY_1000,322,HUBG
RRV002_FREE_US_EQUITY_1000,323,HWC
RRV002_FREE_US_EQUITY_1000,324,IART
RRV002_FREE_US_EQUITY_1000,325,IBKR
RRV002_FREE_US_EQUITY_1000,326,IBOC
RRV002_FREE_US_EQUITY_1000,327,IBRX
RRV002_FREE_US_EQUITY_1000,328,ICHR
RRV002_FREE_US_EQUITY_1000,329,ICLR
RRV002_FREE_US_EQUITY_1000,330,ICUI
RRV002_FREE_US_EQUITY_1000,331,IDCC
RRV002_FREE_US_EQUITY_1000,332,IDXX
RRV002_FREE_US_EQUITY_1000,333,IDYA
RRV002_FREE_US_EQUITY_1000,334,IEP
RRV002_FREE_US_EQUITY_1000,335,IHRT
RRV002_FREE_US_EQUITY_1000,336,IIIV
RRV002_FREE_US_EQUITY_1000,337,ILMN
RRV002_FREE_US_EQUITY_1000,338,IMMR
RRV002_FREE_US_EQUITY_1000,339,IMO
RRV002_FREE_US_EQUITY_1000,340,IMTX
RRV002_FREE_US_EQUITY_1000,341,IMVT
RRV002_FREE_US_EQUITY_1000,342,IMXI
RRV002_FREE_US_EQUITY_1000,343,INCY
RRV002_FREE_US_EQUITY_1000,344,INDB
RRV002_FREE_US_EQUITY_1000,345,INDI
RRV002_FREE_US_EQUITY_1000,346,INGN
RRV002_FREE_US_EQUITY_1000,347,INMD
RRV002_FREE_US_EQUITY_1000,348,INO
RRV002_FREE_US_EQUITY_1000,349,INSM
RRV002_FREE_US_EQUITY_1000,350,INTC
RRV002_FREE_US_EQUITY_1000,351,INTU
RRV002_FREE_US_EQUITY_1000,352,INVZ
RRV002_FREE_US_EQUITY_1000,353,IONS
RRV002_FREE_US_EQUITY_1000,354,IOVA
RRV002_FREE_US_EQUITY_1000,355,IPGP
RRV002_FREE_US_EQUITY_1000,356,IRDM
RRV002_FREE_US_EQUITY_1000,357,IRTC
RRV002_FREE_US_EQUITY_1000,358,IRWD
RRV002_FREE_US_EQUITY_1000,359,ISRG
RRV002_FREE_US_EQUITY_1000,360,ITRI
RRV002_FREE_US_EQUITY_1000,361,JACK
RRV002_FREE_US_EQUITY_1000,362,JAZZ
RRV002_FREE_US_EQUITY_1000,363,JBHT
RRV002_FREE_US_EQUITY_1000,364,JBLU
RRV002_FREE_US_EQUITY_1000,365,JKHY
RRV002_FREE_US_EQUITY_1000,366,JRVR
RRV002_FREE_US_EQUITY_1000,367,KDP
RRV002_FREE_US_EQUITY_1000,368,KELYA
RRV002_FREE_US_EQUITY_1000,369,KFRC
RRV002_FREE_US_EQUITY_1000,370,KHC
RRV002_FREE_US_EQUITY_1000,371,KIDS
RRV002_FREE_US_EQUITY_1000,372,KLAC
RRV002_FREE_US_EQUITY_1000,373,KLIC
RRV002_FREE_US_EQUITY_1000,374,KNSA
RRV002_FREE_US_EQUITY_1000,375,KNTK
RRV002_FREE_US_EQUITY_1000,376,KOD
RRV002_FREE_US_EQUITY_1000,377,KRNT
RRV002_FREE_US_EQUITY_1000,378,KROS
RRV002_FREE_US_EQUITY_1000,379,KRYS
RRV002_FREE_US_EQUITY_1000,380,KTOS
RRV002_FREE_US_EQUITY_1000,381,KURA
RRV002_FREE_US_EQUITY_1000,382,KYMR
RRV002_FREE_US_EQUITY_1000,383,LAB
RRV002_FREE_US_EQUITY_1000,384,LAMR
RRV002_FREE_US_EQUITY_1000,385,LASR
RRV002_FREE_US_EQUITY_1000,386,LAUR
RRV002_FREE_US_EQUITY_1000,387,LBRDK
RRV002_FREE_US_EQUITY_1000,388,LBTYA
RRV002_FREE_US_EQUITY_1000,389,LBTYK
RRV002_FREE_US_EQUITY_1000,390,LCTX
RRV002_FREE_US_EQUITY_1000,391,LECO
RRV002_FREE_US_EQUITY_1000,392,LFCR
RRV002_FREE_US_EQUITY_1000,393,LGIH
RRV002_FREE_US_EQUITY_1000,394,LILAK
RRV002_FREE_US_EQUITY_1000,395,LIND
RRV002_FREE_US_EQUITY_1000,396,LITE
RRV002_FREE_US_EQUITY_1000,397,LIVN
RRV002_FREE_US_EQUITY_1000,398,LKQ
RRV002_FREE_US_EQUITY_1000,399,LNG
RRV002_FREE_US_EQUITY_1000,400,LNT
RRV002_FREE_US_EQUITY_1000,401,LNTH
RRV002_FREE_US_EQUITY_1000,402,LOB
RRV002_FREE_US_EQUITY_1000,403,LOCO
RRV002_FREE_US_EQUITY_1000,404,LOGI
RRV002_FREE_US_EQUITY_1000,405,LOPE
RRV002_FREE_US_EQUITY_1000,406,LOVE
RRV002_FREE_US_EQUITY_1000,407,LPLA
RRV002_FREE_US_EQUITY_1000,408,LPSN
RRV002_FREE_US_EQUITY_1000,409,LRCX
RRV002_FREE_US_EQUITY_1000,410,LSCC
RRV002_FREE_US_EQUITY_1000,411,LSTR
RRV002_FREE_US_EQUITY_1000,412,LULU
RRV002_FREE_US_EQUITY_1000,413,LUNG
RRV002_FREE_US_EQUITY_1000,414,LYFT
RRV002_FREE_US_EQUITY_1000,415,MANH
RRV002_FREE_US_EQUITY_1000,416,MAR
RRV002_FREE_US_EQUITY_1000,417,MARA
RRV002_FREE_US_EQUITY_1000,418,MASS
RRV002_FREE_US_EQUITY_1000,419,MAT
RRV002_FREE_US_EQUITY_1000,420,MBUU
RRV002_FREE_US_EQUITY_1000,421,MCHP
RRV002_FREE_US_EQUITY_1000,422,MDB
RRV002_FREE_US_EQUITY_1000,423,MDGL
RRV002_FREE_US_EQUITY_1000,424,MDLZ
RRV002_FREE_US_EQUITY_1000,425,MDXG
RRV002_FREE_US_EQUITY_1000,426,MEDP
RRV002_FREE_US_EQUITY_1000,427,MELI
RRV002_FREE_US_EQUITY_1000,428,MEOH
RRV002_FREE_US_EQUITY_1000,429,MERC
RRV002_FREE_US_EQUITY_1000,430,META
RRV002_FREE_US_EQUITY_1000,431,MGNI
RRV002_FREE_US_EQUITY_1000,432,MGNX
RRV002_FREE_US_EQUITY_1000,433,MGPI
RRV002_FREE_US_EQUITY_1000,434,MGTX
RRV002_FREE_US_EQUITY_1000,435,MIDD
RRV002_FREE_US_EQUITY_1000,436,MIRM
RRV002_FREE_US_EQUITY_1000,437,MITK
RRV002_FREE_US_EQUITY_1000,438,MKSI
RRV002_FREE_US_EQUITY_1000,439,MKTX
RRV002_FREE_US_EQUITY_1000,440,MMSI
RRV002_FREE_US_EQUITY_1000,441,MMYT
RRV002_FREE_US_EQUITY_1000,442,MNKD
RRV002_FREE_US_EQUITY_1000,443,MNRO
RRV002_FREE_US_EQUITY_1000,444,MNST
RRV002_FREE_US_EQUITY_1000,445,MPWR
RRV002_FREE_US_EQUITY_1000,446,MRCY
RRV002_FREE_US_EQUITY_1000,447,MRNA
RRV002_FREE_US_EQUITY_1000,448,MRTN
RRV002_FREE_US_EQUITY_1000,449,MRVI
RRV002_FREE_US_EQUITY_1000,450,MRVL
RRV002_FREE_US_EQUITY_1000,451,MSFT
RRV002_FREE_US_EQUITY_1000,452,MSTR
RRV002_FREE_US_EQUITY_1000,453,MTCH
RRV002_FREE_US_EQUITY_1000,454,MTSI
RRV002_FREE_US_EQUITY_1000,455,MU
RRV002_FREE_US_EQUITY_1000,456,MVIS
RRV002_FREE_US_EQUITY_1000,457,MVST
RRV002_FREE_US_EQUITY_1000,458,MYGN
RRV002_FREE_US_EQUITY_1000,459,NAVI
RRV002_FREE_US_EQUITY_1000,460,NBIX
RRV002_FREE_US_EQUITY_1000,461,NBTB
RRV002_FREE_US_EQUITY_1000,462,NCMI
RRV002_FREE_US_EQUITY_1000,463,NCNO
RRV002_FREE_US_EQUITY_1000,464,NDAQ
RRV002_FREE_US_EQUITY_1000,465,NEO
RRV002_FREE_US_EQUITY_1000,466,NEOG
RRV002_FREE_US_EQUITY_1000,467,NEXT
RRV002_FREE_US_EQUITY_1000,468,NFE
RRV002_FREE_US_EQUITY_1000,469,NFLX
RRV002_FREE_US_EQUITY_1000,470,NG
RRV002_FREE_US_EQUITY_1000,471,NKTR
RRV002_FREE_US_EQUITY_1000,472,NKTX
RRV002_FREE_US_EQUITY_1000,473,NMFC
RRV002_FREE_US_EQUITY_1000,474,NMIH
RRV002_FREE_US_EQUITY_1000,475,NMRK
RRV002_FREE_US_EQUITY_1000,476,NNOX
RRV002_FREE_US_EQUITY_1000,477,NRIX
RRV002_FREE_US_EQUITY_1000,478,NSIT
RRV002_FREE_US_EQUITY_1000,479,NTAP
RRV002_FREE_US_EQUITY_1000,480,NTCT
RRV002_FREE_US_EQUITY_1000,481,NTGR
RRV002_FREE_US_EQUITY_1000,482,NTLA
RRV002_FREE_US_EQUITY_1000,483,NTNX
RRV002_FREE_US_EQUITY_1000,484,NTRA
RRV002_FREE_US_EQUITY_1000,485,NVCR
RRV002_FREE_US_EQUITY_1000,486,NVDA
RRV002_FREE_US_EQUITY_1000,487,NVMI
RRV002_FREE_US_EQUITY_1000,488,NWBI
RRV002_FREE_US_EQUITY_1000,489,NWE
RRV002_FREE_US_EQUITY_1000,490,NWL
RRV002_FREE_US_EQUITY_1000,491,NWS
RRV002_FREE_US_EQUITY_1000,492,NWSA
RRV002_FREE_US_EQUITY_1000,493,NXPI
RRV002_FREE_US_EQUITY_1000,494,NXST
RRV002_FREE_US_EQUITY_1000,495,OCFC
RRV002_FREE_US_EQUITY_1000,496,OCGN
RRV002_FREE_US_EQUITY_1000,497,OCUL
RRV002_FREE_US_EQUITY_1000,498,ODFL
RRV002_FREE_US_EQUITY_1000,499,OFIX
RRV002_FREE_US_EQUITY_1000,500,OKTA
RRV002_FREE_US_EQUITY_1000,501,OLED
RRV002_FREE_US_EQUITY_1000,502,OLLI
RRV002_FREE_US_EQUITY_1000,503,OLMA
RRV002_FREE_US_EQUITY_1000,504,OM
RRV002_FREE_US_EQUITY_1000,505,OMCL
RRV002_FREE_US_EQUITY_1000,506,OMER
RRV002_FREE_US_EQUITY_1000,507,ON
RRV002_FREE_US_EQUITY_1000,508,ONB
RRV002_FREE_US_EQUITY_1000,509,ONEW
RRV002_FREE_US_EQUITY_1000,510,OPCH
RRV002_FREE_US_EQUITY_1000,511,OPEN
RRV002_FREE_US_EQUITY_1000,512,OPK
RRV002_FREE_US_EQUITY_1000,513,OPRX
RRV002_FREE_US_EQUITY_1000,514,ORGO
RRV002_FREE_US_EQUITY_1000,515,ORLY
RRV002_FREE_US_EQUITY_1000,516,OSPN
RRV002_FREE_US_EQUITY_1000,517,OSUR
RRV002_FREE_US_EQUITY_1000,518,OSW
RRV002_FREE_US_EQUITY_1000,519,OTEX
RRV002_FREE_US_EQUITY_1000,520,OTLK
RRV002_FREE_US_EQUITY_1000,521,OTTR
RRV002_FREE_US_EQUITY_1000,522,OXLC
RRV002_FREE_US_EQUITY_1000,523,OZK
RRV002_FREE_US_EQUITY_1000,524,PAAS
RRV002_FREE_US_EQUITY_1000,525,PACB
RRV002_FREE_US_EQUITY_1000,526,PAHC
RRV002_FREE_US_EQUITY_1000,527,PAYO
RRV002_FREE_US_EQUITY_1000,528,PAYX
RRV002_FREE_US_EQUITY_1000,529,PCAR
RRV002_FREE_US_EQUITY_1000,530,PCRX
RRV002_FREE_US_EQUITY_1000,531,PCT
RRV002_FREE_US_EQUITY_1000,532,PCTY
RRV002_FREE_US_EQUITY_1000,533,PEGA
RRV002_FREE_US_EQUITY_1000,534,PENG
RRV002_FREE_US_EQUITY_1000,535,PENN
RRV002_FREE_US_EQUITY_1000,536,PEP
RRV002_FREE_US_EQUITY_1000,537,PERI
RRV002_FREE_US_EQUITY_1000,538,PFG
RRV002_FREE_US_EQUITY_1000,539,PGEN
RRV002_FREE_US_EQUITY_1000,540,PGNY
RRV002_FREE_US_EQUITY_1000,541,PHAT
RRV002_FREE_US_EQUITY_1000,542,PI
RRV002_FREE_US_EQUITY_1000,543,PLAB
RRV002_FREE_US_EQUITY_1000,544,PLAY
RRV002_FREE_US_EQUITY_1000,545,PLCE
RRV002_FREE_US_EQUITY_1000,546,PLMR
RRV002_FREE_US_EQUITY_1000,547,PLRX
RRV002_FREE_US_EQUITY_1000,548,PLUG
RRV002_FREE_US_EQUITY_1000,549,PLUS
RRV002_FREE_US_EQUITY_1000,550,PNFP
RRV002_FREE_US_EQUITY_1000,551,PODD
RRV002_FREE_US_EQUITY_1000,552,POOL
RRV002_FREE_US_EQUITY_1000,553,POWW
RRV002_FREE_US_EQUITY_1000,554,PPC
RRV002_FREE_US_EQUITY_1000,555,PPLI
RRV002_FREE_US_EQUITY_1000,556,PR
RRV002_FREE_US_EQUITY_1000,557,PRAA
RRV002_FREE_US_EQUITY_1000,558,PRAX
RRV002_FREE_US_EQUITY_1000,559,PRCH
RRV002_FREE_US_EQUITY_1000,560,PRDO
RRV002_FREE_US_EQUITY_1000,561,PRGS
RRV002_FREE_US_EQUITY_1000,562,PRIM
RRV002_FREE_US_EQUITY_1000,563,PRTA
RRV002_FREE_US_EQUITY_1000,564,PSEC
RRV002_FREE_US_EQUITY_1000,565,PSMT
RRV002_FREE_US_EQUITY_1000,566,PTC
RRV002_FREE_US_EQUITY_1000,567,PTCT
RRV002_FREE_US_EQUITY_1000,568,PTEN
RRV002_FREE_US_EQUITY_1000,569,PTGX
RRV002_FREE_US_EQUITY_1000,570,PTON
RRV002_FREE_US_EQUITY_1000,571,PUBM
RRV002_FREE_US_EQUITY_1000,572,PYPL
RRV002_FREE_US_EQUITY_1000,573,PZZA
RRV002_FREE_US_EQUITY_1000,574,QCOM
RRV002_FREE_US_EQUITY_1000,575,QDEL
RRV002_FREE_US_EQUITY_1000,576,QNST
RRV002_FREE_US_EQUITY_1000,577,QRVO
RRV002_FREE_US_EQUITY_1000,578,QTRX
RRV002_FREE_US_EQUITY_1000,579,QURE
RRV002_FREE_US_EQUITY_1000,580,RARE
RRV002_FREE_US_EQUITY_1000,581,RBBN
RRV002_FREE_US_EQUITY_1000,582,RCEL
RRV002_FREE_US_EQUITY_1000,583,RCKT
RRV002_FREE_US_EQUITY_1000,584,RDNT
RRV002_FREE_US_EQUITY_1000,585,RDWR
RRV002_FREE_US_EQUITY_1000,586,REAL
RRV002_FREE_US_EQUITY_1000,587,REG
RRV002_FREE_US_EQUITY_1000,588,REGN
RRV002_FREE_US_EQUITY_1000,589,REI
RRV002_FREE_US_EQUITY_1000,590,REYN
RRV002_FREE_US_EQUITY_1000,591,RGEN
RRV002_FREE_US_EQUITY_1000,592,RGLD
RRV002_FREE_US_EQUITY_1000,593,RGNX
RRV002_FREE_US_EQUITY_1000,594,RGP
RRV002_FREE_US_EQUITY_1000,595,RILY
RRV002_FREE_US_EQUITY_1000,596,RIOT
RRV002_FREE_US_EQUITY_1000,597,RLAY
RRV002_FREE_US_EQUITY_1000,598,RMBS
RRV002_FREE_US_EQUITY_1000,599,RNST
RRV002_FREE_US_EQUITY_1000,600,ROAD
RRV002_FREE_US_EQUITY_1000,601,ROCK
RRV002_FREE_US_EQUITY_1000,602,ROKU
RRV002_FREE_US_EQUITY_1000,603,ROST
RRV002_FREE_US_EQUITY_1000,604,RPAY
RRV002_FREE_US_EQUITY_1000,605,RPD
RRV002_FREE_US_EQUITY_1000,606,RPRX
RRV002_FREE_US_EQUITY_1000,607,RRGB
RRV002_FREE_US_EQUITY_1000,608,RRR
RRV002_FREE_US_EQUITY_1000,609,RUN
RRV002_FREE_US_EQUITY_1000,610,RUSHA
RRV002_FREE_US_EQUITY_1000,611,RVMD
RRV002_FREE_US_EQUITY_1000,612,RXT
RRV002_FREE_US_EQUITY_1000,613,RYTM
RRV002_FREE_US_EQUITY_1000,614,SABR
RRV002_FREE_US_EQUITY_1000,615,SAIA
RRV002_FREE_US_EQUITY_1000,616,SANM
RRV002_FREE_US_EQUITY_1000,617,SBAC
RRV002_FREE_US_EQUITY_1000,618,SBCF
RRV002_FREE_US_EQUITY_1000,619,SBGI
RRV002_FREE_US_EQUITY_1000,620,SBLK
RRV002_FREE_US_EQUITY_1000,621,SBRA
RRV002_FREE_US_EQUITY_1000,622,SBSI
RRV002_FREE_US_EQUITY_1000,623,SBUX
RRV002_FREE_US_EQUITY_1000,624,SCHL
RRV002_FREE_US_EQUITY_1000,625,SCSC
RRV002_FREE_US_EQUITY_1000,626,SDGR
RRV002_FREE_US_EQUITY_1000,627,SEDG
RRV002_FREE_US_EQUITY_1000,628,SEIC
RRV002_FREE_US_EQUITY_1000,629,SFIX
RRV002_FREE_US_EQUITY_1000,630,SFM
RRV002_FREE_US_EQUITY_1000,631,SFNC
RRV002_FREE_US_EQUITY_1000,632,SGRY
RRV002_FREE_US_EQUITY_1000,633,SHC
RRV002_FREE_US_EQUITY_1000,634,SHOE
RRV002_FREE_US_EQUITY_1000,635,SHOO
RRV002_FREE_US_EQUITY_1000,636,SIBN
RRV002_FREE_US_EQUITY_1000,637,SIGA
RRV002_FREE_US_EQUITY_1000,638,SIGI
RRV002_FREE_US_EQUITY_1000,639,SIRI
RRV002_FREE_US_EQUITY_1000,640,SITM
RRV002_FREE_US_EQUITY_1000,641,SKIN
RRV002_FREE_US_EQUITY_1000,642,SKYW
RRV002_FREE_US_EQUITY_1000,643,SLAB
RRV002_FREE_US_EQUITY_1000,644,SLGN
RRV002_FREE_US_EQUITY_1000,645,SLM
RRV002_FREE_US_EQUITY_1000,646,SLP
RRV002_FREE_US_EQUITY_1000,647,SMCI
RRV002_FREE_US_EQUITY_1000,648,SMPL
RRV002_FREE_US_EQUITY_1000,649,SMTC
RRV002_FREE_US_EQUITY_1000,650,SNDL
RRV002_FREE_US_EQUITY_1000,651,SNDX
RRV002_FREE_US_EQUITY_1000,652,SNPS
RRV002_FREE_US_EQUITY_1000,653,SONO
RRV002_FREE_US_EQUITY_1000,654,SPSC
RRV002_FREE_US_EQUITY_1000,655,SPT
RRV002_FREE_US_EQUITY_1000,656,SPWH
RRV002_FREE_US_EQUITY_1000,657,SQQQ
RRV002_FREE_US_EQUITY_1000,658,SRRK
RRV002_FREE_US_EQUITY_1000,659,SRTA
RRV002_FREE_US_EQUITY_1000,660,SSB
RRV002_FREE_US_EQUITY_1000,661,SSNC
RRV002_FREE_US_EQUITY_1000,662,SSP
RRV002_FREE_US_EQUITY_1000,663,SSRM
RRV002_FREE_US_EQUITY_1000,664,SSYS
RRV002_FREE_US_EQUITY_1000,665,STAA
RRV002_FREE_US_EQUITY_1000,666,STEP
RRV002_FREE_US_EQUITY_1000,667,STGW
RRV002_FREE_US_EQUITY_1000,668,STLD
RRV002_FREE_US_EQUITY_1000,669,STNE
RRV002_FREE_US_EQUITY_1000,670,STOK
RRV002_FREE_US_EQUITY_1000,671,STRL
RRV002_FREE_US_EQUITY_1000,672,STRO
RRV002_FREE_US_EQUITY_1000,673,STX
RRV002_FREE_US_EQUITY_1000,674,SUPN
RRV002_FREE_US_EQUITY_1000,675,SVM
RRV002_FREE_US_EQUITY_1000,676,SWBI
RRV002_FREE_US_EQUITY_1000,677,SWKS
RRV002_FREE_US_EQUITY_1000,678,SYNA
RRV002_FREE_US_EQUITY_1000,679,TBBK
RRV002_FREE_US_EQUITY_1000,680,TBCH
RRV002_FREE_US_EQUITY_1000,681,TBPH
RRV002_FREE_US_EQUITY_1000,682,TCBI
RRV002_FREE_US_EQUITY_1000,683,TCMD
RRV002_FREE_US_EQUITY_1000,684,TEAM
RRV002_FREE_US_EQUITY_1000,685,TECH
RRV002_FREE_US_EQUITY_1000,686,TENB
RRV002_FREE_US_EQUITY_1000,687,TER
RRV002_FREE_US_EQUITY_1000,688,TFIN
RRV002_FREE_US_EQUITY_1000,689,TFSL
RRV002_FREE_US_EQUITY_1000,690,TGB
RRV002_FREE_US_EQUITY_1000,691,TGTX
RRV002_FREE_US_EQUITY_1000,692,THRM
RRV002_FREE_US_EQUITY_1000,693,THRY
RRV002_FREE_US_EQUITY_1000,694,TILE
RRV002_FREE_US_EQUITY_1000,695,TITN
RRV002_FREE_US_EQUITY_1000,696,TLRY
RRV002_FREE_US_EQUITY_1000,697,TLS
RRV002_FREE_US_EQUITY_1000,698,TMUS
RRV002_FREE_US_EQUITY_1000,699,TNDM
RRV002_FREE_US_EQUITY_1000,700,TOWN
RRV002_FREE_US_EQUITY_1000,701,TQQQ
RRV002_FREE_US_EQUITY_1000,702,TREE
RRV002_FREE_US_EQUITY_1000,703,TRIP
RRV002_FREE_US_EQUITY_1000,704,TRMB
RRV002_FREE_US_EQUITY_1000,705,TROW
RRV002_FREE_US_EQUITY_1000,706,TRS
RRV002_FREE_US_EQUITY_1000,707,TRUP
RRV002_FREE_US_EQUITY_1000,708,TSCO
RRV002_FREE_US_EQUITY_1000,709,TSEM
RRV002_FREE_US_EQUITY_1000,710,TSLA
RRV002_FREE_US_EQUITY_1000,711,TTD
RRV002_FREE_US_EQUITY_1000,712,TTEK
RRV002_FREE_US_EQUITY_1000,713,TTGT
RRV002_FREE_US_EQUITY_1000,714,TTMI
RRV002_FREE_US_EQUITY_1000,715,TTWO
RRV002_FREE_US_EQUITY_1000,716,TVTX
RRV002_FREE_US_EQUITY_1000,717,TW
RRV002_FREE_US_EQUITY_1000,718,TWST
RRV002_FREE_US_EQUITY_1000,719,TXG
RRV002_FREE_US_EQUITY_1000,720,TXN
RRV002_FREE_US_EQUITY_1000,721,TXRH
RRV002_FREE_US_EQUITY_1000,722,UCTT
RRV002_FREE_US_EQUITY_1000,723,UEC
RRV002_FREE_US_EQUITY_1000,724,UFPI
RRV002_FREE_US_EQUITY_1000,725,ULTA
RRV002_FREE_US_EQUITY_1000,726,UMBF
RRV002_FREE_US_EQUITY_1000,727,UPBD
RRV002_FREE_US_EQUITY_1000,728,UPST
RRV002_FREE_US_EQUITY_1000,729,UPWK
RRV002_FREE_US_EQUITY_1000,730,URBN
RRV002_FREE_US_EQUITY_1000,731,URG
RRV002_FREE_US_EQUITY_1000,732,UUUU
RRV002_FREE_US_EQUITY_1000,733,UVSP
RRV002_FREE_US_EQUITY_1000,734,VC
RRV002_FREE_US_EQUITY_1000,735,VCEL
RRV002_FREE_US_EQUITY_1000,736,VCTR
RRV002_FREE_US_EQUITY_1000,737,VCYT
RRV002_FREE_US_EQUITY_1000,738,VECO
RRV002_FREE_US_EQUITY_1000,739,VERI
RRV002_FREE_US_EQUITY_1000,740,VERX
RRV002_FREE_US_EQUITY_1000,741,VIAV
RRV002_FREE_US_EQUITY_1000,742,VICR
RRV002_FREE_US_EQUITY_1000,743,VIR
RRV002_FREE_US_EQUITY_1000,744,VIRT
RRV002_FREE_US_EQUITY_1000,745,VISN
RRV002_FREE_US_EQUITY_1000,746,VITL
RRV002_FREE_US_EQUITY_1000,747,VKTX
RRV002_FREE_US_EQUITY_1000,748,VLY
RRV002_FREE_US_EQUITY_1000,749,VNDA
RRV002_FREE_US_EQUITY_1000,750,VNOM
RRV002_FREE_US_EQUITY_1000,751,VRA
RRV002_FREE_US_EQUITY_1000,752,VREX
RRV002_FREE_US_EQUITY_1000,753,VRNS
RRV002_FREE_US_EQUITY_1000,754,VRRM
RRV002_FREE_US_EQUITY_1000,755,VRSK
RRV002_FREE_US_EQUITY_1000,756,VRSN
RRV002_FREE_US_EQUITY_1000,757,VRTX
RRV002_FREE_US_EQUITY_1000,758,VSAT
RRV002_FREE_US_EQUITY_1000,759,VSTM
RRV002_FREE_US_EQUITY_1000,760,VTRS
RRV002_FREE_US_EQUITY_1000,761,VUZI
RRV002_FREE_US_EQUITY_1000,762,VYGR
RRV002_FREE_US_EQUITY_1000,763,WAFD
RRV002_FREE_US_EQUITY_1000,764,WDAY
RRV002_FREE_US_EQUITY_1000,765,WDC
RRV002_FREE_US_EQUITY_1000,766,WEN
RRV002_FREE_US_EQUITY_1000,767,WERN
RRV002_FREE_US_EQUITY_1000,768,WING
RRV002_FREE_US_EQUITY_1000,769,WIX
RRV002_FREE_US_EQUITY_1000,770,WMG
RRV002_FREE_US_EQUITY_1000,771,WSBC
RRV002_FREE_US_EQUITY_1000,772,WSC
RRV002_FREE_US_EQUITY_1000,773,WSFS
RRV002_FREE_US_EQUITY_1000,774,WT
RRV002_FREE_US_EQUITY_1000,775,WTFC
RRV002_FREE_US_EQUITY_1000,776,WTW
RRV002_FREE_US_EQUITY_1000,777,WVE
RRV002_FREE_US_EQUITY_1000,778,WWD
RRV002_FREE_US_EQUITY_1000,779,WYNN
RRV002_FREE_US_EQUITY_1000,780,XEL
RRV002_FREE_US_EQUITY_1000,781,XENE
RRV002_FREE_US_EQUITY_1000,782,XERS
RRV002_FREE_US_EQUITY_1000,783,XNCR
RRV002_FREE_US_EQUITY_1000,784,XP
RRV002_FREE_US_EQUITY_1000,785,XPEL
RRV002_FREE_US_EQUITY_1000,786,XRAY
RRV002_FREE_US_EQUITY_1000,787,Z
RRV002_FREE_US_EQUITY_1000,788,ZD
RRV002_FREE_US_EQUITY_1000,789,ZG
RRV002_FREE_US_EQUITY_1000,790,ZION
RRV002_FREE_US_EQUITY_1000,791,ZM
RRV002_FREE_US_EQUITY_1000,792,ZNTL
RRV002_FREE_US_EQUITY_1000,793,ZS
RRV002_FREE_US_EQUITY_1000,794,ZUMZ
RRV002_FREE_US_EQUITY_1000,795,AAOI
RRV002_FREE_US_EQUITY_1000,796,ADUS
RRV002_FREE_US_EQUITY_1000,797,AFYA
RRV002_FREE_US_EQUITY_1000,798,AGYS
RRV002_FREE_US_EQUITY_1000,799,ALNY
RRV002_FREE_US_EQUITY_1000,800,AMSF
RRV002_FREE_US_EQUITY_1000,801,ANIK
RRV002_FREE_US_EQUITY_1000,802,AOSL
RRV002_FREE_US_EQUITY_1000,803,ARDX
RRV002_FREE_US_EQUITY_1000,804,ATRO
RRV002_FREE_US_EQUITY_1000,805,AVIR
RRV002_FREE_US_EQUITY_1000,806,AXTI
RRV002_FREE_US_EQUITY_1000,807,BELFB
RRV002_FREE_US_EQUITY_1000,808,BIIB
RRV002_FREE_US_EQUITY_1000,809,BTBT
RRV002_FREE_US_EQUITY_1000,810,BUSE
RRV002_FREE_US_EQUITY_1000,811,CHEF
RRV002_FREE_US_EQUITY_1000,812,CLBK
RRV002_FREE_US_EQUITY_1000,813,CLFD
RRV002_FREE_US_EQUITY_1000,814,CLSK
RRV002_FREE_US_EQUITY_1000,815,CMCO
RRV002_FREE_US_EQUITY_1000,816,CNOB
RRV002_FREE_US_EQUITY_1000,817,CRSP
RRV002_FREE_US_EQUITY_1000,818,CRTO
RRV002_FREE_US_EQUITY_1000,819,CTMX
RRV002_FREE_US_EQUITY_1000,820,CYTK
RRV002_FREE_US_EQUITY_1000,821,DMRC
RRV002_FREE_US_EQUITY_1000,822,DORM
RRV002_FREE_US_EQUITY_1000,823,GERN
RRV002_FREE_US_EQUITY_1000,824,GH
RRV002_FREE_US_EQUITY_1000,825,HAFC
RRV002_FREE_US_EQUITY_1000,826,HCKT
RRV002_FREE_US_EQUITY_1000,827,HFWA
RRV002_FREE_US_EQUITY_1000,828,HRZN
RRV002_FREE_US_EQUITY_1000,829,HSTM
RRV002_FREE_US_EQUITY_1000,830,IMUX
RRV002_FREE_US_EQUITY_1000,831,INVA
RRV002_FREE_US_EQUITY_1000,832,IOSP
RRV002_FREE_US_EQUITY_1000,833,KALU
RRV002_FREE_US_EQUITY_1000,834,KE
RRV002_FREE_US_EQUITY_1000,835,KOPN
RRV002_FREE_US_EQUITY_1000,836,KPTI
RRV002_FREE_US_EQUITY_1000,837,KRNY
RRV002_FREE_US_EQUITY_1000,838,KRUS
RRV002_FREE_US_EQUITY_1000,839,LEU
RRV002_FREE_US_EQUITY_1000,840,LILA
RRV002_FREE_US_EQUITY_1000,841,LKFN
RRV002_FREE_US_EQUITY_1000,842,LXRX
RRV002_FREE_US_EQUITY_1000,843,MCFT
RRV002_FREE_US_EQUITY_1000,844,MORN
RRV002_FREE_US_EQUITY_1000,845,MSEX
RRV002_FREE_US_EQUITY_1000,846,MTRX
RRV002_FREE_US_EQUITY_1000,847,MYRG
RRV002_FREE_US_EQUITY_1000,848,MZTI
RRV002_FREE_US_EQUITY_1000,849,NDSN
RRV002_FREE_US_EQUITY_1000,850,NEWT
RRV002_FREE_US_EQUITY_1000,851,NOVT
RRV002_FREE_US_EQUITY_1000,852,OSBC
RRV002_FREE_US_EQUITY_1000,853,PATK
RRV002_FREE_US_EQUITY_1000,854,PBYI
RRV002_FREE_US_EQUITY_1000,855,PETS
RRV002_FREE_US_EQUITY_1000,856,PLXS
RRV002_FREE_US_EQUITY_1000,857,PNNT
RRV002_FREE_US_EQUITY_1000,858,PNTG
RRV002_FREE_US_EQUITY_1000,859,POWI
RRV002_FREE_US_EQUITY_1000,860,QLYS
RRV002_FREE_US_EQUITY_1000,861,RBC
RRV002_FREE_US_EQUITY_1000,862,REPL
RRV002_FREE_US_EQUITY_1000,863,RIGL
RRV002_FREE_US_EQUITY_1000,864,RMNI
RRV002_FREE_US_EQUITY_1000,865,RNA
RRV002_FREE_US_EQUITY_1000,866,SENS
RRV002_FREE_US_EQUITY_1000,867,SPRY
RRV002_FREE_US_EQUITY_1000,868,SRPT
RRV002_FREE_US_EQUITY_1000,869,STBA
RRV002_FREE_US_EQUITY_1000,870,TCPC
RRV002_FREE_US_EQUITY_1000,871,TTEC
RRV002_FREE_US_EQUITY_1000,872,URGN
RRV002_FREE_US_EQUITY_1000,873,XPER
RRV002_FREE_US_EQUITY_1000,874,ZBRA
RRV002_FREE_US_EQUITY_1000,875,ACAD
RRV002_FREE_US_EQUITY_1000,876,ACB
RRV002_FREE_US_EQUITY_1000,877,ANIP
RRV002_FREE_US_EQUITY_1000,878,BLBD
RRV002_FREE_US_EQUITY_1000,879,CCEP
RRV002_FREE_US_EQUITY_1000,880,COGT
RRV002_FREE_US_EQUITY_1000,881,CWCO
RRV002_FREE_US_EQUITY_1000,882,DRS
RRV002_FREE_US_EQUITY_1000,883,EEFT
RRV002_FREE_US_EQUITY_1000,884,EVGO
RRV002_FREE_US_EQUITY_1000,885,FFAI
RRV002_FREE_US_EQUITY_1000,886,GBCI
RRV002_FREE_US_EQUITY_1000,887,GRBK
RRV002_FREE_US_EQUITY_1000,888,GRMN
RRV002_FREE_US_EQUITY_1000,889,GTE
RRV002_FREE_US_EQUITY_1000,890,HBNC
RRV002_FREE_US_EQUITY_1000,891,HOMB
RRV002_FREE_US_EQUITY_1000,892,HON
RRV002_FREE_US_EQUITY_1000,893,HRTX
RRV002_FREE_US_EQUITY_1000,894,LCID
RRV002_FREE_US_EQUITY_1000,895,MATW
RRV002_FREE_US_EQUITY_1000,896,MLKN
RRV002_FREE_US_EQUITY_1000,897,NOG
RRV002_FREE_US_EQUITY_1000,898,NVAX
RRV002_FREE_US_EQUITY_1000,899,NXE
RRV002_FREE_US_EQUITY_1000,900,PANW
RRV002_FREE_US_EQUITY_1000,901,PCVX
RRV002_FREE_US_EQUITY_1000,902,PDFS
RRV002_FREE_US_EQUITY_1000,903,SOFI
RRV002_FREE_US_EQUITY_1000,904,TBLA
RRV002_FREE_US_EQUITY_1000,905,XRX
RRV002_FREE_US_EQUITY_1000,906,ACTG
RRV002_FREE_US_EQUITY_1000,907,ALXO
RRV002_FREE_US_EQUITY_1000,908,BCPC
RRV002_FREE_US_EQUITY_1000,909,CLPT
RRV002_FREE_US_EQUITY_1000,910,FOSL
RRV002_FREE_US_EQUITY_1000,911,HURN
RRV002_FREE_US_EQUITY_1000,912,ICFI
RRV002_FREE_US_EQUITY_1000,913,IPAR
RRV002_FREE_US_EQUITY_1000,914,LFUS
RRV002_FREE_US_EQUITY_1000,915,LGND
RRV002_FREE_US_EQUITY_1000,916,LMAT
RRV002_FREE_US_EQUITY_1000,917,LQDT
RRV002_FREE_US_EQUITY_1000,918,MCHB
RRV002_FREE_US_EQUITY_1000,919,MFIC
RRV002_FREE_US_EQUITY_1000,920,MGRC
RRV002_FREE_US_EQUITY_1000,921,OCSL
RRV002_FREE_US_EQUITY_1000,922,OSIS
RRV002_FREE_US_EQUITY_1000,923,PLBY
RRV002_FREE_US_EQUITY_1000,924,PSNL
RRV002_FREE_US_EQUITY_1000,925,RLGT
RRV002_FREE_US_EQUITY_1000,926,SHEN
RRV002_FREE_US_EQUITY_1000,927,STRA
RRV002_FREE_US_EQUITY_1000,928,VTGN
RRV002_FREE_US_EQUITY_1000,929,WABC
RRV002_FREE_US_EQUITY_1000,930,WKHS
RRV002_FREE_US_EQUITY_1000,931,DXPE
RRV002_FREE_US_EQUITY_1000,932,KLXE
RRV002_FREE_US_EQUITY_1000,933,KNSL
RRV002_FREE_US_EQUITY_1000,934,SFBS
RRV002_FREE_US_EQUITY_1000,935,SPOK
RRV002_FREE_US_EQUITY_1000,936,UHAL
RRV002_FREE_US_EQUITY_1000,937,A
RRV002_FREE_US_EQUITY_1000,938,AA
RRV002_FREE_US_EQUITY_1000,939,AAP
RRV002_FREE_US_EQUITY_1000,940,ABBV
RRV002_FREE_US_EQUITY_1000,941,ABEV
RRV002_FREE_US_EQUITY_1000,942,ABM
RRV002_FREE_US_EQUITY_1000,943,ABT
RRV002_FREE_US_EQUITY_1000,944,ACA
RRV002_FREE_US_EQUITY_1000,945,ACCO
RRV002_FREE_US_EQUITY_1000,946,ACEL
RRV002_FREE_US_EQUITY_1000,947,ACI
RRV002_FREE_US_EQUITY_1000,948,ACM
RRV002_FREE_US_EQUITY_1000,949,ACN
RRV002_FREE_US_EQUITY_1000,950,ACRE
RRV002_FREE_US_EQUITY_1000,951,ADC
RRV002_FREE_US_EQUITY_1000,952,ADM
RRV002_FREE_US_EQUITY_1000,953,ADNT
RRV002_FREE_US_EQUITY_1000,954,ADT
RRV002_FREE_US_EQUITY_1000,955,AEE
RRV002_FREE_US_EQUITY_1000,956,AEG
RRV002_FREE_US_EQUITY_1000,957,AEM
RRV002_FREE_US_EQUITY_1000,958,AEO
RRV002_FREE_US_EQUITY_1000,959,AER
RRV002_FREE_US_EQUITY_1000,960,AES
RRV002_FREE_US_EQUITY_1000,961,AMBP
RRV002_FREE_US_EQUITY_1000,962,AMC
RRV002_FREE_US_EQUITY_1000,963,BATRK
RRV002_FREE_US_EQUITY_1000,964,BFH
RRV002_FREE_US_EQUITY_1000,965,BKR
RRV002_FREE_US_EQUITY_1000,966,BLDR
RRV002_FREE_US_EQUITY_1000,967,CALY
RRV002_FREE_US_EQUITY_1000,968,E
RRV002_FREE_US_EQUITY_1000,969,EAF
RRV002_FREE_US_EQUITY_1000,970,EAT
RRV002_FREE_US_EQUITY_1000,971,EBS
RRV002_FREE_US_EQUITY_1000,972,EC
RRV002_FREE_US_EQUITY_1000,973,ECL
RRV002_FREE_US_EQUITY_1000,974,ECVT
RRV002_FREE_US_EQUITY_1000,975,ED
RRV002_FREE_US_EQUITY_1000,976,EFC
RRV002_FREE_US_EQUITY_1000,977,EFX
RRV002_FREE_US_EQUITY_1000,978,EGHT
RRV002_FREE_US_EQUITY_1000,979,EGO
RRV002_FREE_US_EQUITY_1000,980,EGP
RRV002_FREE_US_EQUITY_1000,981,EHC
RRV002_FREE_US_EQUITY_1000,982,EIX
RRV002_FREE_US_EQUITY_1000,983,EL
RRV002_FREE_US_EQUITY_1000,984,ELAN
RRV002_FREE_US_EQUITY_1000,985,ELF
RRV002_FREE_US_EQUITY_1000,986,ELS
RRV002_FREE_US_EQUITY_1000,987,EME
RRV002_FREE_US_EQUITY_1000,988,EMN
RRV002_FREE_US_EQUITY_1000,989,EMR
RRV002_FREE_US_EQUITY_1000,990,ENB
RRV002_FREE_US_EQUITY_1000,991,ENR
RRV002_FREE_US_EQUITY_1000,992,ENS
RRV002_FREE_US_EQUITY_1000,993,EOG
RRV002_FREE_US_EQUITY_1000,994,GE
RRV002_FREE_US_EQUITY_1000,995,KBH
RRV002_FREE_US_EQUITY_1000,996,KBR
RRV002_FREE_US_EQUITY_1000,997,KEX
RRV002_FREE_US_EQUITY_1000,998,KEY
RRV002_FREE_US_EQUITY_1000,999,KEYS
RRV002_FREE_US_EQUITY_1000,1000,KFY
RRV002_FREE_US_EQUITY_ALL_CAPABLE,1,AAL
RRV002_FREE_US_EQUITY_ALL_CAPABLE,2,AAON
RRV002_FREE_US_EQUITY_ALL_CAPABLE,3,AAPL
RRV002_FREE_US_EQUITY_ALL_CAPABLE,4,ABCB
RRV002_FREE_US_EQUITY_ALL_CAPABLE,5,ABCL
RRV002_FREE_US_EQUITY_ALL_CAPABLE,6,ABNB
RRV002_FREE_US_EQUITY_ALL_CAPABLE,7,ABUS
RRV002_FREE_US_EQUITY_ALL_CAPABLE,8,ACGL
RRV002_FREE_US_EQUITY_ALL_CAPABLE,9,ACHC
RRV002_FREE_US_EQUITY_ALL_CAPABLE,10,ACIW
RRV002_FREE_US_EQUITY_ALL_CAPABLE,11,ACLS
RRV002_FREE_US_EQUITY_ALL_CAPABLE,12,ACMR
RRV002_FREE_US_EQUITY_ALL_CAPABLE,13,ACRS
RRV002_FREE_US_EQUITY_ALL_CAPABLE,14,ADBE
RRV002_FREE_US_EQUITY_ALL_CAPABLE,15,ADEA
RRV002_FREE_US_EQUITY_ALL_CAPABLE,16,ADI
RRV002_FREE_US_EQUITY_ALL_CAPABLE,17,ADMA
RRV002_FREE_US_EQUITY_ALL_CAPABLE,18,ADP
RRV002_FREE_US_EQUITY_ALL_CAPABLE,19,ADPT
RRV002_FREE_US_EQUITY_ALL_CAPABLE,20,ADSK
RRV002_FREE_US_EQUITY_ALL_CAPABLE,21,ADTN
RRV002_FREE_US_EQUITY_ALL_CAPABLE,22,ADV
RRV002_FREE_US_EQUITY_ALL_CAPABLE,23,AEIS
RRV002_FREE_US_EQUITY_ALL_CAPABLE,24,AEP
RRV002_FREE_US_EQUITY_ALL_CAPABLE,25,AGEN
RRV002_FREE_US_EQUITY_ALL_CAPABLE,26,AGIO
RRV002_FREE_US_EQUITY_ALL_CAPABLE,27,AGNC
RRV002_FREE_US_EQUITY_ALL_CAPABLE,28,AGNT
RRV002_FREE_US_EQUITY_ALL_CAPABLE,29,AHCO
RRV002_FREE_US_EQUITY_ALL_CAPABLE,30,AKAM
RRV002_FREE_US_EQUITY_ALL_CAPABLE,31,AKBA
RRV002_FREE_US_EQUITY_ALL_CAPABLE,32,ALDX
RRV002_FREE_US_EQUITY_ALL_CAPABLE,33,ALEC
RRV002_FREE_US_EQUITY_ALL_CAPABLE,34,ALGM
RRV002_FREE_US_EQUITY_ALL_CAPABLE,35,ALGN
RRV002_FREE_US_EQUITY_ALL_CAPABLE,36,ALGT
RRV002_FREE_US_EQUITY_ALL_CAPABLE,37,ALKS
RRV002_FREE_US_EQUITY_ALL_CAPABLE,38,ALLO
RRV002_FREE_US_EQUITY_ALL_CAPABLE,39,ALRM
RRV002_FREE_US_EQUITY_ALL_CAPABLE,40,ALT
RRV002_FREE_US_EQUITY_ALL_CAPABLE,41,AMAT
RRV002_FREE_US_EQUITY_ALL_CAPABLE,42,AMBA
RRV002_FREE_US_EQUITY_ALL_CAPABLE,43,AMCX
RRV002_FREE_US_EQUITY_ALL_CAPABLE,44,AMD
RRV002_FREE_US_EQUITY_ALL_CAPABLE,45,AMGN
RRV002_FREE_US_EQUITY_ALL_CAPABLE,46,AMKR
RRV002_FREE_US_EQUITY_ALL_CAPABLE,47,AMPH
RRV002_FREE_US_EQUITY_ALL_CAPABLE,48,AMSC
RRV002_FREE_US_EQUITY_ALL_CAPABLE,49,AMTX
RRV002_FREE_US_EQUITY_ALL_CAPABLE,50,AMZN
RRV002_FREE_US_EQUITY_ALL_CAPABLE,51,ANAB
RRV002_FREE_US_EQUITY_ALL_CAPABLE,52,ANDE
RRV002_FREE_US_EQUITY_ALL_CAPABLE,53,ANGI
RRV002_FREE_US_EQUITY_ALL_CAPABLE,54,ANGO
RRV002_FREE_US_EQUITY_ALL_CAPABLE,55,ANNX
RRV002_FREE_US_EQUITY_ALL_CAPABLE,56,APA
RRV002_FREE_US_EQUITY_ALL_CAPABLE,57,APOG
RRV002_FREE_US_EQUITY_ALL_CAPABLE,58,APPF
RRV002_FREE_US_EQUITY_ALL_CAPABLE,59,APPN
RRV002_FREE_US_EQUITY_ALL_CAPABLE,60,APPS
RRV002_FREE_US_EQUITY_ALL_CAPABLE,61,ARAY
RRV002_FREE_US_EQUITY_ALL_CAPABLE,62,ARCB
RRV002_FREE_US_EQUITY_ALL_CAPABLE,63,ARCC
RRV002_FREE_US_EQUITY_ALL_CAPABLE,64,ARCT
RRV002_FREE_US_EQUITY_ALL_CAPABLE,65,ARKO
RRV002_FREE_US_EQUITY_ALL_CAPABLE,66,ARQT
RRV002_FREE_US_EQUITY_ALL_CAPABLE,67,ARRY
RRV002_FREE_US_EQUITY_ALL_CAPABLE,68,ARVN
RRV002_FREE_US_EQUITY_ALL_CAPABLE,69,ARWR
RRV002_FREE_US_EQUITY_ALL_CAPABLE,70,ASML
RRV002_FREE_US_EQUITY_ALL_CAPABLE,71,ASND
RRV002_FREE_US_EQUITY_ALL_CAPABLE,72,ASO
RRV002_FREE_US_EQUITY_ALL_CAPABLE,73,ASTE
RRV002_FREE_US_EQUITY_ALL_CAPABLE,74,ASTH
RRV002_FREE_US_EQUITY_ALL_CAPABLE,75,ATEC
RRV002_FREE_US_EQUITY_ALL_CAPABLE,76,ATEX
RRV002_FREE_US_EQUITY_ALL_CAPABLE,77,ATOM
RRV002_FREE_US_EQUITY_ALL_CAPABLE,78,ATRC
RRV002_FREE_US_EQUITY_ALL_CAPABLE,79,AUB
RRV002_FREE_US_EQUITY_ALL_CAPABLE,80,AUPH
RRV002_FREE_US_EQUITY_ALL_CAPABLE,81,AVAV
RRV002_FREE_US_EQUITY_ALL_CAPABLE,82,AVGO
RRV002_FREE_US_EQUITY_ALL_CAPABLE,83,AVO
RRV002_FREE_US_EQUITY_ALL_CAPABLE,84,AVPT
RRV002_FREE_US_EQUITY_ALL_CAPABLE,85,AVT
RRV002_FREE_US_EQUITY_ALL_CAPABLE,86,AVXL
RRV002_FREE_US_EQUITY_ALL_CAPABLE,87,AXGN
RRV002_FREE_US_EQUITY_ALL_CAPABLE,88,AXON
RRV002_FREE_US_EQUITY_ALL_CAPABLE,89,AXSM
RRV002_FREE_US_EQUITY_ALL_CAPABLE,90,AZTA
RRV002_FREE_US_EQUITY_ALL_CAPABLE,91,BAND
RRV002_FREE_US_EQUITY_ALL_CAPABLE,92,BANR
RRV002_FREE_US_EQUITY_ALL_CAPABLE,93,BBBY
RRV002_FREE_US_EQUITY_ALL_CAPABLE,94,BBIO
RRV002_FREE_US_EQUITY_ALL_CAPABLE,95,BCRX
RRV002_FREE_US_EQUITY_ALL_CAPABLE,96,BEAM
RRV002_FREE_US_EQUITY_ALL_CAPABLE,97,BGC
RRV002_FREE_US_EQUITY_ALL_CAPABLE,98,BHF
RRV002_FREE_US_EQUITY_ALL_CAPABLE,99,BJRI
RRV002_FREE_US_EQUITY_ALL_CAPABLE,100,BKNG
RRV002_FREE_US_EQUITY_ALL_CAPABLE,101,BL
RRV002_FREE_US_EQUITY_ALL_CAPABLE,102,BLDP
RRV002_FREE_US_EQUITY_ALL_CAPABLE,103,BLFS
RRV002_FREE_US_EQUITY_ALL_CAPABLE,104,BLKB
RRV002_FREE_US_EQUITY_ALL_CAPABLE,105,BLMN
RRV002_FREE_US_EQUITY_ALL_CAPABLE,106,BLNK
RRV002_FREE_US_EQUITY_ALL_CAPABLE,107,BMRN
RRV002_FREE_US_EQUITY_ALL_CAPABLE,108,BOKF
RRV002_FREE_US_EQUITY_ALL_CAPABLE,109,BOOM
RRV002_FREE_US_EQUITY_ALL_CAPABLE,110,BPOP
RRV002_FREE_US_EQUITY_ALL_CAPABLE,111,BRKR
RRV002_FREE_US_EQUITY_ALL_CAPABLE,112,BSY
RRV002_FREE_US_EQUITY_ALL_CAPABLE,113,BTG
RRV002_FREE_US_EQUITY_ALL_CAPABLE,114,BWIN
RRV002_FREE_US_EQUITY_ALL_CAPABLE,115,BYND
RRV002_FREE_US_EQUITY_ALL_CAPABLE,116,CAKE
RRV002_FREE_US_EQUITY_ALL_CAPABLE,117,CALM
RRV002_FREE_US_EQUITY_ALL_CAPABLE,118,CAMT
RRV002_FREE_US_EQUITY_ALL_CAPABLE,119,CAR
RRV002_FREE_US_EQUITY_ALL_CAPABLE,120,CARG
RRV002_FREE_US_EQUITY_ALL_CAPABLE,121,CASH
RRV002_FREE_US_EQUITY_ALL_CAPABLE,122,CASY
RRV002_FREE_US_EQUITY_ALL_CAPABLE,123,CATY
RRV002_FREE_US_EQUITY_ALL_CAPABLE,124,CBRL
RRV002_FREE_US_EQUITY_ALL_CAPABLE,125,CBSH
RRV002_FREE_US_EQUITY_ALL_CAPABLE,126,CCCC
RRV002_FREE_US_EQUITY_ALL_CAPABLE,127,CCOI
RRV002_FREE_US_EQUITY_ALL_CAPABLE,128,CDNA
RRV002_FREE_US_EQUITY_ALL_CAPABLE,129,CDNS
RRV002_FREE_US_EQUITY_ALL_CAPABLE,130,CDW
RRV002_FREE_US_EQUITY_ALL_CAPABLE,131,CDXS
RRV002_FREE_US_EQUITY_ALL_CAPABLE,132,CDZI
RRV002_FREE_US_EQUITY_ALL_CAPABLE,133,CELH
RRV002_FREE_US_EQUITY_ALL_CAPABLE,134,CENTA
RRV002_FREE_US_EQUITY_ALL_CAPABLE,135,CENX
RRV002_FREE_US_EQUITY_ALL_CAPABLE,136,CERS
RRV002_FREE_US_EQUITY_ALL_CAPABLE,137,CERT
RRV002_FREE_US_EQUITY_ALL_CAPABLE,138,CEVA
RRV002_FREE_US_EQUITY_ALL_CAPABLE,139,CFFN
RRV002_FREE_US_EQUITY_ALL_CAPABLE,140,CG
RRV002_FREE_US_EQUITY_ALL_CAPABLE,141,CGC
RRV002_FREE_US_EQUITY_ALL_CAPABLE,142,CGNX
RRV002_FREE_US_EQUITY_ALL_CAPABLE,143,CHDN
RRV002_FREE_US_EQUITY_ALL_CAPABLE,144,CHKP
RRV002_FREE_US_EQUITY_ALL_CAPABLE,145,CHRD
RRV002_FREE_US_EQUITY_ALL_CAPABLE,146,CHRS
RRV002_FREE_US_EQUITY_ALL_CAPABLE,147,CHRW
RRV002_FREE_US_EQUITY_ALL_CAPABLE,148,CHTR
RRV002_FREE_US_EQUITY_ALL_CAPABLE,149,CIGI
RRV002_FREE_US_EQUITY_ALL_CAPABLE,150,CINF
RRV002_FREE_US_EQUITY_ALL_CAPABLE,151,CLAR
RRV002_FREE_US_EQUITY_ALL_CAPABLE,152,CLDX
RRV002_FREE_US_EQUITY_ALL_CAPABLE,153,CLNE
RRV002_FREE_US_EQUITY_ALL_CAPABLE,154,CLOV
RRV002_FREE_US_EQUITY_ALL_CAPABLE,155,CMCSA
RRV002_FREE_US_EQUITY_ALL_CAPABLE,156,CME
RRV002_FREE_US_EQUITY_ALL_CAPABLE,157,CMPR
RRV002_FREE_US_EQUITY_ALL_CAPABLE,158,CMPS
RRV002_FREE_US_EQUITY_ALL_CAPABLE,159,CMRC
RRV002_FREE_US_EQUITY_ALL_CAPABLE,160,CMTL
RRV002_FREE_US_EQUITY_ALL_CAPABLE,161,CNDT
RRV002_FREE_US_EQUITY_ALL_CAPABLE,162,CNXC
RRV002_FREE_US_EQUITY_ALL_CAPABLE,163,COHR
RRV002_FREE_US_EQUITY_ALL_CAPABLE,164,COHU
RRV002_FREE_US_EQUITY_ALL_CAPABLE,165,COLB
RRV002_FREE_US_EQUITY_ALL_CAPABLE,166,COLL
RRV002_FREE_US_EQUITY_ALL_CAPABLE,167,COLM
RRV002_FREE_US_EQUITY_ALL_CAPABLE,168,CORT
RRV002_FREE_US_EQUITY_ALL_CAPABLE,169,COST
RRV002_FREE_US_EQUITY_ALL_CAPABLE,170,CPRT
RRV002_FREE_US_EQUITY_ALL_CAPABLE,171,CRMD
RRV002_FREE_US_EQUITY_ALL_CAPABLE,172,CRNC
RRV002_FREE_US_EQUITY_ALL_CAPABLE,173,CRNX
RRV002_FREE_US_EQUITY_ALL_CAPABLE,174,CRON
RRV002_FREE_US_EQUITY_ALL_CAPABLE,175,CROX
RRV002_FREE_US_EQUITY_ALL_CAPABLE,176,CRSR
RRV002_FREE_US_EQUITY_ALL_CAPABLE,177,CRUS
RRV002_FREE_US_EQUITY_ALL_CAPABLE,178,CRWD
RRV002_FREE_US_EQUITY_ALL_CAPABLE,179,CSCO
RRV002_FREE_US_EQUITY_ALL_CAPABLE,180,CSGP
RRV002_FREE_US_EQUITY_ALL_CAPABLE,181,CSIQ
RRV002_FREE_US_EQUITY_ALL_CAPABLE,182,CSTL
RRV002_FREE_US_EQUITY_ALL_CAPABLE,183,CSWC
RRV002_FREE_US_EQUITY_ALL_CAPABLE,184,CSX
RRV002_FREE_US_EQUITY_ALL_CAPABLE,185,CTAS
RRV002_FREE_US_EQUITY_ALL_CAPABLE,186,CTRE
RRV002_FREE_US_EQUITY_ALL_CAPABLE,187,CTSH
RRV002_FREE_US_EQUITY_ALL_CAPABLE,188,CVBF
RRV002_FREE_US_EQUITY_ALL_CAPABLE,189,CVLT
RRV002_FREE_US_EQUITY_ALL_CAPABLE,190,CWST
RRV002_FREE_US_EQUITY_ALL_CAPABLE,191,CYRX
RRV002_FREE_US_EQUITY_ALL_CAPABLE,192,CZR
RRV002_FREE_US_EQUITY_ALL_CAPABLE,193,DAKT
RRV002_FREE_US_EQUITY_ALL_CAPABLE,194,DBX
RRV002_FREE_US_EQUITY_ALL_CAPABLE,195,DCOM
RRV002_FREE_US_EQUITY_ALL_CAPABLE,196,DDOG
RRV002_FREE_US_EQUITY_ALL_CAPABLE,197,DGII
RRV002_FREE_US_EQUITY_ALL_CAPABLE,198,DIOD
RRV002_FREE_US_EQUITY_ALL_CAPABLE,199,DKNG
RRV002_FREE_US_EQUITY_ALL_CAPABLE,200,DLTR
RRV002_FREE_US_EQUITY_ALL_CAPABLE,201,DNLI
RRV002_FREE_US_EQUITY_ALL_CAPABLE,202,DNN
RRV002_FREE_US_EQUITY_ALL_CAPABLE,203,DOCU
RRV002_FREE_US_EQUITY_ALL_CAPABLE,204,DOMO
RRV002_FREE_US_EQUITY_ALL_CAPABLE,205,DOX
RRV002_FREE_US_EQUITY_ALL_CAPABLE,206,DSGX
RRV002_FREE_US_EQUITY_ALL_CAPABLE,207,DXCM
RRV002_FREE_US_EQUITY_ALL_CAPABLE,208,DYN
RRV002_FREE_US_EQUITY_ALL_CAPABLE,209,EBAY
RRV002_FREE_US_EQUITY_ALL_CAPABLE,210,EBC
RRV002_FREE_US_EQUITY_ALL_CAPABLE,211,ECHO
RRV002_FREE_US_EQUITY_ALL_CAPABLE,212,ECPG
RRV002_FREE_US_EQUITY_ALL_CAPABLE,213,EDIT
RRV002_FREE_US_EQUITY_ALL_CAPABLE,214,EFSC
RRV002_FREE_US_EQUITY_ALL_CAPABLE,215,EGBN
RRV002_FREE_US_EQUITY_ALL_CAPABLE,216,EHTH
RRV002_FREE_US_EQUITY_ALL_CAPABLE,217,ENPH
RRV002_FREE_US_EQUITY_ALL_CAPABLE,218,ENSG
RRV002_FREE_US_EQUITY_ALL_CAPABLE,219,ENTA
RRV002_FREE_US_EQUITY_ALL_CAPABLE,220,ENTG
RRV002_FREE_US_EQUITY_ALL_CAPABLE,221,EOLS
RRV002_FREE_US_EQUITY_ALL_CAPABLE,222,EOSE
RRV002_FREE_US_EQUITY_ALL_CAPABLE,223,EQIX
RRV002_FREE_US_EQUITY_ALL_CAPABLE,224,EQX
RRV002_FREE_US_EQUITY_ALL_CAPABLE,225,ERII
RRV002_FREE_US_EQUITY_ALL_CAPABLE,226,ESTA
RRV002_FREE_US_EQUITY_ALL_CAPABLE,227,ETSY
RRV002_FREE_US_EQUITY_ALL_CAPABLE,228,EVER
RRV002_FREE_US_EQUITY_ALL_CAPABLE,229,EWBC
RRV002_FREE_US_EQUITY_ALL_CAPABLE,230,EXC
RRV002_FREE_US_EQUITY_ALL_CAPABLE,231,EXEL
RRV002_FREE_US_EQUITY_ALL_CAPABLE,232,EXLS
RRV002_FREE_US_EQUITY_ALL_CAPABLE,233,EXPD
RRV002_FREE_US_EQUITY_ALL_CAPABLE,234,EXPE
RRV002_FREE_US_EQUITY_ALL_CAPABLE,235,EXPO
RRV002_FREE_US_EQUITY_ALL_CAPABLE,236,EXTR
RRV002_FREE_US_EQUITY_ALL_CAPABLE,237,EYE
RRV002_FREE_US_EQUITY_ALL_CAPABLE,238,EYPT
RRV002_FREE_US_EQUITY_ALL_CAPABLE,239,EZPW
RRV002_FREE_US_EQUITY_ALL_CAPABLE,240,FANG
RRV002_FREE_US_EQUITY_ALL_CAPABLE,241,FAST
RRV002_FREE_US_EQUITY_ALL_CAPABLE,242,FATE
RRV002_FREE_US_EQUITY_ALL_CAPABLE,243,FBNC
RRV002_FREE_US_EQUITY_ALL_CAPABLE,244,FCEL
RRV002_FREE_US_EQUITY_ALL_CAPABLE,245,FCFS
RRV002_FREE_US_EQUITY_ALL_CAPABLE,246,FDMT
RRV002_FREE_US_EQUITY_ALL_CAPABLE,247,FELE
RRV002_FREE_US_EQUITY_ALL_CAPABLE,248,FFBC
RRV002_FREE_US_EQUITY_ALL_CAPABLE,249,FFIN
RRV002_FREE_US_EQUITY_ALL_CAPABLE,250,FFIV
RRV002_FREE_US_EQUITY_ALL_CAPABLE,251,FHB
RRV002_FREE_US_EQUITY_ALL_CAPABLE,252,FIBK
RRV002_FREE_US_EQUITY_ALL_CAPABLE,253,FISV
RRV002_FREE_US_EQUITY_ALL_CAPABLE,254,FITB
RRV002_FREE_US_EQUITY_ALL_CAPABLE,255,FIVE
RRV002_FREE_US_EQUITY_ALL_CAPABLE,256,FIVN
RRV002_FREE_US_EQUITY_ALL_CAPABLE,257,FIZZ
RRV002_FREE_US_EQUITY_ALL_CAPABLE,258,FLEX
RRV002_FREE_US_EQUITY_ALL_CAPABLE,259,FLGT
RRV002_FREE_US_EQUITY_ALL_CAPABLE,260,FLNA
RRV002_FREE_US_EQUITY_ALL_CAPABLE,261,FLWS
RRV002_FREE_US_EQUITY_ALL_CAPABLE,262,FNKO
RRV002_FREE_US_EQUITY_ALL_CAPABLE,263,FORM
RRV002_FREE_US_EQUITY_ALL_CAPABLE,264,FOX
RRV002_FREE_US_EQUITY_ALL_CAPABLE,265,FOXA
RRV002_FREE_US_EQUITY_ALL_CAPABLE,266,FOXF
RRV002_FREE_US_EQUITY_ALL_CAPABLE,267,FRME
RRV002_FREE_US_EQUITY_ALL_CAPABLE,268,FROG
RRV002_FREE_US_EQUITY_ALL_CAPABLE,269,FRPT
RRV002_FREE_US_EQUITY_ALL_CAPABLE,270,FSLR
RRV002_FREE_US_EQUITY_ALL_CAPABLE,271,FSP
RRV002_FREE_US_EQUITY_ALL_CAPABLE,272,FTDR
RRV002_FREE_US_EQUITY_ALL_CAPABLE,273,FTNT
RRV002_FREE_US_EQUITY_ALL_CAPABLE,274,FULC
RRV002_FREE_US_EQUITY_ALL_CAPABLE,275,FULT
RRV002_FREE_US_EQUITY_ALL_CAPABLE,276,FWONK
RRV002_FREE_US_EQUITY_ALL_CAPABLE,277,FWRD
RRV002_FREE_US_EQUITY_ALL_CAPABLE,278,GBDC
RRV002_FREE_US_EQUITY_ALL_CAPABLE,279,GCMG
RRV002_FREE_US_EQUITY_ALL_CAPABLE,280,GDRX
RRV002_FREE_US_EQUITY_ALL_CAPABLE,281,GDYN
RRV002_FREE_US_EQUITY_ALL_CAPABLE,282,GEN
RRV002_FREE_US_EQUITY_ALL_CAPABLE,283,GEVO
RRV002_FREE_US_EQUITY_ALL_CAPABLE,284,GIII
RRV002_FREE_US_EQUITY_ALL_CAPABLE,285,GILD
RRV002_FREE_US_EQUITY_ALL_CAPABLE,286,GLNG
RRV002_FREE_US_EQUITY_ALL_CAPABLE,287,GLPI
RRV002_FREE_US_EQUITY_ALL_CAPABLE,288,GNTX
RRV002_FREE_US_EQUITY_ALL_CAPABLE,289,GO
RRV002_FREE_US_EQUITY_ALL_CAPABLE,290,GOGO
RRV002_FREE_US_EQUITY_ALL_CAPABLE,291,GOLD
RRV002_FREE_US_EQUITY_ALL_CAPABLE,292,GOOG
RRV002_FREE_US_EQUITY_ALL_CAPABLE,293,GOOGL
RRV002_FREE_US_EQUITY_ALL_CAPABLE,294,GOSS
RRV002_FREE_US_EQUITY_ALL_CAPABLE,295,GPRE
RRV002_FREE_US_EQUITY_ALL_CAPABLE,296,GPRO
RRV002_FREE_US_EQUITY_ALL_CAPABLE,297,GRAB
RRV002_FREE_US_EQUITY_ALL_CAPABLE,298,GRPN
RRV002_FREE_US_EQUITY_ALL_CAPABLE,299,GRWG
RRV002_FREE_US_EQUITY_ALL_CAPABLE,300,GSAT
RRV002_FREE_US_EQUITY_ALL_CAPABLE,301,GSHD
RRV002_FREE_US_EQUITY_ALL_CAPABLE,302,GSM
RRV002_FREE_US_EQUITY_ALL_CAPABLE,303,GT
RRV002_FREE_US_EQUITY_ALL_CAPABLE,304,GTM
RRV002_FREE_US_EQUITY_ALL_CAPABLE,305,HAIN
RRV002_FREE_US_EQUITY_ALL_CAPABLE,306,HALO
RRV002_FREE_US_EQUITY_ALL_CAPABLE,307,HAS
RRV002_FREE_US_EQUITY_ALL_CAPABLE,308,HBAN
RRV002_FREE_US_EQUITY_ALL_CAPABLE,309,HCAT
RRV002_FREE_US_EQUITY_ALL_CAPABLE,310,HCSG
RRV002_FREE_US_EQUITY_ALL_CAPABLE,311,HDSN
RRV002_FREE_US_EQUITY_ALL_CAPABLE,312,HELE
RRV002_FREE_US_EQUITY_ALL_CAPABLE,313,HLIT
RRV002_FREE_US_EQUITY_ALL_CAPABLE,314,HLMN
RRV002_FREE_US_EQUITY_ALL_CAPABLE,315,HLNE
RRV002_FREE_US_EQUITY_ALL_CAPABLE,316,HOPE
RRV002_FREE_US_EQUITY_ALL_CAPABLE,317,HQY
RRV002_FREE_US_EQUITY_ALL_CAPABLE,318,HRMY
RRV002_FREE_US_EQUITY_ALL_CAPABLE,319,HSIC
RRV002_FREE_US_EQUITY_ALL_CAPABLE,320,HST
RRV002_FREE_US_EQUITY_ALL_CAPABLE,321,HTLD
RRV002_FREE_US_EQUITY_ALL_CAPABLE,322,HUBG
RRV002_FREE_US_EQUITY_ALL_CAPABLE,323,HWC
RRV002_FREE_US_EQUITY_ALL_CAPABLE,324,IART
RRV002_FREE_US_EQUITY_ALL_CAPABLE,325,IBKR
RRV002_FREE_US_EQUITY_ALL_CAPABLE,326,IBOC
RRV002_FREE_US_EQUITY_ALL_CAPABLE,327,IBRX
RRV002_FREE_US_EQUITY_ALL_CAPABLE,328,ICHR
RRV002_FREE_US_EQUITY_ALL_CAPABLE,329,ICLR
RRV002_FREE_US_EQUITY_ALL_CAPABLE,330,ICUI
RRV002_FREE_US_EQUITY_ALL_CAPABLE,331,IDCC
RRV002_FREE_US_EQUITY_ALL_CAPABLE,332,IDXX
RRV002_FREE_US_EQUITY_ALL_CAPABLE,333,IDYA
RRV002_FREE_US_EQUITY_ALL_CAPABLE,334,IEP
RRV002_FREE_US_EQUITY_ALL_CAPABLE,335,IHRT
RRV002_FREE_US_EQUITY_ALL_CAPABLE,336,IIIV
RRV002_FREE_US_EQUITY_ALL_CAPABLE,337,ILMN
RRV002_FREE_US_EQUITY_ALL_CAPABLE,338,IMMR
RRV002_FREE_US_EQUITY_ALL_CAPABLE,339,IMO
RRV002_FREE_US_EQUITY_ALL_CAPABLE,340,IMTX
RRV002_FREE_US_EQUITY_ALL_CAPABLE,341,IMVT
RRV002_FREE_US_EQUITY_ALL_CAPABLE,342,IMXI
RRV002_FREE_US_EQUITY_ALL_CAPABLE,343,INCY
RRV002_FREE_US_EQUITY_ALL_CAPABLE,344,INDB
RRV002_FREE_US_EQUITY_ALL_CAPABLE,345,INDI
RRV002_FREE_US_EQUITY_ALL_CAPABLE,346,INGN
RRV002_FREE_US_EQUITY_ALL_CAPABLE,347,INMD
RRV002_FREE_US_EQUITY_ALL_CAPABLE,348,INO
RRV002_FREE_US_EQUITY_ALL_CAPABLE,349,INSM
RRV002_FREE_US_EQUITY_ALL_CAPABLE,350,INTC
RRV002_FREE_US_EQUITY_ALL_CAPABLE,351,INTU
RRV002_FREE_US_EQUITY_ALL_CAPABLE,352,INVZ
RRV002_FREE_US_EQUITY_ALL_CAPABLE,353,IONS
RRV002_FREE_US_EQUITY_ALL_CAPABLE,354,IOVA
RRV002_FREE_US_EQUITY_ALL_CAPABLE,355,IPGP
RRV002_FREE_US_EQUITY_ALL_CAPABLE,356,IRDM
RRV002_FREE_US_EQUITY_ALL_CAPABLE,357,IRTC
RRV002_FREE_US_EQUITY_ALL_CAPABLE,358,IRWD
RRV002_FREE_US_EQUITY_ALL_CAPABLE,359,ISRG
RRV002_FREE_US_EQUITY_ALL_CAPABLE,360,ITRI
RRV002_FREE_US_EQUITY_ALL_CAPABLE,361,JACK
RRV002_FREE_US_EQUITY_ALL_CAPABLE,362,JAZZ
RRV002_FREE_US_EQUITY_ALL_CAPABLE,363,JBHT
RRV002_FREE_US_EQUITY_ALL_CAPABLE,364,JBLU
RRV002_FREE_US_EQUITY_ALL_CAPABLE,365,JKHY
RRV002_FREE_US_EQUITY_ALL_CAPABLE,366,JRVR
RRV002_FREE_US_EQUITY_ALL_CAPABLE,367,KDP
RRV002_FREE_US_EQUITY_ALL_CAPABLE,368,KELYA
RRV002_FREE_US_EQUITY_ALL_CAPABLE,369,KFRC
RRV002_FREE_US_EQUITY_ALL_CAPABLE,370,KHC
RRV002_FREE_US_EQUITY_ALL_CAPABLE,371,KIDS
RRV002_FREE_US_EQUITY_ALL_CAPABLE,372,KLAC
RRV002_FREE_US_EQUITY_ALL_CAPABLE,373,KLIC
RRV002_FREE_US_EQUITY_ALL_CAPABLE,374,KNSA
RRV002_FREE_US_EQUITY_ALL_CAPABLE,375,KNTK
RRV002_FREE_US_EQUITY_ALL_CAPABLE,376,KOD
RRV002_FREE_US_EQUITY_ALL_CAPABLE,377,KRNT
RRV002_FREE_US_EQUITY_ALL_CAPABLE,378,KROS
RRV002_FREE_US_EQUITY_ALL_CAPABLE,379,KRYS
RRV002_FREE_US_EQUITY_ALL_CAPABLE,380,KTOS
RRV002_FREE_US_EQUITY_ALL_CAPABLE,381,KURA
RRV002_FREE_US_EQUITY_ALL_CAPABLE,382,KYMR
RRV002_FREE_US_EQUITY_ALL_CAPABLE,383,LAB
RRV002_FREE_US_EQUITY_ALL_CAPABLE,384,LAMR
RRV002_FREE_US_EQUITY_ALL_CAPABLE,385,LASR
RRV002_FREE_US_EQUITY_ALL_CAPABLE,386,LAUR
RRV002_FREE_US_EQUITY_ALL_CAPABLE,387,LBRDK
RRV002_FREE_US_EQUITY_ALL_CAPABLE,388,LBTYA
RRV002_FREE_US_EQUITY_ALL_CAPABLE,389,LBTYK
RRV002_FREE_US_EQUITY_ALL_CAPABLE,390,LCTX
RRV002_FREE_US_EQUITY_ALL_CAPABLE,391,LECO
RRV002_FREE_US_EQUITY_ALL_CAPABLE,392,LFCR
RRV002_FREE_US_EQUITY_ALL_CAPABLE,393,LGIH
RRV002_FREE_US_EQUITY_ALL_CAPABLE,394,LILAK
RRV002_FREE_US_EQUITY_ALL_CAPABLE,395,LIND
RRV002_FREE_US_EQUITY_ALL_CAPABLE,396,LITE
RRV002_FREE_US_EQUITY_ALL_CAPABLE,397,LIVN
RRV002_FREE_US_EQUITY_ALL_CAPABLE,398,LKQ
RRV002_FREE_US_EQUITY_ALL_CAPABLE,399,LNG
RRV002_FREE_US_EQUITY_ALL_CAPABLE,400,LNT
RRV002_FREE_US_EQUITY_ALL_CAPABLE,401,LNTH
RRV002_FREE_US_EQUITY_ALL_CAPABLE,402,LOB
RRV002_FREE_US_EQUITY_ALL_CAPABLE,403,LOCO
RRV002_FREE_US_EQUITY_ALL_CAPABLE,404,LOGI
RRV002_FREE_US_EQUITY_ALL_CAPABLE,405,LOPE
RRV002_FREE_US_EQUITY_ALL_CAPABLE,406,LOVE
RRV002_FREE_US_EQUITY_ALL_CAPABLE,407,LPLA
RRV002_FREE_US_EQUITY_ALL_CAPABLE,408,LPSN
RRV002_FREE_US_EQUITY_ALL_CAPABLE,409,LRCX
RRV002_FREE_US_EQUITY_ALL_CAPABLE,410,LSCC
RRV002_FREE_US_EQUITY_ALL_CAPABLE,411,LSTR
RRV002_FREE_US_EQUITY_ALL_CAPABLE,412,LULU
RRV002_FREE_US_EQUITY_ALL_CAPABLE,413,LUNG
RRV002_FREE_US_EQUITY_ALL_CAPABLE,414,LYFT
RRV002_FREE_US_EQUITY_ALL_CAPABLE,415,MANH
RRV002_FREE_US_EQUITY_ALL_CAPABLE,416,MAR
RRV002_FREE_US_EQUITY_ALL_CAPABLE,417,MARA
RRV002_FREE_US_EQUITY_ALL_CAPABLE,418,MASS
RRV002_FREE_US_EQUITY_ALL_CAPABLE,419,MAT
RRV002_FREE_US_EQUITY_ALL_CAPABLE,420,MBUU
RRV002_FREE_US_EQUITY_ALL_CAPABLE,421,MCHP
RRV002_FREE_US_EQUITY_ALL_CAPABLE,422,MDB
RRV002_FREE_US_EQUITY_ALL_CAPABLE,423,MDGL
RRV002_FREE_US_EQUITY_ALL_CAPABLE,424,MDLZ
RRV002_FREE_US_EQUITY_ALL_CAPABLE,425,MDXG
RRV002_FREE_US_EQUITY_ALL_CAPABLE,426,MEDP
RRV002_FREE_US_EQUITY_ALL_CAPABLE,427,MELI
RRV002_FREE_US_EQUITY_ALL_CAPABLE,428,MEOH
RRV002_FREE_US_EQUITY_ALL_CAPABLE,429,MERC
RRV002_FREE_US_EQUITY_ALL_CAPABLE,430,META
RRV002_FREE_US_EQUITY_ALL_CAPABLE,431,MGNI
RRV002_FREE_US_EQUITY_ALL_CAPABLE,432,MGNX
RRV002_FREE_US_EQUITY_ALL_CAPABLE,433,MGPI
RRV002_FREE_US_EQUITY_ALL_CAPABLE,434,MGTX
RRV002_FREE_US_EQUITY_ALL_CAPABLE,435,MIDD
RRV002_FREE_US_EQUITY_ALL_CAPABLE,436,MIRM
RRV002_FREE_US_EQUITY_ALL_CAPABLE,437,MITK
RRV002_FREE_US_EQUITY_ALL_CAPABLE,438,MKSI
RRV002_FREE_US_EQUITY_ALL_CAPABLE,439,MKTX
RRV002_FREE_US_EQUITY_ALL_CAPABLE,440,MMSI
RRV002_FREE_US_EQUITY_ALL_CAPABLE,441,MMYT
RRV002_FREE_US_EQUITY_ALL_CAPABLE,442,MNKD
RRV002_FREE_US_EQUITY_ALL_CAPABLE,443,MNRO
RRV002_FREE_US_EQUITY_ALL_CAPABLE,444,MNST
RRV002_FREE_US_EQUITY_ALL_CAPABLE,445,MPWR
RRV002_FREE_US_EQUITY_ALL_CAPABLE,446,MRCY
RRV002_FREE_US_EQUITY_ALL_CAPABLE,447,MRNA
RRV002_FREE_US_EQUITY_ALL_CAPABLE,448,MRTN
RRV002_FREE_US_EQUITY_ALL_CAPABLE,449,MRVI
RRV002_FREE_US_EQUITY_ALL_CAPABLE,450,MRVL
RRV002_FREE_US_EQUITY_ALL_CAPABLE,451,MSFT
RRV002_FREE_US_EQUITY_ALL_CAPABLE,452,MSTR
RRV002_FREE_US_EQUITY_ALL_CAPABLE,453,MTCH
RRV002_FREE_US_EQUITY_ALL_CAPABLE,454,MTSI
RRV002_FREE_US_EQUITY_ALL_CAPABLE,455,MU
RRV002_FREE_US_EQUITY_ALL_CAPABLE,456,MVIS
RRV002_FREE_US_EQUITY_ALL_CAPABLE,457,MVST
RRV002_FREE_US_EQUITY_ALL_CAPABLE,458,MYGN
RRV002_FREE_US_EQUITY_ALL_CAPABLE,459,NAVI
RRV002_FREE_US_EQUITY_ALL_CAPABLE,460,NBIX
RRV002_FREE_US_EQUITY_ALL_CAPABLE,461,NBTB
RRV002_FREE_US_EQUITY_ALL_CAPABLE,462,NCMI
RRV002_FREE_US_EQUITY_ALL_CAPABLE,463,NCNO
RRV002_FREE_US_EQUITY_ALL_CAPABLE,464,NDAQ
RRV002_FREE_US_EQUITY_ALL_CAPABLE,465,NEO
RRV002_FREE_US_EQUITY_ALL_CAPABLE,466,NEOG
RRV002_FREE_US_EQUITY_ALL_CAPABLE,467,NEXT
RRV002_FREE_US_EQUITY_ALL_CAPABLE,468,NFE
RRV002_FREE_US_EQUITY_ALL_CAPABLE,469,NFLX
RRV002_FREE_US_EQUITY_ALL_CAPABLE,470,NG
RRV002_FREE_US_EQUITY_ALL_CAPABLE,471,NKTR
RRV002_FREE_US_EQUITY_ALL_CAPABLE,472,NKTX
RRV002_FREE_US_EQUITY_ALL_CAPABLE,473,NMFC
RRV002_FREE_US_EQUITY_ALL_CAPABLE,474,NMIH
RRV002_FREE_US_EQUITY_ALL_CAPABLE,475,NMRK
RRV002_FREE_US_EQUITY_ALL_CAPABLE,476,NNOX
RRV002_FREE_US_EQUITY_ALL_CAPABLE,477,NRIX
RRV002_FREE_US_EQUITY_ALL_CAPABLE,478,NSIT
RRV002_FREE_US_EQUITY_ALL_CAPABLE,479,NTAP
RRV002_FREE_US_EQUITY_ALL_CAPABLE,480,NTCT
RRV002_FREE_US_EQUITY_ALL_CAPABLE,481,NTGR
RRV002_FREE_US_EQUITY_ALL_CAPABLE,482,NTLA
RRV002_FREE_US_EQUITY_ALL_CAPABLE,483,NTNX
RRV002_FREE_US_EQUITY_ALL_CAPABLE,484,NTRA
RRV002_FREE_US_EQUITY_ALL_CAPABLE,485,NVCR
RRV002_FREE_US_EQUITY_ALL_CAPABLE,486,NVDA
RRV002_FREE_US_EQUITY_ALL_CAPABLE,487,NVMI
RRV002_FREE_US_EQUITY_ALL_CAPABLE,488,NWBI
RRV002_FREE_US_EQUITY_ALL_CAPABLE,489,NWE
RRV002_FREE_US_EQUITY_ALL_CAPABLE,490,NWL
RRV002_FREE_US_EQUITY_ALL_CAPABLE,491,NWS
RRV002_FREE_US_EQUITY_ALL_CAPABLE,492,NWSA
RRV002_FREE_US_EQUITY_ALL_CAPABLE,493,NXPI
RRV002_FREE_US_EQUITY_ALL_CAPABLE,494,NXST
RRV002_FREE_US_EQUITY_ALL_CAPABLE,495,OCFC
RRV002_FREE_US_EQUITY_ALL_CAPABLE,496,OCGN
RRV002_FREE_US_EQUITY_ALL_CAPABLE,497,OCUL
RRV002_FREE_US_EQUITY_ALL_CAPABLE,498,ODFL
RRV002_FREE_US_EQUITY_ALL_CAPABLE,499,OFIX
RRV002_FREE_US_EQUITY_ALL_CAPABLE,500,OKTA
RRV002_FREE_US_EQUITY_ALL_CAPABLE,501,OLED
RRV002_FREE_US_EQUITY_ALL_CAPABLE,502,OLLI
RRV002_FREE_US_EQUITY_ALL_CAPABLE,503,OLMA
RRV002_FREE_US_EQUITY_ALL_CAPABLE,504,OM
RRV002_FREE_US_EQUITY_ALL_CAPABLE,505,OMCL
RRV002_FREE_US_EQUITY_ALL_CAPABLE,506,OMER
RRV002_FREE_US_EQUITY_ALL_CAPABLE,507,ON
RRV002_FREE_US_EQUITY_ALL_CAPABLE,508,ONB
RRV002_FREE_US_EQUITY_ALL_CAPABLE,509,ONEW
RRV002_FREE_US_EQUITY_ALL_CAPABLE,510,OPCH
RRV002_FREE_US_EQUITY_ALL_CAPABLE,511,OPEN
RRV002_FREE_US_EQUITY_ALL_CAPABLE,512,OPK
RRV002_FREE_US_EQUITY_ALL_CAPABLE,513,OPRX
RRV002_FREE_US_EQUITY_ALL_CAPABLE,514,ORGO
RRV002_FREE_US_EQUITY_ALL_CAPABLE,515,ORLY
RRV002_FREE_US_EQUITY_ALL_CAPABLE,516,OSPN
RRV002_FREE_US_EQUITY_ALL_CAPABLE,517,OSUR
RRV002_FREE_US_EQUITY_ALL_CAPABLE,518,OSW
RRV002_FREE_US_EQUITY_ALL_CAPABLE,519,OTEX
RRV002_FREE_US_EQUITY_ALL_CAPABLE,520,OTLK
RRV002_FREE_US_EQUITY_ALL_CAPABLE,521,OTTR
RRV002_FREE_US_EQUITY_ALL_CAPABLE,522,OXLC
RRV002_FREE_US_EQUITY_ALL_CAPABLE,523,OZK
RRV002_FREE_US_EQUITY_ALL_CAPABLE,524,PAAS
RRV002_FREE_US_EQUITY_ALL_CAPABLE,525,PACB
RRV002_FREE_US_EQUITY_ALL_CAPABLE,526,PAHC
RRV002_FREE_US_EQUITY_ALL_CAPABLE,527,PAYO
RRV002_FREE_US_EQUITY_ALL_CAPABLE,528,PAYX
RRV002_FREE_US_EQUITY_ALL_CAPABLE,529,PCAR
RRV002_FREE_US_EQUITY_ALL_CAPABLE,530,PCRX
RRV002_FREE_US_EQUITY_ALL_CAPABLE,531,PCT
RRV002_FREE_US_EQUITY_ALL_CAPABLE,532,PCTY
RRV002_FREE_US_EQUITY_ALL_CAPABLE,533,PEGA
RRV002_FREE_US_EQUITY_ALL_CAPABLE,534,PENG
RRV002_FREE_US_EQUITY_ALL_CAPABLE,535,PENN
RRV002_FREE_US_EQUITY_ALL_CAPABLE,536,PEP
RRV002_FREE_US_EQUITY_ALL_CAPABLE,537,PERI
RRV002_FREE_US_EQUITY_ALL_CAPABLE,538,PFG
RRV002_FREE_US_EQUITY_ALL_CAPABLE,539,PGEN
RRV002_FREE_US_EQUITY_ALL_CAPABLE,540,PGNY
RRV002_FREE_US_EQUITY_ALL_CAPABLE,541,PHAT
RRV002_FREE_US_EQUITY_ALL_CAPABLE,542,PI
RRV002_FREE_US_EQUITY_ALL_CAPABLE,543,PLAB
RRV002_FREE_US_EQUITY_ALL_CAPABLE,544,PLAY
RRV002_FREE_US_EQUITY_ALL_CAPABLE,545,PLCE
RRV002_FREE_US_EQUITY_ALL_CAPABLE,546,PLMR
RRV002_FREE_US_EQUITY_ALL_CAPABLE,547,PLRX
RRV002_FREE_US_EQUITY_ALL_CAPABLE,548,PLUG
RRV002_FREE_US_EQUITY_ALL_CAPABLE,549,PLUS
RRV002_FREE_US_EQUITY_ALL_CAPABLE,550,PNFP
RRV002_FREE_US_EQUITY_ALL_CAPABLE,551,PODD
RRV002_FREE_US_EQUITY_ALL_CAPABLE,552,POOL
RRV002_FREE_US_EQUITY_ALL_CAPABLE,553,POWW
RRV002_FREE_US_EQUITY_ALL_CAPABLE,554,PPC
RRV002_FREE_US_EQUITY_ALL_CAPABLE,555,PPLI
RRV002_FREE_US_EQUITY_ALL_CAPABLE,556,PR
RRV002_FREE_US_EQUITY_ALL_CAPABLE,557,PRAA
RRV002_FREE_US_EQUITY_ALL_CAPABLE,558,PRAX
RRV002_FREE_US_EQUITY_ALL_CAPABLE,559,PRCH
RRV002_FREE_US_EQUITY_ALL_CAPABLE,560,PRDO
RRV002_FREE_US_EQUITY_ALL_CAPABLE,561,PRGS
RRV002_FREE_US_EQUITY_ALL_CAPABLE,562,PRIM
RRV002_FREE_US_EQUITY_ALL_CAPABLE,563,PRTA
RRV002_FREE_US_EQUITY_ALL_CAPABLE,564,PSEC
RRV002_FREE_US_EQUITY_ALL_CAPABLE,565,PSMT
RRV002_FREE_US_EQUITY_ALL_CAPABLE,566,PTC
RRV002_FREE_US_EQUITY_ALL_CAPABLE,567,PTCT
RRV002_FREE_US_EQUITY_ALL_CAPABLE,568,PTEN
RRV002_FREE_US_EQUITY_ALL_CAPABLE,569,PTGX
RRV002_FREE_US_EQUITY_ALL_CAPABLE,570,PTON
RRV002_FREE_US_EQUITY_ALL_CAPABLE,571,PUBM
RRV002_FREE_US_EQUITY_ALL_CAPABLE,572,PYPL
RRV002_FREE_US_EQUITY_ALL_CAPABLE,573,PZZA
RRV002_FREE_US_EQUITY_ALL_CAPABLE,574,QCOM
RRV002_FREE_US_EQUITY_ALL_CAPABLE,575,QDEL
RRV002_FREE_US_EQUITY_ALL_CAPABLE,576,QNST
RRV002_FREE_US_EQUITY_ALL_CAPABLE,577,QRVO
RRV002_FREE_US_EQUITY_ALL_CAPABLE,578,QTRX
RRV002_FREE_US_EQUITY_ALL_CAPABLE,579,QURE
RRV002_FREE_US_EQUITY_ALL_CAPABLE,580,RARE
RRV002_FREE_US_EQUITY_ALL_CAPABLE,581,RBBN
RRV002_FREE_US_EQUITY_ALL_CAPABLE,582,RCEL
RRV002_FREE_US_EQUITY_ALL_CAPABLE,583,RCKT
RRV002_FREE_US_EQUITY_ALL_CAPABLE,584,RDNT
RRV002_FREE_US_EQUITY_ALL_CAPABLE,585,RDWR
RRV002_FREE_US_EQUITY_ALL_CAPABLE,586,REAL
RRV002_FREE_US_EQUITY_ALL_CAPABLE,587,REG
RRV002_FREE_US_EQUITY_ALL_CAPABLE,588,REGN
RRV002_FREE_US_EQUITY_ALL_CAPABLE,589,REI
RRV002_FREE_US_EQUITY_ALL_CAPABLE,590,REYN
RRV002_FREE_US_EQUITY_ALL_CAPABLE,591,RGEN
RRV002_FREE_US_EQUITY_ALL_CAPABLE,592,RGLD
RRV002_FREE_US_EQUITY_ALL_CAPABLE,593,RGNX
RRV002_FREE_US_EQUITY_ALL_CAPABLE,594,RGP
RRV002_FREE_US_EQUITY_ALL_CAPABLE,595,RILY
RRV002_FREE_US_EQUITY_ALL_CAPABLE,596,RIOT
RRV002_FREE_US_EQUITY_ALL_CAPABLE,597,RLAY
RRV002_FREE_US_EQUITY_ALL_CAPABLE,598,RMBS
RRV002_FREE_US_EQUITY_ALL_CAPABLE,599,RNST
RRV002_FREE_US_EQUITY_ALL_CAPABLE,600,ROAD
RRV002_FREE_US_EQUITY_ALL_CAPABLE,601,ROCK
RRV002_FREE_US_EQUITY_ALL_CAPABLE,602,ROKU
RRV002_FREE_US_EQUITY_ALL_CAPABLE,603,ROST
RRV002_FREE_US_EQUITY_ALL_CAPABLE,604,RPAY
RRV002_FREE_US_EQUITY_ALL_CAPABLE,605,RPD
RRV002_FREE_US_EQUITY_ALL_CAPABLE,606,RPRX
RRV002_FREE_US_EQUITY_ALL_CAPABLE,607,RRGB
RRV002_FREE_US_EQUITY_ALL_CAPABLE,608,RRR
RRV002_FREE_US_EQUITY_ALL_CAPABLE,609,RUN
RRV002_FREE_US_EQUITY_ALL_CAPABLE,610,RUSHA
RRV002_FREE_US_EQUITY_ALL_CAPABLE,611,RVMD
RRV002_FREE_US_EQUITY_ALL_CAPABLE,612,RXT
RRV002_FREE_US_EQUITY_ALL_CAPABLE,613,RYTM
RRV002_FREE_US_EQUITY_ALL_CAPABLE,614,SABR
RRV002_FREE_US_EQUITY_ALL_CAPABLE,615,SAIA
RRV002_FREE_US_EQUITY_ALL_CAPABLE,616,SANM
RRV002_FREE_US_EQUITY_ALL_CAPABLE,617,SBAC
RRV002_FREE_US_EQUITY_ALL_CAPABLE,618,SBCF
RRV002_FREE_US_EQUITY_ALL_CAPABLE,619,SBGI
RRV002_FREE_US_EQUITY_ALL_CAPABLE,620,SBLK
RRV002_FREE_US_EQUITY_ALL_CAPABLE,621,SBRA
RRV002_FREE_US_EQUITY_ALL_CAPABLE,622,SBSI
RRV002_FREE_US_EQUITY_ALL_CAPABLE,623,SBUX
RRV002_FREE_US_EQUITY_ALL_CAPABLE,624,SCHL
RRV002_FREE_US_EQUITY_ALL_CAPABLE,625,SCSC
RRV002_FREE_US_EQUITY_ALL_CAPABLE,626,SDGR
RRV002_FREE_US_EQUITY_ALL_CAPABLE,627,SEDG
RRV002_FREE_US_EQUITY_ALL_CAPABLE,628,SEIC
RRV002_FREE_US_EQUITY_ALL_CAPABLE,629,SFIX
RRV002_FREE_US_EQUITY_ALL_CAPABLE,630,SFM
RRV002_FREE_US_EQUITY_ALL_CAPABLE,631,SFNC
RRV002_FREE_US_EQUITY_ALL_CAPABLE,632,SGRY
RRV002_FREE_US_EQUITY_ALL_CAPABLE,633,SHC
RRV002_FREE_US_EQUITY_ALL_CAPABLE,634,SHOE
RRV002_FREE_US_EQUITY_ALL_CAPABLE,635,SHOO
RRV002_FREE_US_EQUITY_ALL_CAPABLE,636,SIBN
RRV002_FREE_US_EQUITY_ALL_CAPABLE,637,SIGA
RRV002_FREE_US_EQUITY_ALL_CAPABLE,638,SIGI
RRV002_FREE_US_EQUITY_ALL_CAPABLE,639,SIRI
RRV002_FREE_US_EQUITY_ALL_CAPABLE,640,SITM
RRV002_FREE_US_EQUITY_ALL_CAPABLE,641,SKIN
RRV002_FREE_US_EQUITY_ALL_CAPABLE,642,SKYW
RRV002_FREE_US_EQUITY_ALL_CAPABLE,643,SLAB
RRV002_FREE_US_EQUITY_ALL_CAPABLE,644,SLGN
RRV002_FREE_US_EQUITY_ALL_CAPABLE,645,SLM
RRV002_FREE_US_EQUITY_ALL_CAPABLE,646,SLP
RRV002_FREE_US_EQUITY_ALL_CAPABLE,647,SMCI
RRV002_FREE_US_EQUITY_ALL_CAPABLE,648,SMPL
RRV002_FREE_US_EQUITY_ALL_CAPABLE,649,SMTC
RRV002_FREE_US_EQUITY_ALL_CAPABLE,650,SNDL
RRV002_FREE_US_EQUITY_ALL_CAPABLE,651,SNDX
RRV002_FREE_US_EQUITY_ALL_CAPABLE,652,SNPS
RRV002_FREE_US_EQUITY_ALL_CAPABLE,653,SONO
RRV002_FREE_US_EQUITY_ALL_CAPABLE,654,SPSC
RRV002_FREE_US_EQUITY_ALL_CAPABLE,655,SPT
RRV002_FREE_US_EQUITY_ALL_CAPABLE,656,SPWH
RRV002_FREE_US_EQUITY_ALL_CAPABLE,657,SQQQ
RRV002_FREE_US_EQUITY_ALL_CAPABLE,658,SRRK
RRV002_FREE_US_EQUITY_ALL_CAPABLE,659,SRTA
RRV002_FREE_US_EQUITY_ALL_CAPABLE,660,SSB
RRV002_FREE_US_EQUITY_ALL_CAPABLE,661,SSNC
RRV002_FREE_US_EQUITY_ALL_CAPABLE,662,SSP
RRV002_FREE_US_EQUITY_ALL_CAPABLE,663,SSRM
RRV002_FREE_US_EQUITY_ALL_CAPABLE,664,SSYS
RRV002_FREE_US_EQUITY_ALL_CAPABLE,665,STAA
RRV002_FREE_US_EQUITY_ALL_CAPABLE,666,STEP
RRV002_FREE_US_EQUITY_ALL_CAPABLE,667,STGW
RRV002_FREE_US_EQUITY_ALL_CAPABLE,668,STLD
RRV002_FREE_US_EQUITY_ALL_CAPABLE,669,STNE
RRV002_FREE_US_EQUITY_ALL_CAPABLE,670,STOK
RRV002_FREE_US_EQUITY_ALL_CAPABLE,671,STRL
RRV002_FREE_US_EQUITY_ALL_CAPABLE,672,STRO
RRV002_FREE_US_EQUITY_ALL_CAPABLE,673,STX
RRV002_FREE_US_EQUITY_ALL_CAPABLE,674,SUPN
RRV002_FREE_US_EQUITY_ALL_CAPABLE,675,SVM
RRV002_FREE_US_EQUITY_ALL_CAPABLE,676,SWBI
RRV002_FREE_US_EQUITY_ALL_CAPABLE,677,SWKS
RRV002_FREE_US_EQUITY_ALL_CAPABLE,678,SYNA
RRV002_FREE_US_EQUITY_ALL_CAPABLE,679,TBBK
RRV002_FREE_US_EQUITY_ALL_CAPABLE,680,TBCH
RRV002_FREE_US_EQUITY_ALL_CAPABLE,681,TBPH
RRV002_FREE_US_EQUITY_ALL_CAPABLE,682,TCBI
RRV002_FREE_US_EQUITY_ALL_CAPABLE,683,TCMD
RRV002_FREE_US_EQUITY_ALL_CAPABLE,684,TEAM
RRV002_FREE_US_EQUITY_ALL_CAPABLE,685,TECH
RRV002_FREE_US_EQUITY_ALL_CAPABLE,686,TENB
RRV002_FREE_US_EQUITY_ALL_CAPABLE,687,TER
RRV002_FREE_US_EQUITY_ALL_CAPABLE,688,TFIN
RRV002_FREE_US_EQUITY_ALL_CAPABLE,689,TFSL
RRV002_FREE_US_EQUITY_ALL_CAPABLE,690,TGB
RRV002_FREE_US_EQUITY_ALL_CAPABLE,691,TGTX
RRV002_FREE_US_EQUITY_ALL_CAPABLE,692,THRM
RRV002_FREE_US_EQUITY_ALL_CAPABLE,693,THRY
RRV002_FREE_US_EQUITY_ALL_CAPABLE,694,TILE
RRV002_FREE_US_EQUITY_ALL_CAPABLE,695,TITN
RRV002_FREE_US_EQUITY_ALL_CAPABLE,696,TLRY
RRV002_FREE_US_EQUITY_ALL_CAPABLE,697,TLS
RRV002_FREE_US_EQUITY_ALL_CAPABLE,698,TMUS
RRV002_FREE_US_EQUITY_ALL_CAPABLE,699,TNDM
RRV002_FREE_US_EQUITY_ALL_CAPABLE,700,TOWN
RRV002_FREE_US_EQUITY_ALL_CAPABLE,701,TQQQ
RRV002_FREE_US_EQUITY_ALL_CAPABLE,702,TREE
RRV002_FREE_US_EQUITY_ALL_CAPABLE,703,TRIP
RRV002_FREE_US_EQUITY_ALL_CAPABLE,704,TRMB
RRV002_FREE_US_EQUITY_ALL_CAPABLE,705,TROW
RRV002_FREE_US_EQUITY_ALL_CAPABLE,706,TRS
RRV002_FREE_US_EQUITY_ALL_CAPABLE,707,TRUP
RRV002_FREE_US_EQUITY_ALL_CAPABLE,708,TSCO
RRV002_FREE_US_EQUITY_ALL_CAPABLE,709,TSEM
RRV002_FREE_US_EQUITY_ALL_CAPABLE,710,TSLA
RRV002_FREE_US_EQUITY_ALL_CAPABLE,711,TTD
RRV002_FREE_US_EQUITY_ALL_CAPABLE,712,TTEK
RRV002_FREE_US_EQUITY_ALL_CAPABLE,713,TTGT
RRV002_FREE_US_EQUITY_ALL_CAPABLE,714,TTMI
RRV002_FREE_US_EQUITY_ALL_CAPABLE,715,TTWO
RRV002_FREE_US_EQUITY_ALL_CAPABLE,716,TVTX
RRV002_FREE_US_EQUITY_ALL_CAPABLE,717,TW
RRV002_FREE_US_EQUITY_ALL_CAPABLE,718,TWST
RRV002_FREE_US_EQUITY_ALL_CAPABLE,719,TXG
RRV002_FREE_US_EQUITY_ALL_CAPABLE,720,TXN
RRV002_FREE_US_EQUITY_ALL_CAPABLE,721,TXRH
RRV002_FREE_US_EQUITY_ALL_CAPABLE,722,UCTT
RRV002_FREE_US_EQUITY_ALL_CAPABLE,723,UEC
RRV002_FREE_US_EQUITY_ALL_CAPABLE,724,UFPI
RRV002_FREE_US_EQUITY_ALL_CAPABLE,725,ULTA
RRV002_FREE_US_EQUITY_ALL_CAPABLE,726,UMBF
RRV002_FREE_US_EQUITY_ALL_CAPABLE,727,UPBD
RRV002_FREE_US_EQUITY_ALL_CAPABLE,728,UPST
RRV002_FREE_US_EQUITY_ALL_CAPABLE,729,UPWK
RRV002_FREE_US_EQUITY_ALL_CAPABLE,730,URBN
RRV002_FREE_US_EQUITY_ALL_CAPABLE,731,URG
RRV002_FREE_US_EQUITY_ALL_CAPABLE,732,UUUU
RRV002_FREE_US_EQUITY_ALL_CAPABLE,733,UVSP
RRV002_FREE_US_EQUITY_ALL_CAPABLE,734,VC
RRV002_FREE_US_EQUITY_ALL_CAPABLE,735,VCEL
RRV002_FREE_US_EQUITY_ALL_CAPABLE,736,VCTR
RRV002_FREE_US_EQUITY_ALL_CAPABLE,737,VCYT
RRV002_FREE_US_EQUITY_ALL_CAPABLE,738,VECO
RRV002_FREE_US_EQUITY_ALL_CAPABLE,739,VERI
RRV002_FREE_US_EQUITY_ALL_CAPABLE,740,VERX
RRV002_FREE_US_EQUITY_ALL_CAPABLE,741,VIAV
RRV002_FREE_US_EQUITY_ALL_CAPABLE,742,VICR
RRV002_FREE_US_EQUITY_ALL_CAPABLE,743,VIR
RRV002_FREE_US_EQUITY_ALL_CAPABLE,744,VIRT
RRV002_FREE_US_EQUITY_ALL_CAPABLE,745,VISN
RRV002_FREE_US_EQUITY_ALL_CAPABLE,746,VITL
RRV002_FREE_US_EQUITY_ALL_CAPABLE,747,VKTX
RRV002_FREE_US_EQUITY_ALL_CAPABLE,748,VLY
RRV002_FREE_US_EQUITY_ALL_CAPABLE,749,VNDA
RRV002_FREE_US_EQUITY_ALL_CAPABLE,750,VNOM
RRV002_FREE_US_EQUITY_ALL_CAPABLE,751,VRA
RRV002_FREE_US_EQUITY_ALL_CAPABLE,752,VREX
RRV002_FREE_US_EQUITY_ALL_CAPABLE,753,VRNS
RRV002_FREE_US_EQUITY_ALL_CAPABLE,754,VRRM
RRV002_FREE_US_EQUITY_ALL_CAPABLE,755,VRSK
RRV002_FREE_US_EQUITY_ALL_CAPABLE,756,VRSN
RRV002_FREE_US_EQUITY_ALL_CAPABLE,757,VRTX
RRV002_FREE_US_EQUITY_ALL_CAPABLE,758,VSAT
RRV002_FREE_US_EQUITY_ALL_CAPABLE,759,VSTM
RRV002_FREE_US_EQUITY_ALL_CAPABLE,760,VTRS
RRV002_FREE_US_EQUITY_ALL_CAPABLE,761,VUZI
RRV002_FREE_US_EQUITY_ALL_CAPABLE,762,VYGR
RRV002_FREE_US_EQUITY_ALL_CAPABLE,763,WAFD
RRV002_FREE_US_EQUITY_ALL_CAPABLE,764,WDAY
RRV002_FREE_US_EQUITY_ALL_CAPABLE,765,WDC
RRV002_FREE_US_EQUITY_ALL_CAPABLE,766,WEN
RRV002_FREE_US_EQUITY_ALL_CAPABLE,767,WERN
RRV002_FREE_US_EQUITY_ALL_CAPABLE,768,WING
RRV002_FREE_US_EQUITY_ALL_CAPABLE,769,WIX
RRV002_FREE_US_EQUITY_ALL_CAPABLE,770,WMG
RRV002_FREE_US_EQUITY_ALL_CAPABLE,771,WSBC
RRV002_FREE_US_EQUITY_ALL_CAPABLE,772,WSC
RRV002_FREE_US_EQUITY_ALL_CAPABLE,773,WSFS
RRV002_FREE_US_EQUITY_ALL_CAPABLE,774,WT
RRV002_FREE_US_EQUITY_ALL_CAPABLE,775,WTFC
RRV002_FREE_US_EQUITY_ALL_CAPABLE,776,WTW
RRV002_FREE_US_EQUITY_ALL_CAPABLE,777,WVE
RRV002_FREE_US_EQUITY_ALL_CAPABLE,778,WWD
RRV002_FREE_US_EQUITY_ALL_CAPABLE,779,WYNN
RRV002_FREE_US_EQUITY_ALL_CAPABLE,780,XEL
RRV002_FREE_US_EQUITY_ALL_CAPABLE,781,XENE
RRV002_FREE_US_EQUITY_ALL_CAPABLE,782,XERS
RRV002_FREE_US_EQUITY_ALL_CAPABLE,783,XNCR
RRV002_FREE_US_EQUITY_ALL_CAPABLE,784,XP
RRV002_FREE_US_EQUITY_ALL_CAPABLE,785,XPEL
RRV002_FREE_US_EQUITY_ALL_CAPABLE,786,XRAY
RRV002_FREE_US_EQUITY_ALL_CAPABLE,787,Z
RRV002_FREE_US_EQUITY_ALL_CAPABLE,788,ZD
RRV002_FREE_US_EQUITY_ALL_CAPABLE,789,ZG
RRV002_FREE_US_EQUITY_ALL_CAPABLE,790,ZION
RRV002_FREE_US_EQUITY_ALL_CAPABLE,791,ZM
RRV002_FREE_US_EQUITY_ALL_CAPABLE,792,ZNTL
RRV002_FREE_US_EQUITY_ALL_CAPABLE,793,ZS
RRV002_FREE_US_EQUITY_ALL_CAPABLE,794,ZUMZ
RRV002_FREE_US_EQUITY_ALL_CAPABLE,795,AAOI
RRV002_FREE_US_EQUITY_ALL_CAPABLE,796,ADUS
RRV002_FREE_US_EQUITY_ALL_CAPABLE,797,AFYA
RRV002_FREE_US_EQUITY_ALL_CAPABLE,798,AGYS
RRV002_FREE_US_EQUITY_ALL_CAPABLE,799,ALNY
RRV002_FREE_US_EQUITY_ALL_CAPABLE,800,AMSF
RRV002_FREE_US_EQUITY_ALL_CAPABLE,801,ANIK
RRV002_FREE_US_EQUITY_ALL_CAPABLE,802,AOSL
RRV002_FREE_US_EQUITY_ALL_CAPABLE,803,ARDX
RRV002_FREE_US_EQUITY_ALL_CAPABLE,804,ATRO
RRV002_FREE_US_EQUITY_ALL_CAPABLE,805,AVIR
RRV002_FREE_US_EQUITY_ALL_CAPABLE,806,AXTI
RRV002_FREE_US_EQUITY_ALL_CAPABLE,807,BELFB
RRV002_FREE_US_EQUITY_ALL_CAPABLE,808,BIIB
RRV002_FREE_US_EQUITY_ALL_CAPABLE,809,BTBT
RRV002_FREE_US_EQUITY_ALL_CAPABLE,810,BUSE
RRV002_FREE_US_EQUITY_ALL_CAPABLE,811,CHEF
RRV002_FREE_US_EQUITY_ALL_CAPABLE,812,CLBK
RRV002_FREE_US_EQUITY_ALL_CAPABLE,813,CLFD
RRV002_FREE_US_EQUITY_ALL_CAPABLE,814,CLSK
RRV002_FREE_US_EQUITY_ALL_CAPABLE,815,CMCO
RRV002_FREE_US_EQUITY_ALL_CAPABLE,816,CNOB
RRV002_FREE_US_EQUITY_ALL_CAPABLE,817,CRSP
RRV002_FREE_US_EQUITY_ALL_CAPABLE,818,CRTO
RRV002_FREE_US_EQUITY_ALL_CAPABLE,819,CTMX
RRV002_FREE_US_EQUITY_ALL_CAPABLE,820,CYTK
RRV002_FREE_US_EQUITY_ALL_CAPABLE,821,DMRC
RRV002_FREE_US_EQUITY_ALL_CAPABLE,822,DORM
RRV002_FREE_US_EQUITY_ALL_CAPABLE,823,GERN
RRV002_FREE_US_EQUITY_ALL_CAPABLE,824,GH
RRV002_FREE_US_EQUITY_ALL_CAPABLE,825,HAFC
RRV002_FREE_US_EQUITY_ALL_CAPABLE,826,HCKT
RRV002_FREE_US_EQUITY_ALL_CAPABLE,827,HFWA
RRV002_FREE_US_EQUITY_ALL_CAPABLE,828,HRZN
RRV002_FREE_US_EQUITY_ALL_CAPABLE,829,HSTM
RRV002_FREE_US_EQUITY_ALL_CAPABLE,830,IMUX
RRV002_FREE_US_EQUITY_ALL_CAPABLE,831,INVA
RRV002_FREE_US_EQUITY_ALL_CAPABLE,832,IOSP
RRV002_FREE_US_EQUITY_ALL_CAPABLE,833,KALU
RRV002_FREE_US_EQUITY_ALL_CAPABLE,834,KE
RRV002_FREE_US_EQUITY_ALL_CAPABLE,835,KOPN
RRV002_FREE_US_EQUITY_ALL_CAPABLE,836,KPTI
RRV002_FREE_US_EQUITY_ALL_CAPABLE,837,KRNY
RRV002_FREE_US_EQUITY_ALL_CAPABLE,838,KRUS
RRV002_FREE_US_EQUITY_ALL_CAPABLE,839,LEU
RRV002_FREE_US_EQUITY_ALL_CAPABLE,840,LILA
RRV002_FREE_US_EQUITY_ALL_CAPABLE,841,LKFN
RRV002_FREE_US_EQUITY_ALL_CAPABLE,842,LXRX
RRV002_FREE_US_EQUITY_ALL_CAPABLE,843,MCFT
RRV002_FREE_US_EQUITY_ALL_CAPABLE,844,MORN
RRV002_FREE_US_EQUITY_ALL_CAPABLE,845,MSEX
RRV002_FREE_US_EQUITY_ALL_CAPABLE,846,MTRX
RRV002_FREE_US_EQUITY_ALL_CAPABLE,847,MYRG
RRV002_FREE_US_EQUITY_ALL_CAPABLE,848,MZTI
RRV002_FREE_US_EQUITY_ALL_CAPABLE,849,NDSN
RRV002_FREE_US_EQUITY_ALL_CAPABLE,850,NEWT
RRV002_FREE_US_EQUITY_ALL_CAPABLE,851,NOVT
RRV002_FREE_US_EQUITY_ALL_CAPABLE,852,OSBC
RRV002_FREE_US_EQUITY_ALL_CAPABLE,853,PATK
RRV002_FREE_US_EQUITY_ALL_CAPABLE,854,PBYI
RRV002_FREE_US_EQUITY_ALL_CAPABLE,855,PETS
RRV002_FREE_US_EQUITY_ALL_CAPABLE,856,PLXS
RRV002_FREE_US_EQUITY_ALL_CAPABLE,857,PNNT
RRV002_FREE_US_EQUITY_ALL_CAPABLE,858,PNTG
RRV002_FREE_US_EQUITY_ALL_CAPABLE,859,POWI
RRV002_FREE_US_EQUITY_ALL_CAPABLE,860,QLYS
RRV002_FREE_US_EQUITY_ALL_CAPABLE,861,RBC
RRV002_FREE_US_EQUITY_ALL_CAPABLE,862,REPL
RRV002_FREE_US_EQUITY_ALL_CAPABLE,863,RIGL
RRV002_FREE_US_EQUITY_ALL_CAPABLE,864,RMNI
RRV002_FREE_US_EQUITY_ALL_CAPABLE,865,RNA
RRV002_FREE_US_EQUITY_ALL_CAPABLE,866,SENS
RRV002_FREE_US_EQUITY_ALL_CAPABLE,867,SPRY
RRV002_FREE_US_EQUITY_ALL_CAPABLE,868,SRPT
RRV002_FREE_US_EQUITY_ALL_CAPABLE,869,STBA
RRV002_FREE_US_EQUITY_ALL_CAPABLE,870,TCPC
RRV002_FREE_US_EQUITY_ALL_CAPABLE,871,TTEC
RRV002_FREE_US_EQUITY_ALL_CAPABLE,872,URGN
RRV002_FREE_US_EQUITY_ALL_CAPABLE,873,XPER
RRV002_FREE_US_EQUITY_ALL_CAPABLE,874,ZBRA
RRV002_FREE_US_EQUITY_ALL_CAPABLE,875,ACAD
RRV002_FREE_US_EQUITY_ALL_CAPABLE,876,ACB
RRV002_FREE_US_EQUITY_ALL_CAPABLE,877,ANIP
RRV002_FREE_US_EQUITY_ALL_CAPABLE,878,BLBD
RRV002_FREE_US_EQUITY_ALL_CAPABLE,879,CCEP
RRV002_FREE_US_EQUITY_ALL_CAPABLE,880,COGT
RRV002_FREE_US_EQUITY_ALL_CAPABLE,881,CWCO
RRV002_FREE_US_EQUITY_ALL_CAPABLE,882,DRS
RRV002_FREE_US_EQUITY_ALL_CAPABLE,883,EEFT
RRV002_FREE_US_EQUITY_ALL_CAPABLE,884,EVGO
RRV002_FREE_US_EQUITY_ALL_CAPABLE,885,FFAI
RRV002_FREE_US_EQUITY_ALL_CAPABLE,886,GBCI
RRV002_FREE_US_EQUITY_ALL_CAPABLE,887,GRBK
RRV002_FREE_US_EQUITY_ALL_CAPABLE,888,GRMN
RRV002_FREE_US_EQUITY_ALL_CAPABLE,889,GTE
RRV002_FREE_US_EQUITY_ALL_CAPABLE,890,HBNC
RRV002_FREE_US_EQUITY_ALL_CAPABLE,891,HOMB
RRV002_FREE_US_EQUITY_ALL_CAPABLE,892,HON
RRV002_FREE_US_EQUITY_ALL_CAPABLE,893,HRTX
RRV002_FREE_US_EQUITY_ALL_CAPABLE,894,LCID
RRV002_FREE_US_EQUITY_ALL_CAPABLE,895,MATW
RRV002_FREE_US_EQUITY_ALL_CAPABLE,896,MLKN
RRV002_FREE_US_EQUITY_ALL_CAPABLE,897,NOG
RRV002_FREE_US_EQUITY_ALL_CAPABLE,898,NVAX
RRV002_FREE_US_EQUITY_ALL_CAPABLE,899,NXE
RRV002_FREE_US_EQUITY_ALL_CAPABLE,900,PANW
RRV002_FREE_US_EQUITY_ALL_CAPABLE,901,PCVX
RRV002_FREE_US_EQUITY_ALL_CAPABLE,902,PDFS
RRV002_FREE_US_EQUITY_ALL_CAPABLE,903,SOFI
RRV002_FREE_US_EQUITY_ALL_CAPABLE,904,TBLA
RRV002_FREE_US_EQUITY_ALL_CAPABLE,905,XRX
RRV002_FREE_US_EQUITY_ALL_CAPABLE,906,ACTG
RRV002_FREE_US_EQUITY_ALL_CAPABLE,907,ALXO
RRV002_FREE_US_EQUITY_ALL_CAPABLE,908,BCPC
RRV002_FREE_US_EQUITY_ALL_CAPABLE,909,CLPT
RRV002_FREE_US_EQUITY_ALL_CAPABLE,910,FOSL
RRV002_FREE_US_EQUITY_ALL_CAPABLE,911,HURN
RRV002_FREE_US_EQUITY_ALL_CAPABLE,912,ICFI
RRV002_FREE_US_EQUITY_ALL_CAPABLE,913,IPAR
RRV002_FREE_US_EQUITY_ALL_CAPABLE,914,LFUS
RRV002_FREE_US_EQUITY_ALL_CAPABLE,915,LGND
RRV002_FREE_US_EQUITY_ALL_CAPABLE,916,LMAT
RRV002_FREE_US_EQUITY_ALL_CAPABLE,917,LQDT
RRV002_FREE_US_EQUITY_ALL_CAPABLE,918,MCHB
RRV002_FREE_US_EQUITY_ALL_CAPABLE,919,MFIC
RRV002_FREE_US_EQUITY_ALL_CAPABLE,920,MGRC
RRV002_FREE_US_EQUITY_ALL_CAPABLE,921,OCSL
RRV002_FREE_US_EQUITY_ALL_CAPABLE,922,OSIS
RRV002_FREE_US_EQUITY_ALL_CAPABLE,923,PLBY
RRV002_FREE_US_EQUITY_ALL_CAPABLE,924,PSNL
RRV002_FREE_US_EQUITY_ALL_CAPABLE,925,RLGT
RRV002_FREE_US_EQUITY_ALL_CAPABLE,926,SHEN
RRV002_FREE_US_EQUITY_ALL_CAPABLE,927,STRA
RRV002_FREE_US_EQUITY_ALL_CAPABLE,928,VTGN
RRV002_FREE_US_EQUITY_ALL_CAPABLE,929,WABC
RRV002_FREE_US_EQUITY_ALL_CAPABLE,930,WKHS
RRV002_FREE_US_EQUITY_ALL_CAPABLE,931,DXPE
RRV002_FREE_US_EQUITY_ALL_CAPABLE,932,KLXE
RRV002_FREE_US_EQUITY_ALL_CAPABLE,933,KNSL
RRV002_FREE_US_EQUITY_ALL_CAPABLE,934,SFBS
RRV002_FREE_US_EQUITY_ALL_CAPABLE,935,SPOK
RRV002_FREE_US_EQUITY_ALL_CAPABLE,936,UHAL
RRV002_FREE_US_EQUITY_ALL_CAPABLE,937,A
RRV002_FREE_US_EQUITY_ALL_CAPABLE,938,AA
RRV002_FREE_US_EQUITY_ALL_CAPABLE,939,AAP
RRV002_FREE_US_EQUITY_ALL_CAPABLE,940,ABBV
RRV002_FREE_US_EQUITY_ALL_CAPABLE,941,ABEV
RRV002_FREE_US_EQUITY_ALL_CAPABLE,942,ABM
RRV002_FREE_US_EQUITY_ALL_CAPABLE,943,ABT
RRV002_FREE_US_EQUITY_ALL_CAPABLE,944,ACA
RRV002_FREE_US_EQUITY_ALL_CAPABLE,945,ACCO
RRV002_FREE_US_EQUITY_ALL_CAPABLE,946,ACEL
RRV002_FREE_US_EQUITY_ALL_CAPABLE,947,ACI
RRV002_FREE_US_EQUITY_ALL_CAPABLE,948,ACM
RRV002_FREE_US_EQUITY_ALL_CAPABLE,949,ACN
RRV002_FREE_US_EQUITY_ALL_CAPABLE,950,ACRE
RRV002_FREE_US_EQUITY_ALL_CAPABLE,951,ADC
RRV002_FREE_US_EQUITY_ALL_CAPABLE,952,ADM
RRV002_FREE_US_EQUITY_ALL_CAPABLE,953,ADNT
RRV002_FREE_US_EQUITY_ALL_CAPABLE,954,ADT
RRV002_FREE_US_EQUITY_ALL_CAPABLE,955,AEE
RRV002_FREE_US_EQUITY_ALL_CAPABLE,956,AEG
RRV002_FREE_US_EQUITY_ALL_CAPABLE,957,AEM
RRV002_FREE_US_EQUITY_ALL_CAPABLE,958,AEO
RRV002_FREE_US_EQUITY_ALL_CAPABLE,959,AER
RRV002_FREE_US_EQUITY_ALL_CAPABLE,960,AES
RRV002_FREE_US_EQUITY_ALL_CAPABLE,961,AMBP
RRV002_FREE_US_EQUITY_ALL_CAPABLE,962,AMC
RRV002_FREE_US_EQUITY_ALL_CAPABLE,963,BATRK
RRV002_FREE_US_EQUITY_ALL_CAPABLE,964,BFH
RRV002_FREE_US_EQUITY_ALL_CAPABLE,965,BKR
RRV002_FREE_US_EQUITY_ALL_CAPABLE,966,BLDR
RRV002_FREE_US_EQUITY_ALL_CAPABLE,967,CALY
RRV002_FREE_US_EQUITY_ALL_CAPABLE,968,E
RRV002_FREE_US_EQUITY_ALL_CAPABLE,969,EAF
RRV002_FREE_US_EQUITY_ALL_CAPABLE,970,EAT
RRV002_FREE_US_EQUITY_ALL_CAPABLE,971,EBS
RRV002_FREE_US_EQUITY_ALL_CAPABLE,972,EC
RRV002_FREE_US_EQUITY_ALL_CAPABLE,973,ECL
RRV002_FREE_US_EQUITY_ALL_CAPABLE,974,ECVT
RRV002_FREE_US_EQUITY_ALL_CAPABLE,975,ED
RRV002_FREE_US_EQUITY_ALL_CAPABLE,976,EFC
RRV002_FREE_US_EQUITY_ALL_CAPABLE,977,EFX
RRV002_FREE_US_EQUITY_ALL_CAPABLE,978,EGHT
RRV002_FREE_US_EQUITY_ALL_CAPABLE,979,EGO
RRV002_FREE_US_EQUITY_ALL_CAPABLE,980,EGP
RRV002_FREE_US_EQUITY_ALL_CAPABLE,981,EHC
RRV002_FREE_US_EQUITY_ALL_CAPABLE,982,EIX
RRV002_FREE_US_EQUITY_ALL_CAPABLE,983,EL
RRV002_FREE_US_EQUITY_ALL_CAPABLE,984,ELAN
RRV002_FREE_US_EQUITY_ALL_CAPABLE,985,ELF
RRV002_FREE_US_EQUITY_ALL_CAPABLE,986,ELS
RRV002_FREE_US_EQUITY_ALL_CAPABLE,987,EME
RRV002_FREE_US_EQUITY_ALL_CAPABLE,988,EMN
RRV002_FREE_US_EQUITY_ALL_CAPABLE,989,EMR
RRV002_FREE_US_EQUITY_ALL_CAPABLE,990,ENB
RRV002_FREE_US_EQUITY_ALL_CAPABLE,991,ENR
RRV002_FREE_US_EQUITY_ALL_CAPABLE,992,ENS
RRV002_FREE_US_EQUITY_ALL_CAPABLE,993,EOG
RRV002_FREE_US_EQUITY_ALL_CAPABLE,994,GE
RRV002_FREE_US_EQUITY_ALL_CAPABLE,995,KBH
RRV002_FREE_US_EQUITY_ALL_CAPABLE,996,KBR
RRV002_FREE_US_EQUITY_ALL_CAPABLE,997,KEX
RRV002_FREE_US_EQUITY_ALL_CAPABLE,998,KEY
RRV002_FREE_US_EQUITY_ALL_CAPABLE,999,KEYS
RRV002_FREE_US_EQUITY_ALL_CAPABLE,1000,KFY
RRV002_FREE_US_EQUITY_ALL_CAPABLE,1001,KGC
RRV002_FREE_US_EQUITY_ALL_CAPABLE,1002,KIM
RRV002_FREE_US_EQUITY_ALL_CAPABLE,1003,KKR
RRV002_FREE_US_EQUITY_ALL_CAPABLE,1004,KMB
RRV002_FREE_US_EQUITY_ALL_CAPABLE,1005,KMI
RRV002_FREE_US_EQUITY_ALL_CAPABLE,1006,KMT
RRV002_FREE_US_EQUITY_ALL_CAPABLE,1007,KMX
RRV002_FREE_US_EQUITY_ALL_CAPABLE,1008,KN
RRV002_FREE_US_EQUITY_ALL_CAPABLE,1009,KNX
RRV002_FREE_US_EQUITY_ALL_CAPABLE,1010,KO
RRV002_FREE_US_EQUITY_ALL_CAPABLE,1011,KODK
RRV002_FREE_US_EQUITY_ALL_CAPABLE,1012,KOF
RRV002_FREE_US_EQUITY_ALL_CAPABLE,1013,KOS
RRV002_FREE_US_EQUITY_ALL_CAPABLE,1014,KR
RRV002_FREE_US_EQUITY_ALL_CAPABLE,1015,LQDA
RRV002_FREE_US_EQUITY_ALL_CAPABLE,1016,MXL
RRV002_FREE_US_EQUITY_ALL_CAPABLE,1017,OPLN
RRV002_FREE_US_EQUITY_ALL_CAPABLE,1018,OPRT
RRV002_FREE_US_EQUITY_ALL_CAPABLE,1019,SA
RRV002_FREE_US_EQUITY_ALL_CAPABLE,1020,SAFE
RRV002_FREE_US_EQUITY_ALL_CAPABLE,1021,SAIC
RRV002_FREE_US_EQUITY_ALL_CAPABLE,1022,SAN
RRV002_FREE_US_EQUITY_ALL_CAPABLE,1023,SAP
RRV002_FREE_US_EQUITY_ALL_CAPABLE,1024,SB
RRV002_FREE_US_EQUITY_ALL_CAPABLE,1025,SBH
RRV002_FREE_US_EQUITY_ALL_CAPABLE,1026,SCCO
RRV002_FREE_US_EQUITY_ALL_CAPABLE,1027,SCHW
RRV002_FREE_US_EQUITY_ALL_CAPABLE,1028,SCI
RRV002_FREE_US_EQUITY_ALL_CAPABLE,1029,SD
RRV002_FREE_US_EQUITY_ALL_CAPABLE,1030,SF
RRV002_FREE_US_EQUITY_ALL_CAPABLE,1031,SFL
RRV002_FREE_US_EQUITY_ALL_CAPABLE,1032,SHAK
RRV002_FREE_US_EQUITY_ALL_CAPABLE,1033,SHO
RRV002_FREE_US_EQUITY_ALL_CAPABLE,1034,SHOP
RRV002_FREE_US_EQUITY_ALL_CAPABLE,1035,SHW
RRV002_FREE_US_EQUITY_ALL_CAPABLE,1036,SID
RRV002_FREE_US_EQUITY_ALL_CAPABLE,1037,SIG
RRV002_FREE_US_EQUITY_ALL_CAPABLE,1038,TMDX
RRV002_FREE_US_EQUITY_ALL_CAPABLE,1039,WOLF
RRV002_FREE_US_EQUITY_ALL_CAPABLE,1040,CGBD
RRV002_FREE_US_EQUITY_ALL_CAPABLE,1041,LAND
RRV002_FREE_US_EQUITY_ALL_CAPABLE,1042,MPAA
RRV002_FREE_US_EQUITY_ALL_CAPABLE,1043,OBK
RRV002_FREE_US_EQUITY_ALL_CAPABLE,1044,ORIC
RRV002_FREE_US_EQUITY_ALL_CAPABLE,1045,PEBO
RRV002_FREE_US_EQUITY_ALL_CAPABLE,1046,REKR
RRV002_FREE_US_EQUITY_ALL_CAPABLE,1047,SNEX
RRV002_FREE_US_EQUITY_ALL_CAPABLE,1048,TALK
RRV002_FREE_US_EQUITY_ALL_CAPABLE,1049,TCBK
RRV002_FREE_US_EQUITY_ALL_CAPABLE,1050,TSHA
RRV002_FREE_US_EQUITY_ALL_CAPABLE,1051,BOC
RRV002_FREE_US_EQUITY_ALL_CAPABLE,1052,JJSF
RRV002_FREE_US_EQUITY_ALL_CAPABLE,1053,PFLT
RRV002_FREE_US_EQUITY_ALL_CAPABLE,1054,PHUN
RRV002_FREE_US_EQUITY_ALL_CAPABLE,1055,AB
RRV002_FREE_US_EQUITY_ALL_CAPABLE,1056,ABG
RRV002_FREE_US_EQUITY_ALL_CAPABLE,1057,ADCT
RRV002_FREE_US_EQUITY_ALL_CAPABLE,1058,EIG
RRV002_FREE_US_EQUITY_ALL_CAPABLE,1059,ENVA
RRV002_FREE_US_EQUITY_ALL_CAPABLE,1060,HLIO
RRV002_FREE_US_EQUITY_ALL_CAPABLE,1061,KMPR
RRV002_FREE_US_EQUITY_ALL_CAPABLE,1062,KOP
RRV002_FREE_US_EQUITY_ALL_CAPABLE,1063,NSSC
RRV002_FREE_US_EQUITY_ALL_CAPABLE,1064,SAH
RRV002_FREE_US_EQUITY_ALL_CAPABLE,1065,AAMI
RRV002_FREE_US_EQUITY_ALL_CAPABLE,1066,ACH
RRV002_FREE_US_EQUITY_ALL_CAPABLE,1067,ACHR
RRV002_FREE_US_EQUITY_ALL_CAPABLE,1068,AFG
RRV002_FREE_US_EQUITY_ALL_CAPABLE,1069,AFL
RRV002_FREE_US_EQUITY_ALL_CAPABLE,1070,AG
RRV002_FREE_US_EQUITY_ALL_CAPABLE,1071,AGCO
RRV002_FREE_US_EQUITY_ALL_CAPABLE,1072,AGI
RRV002_FREE_US_EQUITY_ALL_CAPABLE,1073,AGO
RRV002_FREE_US_EQUITY_ALL_CAPABLE,1074,AGRO
RRV002_FREE_US_EQUITY_ALL_CAPABLE,1075,AI
RRV002_FREE_US_EQUITY_ALL_CAPABLE,1076,AIG
RRV002_FREE_US_EQUITY_ALL_CAPABLE,1077,AIN
RRV002_FREE_US_EQUITY_ALL_CAPABLE,1078,AIR
RRV002_FREE_US_EQUITY_ALL_CAPABLE,1079,AIT
RRV002_FREE_US_EQUITY_ALL_CAPABLE,1080,AIV
RRV002_FREE_US_EQUITY_ALL_CAPABLE,1081,AIZ
RRV002_FREE_US_EQUITY_ALL_CAPABLE,1082,AJG
RRV002_FREE_US_EQUITY_ALL_CAPABLE,1083,ALB
RRV002_FREE_US_EQUITY_ALL_CAPABLE,1084,ALC
RRV002_FREE_US_EQUITY_ALL_CAPABLE,1085,ALIT
RRV002_FREE_US_EQUITY_ALL_CAPABLE,1086,ALK
RRV002_FREE_US_EQUITY_ALL_CAPABLE,1087,ALL
RRV002_FREE_US_EQUITY_ALL_CAPABLE,1088,ALLE
RRV002_FREE_US_EQUITY_ALL_CAPABLE,1089,ALLY
RRV002_FREE_US_EQUITY_ALL_CAPABLE,1090,ALSN
RRV002_FREE_US_EQUITY_ALL_CAPABLE,1091,ALV
RRV002_FREE_US_EQUITY_ALL_CAPABLE,1092,AM
RRV002_FREE_US_EQUITY_ALL_CAPABLE,1093,AMCR
RRV002_FREE_US_EQUITY_ALL_CAPABLE,1094,AME
RRV002_FREE_US_EQUITY_ALL_CAPABLE,1095,AMH
RRV002_FREE_US_EQUITY_ALL_CAPABLE,1096,AMN
RRV002_FREE_US_EQUITY_ALL_CAPABLE,1097,AMP
RRV002_FREE_US_EQUITY_ALL_CAPABLE,1098,AMRC
RRV002_FREE_US_EQUITY_ALL_CAPABLE,1099,AMRX
RRV002_FREE_US_EQUITY_ALL_CAPABLE,1100,AMT
RRV002_FREE_US_EQUITY_ALL_CAPABLE,1101,AN
RRV002_FREE_US_EQUITY_ALL_CAPABLE,1102,ANET
RRV002_FREE_US_EQUITY_ALL_CAPABLE,1103,ANF
RRV002_FREE_US_EQUITY_ALL_CAPABLE,1104,AON
RRV002_FREE_US_EQUITY_ALL_CAPABLE,1105,AOS
RRV002_FREE_US_EQUITY_ALL_CAPABLE,1106,APAM
RRV002_FREE_US_EQUITY_ALL_CAPABLE,1107,APD
RRV002_FREE_US_EQUITY_ALL_CAPABLE,1108,APG
RRV002_FREE_US_EQUITY_ALL_CAPABLE,1109,APH
RRV002_FREE_US_EQUITY_ALL_CAPABLE,1110,APLE
RRV002_FREE_US_EQUITY_ALL_CAPABLE,1111,APO
RRV002_FREE_US_EQUITY_ALL_CAPABLE,1112,APTV
RRV002_FREE_US_EQUITY_ALL_CAPABLE,1113,AQN
RRV002_FREE_US_EQUITY_ALL_CAPABLE,1114,AR
RRV002_FREE_US_EQUITY_ALL_CAPABLE,1115,ARCO
RRV002_FREE_US_EQUITY_ALL_CAPABLE,1116,ARE
RRV002_FREE_US_EQUITY_ALL_CAPABLE,1117,ARES
RRV002_FREE_US_EQUITY_ALL_CAPABLE,1118,ARI
RRV002_FREE_US_EQUITY_ALL_CAPABLE,1119,ARLO
RRV002_FREE_US_EQUITY_ALL_CAPABLE,1120,ARMK
RRV002_FREE_US_EQUITY_ALL_CAPABLE,1121,AROC
RRV002_FREE_US_EQUITY_ALL_CAPABLE,1122,ARR
RRV002_FREE_US_EQUITY_ALL_CAPABLE,1123,ARW
RRV002_FREE_US_EQUITY_ALL_CAPABLE,1124,ASAN
RRV002_FREE_US_EQUITY_ALL_CAPABLE,1125,ASB
RRV002_FREE_US_EQUITY_ALL_CAPABLE,1126,ASC
RRV002_FREE_US_EQUITY_ALL_CAPABLE,1127,ASH
RRV002_FREE_US_EQUITY_ALL_CAPABLE,1128,ASPN
RRV002_FREE_US_EQUITY_ALL_CAPABLE,1129,ASX
RRV002_FREE_US_EQUITY_ALL_CAPABLE,1130,ATEN
RRV002_FREE_US_EQUITY_ALL_CAPABLE,1131,ATI
RRV002_FREE_US_EQUITY_ALL_CAPABLE,1132,ATKR
RRV002_FREE_US_EQUITY_ALL_CAPABLE,1133,ATO
RRV002_FREE_US_EQUITY_ALL_CAPABLE,1134,ATR
RRV002_FREE_US_EQUITY_ALL_CAPABLE,1135,AU
RRV002_FREE_US_EQUITY_ALL_CAPABLE,1136,AVA
RRV002_FREE_US_EQUITY_ALL_CAPABLE,1137,AVB
RRV002_FREE_US_EQUITY_ALL_CAPABLE,1138,AVNT
RRV002_FREE_US_EQUITY_ALL_CAPABLE,1139,AVTR
RRV002_FREE_US_EQUITY_ALL_CAPABLE,1140,AVY
RRV002_FREE_US_EQUITY_ALL_CAPABLE,1141,AWI
RRV002_FREE_US_EQUITY_ALL_CAPABLE,1142,AWK
RRV002_FREE_US_EQUITY_ALL_CAPABLE,1143,AWR
RRV002_FREE_US_EQUITY_ALL_CAPABLE,1144,AX
RRV002_FREE_US_EQUITY_ALL_CAPABLE,1145,AXP
RRV002_FREE_US_EQUITY_ALL_CAPABLE,1146,AXS
RRV002_FREE_US_EQUITY_ALL_CAPABLE,1147,AXTA
RRV002_FREE_US_EQUITY_ALL_CAPABLE,1148,AYI
RRV002_FREE_US_EQUITY_ALL_CAPABLE,1149,AZO
RRV002_FREE_US_EQUITY_ALL_CAPABLE,1150,BA
RRV002_FREE_US_EQUITY_ALL_CAPABLE,1151,BAC
RRV002_FREE_US_EQUITY_ALL_CAPABLE,1152,BAH
RRV002_FREE_US_EQUITY_ALL_CAPABLE,1153,BALL
RRV002_FREE_US_EQUITY_ALL_CAPABLE,1154,BAM
RRV002_FREE_US_EQUITY_ALL_CAPABLE,1155,BANC
RRV002_FREE_US_EQUITY_ALL_CAPABLE,1156,BAP
RRV002_FREE_US_EQUITY_ALL_CAPABLE,1157,BAX
RRV002_FREE_US_EQUITY_ALL_CAPABLE,1158,BB
RRV002_FREE_US_EQUITY_ALL_CAPABLE,1159,BBAR
RRV002_FREE_US_EQUITY_ALL_CAPABLE,1160,BBDC
RRV002_FREE_US_EQUITY_ALL_CAPABLE,1161,BBT
RRV002_FREE_US_EQUITY_ALL_CAPABLE,1162,BBVA
RRV002_FREE_US_EQUITY_ALL_CAPABLE,1163,BBW
RRV002_FREE_US_EQUITY_ALL_CAPABLE,1164,BBY
RRV002_FREE_US_EQUITY_ALL_CAPABLE,1165,BC
RRV002_FREE_US_EQUITY_ALL_CAPABLE,1166,BCC
RRV002_FREE_US_EQUITY_ALL_CAPABLE,1167,BCE
RRV002_FREE_US_EQUITY_ALL_CAPABLE,1168,BCO
RRV002_FREE_US_EQUITY_ALL_CAPABLE,1169,BCS
RRV002_FREE_US_EQUITY_ALL_CAPABLE,1170,BDC
RRV002_FREE_US_EQUITY_ALL_CAPABLE,1171,BDX
RRV002_FREE_US_EQUITY_ALL_CAPABLE,1172,BE
RRV002_FREE_US_EQUITY_ALL_CAPABLE,1173,BEN
RRV002_FREE_US_EQUITY_ALL_CAPABLE,1174,BEP
RRV002_FREE_US_EQUITY_ALL_CAPABLE,1175,BEPC
RRV002_FREE_US_EQUITY_ALL_CAPABLE,1176,BFAM
RRV002_FREE_US_EQUITY_ALL_CAPABLE,1177,BFLY
RRV002_FREE_US_EQUITY_ALL_CAPABLE,1178,BG
RRV002_FREE_US_EQUITY_ALL_CAPABLE,1179,BGS
RRV002_FREE_US_EQUITY_ALL_CAPABLE,1180,BHC
RRV002_FREE_US_EQUITY_ALL_CAPABLE,1181,BHVN
RRV002_FREE_US_EQUITY_ALL_CAPABLE,1182,BILL
RRV002_FREE_US_EQUITY_ALL_CAPABLE,1183,BIPC
RRV002_FREE_US_EQUITY_ALL_CAPABLE,1184,BJ
RRV002_FREE_US_EQUITY_ALL_CAPABLE,1185,BKD
RRV002_FREE_US_EQUITY_ALL_CAPABLE,1186,BKE
RRV002_FREE_US_EQUITY_ALL_CAPABLE,1187,BKH
RRV002_FREE_US_EQUITY_ALL_CAPABLE,1188,BKSY
RRV002_FREE_US_EQUITY_ALL_CAPABLE,1189,BKU
RRV002_FREE_US_EQUITY_ALL_CAPABLE,1190,BLK
RRV002_FREE_US_EQUITY_ALL_CAPABLE,1191,BMA
RRV002_FREE_US_EQUITY_ALL_CAPABLE,1192,BMO
RRV002_FREE_US_EQUITY_ALL_CAPABLE,1193,BMY
RRV002_FREE_US_EQUITY_ALL_CAPABLE,1194,BNL
RRV002_FREE_US_EQUITY_ALL_CAPABLE,1195,BNS
RRV002_FREE_US_EQUITY_ALL_CAPABLE,1196,BNY
RRV002_FREE_US_EQUITY_ALL_CAPABLE,1197,BOH
RRV002_FREE_US_EQUITY_ALL_CAPABLE,1198,BOOT
RRV002_FREE_US_EQUITY_ALL_CAPABLE,1199,BOX
RRV002_FREE_US_EQUITY_ALL_CAPABLE,1200,BP
RRV002_FREE_US_EQUITY_ALL_CAPABLE,1201,BR
RRV002_FREE_US_EQUITY_ALL_CAPABLE,1202,BRBR
RRV002_FREE_US_EQUITY_ALL_CAPABLE,1203,BRO
RRV002_FREE_US_EQUITY_ALL_CAPABLE,1204,BRSP
RRV002_FREE_US_EQUITY_ALL_CAPABLE,1205,BRX
RRV002_FREE_US_EQUITY_ALL_CAPABLE,1206,BSAC
RRV002_FREE_US_EQUITY_ALL_CAPABLE,1207,BSBR
RRV002_FREE_US_EQUITY_ALL_CAPABLE,1208,BSX
RRV002_FREE_US_EQUITY_ALL_CAPABLE,1209,BTU
RRV002_FREE_US_EQUITY_ALL_CAPABLE,1210,BUD
RRV002_FREE_US_EQUITY_ALL_CAPABLE,1211,BURL
RRV002_FREE_US_EQUITY_ALL_CAPABLE,1212,BV
RRV002_FREE_US_EQUITY_ALL_CAPABLE,1213,BVN
RRV002_FREE_US_EQUITY_ALL_CAPABLE,1214,BW
RRV002_FREE_US_EQUITY_ALL_CAPABLE,1215,BWA
RRV002_FREE_US_EQUITY_ALL_CAPABLE,1216,BWXT
RRV002_FREE_US_EQUITY_ALL_CAPABLE,1217,BX
RRV002_FREE_US_EQUITY_ALL_CAPABLE,1218,BXP
RRV002_FREE_US_EQUITY_ALL_CAPABLE,1219,BYD
RRV002_FREE_US_EQUITY_ALL_CAPABLE,1220,BZH
RRV002_FREE_US_EQUITY_ALL_CAPABLE,1221,C
RRV002_FREE_US_EQUITY_ALL_CAPABLE,1222,CAE
RRV002_FREE_US_EQUITY_ALL_CAPABLE,1223,CAG
RRV002_FREE_US_EQUITY_ALL_CAPABLE,1224,CAH
RRV002_FREE_US_EQUITY_ALL_CAPABLE,1225,CAL
RRV002_FREE_US_EQUITY_ALL_CAPABLE,1226,CALX
RRV002_FREE_US_EQUITY_ALL_CAPABLE,1227,CARR
RRV002_FREE_US_EQUITY_ALL_CAPABLE,1228,CARS
RRV002_FREE_US_EQUITY_ALL_CAPABLE,1229,CAT
RRV002_FREE_US_EQUITY_ALL_CAPABLE,1230,CB
RRV002_FREE_US_EQUITY_ALL_CAPABLE,1231,CBRE
RRV002_FREE_US_EQUITY_ALL_CAPABLE,1232,CBT
RRV002_FREE_US_EQUITY_ALL_CAPABLE,1233,CBU
RRV002_FREE_US_EQUITY_ALL_CAPABLE,1234,CBZ
RRV002_FREE_US_EQUITY_ALL_CAPABLE,1235,CC
RRV002_FREE_US_EQUITY_ALL_CAPABLE,1236,CCI
RRV002_FREE_US_EQUITY_ALL_CAPABLE,1237,CCJ
RRV002_FREE_US_EQUITY_ALL_CAPABLE,1238,CCK
RRV002_FREE_US_EQUITY_ALL_CAPABLE,1239,CCL
RRV002_FREE_US_EQUITY_ALL_CAPABLE,1240,CCO
RRV002_FREE_US_EQUITY_ALL_CAPABLE,1241,CCS
RRV002_FREE_US_EQUITY_ALL_CAPABLE,1242,CDE
RRV002_FREE_US_EQUITY_ALL_CAPABLE,1243,CDP
RRV002_FREE_US_EQUITY_ALL_CAPABLE,1244,CE
RRV002_FREE_US_EQUITY_ALL_CAPABLE,1245,CECO
RRV002_FREE_US_EQUITY_ALL_CAPABLE,1246,CF
RRV002_FREE_US_EQUITY_ALL_CAPABLE,1247,CFG
RRV002_FREE_US_EQUITY_ALL_CAPABLE,1248,CFR
RRV002_FREE_US_EQUITY_ALL_CAPABLE,1249,CHD
RRV002_FREE_US_EQUITY_ALL_CAPABLE,1250,CHGG
RRV002_FREE_US_EQUITY_ALL_CAPABLE,1251,CHPT
RRV002_FREE_US_EQUITY_ALL_CAPABLE,1252,CHWY
RRV002_FREE_US_EQUITY_ALL_CAPABLE,1253,CI
RRV002_FREE_US_EQUITY_ALL_CAPABLE,1254,CIEN
RRV002_FREE_US_EQUITY_ALL_CAPABLE,1255,CIG
RRV002_FREE_US_EQUITY_ALL_CAPABLE,1256,CIM
RRV002_FREE_US_EQUITY_ALL_CAPABLE,1257,CL
RRV002_FREE_US_EQUITY_ALL_CAPABLE,1258,CLB
RRV002_FREE_US_EQUITY_ALL_CAPABLE,1259,CLF
RRV002_FREE_US_EQUITY_ALL_CAPABLE,1260,CLH
RRV002_FREE_US_EQUITY_ALL_CAPABLE,1261,CLS
RRV002_FREE_US_EQUITY_ALL_CAPABLE,1262,CLVT
RRV002_FREE_US_EQUITY_ALL_CAPABLE,1263,CLW
RRV002_FREE_US_EQUITY_ALL_CAPABLE,1264,CLX
RRV002_FREE_US_EQUITY_ALL_CAPABLE,1265,CM
RRV002_FREE_US_EQUITY_ALL_CAPABLE,1266,CMC
RRV002_FREE_US_EQUITY_ALL_CAPABLE,1267,CMG
RRV002_FREE_US_EQUITY_ALL_CAPABLE,1268,CMI
RRV002_FREE_US_EQUITY_ALL_CAPABLE,1269,CMP
RRV002_FREE_US_EQUITY_ALL_CAPABLE,1270,CMRE
RRV002_FREE_US_EQUITY_ALL_CAPABLE,1271,CMS
RRV002_FREE_US_EQUITY_ALL_CAPABLE,1272,CNA
RRV002_FREE_US_EQUITY_ALL_CAPABLE,1273,CNC
RRV002_FREE_US_EQUITY_ALL_CAPABLE,1274,CNH
RRV002_FREE_US_EQUITY_ALL_CAPABLE,1275,CNI
RRV002_FREE_US_EQUITY_ALL_CAPABLE,1276,CNK
RRV002_FREE_US_EQUITY_ALL_CAPABLE,1277,CNMD
RRV002_FREE_US_EQUITY_ALL_CAPABLE,1278,CNNE
RRV002_FREE_US_EQUITY_ALL_CAPABLE,1279,CNO
RRV002_FREE_US_EQUITY_ALL_CAPABLE,1280,CNP
RRV002_FREE_US_EQUITY_ALL_CAPABLE,1281,CNQ
RRV002_FREE_US_EQUITY_ALL_CAPABLE,1282,CNR
RRV002_FREE_US_EQUITY_ALL_CAPABLE,1283,CNX
RRV002_FREE_US_EQUITY_ALL_CAPABLE,1284,COF
RRV002_FREE_US_EQUITY_ALL_CAPABLE,1285,COO
RRV002_FREE_US_EQUITY_ALL_CAPABLE,1286,COP
RRV002_FREE_US_EQUITY_ALL_CAPABLE,1287,COR
RRV002_FREE_US_EQUITY_ALL_CAPABLE,1288,COTY
RRV002_FREE_US_EQUITY_ALL_CAPABLE,1289,CP
RRV002_FREE_US_EQUITY_ALL_CAPABLE,1290,CPA
RRV002_FREE_US_EQUITY_ALL_CAPABLE,1291,CPAY
RRV002_FREE_US_EQUITY_ALL_CAPABLE,1292,CPB
RRV002_FREE_US_EQUITY_ALL_CAPABLE,1293,CPRI
RRV002_FREE_US_EQUITY_ALL_CAPABLE,1294,CRC
RRV002_FREE_US_EQUITY_ALL_CAPABLE,1295,CRH
RRV002_FREE_US_EQUITY_ALL_CAPABLE,1296,CRI
RRV002_FREE_US_EQUITY_ALL_CAPABLE,1297,CRK
RRV002_FREE_US_EQUITY_ALL_CAPABLE,1298,CRL
RRV002_FREE_US_EQUITY_ALL_CAPABLE,1299,CRM
RRV002_FREE_US_EQUITY_ALL_CAPABLE,1300,CRS
RRV002_FREE_US_EQUITY_ALL_CAPABLE,1301,CSL
RRV002_FREE_US_EQUITY_ALL_CAPABLE,1302,CSTM
RRV002_FREE_US_EQUITY_ALL_CAPABLE,1303,CTOS
RRV002_FREE_US_EQUITY_ALL_CAPABLE,1304,CTS
RRV002_FREE_US_EQUITY_ALL_CAPABLE,1305,CTVA
RRV002_FREE_US_EQUITY_ALL_CAPABLE,1306,CUBE
RRV002_FREE_US_EQUITY_ALL_CAPABLE,1307,CUBI
RRV002_FREE_US_EQUITY_ALL_CAPABLE,1308,CUZ
RRV002_FREE_US_EQUITY_ALL_CAPABLE,1309,CVE
RRV002_FREE_US_EQUITY_ALL_CAPABLE,1310,CVI
RRV002_FREE_US_EQUITY_ALL_CAPABLE,1311,CVNA
RRV002_FREE_US_EQUITY_ALL_CAPABLE,1312,CVS
RRV002_FREE_US_EQUITY_ALL_CAPABLE,1313,CVSA
RRV002_FREE_US_EQUITY_ALL_CAPABLE,1314,CVX
RRV002_FREE_US_EQUITY_ALL_CAPABLE,1315,CW
RRV002_FREE_US_EQUITY_ALL_CAPABLE,1316,CWEN
RRV002_FREE_US_EQUITY_ALL_CAPABLE,1317,CWH
RRV002_FREE_US_EQUITY_ALL_CAPABLE,1318,CWK
RRV002_FREE_US_EQUITY_ALL_CAPABLE,1319,CWT
RRV002_FREE_US_EQUITY_ALL_CAPABLE,1320,CX
RRV002_FREE_US_EQUITY_ALL_CAPABLE,1321,CXW
RRV002_FREE_US_EQUITY_ALL_CAPABLE,1322,CYH
RRV002_FREE_US_EQUITY_ALL_CAPABLE,1323,D
RRV002_FREE_US_EQUITY_ALL_CAPABLE,1324,DAL
RRV002_FREE_US_EQUITY_ALL_CAPABLE,1325,DAN
RRV002_FREE_US_EQUITY_ALL_CAPABLE,1326,DAR
RRV002_FREE_US_EQUITY_ALL_CAPABLE,1327,DASH
RRV002_FREE_US_EQUITY_ALL_CAPABLE,1328,DB
RRV002_FREE_US_EQUITY_ALL_CAPABLE,1329,DBI
RRV002_FREE_US_EQUITY_ALL_CAPABLE,1330,DBRG
RRV002_FREE_US_EQUITY_ALL_CAPABLE,1331,DCH
RRV002_FREE_US_EQUITY_ALL_CAPABLE,1332,DCI
RRV002_FREE_US_EQUITY_ALL_CAPABLE,1333,DD
RRV002_FREE_US_EQUITY_ALL_CAPABLE,1334,DDD
RRV002_FREE_US_EQUITY_ALL_CAPABLE,1335,DE
RRV002_FREE_US_EQUITY_ALL_CAPABLE,1336,DEA
RRV002_FREE_US_EQUITY_ALL_CAPABLE,1337,DECK
RRV002_FREE_US_EQUITY_ALL_CAPABLE,1338,DEI
RRV002_FREE_US_EQUITY_ALL_CAPABLE,1339,DELL
RRV002_FREE_US_EQUITY_ALL_CAPABLE,1340,DEO
RRV002_FREE_US_EQUITY_ALL_CAPABLE,1341,DFIN
RRV002_FREE_US_EQUITY_ALL_CAPABLE,1342,DG
RRV002_FREE_US_EQUITY_ALL_CAPABLE,1343,DGX
RRV002_FREE_US_EQUITY_ALL_CAPABLE,1344,DHI
RRV002_FREE_US_EQUITY_ALL_CAPABLE,1345,DHR
RRV002_FREE_US_EQUITY_ALL_CAPABLE,1346,DHT
RRV002_FREE_US_EQUITY_ALL_CAPABLE,1347,DIN
RRV002_FREE_US_EQUITY_ALL_CAPABLE,1348,DINO
RRV002_FREE_US_EQUITY_ALL_CAPABLE,1349,DIS
RRV002_FREE_US_EQUITY_ALL_CAPABLE,1350,DK
RRV002_FREE_US_EQUITY_ALL_CAPABLE,1351,DKS
RRV002_FREE_US_EQUITY_ALL_CAPABLE,1352,DLB
RRV002_FREE_US_EQUITY_ALL_CAPABLE,1353,DLX
RRV002_FREE_US_EQUITY_ALL_CAPABLE,1354,DMC
RRV002_FREE_US_EQUITY_ALL_CAPABLE,1355,DNOW
RRV002_FREE_US_EQUITY_ALL_CAPABLE,1356,DOV
RRV002_FREE_US_EQUITY_ALL_CAPABLE,1357,DOW
RRV002_FREE_US_EQUITY_ALL_CAPABLE,1358,DPZ
RRV002_FREE_US_EQUITY_ALL_CAPABLE,1359,DRD
RRV002_FREE_US_EQUITY_ALL_CAPABLE,1360,DRH
RRV002_FREE_US_EQUITY_ALL_CAPABLE,1361,DRI
RRV002_FREE_US_EQUITY_ALL_CAPABLE,1362,DT
RRV002_FREE_US_EQUITY_ALL_CAPABLE,1363,DTE
RRV002_FREE_US_EQUITY_ALL_CAPABLE,1364,DUK
RRV002_FREE_US_EQUITY_ALL_CAPABLE,1365,DVA
RRV002_FREE_US_EQUITY_ALL_CAPABLE,1366,DVN
RRV002_FREE_US_EQUITY_ALL_CAPABLE,1367,DX
RRV002_FREE_US_EQUITY_ALL_CAPABLE,1368,DXC
RRV002_FREE_US_EQUITY_ALL_CAPABLE,1369,DY
RRV002_FREE_US_EQUITY_ALL_CAPABLE,1370,EFOR
RRV002_FREE_US_EQUITY_ALL_CAPABLE,1371,EG
RRV002_FREE_US_EQUITY_ALL_CAPABLE,1372,ELME
RRV002_FREE_US_EQUITY_ALL_CAPABLE,1373,ELV
RRV002_FREE_US_EQUITY_ALL_CAPABLE,1374,ENOV
RRV002_FREE_US_EQUITY_ALL_CAPABLE,1375,ENVX
RRV002_FREE_US_EQUITY_ALL_CAPABLE,1376,EPAC
RRV002_FREE_US_EQUITY_ALL_CAPABLE,1377,EPAM
RRV002_FREE_US_EQUITY_ALL_CAPABLE,1378,EPC
RRV002_FREE_US_EQUITY_ALL_CAPABLE,1379,EPD
RRV002_FREE_US_EQUITY_ALL_CAPABLE,1380,EPR
RRV002_FREE_US_EQUITY_ALL_CAPABLE,1381,EQH
RRV002_FREE_US_EQUITY_ALL_CAPABLE,1382,EQR
RRV002_FREE_US_EQUITY_ALL_CAPABLE,1383,EQT
RRV002_FREE_US_EQUITY_ALL_CAPABLE,1384,ES
RRV002_FREE_US_EQUITY_ALL_CAPABLE,1385,ESI
RRV002_FREE_US_EQUITY_ALL_CAPABLE,1386,ESNT
RRV002_FREE_US_EQUITY_ALL_CAPABLE,1387,ESTC
RRV002_FREE_US_EQUITY_ALL_CAPABLE,1388,ETD
RRV002_FREE_US_EQUITY_ALL_CAPABLE,1389,ETN
RRV002_FREE_US_EQUITY_ALL_CAPABLE,1390,ETR
RRV002_FREE_US_EQUITY_ALL_CAPABLE,1391,EVC
RRV002_FREE_US_EQUITY_ALL_CAPABLE,1392,EVH
RRV002_FREE_US_EQUITY_ALL_CAPABLE,1393,EVR
RRV002_FREE_US_EQUITY_ALL_CAPABLE,1394,EVRG
RRV002_FREE_US_EQUITY_ALL_CAPABLE,1395,EW
RRV002_FREE_US_EQUITY_ALL_CAPABLE,1396,EXK
RRV002_FREE_US_EQUITY_ALL_CAPABLE,1397,EXP
RRV002_FREE_US_EQUITY_ALL_CAPABLE,1398,F
RRV002_FREE_US_EQUITY_ALL_CAPABLE,1399,FAF
RRV002_FREE_US_EQUITY_ALL_CAPABLE,1400,FBIN
RRV002_FREE_US_EQUITY_ALL_CAPABLE,1401,FBP
RRV002_FREE_US_EQUITY_ALL_CAPABLE,1402,FCF
RRV002_FREE_US_EQUITY_ALL_CAPABLE,1403,FCN
RRV002_FREE_US_EQUITY_ALL_CAPABLE,1404,FCX
RRV002_FREE_US_EQUITY_ALL_CAPABLE,1405,FDS
RRV002_FREE_US_EQUITY_ALL_CAPABLE,1406,FDX
RRV002_FREE_US_EQUITY_ALL_CAPABLE,1407,FE
RRV002_FREE_US_EQUITY_ALL_CAPABLE,1408,FF
RRV002_FREE_US_EQUITY_ALL_CAPABLE,1409,FHN
RRV002_FREE_US_EQUITY_ALL_CAPABLE,1410,FIS
RRV002_FREE_US_EQUITY_ALL_CAPABLE,1411,FIX
RRV002_FREE_US_EQUITY_ALL_CAPABLE,1412,FLG
RRV002_FREE_US_EQUITY_ALL_CAPABLE,1413,FLO
RRV002_FREE_US_EQUITY_ALL_CAPABLE,1414,FLR
RRV002_FREE_US_EQUITY_ALL_CAPABLE,1415,FLS
RRV002_FREE_US_EQUITY_ALL_CAPABLE,1416,FMC
RRV002_FREE_US_EQUITY_ALL_CAPABLE,1417,FMS
RRV002_FREE_US_EQUITY_ALL_CAPABLE,1418,FMX
RRV002_FREE_US_EQUITY_ALL_CAPABLE,1419,FN
RRV002_FREE_US_EQUITY_ALL_CAPABLE,1420,FNB
RRV002_FREE_US_EQUITY_ALL_CAPABLE,1421,FND
RRV002_FREE_US_EQUITY_ALL_CAPABLE,1422,FNF
RRV002_FREE_US_EQUITY_ALL_CAPABLE,1423,FNV
RRV002_FREE_US_EQUITY_ALL_CAPABLE,1424,FOUR
RRV002_FREE_US_EQUITY_ALL_CAPABLE,1425,FPI
RRV002_FREE_US_EQUITY_ALL_CAPABLE,1426,FRO
RRV002_FREE_US_EQUITY_ALL_CAPABLE,1427,FSK
RRV002_FREE_US_EQUITY_ALL_CAPABLE,1428,FSLY
RRV002_FREE_US_EQUITY_ALL_CAPABLE,1429,FSM
RRV002_FREE_US_EQUITY_ALL_CAPABLE,1430,FSS
RRV002_FREE_US_EQUITY_ALL_CAPABLE,1431,FTAI
RRV002_FREE_US_EQUITY_ALL_CAPABLE,1432,FTI
RRV002_FREE_US_EQUITY_ALL_CAPABLE,1433,FTS
RRV002_FREE_US_EQUITY_ALL_CAPABLE,1434,FTV
RRV002_FREE_US_EQUITY_ALL_CAPABLE,1435,FUBO
RRV002_FREE_US_EQUITY_ALL_CAPABLE,1436,FUL
RRV002_FREE_US_EQUITY_ALL_CAPABLE,1437,FUN
RRV002_FREE_US_EQUITY_ALL_CAPABLE,1438,FVRR
RRV002_FREE_US_EQUITY_ALL_CAPABLE,1439,G
RRV002_FREE_US_EQUITY_ALL_CAPABLE,1440,GAP
RRV002_FREE_US_EQUITY_ALL_CAPABLE,1441,GBX
RRV002_FREE_US_EQUITY_ALL_CAPABLE,1442,GD
RRV002_FREE_US_EQUITY_ALL_CAPABLE,1443,GDDY
RRV002_FREE_US_EQUITY_ALL_CAPABLE,1444,GDOT
RRV002_FREE_US_EQUITY_ALL_CAPABLE,1445,GEF
RRV002_FREE_US_EQUITY_ALL_CAPABLE,1446,GEL
RRV002_FREE_US_EQUITY_ALL_CAPABLE,1447,GENI
RRV002_FREE_US_EQUITY_ALL_CAPABLE,1448,GEO
RRV002_FREE_US_EQUITY_ALL_CAPABLE,1449,GFF
RRV002_FREE_US_EQUITY_ALL_CAPABLE,1450,GFL
RRV002_FREE_US_EQUITY_ALL_CAPABLE,1451,GGB
RRV002_FREE_US_EQUITY_ALL_CAPABLE,1452,GGG
RRV002_FREE_US_EQUITY_ALL_CAPABLE,1453,GIL
RRV002_FREE_US_EQUITY_ALL_CAPABLE,1454,GIS
RRV002_FREE_US_EQUITY_ALL_CAPABLE,1455,GKOS
RRV002_FREE_US_EQUITY_ALL_CAPABLE,1456,GL
RRV002_FREE_US_EQUITY_ALL_CAPABLE,1457,GLOB
RRV002_FREE_US_EQUITY_ALL_CAPABLE,1458,GLW
RRV002_FREE_US_EQUITY_ALL_CAPABLE,1459,GM
RRV002_FREE_US_EQUITY_ALL_CAPABLE,1460,GME
RRV002_FREE_US_EQUITY_ALL_CAPABLE,1461,GMED
RRV002_FREE_US_EQUITY_ALL_CAPABLE,1462,GNK
RRV002_FREE_US_EQUITY_ALL_CAPABLE,1463,GNL
RRV002_FREE_US_EQUITY_ALL_CAPABLE,1464,GNRC
RRV002_FREE_US_EQUITY_ALL_CAPABLE,1465,GNW
RRV002_FREE_US_EQUITY_ALL_CAPABLE,1466,GOLF
RRV002_FREE_US_EQUITY_ALL_CAPABLE,1467,GOOS
RRV002_FREE_US_EQUITY_ALL_CAPABLE,1468,GPC
RRV002_FREE_US_EQUITY_ALL_CAPABLE,1469,GPK
RRV002_FREE_US_EQUITY_ALL_CAPABLE,1470,GPN
RRV002_FREE_US_EQUITY_ALL_CAPABLE,1471,GS
RRV002_FREE_US_EQUITY_ALL_CAPABLE,1472,GSBD
RRV002_FREE_US_EQUITY_ALL_CAPABLE,1473,GSL
RRV002_FREE_US_EQUITY_ALL_CAPABLE,1474,GTES
RRV002_FREE_US_EQUITY_ALL_CAPABLE,1475,GTN
RRV002_FREE_US_EQUITY_ALL_CAPABLE,1476,GTY
RRV002_FREE_US_EQUITY_ALL_CAPABLE,1477,GVA
RRV002_FREE_US_EQUITY_ALL_CAPABLE,1478,GWRE
RRV002_FREE_US_EQUITY_ALL_CAPABLE,1479,GWW
RRV002_FREE_US_EQUITY_ALL_CAPABLE,1480,H
RRV002_FREE_US_EQUITY_ALL_CAPABLE,1481,HAE
RRV002_FREE_US_EQUITY_ALL_CAPABLE,1482,HAL
RRV002_FREE_US_EQUITY_ALL_CAPABLE,1483,HASI
RRV002_FREE_US_EQUITY_ALL_CAPABLE,1484,HBM
RRV002_FREE_US_EQUITY_ALL_CAPABLE,1485,HCA
RRV002_FREE_US_EQUITY_ALL_CAPABLE,1486,HCC
RRV002_FREE_US_EQUITY_ALL_CAPABLE,1487,HD
RRV002_FREE_US_EQUITY_ALL_CAPABLE,1488,HDB
RRV002_FREE_US_EQUITY_ALL_CAPABLE,1489,HE
RRV002_FREE_US_EQUITY_ALL_CAPABLE,1490,HEI
RRV002_FREE_US_EQUITY_ALL_CAPABLE,1491,HESM
RRV002_FREE_US_EQUITY_ALL_CAPABLE,1492,HGV
RRV002_FREE_US_EQUITY_ALL_CAPABLE,1493,HIG
RRV002_FREE_US_EQUITY_ALL_CAPABLE,1494,HII
RRV002_FREE_US_EQUITY_ALL_CAPABLE,1495,HIMS
RRV002_FREE_US_EQUITY_ALL_CAPABLE,1496,HIW
RRV002_FREE_US_EQUITY_ALL_CAPABLE,1497,HL
RRV002_FREE_US_EQUITY_ALL_CAPABLE,1498,HLF
RRV002_FREE_US_EQUITY_ALL_CAPABLE,1499,HLI
RRV002_FREE_US_EQUITY_ALL_CAPABLE,1500,HLT
RRV002_FREE_US_EQUITY_ALL_CAPABLE,1501,HLX
RRV002_FREE_US_EQUITY_ALL_CAPABLE,1502,HMN
RRV002_FREE_US_EQUITY_ALL_CAPABLE,1503,HMY
RRV002_FREE_US_EQUITY_ALL_CAPABLE,1504,HNI
RRV002_FREE_US_EQUITY_ALL_CAPABLE,1505,HOG
RRV002_FREE_US_EQUITY_ALL_CAPABLE,1506,HP
RRV002_FREE_US_EQUITY_ALL_CAPABLE,1507,HPE
RRV002_FREE_US_EQUITY_ALL_CAPABLE,1508,HPP
RRV002_FREE_US_EQUITY_ALL_CAPABLE,1509,HPQ
RRV002_FREE_US_EQUITY_ALL_CAPABLE,1510,HRB
RRV002_FREE_US_EQUITY_ALL_CAPABLE,1511,HRL
RRV002_FREE_US_EQUITY_ALL_CAPABLE,1512,HSBC
RRV002_FREE_US_EQUITY_ALL_CAPABLE,1513,HSY
RRV002_FREE_US_EQUITY_ALL_CAPABLE,1514,HTGC
RRV002_FREE_US_EQUITY_ALL_CAPABLE,1515,HTH
RRV002_FREE_US_EQUITY_ALL_CAPABLE,1516,HTO
RRV002_FREE_US_EQUITY_ALL_CAPABLE,1517,HUBB
RRV002_FREE_US_EQUITY_ALL_CAPABLE,1518,HUM
RRV002_FREE_US_EQUITY_ALL_CAPABLE,1519,HUN
RRV002_FREE_US_EQUITY_ALL_CAPABLE,1520,HUYA
RRV002_FREE_US_EQUITY_ALL_CAPABLE,1521,HWM
RRV002_FREE_US_EQUITY_ALL_CAPABLE,1522,HXL
RRV002_FREE_US_EQUITY_ALL_CAPABLE,1523,HYLN
RRV002_FREE_US_EQUITY_ALL_CAPABLE,1524,HZO
RRV002_FREE_US_EQUITY_ALL_CAPABLE,1525,IAG
RRV002_FREE_US_EQUITY_ALL_CAPABLE,1526,IBM
RRV002_FREE_US_EQUITY_ALL_CAPABLE,1527,IBN
RRV002_FREE_US_EQUITY_ALL_CAPABLE,1528,ICE
RRV002_FREE_US_EQUITY_ALL_CAPABLE,1529,ICL
RRV002_FREE_US_EQUITY_ALL_CAPABLE,1530,IDA
RRV002_FREE_US_EQUITY_ALL_CAPABLE,1531,IEX
RRV002_FREE_US_EQUITY_ALL_CAPABLE,1532,IFF
RRV002_FREE_US_EQUITY_ALL_CAPABLE,1533,IMAX
RRV002_FREE_US_EQUITY_ALL_CAPABLE,1534,INGR
RRV002_FREE_US_EQUITY_ALL_CAPABLE,1535,INN
RRV002_FREE_US_EQUITY_ALL_CAPABLE,1536,INSP
RRV002_FREE_US_EQUITY_ALL_CAPABLE,1537,INSW
RRV002_FREE_US_EQUITY_ALL_CAPABLE,1538,INVH
RRV002_FREE_US_EQUITY_ALL_CAPABLE,1539,INVX
RRV002_FREE_US_EQUITY_ALL_CAPABLE,1540,IP
RRV002_FREE_US_EQUITY_ALL_CAPABLE,1541,IQV
RRV002_FREE_US_EQUITY_ALL_CAPABLE,1542,IR
RRV002_FREE_US_EQUITY_ALL_CAPABLE,1543,IRM
RRV002_FREE_US_EQUITY_ALL_CAPABLE,1544,IT
RRV002_FREE_US_EQUITY_ALL_CAPABLE,1545,ITGR
RRV002_FREE_US_EQUITY_ALL_CAPABLE,1546,ITT
RRV002_FREE_US_EQUITY_ALL_CAPABLE,1547,ITW
RRV002_FREE_US_EQUITY_ALL_CAPABLE,1548,IVR
RRV002_FREE_US_EQUITY_ALL_CAPABLE,1549,IVZ
RRV002_FREE_US_EQUITY_ALL_CAPABLE,1550,J
RRV002_FREE_US_EQUITY_ALL_CAPABLE,1551,JBGS
RRV002_FREE_US_EQUITY_ALL_CAPABLE,1552,JBI
RRV002_FREE_US_EQUITY_ALL_CAPABLE,1553,JBL
RRV002_FREE_US_EQUITY_ALL_CAPABLE,1554,JBTM
RRV002_FREE_US_EQUITY_ALL_CAPABLE,1555,JCI
RRV002_FREE_US_EQUITY_ALL_CAPABLE,1556,JEF
RRV002_FREE_US_EQUITY_ALL_CAPABLE,1557,JELD
RRV002_FREE_US_EQUITY_ALL_CAPABLE,1558,JKS
RRV002_FREE_US_EQUITY_ALL_CAPABLE,1559,JLL
RRV002_FREE_US_EQUITY_ALL_CAPABLE,1560,JMIA
RRV002_FREE_US_EQUITY_ALL_CAPABLE,1561,JNJ
RRV002_FREE_US_EQUITY_ALL_CAPABLE,1562,JOBY
RRV002_FREE_US_EQUITY_ALL_CAPABLE,1563,JPM
RRV002_FREE_US_EQUITY_ALL_CAPABLE,1564,KRC
RRV002_FREE_US_EQUITY_ALL_CAPABLE,1565,KRO
RRV002_FREE_US_EQUITY_ALL_CAPABLE,1566,KSS
RRV002_FREE_US_EQUITY_ALL_CAPABLE,1567,KT
RRV002_FREE_US_EQUITY_ALL_CAPABLE,1568,KTB
RRV002_FREE_US_EQUITY_ALL_CAPABLE,1569,L
RRV002_FREE_US_EQUITY_ALL_CAPABLE,1570,LAC
RRV002_FREE_US_EQUITY_ALL_CAPABLE,1571,LAD
RRV002_FREE_US_EQUITY_ALL_CAPABLE,1572,LADR
RRV002_FREE_US_EQUITY_ALL_CAPABLE,1573,LAZ
RRV002_FREE_US_EQUITY_ALL_CAPABLE,1574,LBRT
RRV002_FREE_US_EQUITY_ALL_CAPABLE,1575,LDOS
RRV002_FREE_US_EQUITY_ALL_CAPABLE,1576,LEA
RRV002_FREE_US_EQUITY_ALL_CAPABLE,1577,LEG
RRV002_FREE_US_EQUITY_ALL_CAPABLE,1578,LEN
RRV002_FREE_US_EQUITY_ALL_CAPABLE,1579,LEVI
RRV002_FREE_US_EQUITY_ALL_CAPABLE,1580,LH
RRV002_FREE_US_EQUITY_ALL_CAPABLE,1581,LHX
RRV002_FREE_US_EQUITY_ALL_CAPABLE,1582,LII
RRV002_FREE_US_EQUITY_ALL_CAPABLE,1583,LIN
RRV002_FREE_US_EQUITY_ALL_CAPABLE,1584,LLY
RRV002_FREE_US_EQUITY_ALL_CAPABLE,1585,LMND
RRV002_FREE_US_EQUITY_ALL_CAPABLE,1586,LMT
RRV002_FREE_US_EQUITY_ALL_CAPABLE,1587,LNC
RRV002_FREE_US_EQUITY_ALL_CAPABLE,1588,LOW
RRV002_FREE_US_EQUITY_ALL_CAPABLE,1589,LPG
RRV002_FREE_US_EQUITY_ALL_CAPABLE,1590,LPX
RRV002_FREE_US_EQUITY_ALL_CAPABLE,1591,LRN
RRV002_FREE_US_EQUITY_ALL_CAPABLE,1592,LSPD
RRV002_FREE_US_EQUITY_ALL_CAPABLE,1593,LTC
RRV002_FREE_US_EQUITY_ALL_CAPABLE,1594,LUMN
RRV002_FREE_US_EQUITY_ALL_CAPABLE,1595,LUV
RRV002_FREE_US_EQUITY_ALL_CAPABLE,1596,LVS
RRV002_FREE_US_EQUITY_ALL_CAPABLE,1597,LW
RRV002_FREE_US_EQUITY_ALL_CAPABLE,1598,LXU
RRV002_FREE_US_EQUITY_ALL_CAPABLE,1599,LYB
RRV002_FREE_US_EQUITY_ALL_CAPABLE,1600,LYG
RRV002_FREE_US_EQUITY_ALL_CAPABLE,1601,LYV
RRV002_FREE_US_EQUITY_ALL_CAPABLE,1602,LZB
RRV002_FREE_US_EQUITY_ALL_CAPABLE,1603,M
RRV002_FREE_US_EQUITY_ALL_CAPABLE,1604,MA
RRV002_FREE_US_EQUITY_ALL_CAPABLE,1605,MAA
RRV002_FREE_US_EQUITY_ALL_CAPABLE,1606,MAC
RRV002_FREE_US_EQUITY_ALL_CAPABLE,1607,MAGN
RRV002_FREE_US_EQUITY_ALL_CAPABLE,1608,MAIN
RRV002_FREE_US_EQUITY_ALL_CAPABLE,1609,MAN
RRV002_FREE_US_EQUITY_ALL_CAPABLE,1610,MAS
RRV002_FREE_US_EQUITY_ALL_CAPABLE,1611,MATV
RRV002_FREE_US_EQUITY_ALL_CAPABLE,1612,MATX
RRV002_FREE_US_EQUITY_ALL_CAPABLE,1613,MBI
RRV002_FREE_US_EQUITY_ALL_CAPABLE,1614,MC
RRV002_FREE_US_EQUITY_ALL_CAPABLE,1615,MCD
RRV002_FREE_US_EQUITY_ALL_CAPABLE,1616,MCK
RRV002_FREE_US_EQUITY_ALL_CAPABLE,1617,MCO
RRV002_FREE_US_EQUITY_ALL_CAPABLE,1618,MCS
RRV002_FREE_US_EQUITY_ALL_CAPABLE,1619,MCY
RRV002_FREE_US_EQUITY_ALL_CAPABLE,1620,MD
RRV002_FREE_US_EQUITY_ALL_CAPABLE,1621,MDT
RRV002_FREE_US_EQUITY_ALL_CAPABLE,1622,MDU
RRV002_FREE_US_EQUITY_ALL_CAPABLE,1623,MED
RRV002_FREE_US_EQUITY_ALL_CAPABLE,1624,MEI
RRV002_FREE_US_EQUITY_ALL_CAPABLE,1625,MET
RRV002_FREE_US_EQUITY_ALL_CAPABLE,1626,MFA
RRV002_FREE_US_EQUITY_ALL_CAPABLE,1627,MFC
RRV002_FREE_US_EQUITY_ALL_CAPABLE,1628,MGA
RRV002_FREE_US_EQUITY_ALL_CAPABLE,1629,MGM
RRV002_FREE_US_EQUITY_ALL_CAPABLE,1630,MGY
RRV002_FREE_US_EQUITY_ALL_CAPABLE,1631,MHK
RRV002_FREE_US_EQUITY_ALL_CAPABLE,1632,MHO
RRV002_FREE_US_EQUITY_ALL_CAPABLE,1633,MIR
RRV002_FREE_US_EQUITY_ALL_CAPABLE,1634,MKC
RRV002_FREE_US_EQUITY_ALL_CAPABLE,1635,MKL
RRV002_FREE_US_EQUITY_ALL_CAPABLE,1636,MLI
RRV002_FREE_US_EQUITY_ALL_CAPABLE,1637,MMI
RRV002_FREE_US_EQUITY_ALL_CAPABLE,1638,MMM
RRV002_FREE_US_EQUITY_ALL_CAPABLE,1639,MMS
RRV002_FREE_US_EQUITY_ALL_CAPABLE,1640,MO
RRV002_FREE_US_EQUITY_ALL_CAPABLE,1641,MOD
RRV002_FREE_US_EQUITY_ALL_CAPABLE,1642,MOH
RRV002_FREE_US_EQUITY_ALL_CAPABLE,1643,MOS
RRV002_FREE_US_EQUITY_ALL_CAPABLE,1644,MP
RRV002_FREE_US_EQUITY_ALL_CAPABLE,1645,MPC
RRV002_FREE_US_EQUITY_ALL_CAPABLE,1646,MPLX
RRV002_FREE_US_EQUITY_ALL_CAPABLE,1647,MRK
RRV002_FREE_US_EQUITY_ALL_CAPABLE,1648,MRSH
RRV002_FREE_US_EQUITY_ALL_CAPABLE,1649,MS
RRV002_FREE_US_EQUITY_ALL_CAPABLE,1650,MSA
RRV002_FREE_US_EQUITY_ALL_CAPABLE,1651,MSCI
RRV002_FREE_US_EQUITY_ALL_CAPABLE,1652,MSI
RRV002_FREE_US_EQUITY_ALL_CAPABLE,1653,MSM
RRV002_FREE_US_EQUITY_ALL_CAPABLE,1654,MT
RRV002_FREE_US_EQUITY_ALL_CAPABLE,1655,MTB
RRV002_FREE_US_EQUITY_ALL_CAPABLE,1656,MTDR
RRV002_FREE_US_EQUITY_ALL_CAPABLE,1657,MTG
RRV002_FREE_US_EQUITY_ALL_CAPABLE,1658,MTH
RRV002_FREE_US_EQUITY_ALL_CAPABLE,1659,MTN
RRV002_FREE_US_EQUITY_ALL_CAPABLE,1660,MTUS
RRV002_FREE_US_EQUITY_ALL_CAPABLE,1661,MTW
RRV002_FREE_US_EQUITY_ALL_CAPABLE,1662,MTX
RRV002_FREE_US_EQUITY_ALL_CAPABLE,1663,MTZ
RRV002_FREE_US_EQUITY_ALL_CAPABLE,1664,MUFG
RRV002_FREE_US_EQUITY_ALL_CAPABLE,1665,MUR
RRV002_FREE_US_EQUITY_ALL_CAPABLE,1666,MUSA
RRV002_FREE_US_EQUITY_ALL_CAPABLE,1667,MUX
RRV002_FREE_US_EQUITY_ALL_CAPABLE,1668,MWA
RRV002_FREE_US_EQUITY_ALL_CAPABLE,1669,MX
RRV002_FREE_US_EQUITY_ALL_CAPABLE,1670,MYE
RRV002_FREE_US_EQUITY_ALL_CAPABLE,1671,NAT
RRV002_FREE_US_EQUITY_ALL_CAPABLE,1672,NBHC
RRV002_FREE_US_EQUITY_ALL_CAPABLE,1673,NBR
RRV002_FREE_US_EQUITY_ALL_CAPABLE,1674,NCLH
RRV002_FREE_US_EQUITY_ALL_CAPABLE,1675,NEE
RRV002_FREE_US_EQUITY_ALL_CAPABLE,1676,NEM
RRV002_FREE_US_EQUITY_ALL_CAPABLE,1677,NET
RRV002_FREE_US_EQUITY_ALL_CAPABLE,1678,NFG
RRV002_FREE_US_EQUITY_ALL_CAPABLE,1679,NGG
RRV002_FREE_US_EQUITY_ALL_CAPABLE,1680,NGVT
RRV002_FREE_US_EQUITY_ALL_CAPABLE,1681,NHI
RRV002_FREE_US_EQUITY_ALL_CAPABLE,1682,NI
RRV002_FREE_US_EQUITY_ALL_CAPABLE,1683,NJR
RRV002_FREE_US_EQUITY_ALL_CAPABLE,1684,NKE
RRV002_FREE_US_EQUITY_ALL_CAPABLE,1685,NLY
RRV002_FREE_US_EQUITY_ALL_CAPABLE,1686,NMR
RRV002_FREE_US_EQUITY_ALL_CAPABLE,1687,NNN
RRV002_FREE_US_EQUITY_ALL_CAPABLE,1688,NOC
RRV002_FREE_US_EQUITY_ALL_CAPABLE,1689,NOK
RRV002_FREE_US_EQUITY_ALL_CAPABLE,1690,NOMD
RRV002_FREE_US_EQUITY_ALL_CAPABLE,1691,NOV
RRV002_FREE_US_EQUITY_ALL_CAPABLE,1692,NOW
RRV002_FREE_US_EQUITY_ALL_CAPABLE,1693,NPKI
RRV002_FREE_US_EQUITY_ALL_CAPABLE,1694,NRG
RRV002_FREE_US_EQUITY_ALL_CAPABLE,1695,NSC
RRV002_FREE_US_EQUITY_ALL_CAPABLE,1696,NSP
RRV002_FREE_US_EQUITY_ALL_CAPABLE,1697,NTB
RRV002_FREE_US_EQUITY_ALL_CAPABLE,1698,NTR
RRV002_FREE_US_EQUITY_ALL_CAPABLE,1699,NTST
RRV002_FREE_US_EQUITY_ALL_CAPABLE,1700,NUE
RRV002_FREE_US_EQUITY_ALL_CAPABLE,1701,NUS
RRV002_FREE_US_EQUITY_ALL_CAPABLE,1702,NUVB
RRV002_FREE_US_EQUITY_ALL_CAPABLE,1703,NVO
RRV002_FREE_US_EQUITY_ALL_CAPABLE,1704,NVR
RRV002_FREE_US_EQUITY_ALL_CAPABLE,1705,NVS
RRV002_FREE_US_EQUITY_ALL_CAPABLE,1706,NVST
RRV002_FREE_US_EQUITY_ALL_CAPABLE,1707,NVT
RRV002_FREE_US_EQUITY_ALL_CAPABLE,1708,NYT
RRV002_FREE_US_EQUITY_ALL_CAPABLE,1709,O
RRV002_FREE_US_EQUITY_ALL_CAPABLE,1710,OBDC
RRV002_FREE_US_EQUITY_ALL_CAPABLE,1711,OC
RRV002_FREE_US_EQUITY_ALL_CAPABLE,1712,OEC
RRV002_FREE_US_EQUITY_ALL_CAPABLE,1713,OFG
RRV002_FREE_US_EQUITY_ALL_CAPABLE,1714,OGE
RRV002_FREE_US_EQUITY_ALL_CAPABLE,1715,OGS
RRV002_FREE_US_EQUITY_ALL_CAPABLE,1716,OHI
RRV002_FREE_US_EQUITY_ALL_CAPABLE,1717,OI
RRV002_FREE_US_EQUITY_ALL_CAPABLE,1718,OII
RRV002_FREE_US_EQUITY_ALL_CAPABLE,1719,OIS
RRV002_FREE_US_EQUITY_ALL_CAPABLE,1720,OKE
RRV002_FREE_US_EQUITY_ALL_CAPABLE,1721,OLN
RRV002_FREE_US_EQUITY_ALL_CAPABLE,1722,OMC
RRV002_FREE_US_EQUITY_ALL_CAPABLE,1723,OMF
RRV002_FREE_US_EQUITY_ALL_CAPABLE,1724,ONT
RRV002_FREE_US_EQUITY_ALL_CAPABLE,1725,ONTO
RRV002_FREE_US_EQUITY_ALL_CAPABLE,1726,OPTU
RRV002_FREE_US_EQUITY_ALL_CAPABLE,1727,OR
RRV002_FREE_US_EQUITY_ALL_CAPABLE,1728,ORA
RRV002_FREE_US_EQUITY_ALL_CAPABLE,1729,ORC
RRV002_FREE_US_EQUITY_ALL_CAPABLE,1730,ORCL
RRV002_FREE_US_EQUITY_ALL_CAPABLE,1731,ORI
RRV002_FREE_US_EQUITY_ALL_CAPABLE,1732,OSK
RRV002_FREE_US_EQUITY_ALL_CAPABLE,1733,OTIS
RRV002_FREE_US_EQUITY_ALL_CAPABLE,1734,OUT
RRV002_FREE_US_EQUITY_ALL_CAPABLE,1735,OVV
RRV002_FREE_US_EQUITY_ALL_CAPABLE,1736,OXM
RRV002_FREE_US_EQUITY_ALL_CAPABLE,1737,OXY
RRV002_FREE_US_EQUITY_ALL_CAPABLE,1738,P
RRV002_FREE_US_EQUITY_ALL_CAPABLE,1739,PACK
RRV002_FREE_US_EQUITY_ALL_CAPABLE,1740,PAG
RRV002_FREE_US_EQUITY_ALL_CAPABLE,1741,PAGS
RRV002_FREE_US_EQUITY_ALL_CAPABLE,1742,PAR
RRV002_FREE_US_EQUITY_ALL_CAPABLE,1743,PARR
RRV002_FREE_US_EQUITY_ALL_CAPABLE,1744,PAYC
RRV002_FREE_US_EQUITY_ALL_CAPABLE,1745,PB
RRV002_FREE_US_EQUITY_ALL_CAPABLE,1746,PBA
RRV002_FREE_US_EQUITY_ALL_CAPABLE,1747,PBF
RRV002_FREE_US_EQUITY_ALL_CAPABLE,1748,PBH
RRV002_FREE_US_EQUITY_ALL_CAPABLE,1749,PBI
RRV002_FREE_US_EQUITY_ALL_CAPABLE,1750,PCG
RRV002_FREE_US_EQUITY_ALL_CAPABLE,1751,PD
RRV002_FREE_US_EQUITY_ALL_CAPABLE,1752,PEG
RRV002_FREE_US_EQUITY_ALL_CAPABLE,1753,PEN
RRV002_FREE_US_EQUITY_ALL_CAPABLE,1754,PFE
RRV002_FREE_US_EQUITY_ALL_CAPABLE,1755,PFGC
RRV002_FREE_US_EQUITY_ALL_CAPABLE,1756,PFS
RRV002_FREE_US_EQUITY_ALL_CAPABLE,1757,PFSI
RRV002_FREE_US_EQUITY_ALL_CAPABLE,1758,PG
RRV002_FREE_US_EQUITY_ALL_CAPABLE,1759,PGR
RRV002_FREE_US_EQUITY_ALL_CAPABLE,1760,PH
RRV002_FREE_US_EQUITY_ALL_CAPABLE,1761,PHG
RRV002_FREE_US_EQUITY_ALL_CAPABLE,1762,PHM
RRV002_FREE_US_EQUITY_ALL_CAPABLE,1763,PHR
RRV002_FREE_US_EQUITY_ALL_CAPABLE,1764,PII
RRV002_FREE_US_EQUITY_ALL_CAPABLE,1765,PINS
RRV002_FREE_US_EQUITY_ALL_CAPABLE,1766,PK
RRV002_FREE_US_EQUITY_ALL_CAPABLE,1767,PKG
RRV002_FREE_US_EQUITY_ALL_CAPABLE,1768,PLD
RRV002_FREE_US_EQUITY_ALL_CAPABLE,1769,PLNT
RRV002_FREE_US_EQUITY_ALL_CAPABLE,1770,PLOW
RRV002_FREE_US_EQUITY_ALL_CAPABLE,1771,PLTR
RRV002_FREE_US_EQUITY_ALL_CAPABLE,1772,PM
RRV002_FREE_US_EQUITY_ALL_CAPABLE,1773,PNC
RRV002_FREE_US_EQUITY_ALL_CAPABLE,1774,PNR
RRV002_FREE_US_EQUITY_ALL_CAPABLE,1775,PNW
RRV002_FREE_US_EQUITY_ALL_CAPABLE,1776,POR
RRV002_FREE_US_EQUITY_ALL_CAPABLE,1777,POST
RRV002_FREE_US_EQUITY_ALL_CAPABLE,1778,PPG
RRV002_FREE_US_EQUITY_ALL_CAPABLE,1779,PPL
RRV002_FREE_US_EQUITY_ALL_CAPABLE,1780,PRG
RRV002_FREE_US_EQUITY_ALL_CAPABLE,1781,PRGO
RRV002_FREE_US_EQUITY_ALL_CAPABLE,1782,PRI
RRV002_FREE_US_EQUITY_ALL_CAPABLE,1783,PRLB
RRV002_FREE_US_EQUITY_ALL_CAPABLE,1784,PRMB
RRV002_FREE_US_EQUITY_ALL_CAPABLE,1785,PRU
RRV002_FREE_US_EQUITY_ALL_CAPABLE,1786,PSFE
RRV002_FREE_US_EQUITY_ALL_CAPABLE,1787,PSN
RRV002_FREE_US_EQUITY_ALL_CAPABLE,1788,PSO
RRV002_FREE_US_EQUITY_ALL_CAPABLE,1789,PSX
RRV002_FREE_US_EQUITY_ALL_CAPABLE,1790,PUMP
RRV002_FREE_US_EQUITY_ALL_CAPABLE,1791,PVH
RRV002_FREE_US_EQUITY_ALL_CAPABLE,1792,PWR
RRV002_FREE_US_EQUITY_ALL_CAPABLE,1793,QGEN
RRV002_FREE_US_EQUITY_ALL_CAPABLE,1794,QS
RRV002_FREE_US_EQUITY_ALL_CAPABLE,1795,QSR
RRV002_FREE_US_EQUITY_ALL_CAPABLE,1796,QTWO
RRV002_FREE_US_EQUITY_ALL_CAPABLE,1797,R
RRV002_FREE_US_EQUITY_ALL_CAPABLE,1798,RACE
RRV002_FREE_US_EQUITY_ALL_CAPABLE,1799,RAMP
RRV002_FREE_US_EQUITY_ALL_CAPABLE,1800,RBA
RRV002_FREE_US_EQUITY_ALL_CAPABLE,1801,RC
RRV002_FREE_US_EQUITY_ALL_CAPABLE,1802,RCI
RRV002_FREE_US_EQUITY_ALL_CAPABLE,1803,RCL
RRV002_FREE_US_EQUITY_ALL_CAPABLE,1804,RCUS
RRV002_FREE_US_EQUITY_ALL_CAPABLE,1805,RDN
RRV002_FREE_US_EQUITY_ALL_CAPABLE,1806,RELX
RRV002_FREE_US_EQUITY_ALL_CAPABLE,1807,RES
RRV002_FREE_US_EQUITY_ALL_CAPABLE,1808,REXR
RRV002_FREE_US_EQUITY_ALL_CAPABLE,1809,REZI
RRV002_FREE_US_EQUITY_ALL_CAPABLE,1810,RF
RRV002_FREE_US_EQUITY_ALL_CAPABLE,1811,RGA
RRV002_FREE_US_EQUITY_ALL_CAPABLE,1812,RGR
RRV002_FREE_US_EQUITY_ALL_CAPABLE,1813,RH
RRV002_FREE_US_EQUITY_ALL_CAPABLE,1814,RHI
RRV002_FREE_US_EQUITY_ALL_CAPABLE,1815,RHP
RRV002_FREE_US_EQUITY_ALL_CAPABLE,1816,RIG
RRV002_FREE_US_EQUITY_ALL_CAPABLE,1817,RIO
RRV002_FREE_US_EQUITY_ALL_CAPABLE,1818,RITM
RRV002_FREE_US_EQUITY_ALL_CAPABLE,1819,RJF
RRV002_FREE_US_EQUITY_ALL_CAPABLE,1820,RKT
RRV002_FREE_US_EQUITY_ALL_CAPABLE,1821,RL
RRV002_FREE_US_EQUITY_ALL_CAPABLE,1822,RLI
RRV002_FREE_US_EQUITY_ALL_CAPABLE,1823,RMD
RRV002_FREE_US_EQUITY_ALL_CAPABLE,1824,RNG
RRV002_FREE_US_EQUITY_ALL_CAPABLE,1825,RNR
RRV002_FREE_US_EQUITY_ALL_CAPABLE,1826,ROK
RRV002_FREE_US_EQUITY_ALL_CAPABLE,1827,ROL
RRV002_FREE_US_EQUITY_ALL_CAPABLE,1828,ROP
RRV002_FREE_US_EQUITY_ALL_CAPABLE,1829,RPM
RRV002_FREE_US_EQUITY_ALL_CAPABLE,1830,RRC
RRV002_FREE_US_EQUITY_ALL_CAPABLE,1831,RRX
RRV002_FREE_US_EQUITY_ALL_CAPABLE,1832,RS
RRV002_FREE_US_EQUITY_ALL_CAPABLE,1833,RSG
RRV002_FREE_US_EQUITY_ALL_CAPABLE,1834,RSI
RRV002_FREE_US_EQUITY_ALL_CAPABLE,1835,RTX
RRV002_FREE_US_EQUITY_ALL_CAPABLE,1836,RVLV
RRV002_FREE_US_EQUITY_ALL_CAPABLE,1837,RY
RRV002_FREE_US_EQUITY_ALL_CAPABLE,1838,RYAM
RRV002_FREE_US_EQUITY_ALL_CAPABLE,1839,RYN
RRV002_FREE_US_EQUITY_ALL_CAPABLE,1840,RYZ
RRV002_FREE_US_EQUITY_ALL_CAPABLE,1841,SEI
RRV002_FREE_US_EQUITY_ALL_CAPABLE,1842,SGI
RRV002_FREE_US_EQUITY_ALL_CAPABLE,1843,SITC
RRV002_FREE_US_EQUITY_ALL_CAPABLE,1844,SITE
RRV002_FREE_US_EQUITY_ALL_CAPABLE,1845,SJM
RRV002_FREE_US_EQUITY_ALL_CAPABLE,1846,SKT
RRV002_FREE_US_EQUITY_ALL_CAPABLE,1847,SKY
RRV002_FREE_US_EQUITY_ALL_CAPABLE,1848,SLB
RRV002_FREE_US_EQUITY_ALL_CAPABLE,1849,SLF
RRV002_FREE_US_EQUITY_ALL_CAPABLE,1850,SLG
RRV002_FREE_US_EQUITY_ALL_CAPABLE,1851,SLQT
RRV002_FREE_US_EQUITY_ALL_CAPABLE,1852,SM
RRV002_FREE_US_EQUITY_ALL_CAPABLE,1853,SMG
RRV002_FREE_US_EQUITY_ALL_CAPABLE,1854,SMP
RRV002_FREE_US_EQUITY_ALL_CAPABLE,1855,SNA
RRV002_FREE_US_EQUITY_ALL_CAPABLE,1856,SNAP
RRV002_FREE_US_EQUITY_ALL_CAPABLE,1857,SNDR
RRV002_FREE_US_EQUITY_ALL_CAPABLE,1858,SNN
RRV002_FREE_US_EQUITY_ALL_CAPABLE,1859,SNOW
RRV002_FREE_US_EQUITY_ALL_CAPABLE,1860,SNX
RRV002_FREE_US_EQUITY_ALL_CAPABLE,1861,SO
RRV002_FREE_US_EQUITY_ALL_CAPABLE,1862,SON
RRV002_FREE_US_EQUITY_ALL_CAPABLE,1863,SPB
RRV002_FREE_US_EQUITY_ALL_CAPABLE,1864,SPCE
RRV002_FREE_US_EQUITY_ALL_CAPABLE,1865,SPG
RRV002_FREE_US_EQUITY_ALL_CAPABLE,1866,SPGI
RRV002_FREE_US_EQUITY_ALL_CAPABLE,1867,SPNT
RRV002_FREE_US_EQUITY_ALL_CAPABLE,1868,SPOT
RRV002_FREE_US_EQUITY_ALL_CAPABLE,1869,SPXC
RRV002_FREE_US_EQUITY_ALL_CAPABLE,1870,SQM
RRV002_FREE_US_EQUITY_ALL_CAPABLE,1871,SR
RRV002_FREE_US_EQUITY_ALL_CAPABLE,1872,SRE
RRV002_FREE_US_EQUITY_ALL_CAPABLE,1873,SRG
RRV002_FREE_US_EQUITY_ALL_CAPABLE,1874,SSD
RRV002_FREE_US_EQUITY_ALL_CAPABLE,1875,SSL
RRV002_FREE_US_EQUITY_ALL_CAPABLE,1876,SSTK
RRV002_FREE_US_EQUITY_ALL_CAPABLE,1877,ST
RRV002_FREE_US_EQUITY_ALL_CAPABLE,1878,STAG
RRV002_FREE_US_EQUITY_ALL_CAPABLE,1879,STC
RRV002_FREE_US_EQUITY_ALL_CAPABLE,1880,STE
RRV002_FREE_US_EQUITY_ALL_CAPABLE,1881,STEM
RRV002_FREE_US_EQUITY_ALL_CAPABLE,1882,STLA
RRV002_FREE_US_EQUITY_ALL_CAPABLE,1883,STM
RRV002_FREE_US_EQUITY_ALL_CAPABLE,1884,STNG
RRV002_FREE_US_EQUITY_ALL_CAPABLE,1885,STT
RRV002_FREE_US_EQUITY_ALL_CAPABLE,1886,STZ
RRV002_FREE_US_EQUITY_ALL_CAPABLE,1887,SU
RRV002_FREE_US_EQUITY_ALL_CAPABLE,1888,SUI
RRV002_FREE_US_EQUITY_ALL_CAPABLE,1889,SW
RRV002_FREE_US_EQUITY_ALL_CAPABLE,1890,SWK
RRV002_FREE_US_EQUITY_ALL_CAPABLE,1891,SXC
RRV002_FREE_US_EQUITY_ALL_CAPABLE,1892,SXT
RRV002_FREE_US_EQUITY_ALL_CAPABLE,1893,SYF
RRV002_FREE_US_EQUITY_ALL_CAPABLE,1894,SYK
RRV002_FREE_US_EQUITY_ALL_CAPABLE,1895,SYY
RRV002_FREE_US_EQUITY_ALL_CAPABLE,1896,T
RRV002_FREE_US_EQUITY_ALL_CAPABLE,1897,TAC
RRV002_FREE_US_EQUITY_ALL_CAPABLE,1898,TAL
RRV002_FREE_US_EQUITY_ALL_CAPABLE,1899,TALO
RRV002_FREE_US_EQUITY_ALL_CAPABLE,1900,TAP
RRV002_FREE_US_EQUITY_ALL_CAPABLE,1901,TBI
RRV002_FREE_US_EQUITY_ALL_CAPABLE,1902,TD
RRV002_FREE_US_EQUITY_ALL_CAPABLE,1903,TDAY
RRV002_FREE_US_EQUITY_ALL_CAPABLE,1904,TDC
RRV002_FREE_US_EQUITY_ALL_CAPABLE,1905,TDOC
RRV002_FREE_US_EQUITY_ALL_CAPABLE,1906,TDS
RRV002_FREE_US_EQUITY_ALL_CAPABLE,1907,TDW
RRV002_FREE_US_EQUITY_ALL_CAPABLE,1908,TDY
RRV002_FREE_US_EQUITY_ALL_CAPABLE,1909,TE
RRV002_FREE_US_EQUITY_ALL_CAPABLE,1910,TECK
RRV002_FREE_US_EQUITY_ALL_CAPABLE,1911,TEL
RRV002_FREE_US_EQUITY_ALL_CAPABLE,1912,TEX
RRV002_FREE_US_EQUITY_ALL_CAPABLE,1913,TFC
RRV002_FREE_US_EQUITY_ALL_CAPABLE,1914,TFII
RRV002_FREE_US_EQUITY_ALL_CAPABLE,1915,TFX
RRV002_FREE_US_EQUITY_ALL_CAPABLE,1916,TGLS
RRV002_FREE_US_EQUITY_ALL_CAPABLE,1917,TGT
RRV002_FREE_US_EQUITY_ALL_CAPABLE,1918,THC
RRV002_FREE_US_EQUITY_ALL_CAPABLE,1919,THG
RRV002_FREE_US_EQUITY_ALL_CAPABLE,1920,THO
RRV002_FREE_US_EQUITY_ALL_CAPABLE,1921,TJX
RRV002_FREE_US_EQUITY_ALL_CAPABLE,1922,TK
RRV002_FREE_US_EQUITY_ALL_CAPABLE,1923,TKO
RRV002_FREE_US_EQUITY_ALL_CAPABLE,1924,TKR
RRV002_FREE_US_EQUITY_ALL_CAPABLE,1925,TLK
RRV002_FREE_US_EQUITY_ALL_CAPABLE,1926,TMC
RRV002_FREE_US_EQUITY_ALL_CAPABLE,1927,TMO
RRV002_FREE_US_EQUITY_ALL_CAPABLE,1928,TNET
RRV002_FREE_US_EQUITY_ALL_CAPABLE,1929,TNK
RRV002_FREE_US_EQUITY_ALL_CAPABLE,1930,TNL
RRV002_FREE_US_EQUITY_ALL_CAPABLE,1931,TOL
RRV002_FREE_US_EQUITY_ALL_CAPABLE,1932,TPC
RRV002_FREE_US_EQUITY_ALL_CAPABLE,1933,TPR
RRV002_FREE_US_EQUITY_ALL_CAPABLE,1934,TREX
RRV002_FREE_US_EQUITY_ALL_CAPABLE,1935,TRGP
RRV002_FREE_US_EQUITY_ALL_CAPABLE,1936,TRI
RRV002_FREE_US_EQUITY_ALL_CAPABLE,1937,TRN
RRV002_FREE_US_EQUITY_ALL_CAPABLE,1938,TRNO
RRV002_FREE_US_EQUITY_ALL_CAPABLE,1939,TROX
RRV002_FREE_US_EQUITY_ALL_CAPABLE,1940,TRP
RRV002_FREE_US_EQUITY_ALL_CAPABLE,1941,TRU
RRV002_FREE_US_EQUITY_ALL_CAPABLE,1942,TRV
RRV002_FREE_US_EQUITY_ALL_CAPABLE,1943,TS
RRV002_FREE_US_EQUITY_ALL_CAPABLE,1944,TSLX
RRV002_FREE_US_EQUITY_ALL_CAPABLE,1945,TSM
RRV002_FREE_US_EQUITY_ALL_CAPABLE,1946,TSN
RRV002_FREE_US_EQUITY_ALL_CAPABLE,1947,TT
RRV002_FREE_US_EQUITY_ALL_CAPABLE,1948,TTC
RRV002_FREE_US_EQUITY_ALL_CAPABLE,1949,TTE
RRV002_FREE_US_EQUITY_ALL_CAPABLE,1950,TTI
RRV002_FREE_US_EQUITY_ALL_CAPABLE,1951,TU
RRV002_FREE_US_EQUITY_ALL_CAPABLE,1952,TV
RRV002_FREE_US_EQUITY_ALL_CAPABLE,1953,TWI
RRV002_FREE_US_EQUITY_ALL_CAPABLE,1954,TWLO
RRV002_FREE_US_EQUITY_ALL_CAPABLE,1955,TWO
RRV002_FREE_US_EQUITY_ALL_CAPABLE,1956,TXNM
RRV002_FREE_US_EQUITY_ALL_CAPABLE,1957,TXT
RRV002_FREE_US_EQUITY_ALL_CAPABLE,1958,TYL
RRV002_FREE_US_EQUITY_ALL_CAPABLE,1959,UA
RRV002_FREE_US_EQUITY_ALL_CAPABLE,1960,UAA
RRV002_FREE_US_EQUITY_ALL_CAPABLE,1961,UBER
RRV002_FREE_US_EQUITY_ALL_CAPABLE,1962,UBS
RRV002_FREE_US_EQUITY_ALL_CAPABLE,1963,UDR
RRV002_FREE_US_EQUITY_ALL_CAPABLE,1964,UE
RRV002_FREE_US_EQUITY_ALL_CAPABLE,1965,UGI
RRV002_FREE_US_EQUITY_ALL_CAPABLE,1966,UHS
RRV002_FREE_US_EQUITY_ALL_CAPABLE,1967,UIS
RRV002_FREE_US_EQUITY_ALL_CAPABLE,1968,UL
RRV002_FREE_US_EQUITY_ALL_CAPABLE,1969,UMH
RRV002_FREE_US_EQUITY_ALL_CAPABLE,1970,UNM
RRV002_FREE_US_EQUITY_ALL_CAPABLE,1971,UNP
RRV002_FREE_US_EQUITY_ALL_CAPABLE,1972,USB
RRV002_FREE_US_EQUITY_ALL_CAPABLE,1973,USFD
RRV002_FREE_US_EQUITY_ALL_CAPABLE,1974,USPH
RRV002_FREE_US_EQUITY_ALL_CAPABLE,1975,UTZ
RRV002_FREE_US_EQUITY_ALL_CAPABLE,1976,UVE
RRV002_FREE_US_EQUITY_ALL_CAPABLE,1977,UWMC
RRV002_FREE_US_EQUITY_ALL_CAPABLE,1978,V
RRV002_FREE_US_EQUITY_ALL_CAPABLE,1979,VAC
RRV002_FREE_US_EQUITY_ALL_CAPABLE,1980,VALE
RRV002_FREE_US_EQUITY_ALL_CAPABLE,1981,VEEV
RRV002_FREE_US_EQUITY_ALL_CAPABLE,1982,VET
RRV002_FREE_US_EQUITY_ALL_CAPABLE,1983,VFC
RRV002_FREE_US_EQUITY_ALL_CAPABLE,1984,VICI
RRV002_FREE_US_EQUITY_ALL_CAPABLE,1985,VIPS
RRV002_FREE_US_EQUITY_ALL_CAPABLE,1986,VLO
RRV002_FREE_US_EQUITY_ALL_CAPABLE,1987,VLRS
RRV002_FREE_US_EQUITY_ALL_CAPABLE,1988,VMC
RRV002_FREE_US_EQUITY_ALL_CAPABLE,1989,VNT
RRV002_FREE_US_EQUITY_ALL_CAPABLE,1990,VOYA
RRV002_FREE_US_EQUITY_ALL_CAPABLE,1991,VRT
RRV002_FREE_US_EQUITY_ALL_CAPABLE,1992,VSH
RRV002_FREE_US_EQUITY_ALL_CAPABLE,1993,VST
RRV002_FREE_US_EQUITY_ALL_CAPABLE,1994,VTR
RRV002_FREE_US_EQUITY_ALL_CAPABLE,1995,VVV
RRV002_FREE_US_EQUITY_ALL_CAPABLE,1996,VYX
RRV002_FREE_US_EQUITY_ALL_CAPABLE,1997,VZ
RRV002_FREE_US_EQUITY_ALL_CAPABLE,1998,W
RRV002_FREE_US_EQUITY_ALL_CAPABLE,1999,WAB
RRV002_FREE_US_EQUITY_ALL_CAPABLE,2000,WAL
RRV002_FREE_US_EQUITY_ALL_CAPABLE,2001,WAT
RRV002_FREE_US_EQUITY_ALL_CAPABLE,2002,WBS
RRV002_FREE_US_EQUITY_ALL_CAPABLE,2003,WCC
RRV002_FREE_US_EQUITY_ALL_CAPABLE,2004,WCN
RRV002_FREE_US_EQUITY_ALL_CAPABLE,2005,WD
RRV002_FREE_US_EQUITY_ALL_CAPABLE,2006,WEC
RRV002_FREE_US_EQUITY_ALL_CAPABLE,2007,WELL
RRV002_FREE_US_EQUITY_ALL_CAPABLE,2008,WES
RRV002_FREE_US_EQUITY_ALL_CAPABLE,2009,WEX
RRV002_FREE_US_EQUITY_ALL_CAPABLE,2010,WFC
RRV002_FREE_US_EQUITY_ALL_CAPABLE,2011,WGO
RRV002_FREE_US_EQUITY_ALL_CAPABLE,2012,WH
RRV002_FREE_US_EQUITY_ALL_CAPABLE,2013,WHD
RRV002_FREE_US_EQUITY_ALL_CAPABLE,2014,WHR
RRV002_FREE_US_EQUITY_ALL_CAPABLE,2015,WIT
RRV002_FREE_US_EQUITY_ALL_CAPABLE,2016,WK
RRV002_FREE_US_EQUITY_ALL_CAPABLE,2017,WKC
RRV002_FREE_US_EQUITY_ALL_CAPABLE,2018,WLK
RRV002_FREE_US_EQUITY_ALL_CAPABLE,2019,WM
RRV002_FREE_US_EQUITY_ALL_CAPABLE,2020,WMB
RRV002_FREE_US_EQUITY_ALL_CAPABLE,2021,WMS
RRV002_FREE_US_EQUITY_ALL_CAPABLE,2022,WMT
RRV002_FREE_US_EQUITY_ALL_CAPABLE,2023,WNC
RRV002_FREE_US_EQUITY_ALL_CAPABLE,2024,WOR
RRV002_FREE_US_EQUITY_ALL_CAPABLE,2025,WPC
RRV002_FREE_US_EQUITY_ALL_CAPABLE,2026,WPM
RRV002_FREE_US_EQUITY_ALL_CAPABLE,2027,WRB
RRV002_FREE_US_EQUITY_ALL_CAPABLE,2028,WSM
RRV002_FREE_US_EQUITY_ALL_CAPABLE,2029,WSO
RRV002_FREE_US_EQUITY_ALL_CAPABLE,2030,WTI
RRV002_FREE_US_EQUITY_ALL_CAPABLE,2031,WTRG
RRV002_FREE_US_EQUITY_ALL_CAPABLE,2032,WTTR
RRV002_FREE_US_EQUITY_ALL_CAPABLE,2033,WU
RRV002_FREE_US_EQUITY_ALL_CAPABLE,2034,WWW
RRV002_FREE_US_EQUITY_ALL_CAPABLE,2035,WY
RRV002_FREE_US_EQUITY_ALL_CAPABLE,2036,XHR
RRV002_FREE_US_EQUITY_ALL_CAPABLE,2037,XIFR
RRV002_FREE_US_EQUITY_ALL_CAPABLE,2038,XOM
RRV002_FREE_US_EQUITY_ALL_CAPABLE,2039,XPO
RRV002_FREE_US_EQUITY_ALL_CAPABLE,2040,XPRO
RRV002_FREE_US_EQUITY_ALL_CAPABLE,2041,XYL
RRV002_FREE_US_EQUITY_ALL_CAPABLE,2042,XYZ
RRV002_FREE_US_EQUITY_ALL_CAPABLE,2043,YELP
RRV002_FREE_US_EQUITY_ALL_CAPABLE,2044,YETI
RRV002_FREE_US_EQUITY_ALL_CAPABLE,2045,YEXT
RRV002_FREE_US_EQUITY_ALL_CAPABLE,2046,YUM
RRV002_FREE_US_EQUITY_ALL_CAPABLE,2047,YUMC
RRV002_FREE_US_EQUITY_ALL_CAPABLE,2048,ZBH
RRV002_FREE_US_EQUITY_ALL_CAPABLE,2049,ZTS
RRV002_FREE_US_EQUITY_ALL_CAPABLE,2050,ZWS
RRV002_FREE_US_EQUITY_ALL_CAPABLE,2051,ZYME
RRV002_FREE_US_EQUITY_ALL_CAPABLE,2052,APEI
RRV002_FREE_US_EQUITY_ALL_CAPABLE,2053,CVGI
RRV002_FREE_US_EQUITY_ALL_CAPABLE,2054,FDUS
RRV002_FREE_US_EQUITY_ALL_CAPABLE,2055,LESL
RRV002_FREE_US_EQUITY_ALL_CAPABLE,2056,MRAM
RRV002_FREE_US_EQUITY_ALL_CAPABLE,2057,PDSB
RRV002_FREE_US_EQUITY_ALL_CAPABLE,2058,PMVP
RRV002_FREE_US_EQUITY_ALL_CAPABLE,2059,ROOT
RRV002_FREE_US_EQUITY_ALL_CAPABLE,2060,ACET
RRV002_FREE_US_EQUITY_ALL_CAPABLE,2061,CLMT
RRV002_FREE_US_EQUITY_ALL_CAPABLE,2062,HROW
RRV002_FREE_US_EQUITY_ALL_CAPABLE,2063,SAM
RRV002_FREE_US_EQUITY_ALL_CAPABLE,2064,XFOR
RRV002_FREE_US_EQUITY_ALL_CAPABLE,2065,AMG
RRV002_FREE_US_EQUITY_ALL_CAPABLE,2066,AMPY
RRV002_FREE_US_EQUITY_ALL_CAPABLE,2067,AMR
RRV002_FREE_US_EQUITY_ALL_CAPABLE,2068,AVD
RRV002_FREE_US_EQUITY_ALL_CAPABLE,2069,AZZ
RRV002_FREE_US_EQUITY_ALL_CAPABLE,2070,B
RRV002_FREE_US_EQUITY_ALL_CAPABLE,2071,BCSF
RRV002_FREE_US_EQUITY_ALL_CAPABLE,2072,BHR
RRV002_FREE_US_EQUITY_ALL_CAPABLE,2073,BNED
RRV002_FREE_US_EQUITY_ALL_CAPABLE,2074,BRC
RRV002_FREE_US_EQUITY_ALL_CAPABLE,2075,BSM
RRV002_FREE_US_EQUITY_ALL_CAPABLE,2076,CACI
RRV002_FREE_US_EQUITY_ALL_CAPABLE,2077,CHH
RRV002_FREE_US_EQUITY_ALL_CAPABLE,2078,CNS
RRV002_FREE_US_EQUITY_ALL_CAPABLE,2079,CPF
RRV002_FREE_US_EQUITY_ALL_CAPABLE,2080,DOC
RRV002_FREE_US_EQUITY_ALL_CAPABLE,2081,DSX
RRV002_FREE_US_EQUITY_ALL_CAPABLE,2082,ECC
RRV002_FREE_US_EQUITY_ALL_CAPABLE,2083,EVTC
RRV002_FREE_US_EQUITY_ALL_CAPABLE,2084,FHI
RRV002_FREE_US_EQUITY_ALL_CAPABLE,2085,FICO
RRV002_FREE_US_EQUITY_ALL_CAPABLE,2086,GATX
RRV002_FREE_US_EQUITY_ALL_CAPABLE,2087,GCO
RRV002_FREE_US_EQUITY_ALL_CAPABLE,2088,GPRK
RRV002_FREE_US_EQUITY_ALL_CAPABLE,2089,HCI
RRV002_FREE_US_EQUITY_ALL_CAPABLE,2090,HHH
RRV002_FREE_US_EQUITY_ALL_CAPABLE,2091,HRI
RRV002_FREE_US_EQUITY_ALL_CAPABLE,2092,HUBS
RRV002_FREE_US_EQUITY_ALL_CAPABLE,2093,IBP
RRV002_FREE_US_EQUITY_ALL_CAPABLE,2094,IHG
RRV002_FREE_US_EQUITY_ALL_CAPABLE,2095,IIPR
RRV002_FREE_US_EQUITY_ALL_CAPABLE,2096,MAX
RRV002_FREE_US_EQUITY_ALL_CAPABLE,2097,MLM
RRV002_FREE_US_EQUITY_ALL_CAPABLE,2098,MOV
RRV002_FREE_US_EQUITY_ALL_CAPABLE,2099,MSGE
RRV002_FREE_US_EQUITY_ALL_CAPABLE,2100,MTRN
RRV002_FREE_US_EQUITY_ALL_CAPABLE,2101,NWN
RRV002_FREE_US_EQUITY_ALL_CAPABLE,2102,NX
RRV002_FREE_US_EQUITY_ALL_CAPABLE,2103,OUST
RRV002_FREE_US_EQUITY_ALL_CAPABLE,2104,PAM
RRV002_FREE_US_EQUITY_ALL_CAPABLE,2105,PJT
RRV002_FREE_US_EQUITY_ALL_CAPABLE,2106,PSA
RRV002_FREE_US_EQUITY_ALL_CAPABLE,2107,ROG
RRV002_FREE_US_EQUITY_ALL_CAPABLE,2108,SUN
RRV002_FREE_US_EQUITY_ALL_CAPABLE,2109,SWX
RRV002_FREE_US_EQUITY_ALL_CAPABLE,2110,TDG
RRV002_FREE_US_EQUITY_ALL_CAPABLE,2111,TPVG
RRV002_FREE_US_EQUITY_ALL_CAPABLE,2112,UGP
RRV002_FREE_US_EQUITY_ALL_CAPABLE,2113,USAC
RRV002_FREE_US_EQUITY_ALL_CAPABLE,2114,UTI
RRV002_FREE_US_EQUITY_ALL_CAPABLE,2115,UVV
RRV002_FREE_US_EQUITY_ALL_CAPABLE,2116,VMI
RRV002_FREE_US_EQUITY_ALL_CAPABLE,2117,WST
RRV002_FREE_US_EQUITY_ALL_CAPABLE,2118,AD
RRV002_FREE_US_EQUITY_ALL_CAPABLE,2119,AORT
RRV002_FREE_US_EQUITY_ALL_CAPABLE,2120,BMI
RRV002_FREE_US_EQUITY_ALL_CAPABLE,2121,BRSL
RRV002_FREE_US_EQUITY_ALL_CAPABLE,2122,CCC
RRV002_FREE_US_EQUITY_ALL_CAPABLE,2123,CGEM
RRV002_FREE_US_EQUITY_ALL_CAPABLE,2124,HAPN
RRV002_FREE_US_EQUITY_ALL_CAPABLE,2125,IONQ
RRV002_FREE_US_EQUITY_ALL_CAPABLE,2126,JOE
RRV002_FREE_US_EQUITY_ALL_CAPABLE,2127,LCII
RRV002_FREE_US_EQUITY_ALL_CAPABLE,2128,OSG
RRV002_FREE_US_EQUITY_ALL_CAPABLE,2129,PWP
RRV002_FREE_US_EQUITY_ALL_CAPABLE,2130,BEEM
RRV002_FREE_US_EQUITY_ALL_CAPABLE,2131,CDLX
RRV002_FREE_US_EQUITY_ALL_CAPABLE,2132,FWONA
RRV002_FREE_US_EQUITY_ALL_CAPABLE,2133,IMKTA
RRV002_FREE_US_EQUITY_ALL_CAPABLE,2134,OGI
RRV002_FREE_US_EQUITY_ALL_CAPABLE,2135,POWL
RRV002_FREE_US_EQUITY_ALL_CAPABLE,2136,FLL
RRV002_FREE_US_EQUITY_ALL_CAPABLE,2137,KB
RRV002_FREE_US_EQUITY_ALL_CAPABLE,2138,PGC
RRV002_FREE_US_EQUITY_ALL_CAPABLE,2139,AEVA
RRV002_FREE_US_EQUITY_ALL_CAPABLE,2140,ASIX
RRV002_FREE_US_EQUITY_ALL_CAPABLE,2141,BHE
RRV002_FREE_US_EQUITY_ALL_CAPABLE,2142,CCU
RRV002_FREE_US_EQUITY_ALL_CAPABLE,2143,CHT
RRV002_FREE_US_EQUITY_ALL_CAPABLE,2144,CODI
RRV002_FREE_US_EQUITY_ALL_CAPABLE,2145,CR
RRV002_FREE_US_EQUITY_ALL_CAPABLE,2146,FBK
RRV002_FREE_US_EQUITY_ALL_CAPABLE,2147,FOR
RRV002_FREE_US_EQUITY_ALL_CAPABLE,2148,GPI
RRV002_FREE_US_EQUITY_ALL_CAPABLE,2149,HVT
RRV002_FREE_US_EQUITY_ALL_CAPABLE,2150,PRSU
RRV002_FREE_US_EQUITY_ALL_CAPABLE,2151,SPH
RRV002_FREE_US_EQUITY_ALL_CAPABLE,2152,SRI
RRV002_FREE_US_EQUITY_ALL_CAPABLE,2153,VTOL
RRV002_FREE_US_EQUITY_ALL_CAPABLE,2154,LXFR
RRV002_FREE_US_EQUITY_ALL_CAPABLE,2155,MTD
RRV002_FREE_US_EQUITY_ALL_CAPABLE,2156,RVTY
RRV002_FREE_US_EQUITY_ALL_CAPABLE,2157,BKKT
RRV002_FREE_US_EQUITY_ALL_CAPABLE,2158,EGY
RRV002_FREE_US_EQUITY_ALL_CAPABLE,2159,EPM
RRV002_FREE_US_EQUITY_ALL_CAPABLE,2160,METC
RRV002_FREE_US_EQUITY_ALL_CAPABLE,2161,RKLB
RRV002_FREE_US_EQUITY_ALL_CAPABLE,2162,TEN
RRV002_FREE_US_EQUITY_ALL_CAPABLE,2163,ALTO
RRV002_FREE_US_EQUITY_ALL_CAPABLE,2164,AMRN
RRV002_FREE_US_EQUITY_ALL_CAPABLE,2165,AVNW
RRV002_FREE_US_EQUITY_ALL_CAPABLE,2166,CVLG
RRV002_FREE_US_EQUITY_ALL_CAPABLE,2167,JAKK
RRV002_FREE_US_EQUITY_ALL_CAPABLE,2168,LBRDA
RRV002_FREE_US_EQUITY_ALL_CAPABLE,2169,MTA
RRV002_FREE_US_EQUITY_ALL_CAPABLE,2170,STXS
RRV002_FREE_US_EQUITY_ALL_CAPABLE,2171,WGS
RRV002_FREE_US_EQUITY_ALL_CAPABLE,2172,GLAD
RRV002_FREE_US_EQUITY_ALL_CAPABLE,2173,MGEE
RRV002_FREE_US_EQUITY_ALL_CAPABLE,2174,VMD
RRV002_FREE_US_EQUITY_ALL_CAPABLE,2175,EBF
RRV002_FREE_US_EQUITY_ALL_CAPABLE,2176,FORR
RRV002_FREE_US_EQUITY_ALL_CAPABLE,2177,KEP
RRV002_FREE_US_EQUITY_ALL_CAPABLE,2178,LTRX
RRV002_FREE_US_EQUITY_ALL_CAPABLE,2179,MBIN
RRV002_FREE_US_EQUITY_ALL_CAPABLE,2180,SHIP
RRV002_FREE_US_EQUITY_ALL_CAPABLE,2181,SYBT
RRV002_FREE_US_EQUITY_ALL_CAPABLE,2182,AMAL
RRV002_FREE_US_EQUITY_ALL_CAPABLE,2183,BARK
RRV002_FREE_US_EQUITY_ALL_CAPABLE,2184,BIO
RRV002_FREE_US_EQUITY_ALL_CAPABLE,2185,CMBT
RRV002_FREE_US_EQUITY_ALL_CAPABLE,2186,CPS
RRV002_FREE_US_EQUITY_ALL_CAPABLE,2187,DDS
RRV002_FREE_US_EQUITY_ALL_CAPABLE,2188,GIB
RRV002_FREE_US_EQUITY_ALL_CAPABLE,2189,IPI
RRV002_FREE_US_EQUITY_ALL_CAPABLE,2190,MSGS
RRV002_FREE_US_EQUITY_ALL_CAPABLE,2191,PIPR
RRV002_FREE_US_EQUITY_ALL_CAPABLE,2192,WTS
RRV002_FREE_US_EQUITY_ALL_CAPABLE,2193,XRN
RRV002_FREE_US_EQUITY_ALL_CAPABLE,2194,AGX
RRV002_FREE_US_EQUITY_ALL_CAPABLE,2195,BY
RRV002_FREE_US_EQUITY_ALL_CAPABLE,2196,DOO
RRV002_FREE_US_EQUITY_ALL_CAPABLE,2197,FSV
RRV002_FREE_US_EQUITY_ALL_CAPABLE,2198,HTT
RRV002_FREE_US_EQUITY_ALL_CAPABLE,2199,SHG
RRV002_FREE_US_EQUITY_ALL_CAPABLE,2200,USNA
RRV002_FREE_US_EQUITY_ALL_CAPABLE,2201,ZVRA
RRV002_FREE_US_EQUITY_ALL_CAPABLE,2202,CABA
RRV002_FREE_US_EQUITY_ALL_CAPABLE,2203,AEHR
RRV002_FREE_US_EQUITY_ALL_CAPABLE,2204,OWL
RRV002_FREE_US_EQUITY_ALL_CAPABLE,2205,TH
RRV002_FREE_US_EQUITY_ALL_CAPABLE,2206,UP
RRV002_FREE_US_EQUITY_ALL_CAPABLE,2207,VIST
RRV002_FREE_US_EQUITY_ALL_CAPABLE,2208,CQP
RRV002_FREE_US_EQUITY_ALL_CAPABLE,2209,ERIE
RRV002_FREE_US_EQUITY_ALL_CAPABLE,2210,SEER
RRV002_FREE_US_EQUITY_ALL_CAPABLE,2211,VFF
RRV002_FREE_US_EQUITY_ALL_CAPABLE,2212,WDFC
RRV002_FREE_US_EQUITY_ALL_CAPABLE,2213,BBCP
RRV002_FREE_US_EQUITY_ALL_CAPABLE,2214,QCRH
RRV002_FREE_US_EQUITY_ALL_CAPABLE,2215,RMR
RRV002_FREE_US_EQUITY_ALL_CAPABLE,2216,FC
RRV002_FREE_US_EQUITY_ALL_CAPABLE,2217,NPO
RRV002_FREE_US_EQUITY_ALL_CAPABLE,2218,RMAX
RRV002_FREE_US_EQUITY_ALL_CAPABLE,2219,TPB
RRV002_FREE_US_EQUITY_ALL_CAPABLE,2220,TR
RRV002_FREE_US_EQUITY_ALL_CAPABLE,2221,WMK
RRV002_FREE_US_EQUITY_ALL_CAPABLE,2222,NVGS
RRV002_FREE_US_EQUITY_ALL_CAPABLE,2223,SII
RRV002_FREE_US_EQUITY_ALL_CAPABLE,2224,WPP
RRV002_FREE_US_EQUITY_ALL_CAPABLE,2225,NRDY
RRV002_FREE_US_EQUITY_ALL_CAPABLE,2226,AFRM
RRV002_FREE_US_EQUITY_ALL_CAPABLE,2227,BORR
RRV002_FREE_US_EQUITY_ALL_CAPABLE,2228,BTAI
RRV002_FREE_US_EQUITY_ALL_CAPABLE,2229,JYNT
RRV002_FREE_US_EQUITY_ALL_CAPABLE,2230,LE
RRV002_FREE_US_EQUITY_ALL_CAPABLE,2231,SLRC
RRV002_FREE_US_EQUITY_ALL_CAPABLE,2232,SMMT
RRV002_FREE_US_EQUITY_ALL_CAPABLE,2233,LINC
RRV002_FREE_US_EQUITY_ALL_CAPABLE,2234,CHE
RRV002_FREE_US_EQUITY_ALL_CAPABLE,2235,ESE
RRV002_FREE_US_EQUITY_ALL_CAPABLE,2236,IDT
RRV002_FREE_US_EQUITY_ALL_CAPABLE,2237,LPL
RRV002_FREE_US_EQUITY_ALL_CAPABLE,2238,QUAD
RRV002_FREE_US_EQUITY_ALL_CAPABLE,2239,TG
RRV002_FREE_US_EQUITY_ALL_CAPABLE,2240,TLYS
RRV002_FREE_US_EQUITY_ALL_CAPABLE,2241,IIIN
RRV002_FREE_US_EQUITY_ALL_CAPABLE,2242,LYTS
RRV002_FREE_US_EQUITY_ALL_CAPABLE,2243,AMTB
RRV002_FREE_US_EQUITY_ALL_CAPABLE,2244,WOOF
RRV002_FREE_US_EQUITY_ALL_CAPABLE,2245,ATOS
RRV002_FREE_US_EQUITY_ALL_CAPABLE,2246,CENT
RRV002_FREE_US_EQUITY_ALL_CAPABLE,2247,CTRN
RRV002_FREE_US_EQUITY_ALL_CAPABLE,2248,GILT
RRV002_FREE_US_EQUITY_ALL_CAPABLE,2249,MCRB
RRV002_FREE_US_EQUITY_ALL_CAPABLE,2250,INSE
RRV002_FREE_US_EQUITY_ALL_CAPABLE,2251,SCL
RRV002_FREE_US_EQUITY_ALL_CAPABLE,2252,CSV
RRV002_FREE_US_EQUITY_ALL_CAPABLE,2253,CSQ
RRV002_FREE_US_EQUITY_ALL_CAPABLE,2254,DRVN
RRV002_FREE_US_EQUITY_ALL_CAPABLE,2255,PLTK
RRV002_FREE_US_EQUITY_ALL_CAPABLE,2256,AUDC
RRV002_FREE_US_EQUITY_ALL_CAPABLE,2257,CGEN
RRV002_FREE_US_EQUITY_ALL_CAPABLE,2258,CRNT
RRV002_FREE_US_EQUITY_ALL_CAPABLE,2259,PRPL
RRV002_FREE_US_EQUITY_ALL_CAPABLE,2260,TNXP
RRV002_FREE_US_EQUITY_ALL_CAPABLE,2261,CYPH
RRV002_FREE_US_EQUITY_ALL_CAPABLE,2262,MCRI
RRV002_FREE_US_EQUITY_ALL_CAPABLE,2263,CAPR
RRV002_FREE_US_EQUITY_ALL_CAPABLE,2264,CSW
RRV002_FREE_US_EQUITY_ALL_CAPABLE,2265,MSBI
RRV002_FREE_US_EQUITY_ALL_CAPABLE,2266,ABEO
RRV002_FREE_US_EQUITY_ALL_CAPABLE,2267,BXC
RRV002_FREE_US_EQUITY_ALL_CAPABLE,2268,CTEV
RRV002_FREE_US_EQUITY_ALL_CAPABLE,2269,VPG
RRV002_FREE_US_EQUITY_ALL_CAPABLE,2270,CSR
RRV002_FREE_US_EQUITY_ALL_CAPABLE,2271,GABC
RRV002_FREE_US_EQUITY_ALL_CAPABLE,2272,TNC
RRV002_FREE_US_EQUITY_ALL_CAPABLE,2273,ALTG
RRV002_FREE_US_EQUITY_ALL_CAPABLE,2274,CTO
RRV002_FREE_US_EQUITY_ALL_CAPABLE,2275,SGHC
RRV002_FREE_US_EQUITY_ALL_CAPABLE,2276,SMR
RRV002_FREE_US_EQUITY_ALL_CAPABLE,2277,IBCP
RRV002_FREE_US_EQUITY_ALL_CAPABLE,2278,PRQR
RRV002_FREE_US_EQUITY_ALL_CAPABLE,2279,RNAC
RRV002_FREE_US_EQUITY_ALL_CAPABLE,2280,SEB
RRV002_FREE_US_EQUITY_ALL_CAPABLE,2281,CTXR
RRV002_FREE_US_EQUITY_ALL_CAPABLE,2282,TIPT
RRV002_FREE_US_EQUITY_ALL_CAPABLE,2283,BHK
RRV002_FREE_US_EQUITY_ALL_CAPABLE,2284,BLX
RRV002_FREE_US_EQUITY_ALL_CAPABLE,2285,BMRC
RRV002_FREE_US_EQUITY_ALL_CAPABLE,2286,DHX
RRV002_FREE_US_EQUITY_ALL_CAPABLE,2287,KWR
RRV002_FREE_US_EQUITY_ALL_CAPABLE,2288,TEO
RRV002_FREE_US_EQUITY_ALL_CAPABLE,2289,RDNW
RRV002_FREE_US_EQUITY_ALL_CAPABLE,2290,HWKN
RRV002_FREE_US_EQUITY_ALL_CAPABLE,2291,HQH
RRV002_FREE_US_EQUITY_ALL_CAPABLE,2292,VVX
RRV002_FREE_US_EQUITY_ALL_CAPABLE,2293,ASLE
RRV002_FREE_US_EQUITY_ALL_CAPABLE,2294,BUR
RRV002_FREE_US_EQUITY_ALL_CAPABLE,2295,CLBT
RRV002_FREE_US_EQUITY_ALL_CAPABLE,2296,DTIL
RRV002_FREE_US_EQUITY_ALL_CAPABLE,2297,ONDS
RRV002_FREE_US_EQUITY_ALL_CAPABLE,2298,STN
RRV002_FREE_US_EQUITY_ALL_CAPABLE,2299,MYPS
RRV002_FREE_US_EQUITY_ALL_CAPABLE,2300,DFH
RRV002_FREE_US_EQUITY_ALL_CAPABLE,2301,HNRG
RRV002_FREE_US_EQUITY_ALL_CAPABLE,2302,BANF
RRV002_FREE_US_EQUITY_ALL_CAPABLE,2303,STIM
RRV002_FREE_US_EQUITY_ALL_CAPABLE,2304,VERU
RRV002_FREE_US_EQUITY_ALL_CAPABLE,2305,GAIN
RRV002_FREE_US_EQUITY_ALL_CAPABLE,2306,GLRE
RRV002_FREE_US_EQUITY_ALL_CAPABLE,2307,DCBO
RRV002_FREE_US_EQUITY_ALL_CAPABLE,2308,CRMT
RRV002_FREE_US_EQUITY_ALL_CAPABLE,2309,DCO
RRV002_FREE_US_EQUITY_ALL_CAPABLE,2310,MCB
RRV002_FREE_US_EQUITY_ALL_CAPABLE,2311,CPK
RRV002_FREE_US_EQUITY_ALL_CAPABLE,2312,PAX
RRV002_FREE_US_EQUITY_ALL_CAPABLE,2313,AREC
RRV002_FREE_US_EQUITY_ALL_CAPABLE,2314,CACC
RRV002_FREE_US_EQUITY_ALL_CAPABLE,2315,FBIO
RRV002_FREE_US_EQUITY_ALL_CAPABLE,2316,INSG
RRV002_FREE_US_EQUITY_ALL_CAPABLE,2317,RLMD
RRV002_FREE_US_EQUITY_ALL_CAPABLE,2318,NAK
RRV002_FREE_US_EQUITY_ALL_CAPABLE,2319,ATYR
RRV002_FREE_US_EQUITY_ALL_CAPABLE,2320,SRCE
RRV002_FREE_US_EQUITY_ALL_CAPABLE,2321,BDTX
RRV002_FREE_US_EQUITY_ALL_CAPABLE,2322,III
RRV002_FREE_US_EQUITY_ALL_CAPABLE,2323,NNBR
RRV002_FREE_US_EQUITY_ALL_CAPABLE,2324,UEIC
RRV002_FREE_US_EQUITY_ALL_CAPABLE,2325,CHMI
RRV002_FREE_US_EQUITY_ALL_CAPABLE,2326,CNXN
RRV002_FREE_US_EQUITY_ALL_CAPABLE,2327,NMM
RRV002_FREE_US_EQUITY_ALL_CAPABLE,2328,ALNT
RRV002_FREE_US_EQUITY_ALL_CAPABLE,2329,OVID
RRV002_FREE_US_EQUITY_ALL_CAPABLE,2330,PRTS
RRV002_FREE_US_EQUITY_ALL_CAPABLE,2331,ATNM
RRV002_FREE_US_EQUITY_ALL_CAPABLE,2332,AMWL
RRV002_FREE_US_EQUITY_ALL_CAPABLE,2333,HRTG
RRV002_FREE_US_EQUITY_ALL_CAPABLE,2334,KAI
RRV002_FREE_US_EQUITY_ALL_CAPABLE,2335,JHX
RRV002_FREE_US_EQUITY_ALL_CAPABLE,2336,PANL
RRV002_FREE_US_EQUITY_ALL_CAPABLE,2337,HLLY
RRV002_FREE_US_EQUITY_ALL_CAPABLE,2338,SHLS
RRV002_FREE_US_EQUITY_ALL_CAPABLE,2339,BNGO
RRV002_FREE_US_EQUITY_ALL_CAPABLE,2340,LVO
RRV002_FREE_US_EQUITY_ALL_CAPABLE,2341,WHWK
RRV002_FREE_US_EQUITY_ALL_CAPABLE,2342,SYRE
RRV002_FREE_US_EQUITY_ALL_CAPABLE,2343,OXSQ
RRV002_FREE_US_EQUITY_ALL_CAPABLE,2344,KNOP
RRV002_FREE_US_EQUITY_ALL_CAPABLE,2345,CAC
RRV002_FREE_US_EQUITY_ALL_CAPABLE,2346,NGL
RRV002_FREE_US_EQUITY_ALL_CAPABLE,2347,SUPV
RRV002_FREE_US_EQUITY_ALL_CAPABLE,2348,OOMA
RRV002_FREE_US_EQUITY_ALL_CAPABLE,2349,ASG
RRV002_FREE_US_EQUITY_ALL_CAPABLE,2350,SPIR
RRV002_FREE_US_EQUITY_ALL_CAPABLE,2351,BCAB
RRV002_FREE_US_EQUITY_ALL_CAPABLE,2352,MNTS
RRV002_FREE_US_EQUITY_ALL_CAPABLE,2353,AQST
RRV002_FREE_US_EQUITY_ALL_CAPABLE,2354,EARN
RRV002_FREE_US_EQUITY_ALL_CAPABLE,2355,JBSS
RRV002_FREE_US_EQUITY_ALL_CAPABLE,2356,LNN
RRV002_FREE_US_EQUITY_ALL_CAPABLE,2357,SCM
RRV002_FREE_US_EQUITY_ALL_CAPABLE,2358,HIPO
RRV002_FREE_US_EQUITY_ALL_CAPABLE,2359,UPLD
RRV002_FREE_US_EQUITY_ALL_CAPABLE,2360,WSBF
RRV002_FREE_US_EQUITY_ALL_CAPABLE,2361,FRHC
RRV002_FREE_US_EQUITY_ALL_CAPABLE,2362,SPRO
RRV002_FREE_US_EQUITY_ALL_CAPABLE,2363,FIRY
RRV002_FREE_US_EQUITY_ALL_CAPABLE,2364,CARE
RRV002_FREE_US_EQUITY_ALL_CAPABLE,2365,CGNT
RRV002_FREE_US_EQUITY_ALL_CAPABLE,2366,CIFR
RRV002_FREE_US_EQUITY_ALL_CAPABLE,2367,HUMA
RRV002_FREE_US_EQUITY_ALL_CAPABLE,2368,TRIN
RRV002_FREE_US_EQUITY_ALL_CAPABLE,2369,ZIM
RRV002_FREE_US_EQUITY_ALL_CAPABLE,2370,FMNB
RRV002_FREE_US_EQUITY_ALL_CAPABLE,2371,IRON
RRV002_FREE_US_EQUITY_ALL_CAPABLE,2372,PLSE
RRV002_FREE_US_EQUITY_ALL_CAPABLE,2373,DAC
RRV002_FREE_US_EQUITY_ALL_CAPABLE,2374,FCNCA
RRV002_FREE_US_EQUITY_ALL_CAPABLE,2375,IESC
RRV002_FREE_US_EQUITY_ALL_CAPABLE,2376,EVLV
RRV002_FREE_US_EQUITY_ALL_CAPABLE,2377,MNTK
RRV002_FREE_US_EQUITY_ALL_CAPABLE,2378,CUE
RRV002_FREE_US_EQUITY_ALL_CAPABLE,2379,DNTH
RRV002_FREE_US_EQUITY_ALL_CAPABLE,2380,KLRS
RRV002_FREE_US_EQUITY_ALL_CAPABLE,2381,BALY
RRV002_FREE_US_EQUITY_ALL_CAPABLE,2382,SSTI
RRV002_FREE_US_EQUITY_ALL_CAPABLE,2383,UNF
RRV002_FREE_US_EQUITY_ALL_CAPABLE,2384,PAC
RRV002_FREE_US_EQUITY_ALL_CAPABLE,2385,PKE
RRV002_FREE_US_EQUITY_ALL_CAPABLE,2386,YORW
RRV002_FREE_US_EQUITY_ALL_CAPABLE,2387,VSEC
RRV002_FREE_US_EQUITY_ALL_CAPABLE,2388,FHTX
RRV002_FREE_US_EQUITY_ALL_CAPABLE,2389,GIC
RRV002_FREE_US_EQUITY_ALL_CAPABLE,2390,IQI
RRV002_FREE_US_EQUITY_ALL_CAPABLE,2391,SANA
RRV002_FREE_US_EQUITY_ALL_CAPABLE,2392,CRDF
RRV002_FREE_US_EQUITY_ALL_CAPABLE,2393,TECX
RRV002_FREE_US_EQUITY_ALL_CAPABLE,2394,WLDN
RRV002_FREE_US_EQUITY_ALL_CAPABLE,2395,CCNE
RRV002_FREE_US_EQUITY_ALL_CAPABLE,2396,RNW
RRV002_FREE_US_EQUITY_ALL_CAPABLE,2397,WFG
RRV002_FREE_US_EQUITY_ALL_CAPABLE,2398,QTTB
RRV002_FREE_US_EQUITY_ALL_CAPABLE,2399,NRC
RRV002_FREE_US_EQUITY_ALL_CAPABLE,2400,QSI
RRV002_FREE_US_EQUITY_ALL_CAPABLE,2401,DLTH
RRV002_FREE_US_EQUITY_ALL_CAPABLE,2402,INVE
RRV002_FREE_US_EQUITY_ALL_CAPABLE,2403,IFRX
RRV002_FREE_US_EQUITY_ALL_CAPABLE,2404,NWPX
RRV002_FREE_US_EQUITY_ALL_CAPABLE,2405,ITRN
RRV002_FREE_US_EQUITY_ALL_CAPABLE,2406,FISI
RRV002_FREE_US_EQUITY_ALL_CAPABLE,2407,IFS
RRV002_FREE_US_EQUITY_ALL_CAPABLE,2408,RDW
RRV002_FREE_US_EQUITY_ALL_CAPABLE,2409,CVM
RRV002_FREE_US_EQUITY_ALL_CAPABLE,2410,INFU
RRV002_FREE_US_EQUITY_ALL_CAPABLE,2411,SLS
RRV002_FREE_US_EQUITY_ALL_CAPABLE,2412,CSTE
RRV002_FREE_US_EQUITY_ALL_CAPABLE,2413,RICK
RRV002_FREE_US_EQUITY_ALL_CAPABLE,2414,UI
RRV002_FREE_US_EQUITY_ALL_CAPABLE,2415,SVRA
RRV002_FREE_US_EQUITY_ALL_CAPABLE,2416,SEAT
RRV002_FREE_US_EQUITY_ALL_CAPABLE,2417,EXE
RRV002_FREE_US_EQUITY_ALL_CAPABLE,2418,ATRA
RRV002_FREE_US_EQUITY_ALL_CAPABLE,2419,EGAN
RRV002_FREE_US_EQUITY_ALL_CAPABLE,2420,NSLR
RRV002_FREE_US_EQUITY_ALL_CAPABLE,2421,BFST
RRV002_FREE_US_EQUITY_ALL_CAPABLE,2422,BMBL
RRV002_FREE_US_EQUITY_ALL_CAPABLE,2423,BVS
RRV002_FREE_US_EQUITY_ALL_CAPABLE,2424,TARS
RRV002_FREE_US_EQUITY_ALL_CAPABLE,2425,LODE
RRV002_FREE_US_EQUITY_ALL_CAPABLE,2426,OPFI
RRV002_FREE_US_EQUITY_ALL_CAPABLE,2427,JOUT
RRV002_FREE_US_EQUITY_ALL_CAPABLE,2428,PAYS
RRV002_FREE_US_EQUITY_ALL_CAPABLE,2429,LEGH
RRV002_FREE_US_EQUITY_ALL_CAPABLE,2430,VOR
RRV002_FREE_US_EQUITY_ALL_CAPABLE,2431,NAGE
RRV002_FREE_US_EQUITY_ALL_CAPABLE,2432,THFF
RRV002_FREE_US_EQUITY_ALL_CAPABLE,2433,CASS
RRV002_FREE_US_EQUITY_ALL_CAPABLE,2434,XTIA
RRV002_FREE_US_EQUITY_ALL_CAPABLE,2435,STKS
RRV002_FREE_US_EQUITY_ALL_CAPABLE,2436,ELVN
RRV002_FREE_US_EQUITY_ALL_CAPABLE,2437,REPX
RRV002_FREE_US_EQUITY_ALL_CAPABLE,2438,PRLD
RRV002_FREE_US_EQUITY_ALL_CAPABLE,2439,HOV
RRV002_FREE_US_EQUITY_ALL_CAPABLE,2440,NEGG
RRV002_FREE_US_EQUITY_ALL_CAPABLE,2441,XAIR
RRV002_FREE_US_EQUITY_ALL_CAPABLE,2442,MG
RRV002_FREE_US_EQUITY_ALL_CAPABLE,2443,TIGO
RRV002_FREE_US_EQUITY_ALL_CAPABLE,2444,MEC
RRV002_FREE_US_EQUITY_ALL_CAPABLE,2445,HPK
RRV002_FREE_US_EQUITY_ALL_CAPABLE,2446,MBWM
RRV002_FREE_US_EQUITY_ALL_CAPABLE,2447,NDLS
RRV002_FREE_US_EQUITY_ALL_CAPABLE,2448,INMB
RRV002_FREE_US_EQUITY_ALL_CAPABLE,2449,VRCA
RRV002_FREE_US_EQUITY_ALL_CAPABLE,2450,TZOO
RRV002_FREE_US_EQUITY_ALL_CAPABLE,2451,ATNI
RRV002_FREE_US_EQUITY_ALL_CAPABLE,2452,HY
RRV002_FREE_US_EQUITY_ALL_CAPABLE,2453,WW
RRV002_FREE_US_EQUITY_ALL_CAPABLE,2454,ORMP
RRV002_FREE_US_EQUITY_ALL_CAPABLE,2455,SAFT
RRV002_FREE_US_EQUITY_ALL_CAPABLE,2456,UFI
RRV002_FREE_US_EQUITY_ALL_CAPABLE,2457,GRC
RRV002_FREE_US_EQUITY_ALL_CAPABLE,2458,BFS
RRV002_FREE_US_EQUITY_ALL_CAPABLE,2459,FMBH
RRV002_FREE_US_EQUITY_ALL_CAPABLE,2460,HYMC
RRV002_FREE_US_EQUITY_ALL_CAPABLE,2461,HQL
RRV002_FREE_US_EQUITY_ALL_CAPABLE,2462,NVTS
RRV002_FREE_US_EQUITY_ALL_CAPABLE,2463,HBIO
RRV002_FREE_US_EQUITY_ALL_CAPABLE,2464,UAVS
RRV002_FREE_US_EQUITY_ALL_CAPABLE,2465,BBSI
RRV002_FREE_US_EQUITY_ALL_CAPABLE,2466,LDI
RRV002_FREE_US_EQUITY_ALL_CAPABLE,2467,VRDN
RRV002_FREE_US_EQUITY_ALL_CAPABLE,2468,RELL
RRV002_FREE_US_EQUITY_ALL_CAPABLE,2469,SMRT
RRV002_FREE_US_EQUITY_ALL_CAPABLE,2470,WHF
RRV002_FREE_US_EQUITY_ALL_CAPABLE,2471,TRNS
RRV002_FREE_US_EQUITY_ALL_CAPABLE,2472,PDS
RRV002_FREE_US_EQUITY_ALL_CAPABLE,2473,LRMR
RRV002_FREE_US_EQUITY_ALL_CAPABLE,2474,CABO
RRV002_FREE_US_EQUITY_ALL_CAPABLE,2475,HTB
RRV002_FREE_US_EQUITY_ALL_CAPABLE,2476,AIOT
RRV002_FREE_US_EQUITY_ALL_CAPABLE,2477,MLR
RRV002_FREE_US_EQUITY_ALL_CAPABLE,2478,CVCO
RRV002_FREE_US_EQUITY_ALL_CAPABLE,2479,EQBK
RRV002_FREE_US_EQUITY_ALL_CAPABLE,2480,JILL
RRV002_FREE_US_EQUITY_ALL_CAPABLE,2481,ROIV
RRV002_FREE_US_EQUITY_ALL_CAPABLE,2482,ALLT
RRV002_FREE_US_EQUITY_ALL_CAPABLE,2483,PCYO
RRV002_FREE_US_EQUITY_ALL_CAPABLE,2484,HYPD
RRV002_FREE_US_EQUITY_ALL_CAPABLE,2485,NOA
RRV002_FREE_US_EQUITY_ALL_CAPABLE,2486,FRST
RRV002_FREE_US_EQUITY_ALL_CAPABLE,2487,ACIU
RRV002_FREE_US_EQUITY_ALL_CAPABLE,2488,PHI
RRV002_FREE_US_EQUITY_ALL_CAPABLE,2489,TYG
RRV002_FREE_US_EQUITY_ALL_CAPABLE,2490,ALG
RRV002_FREE_US_EQUITY_ALL_CAPABLE,2491,ASUR
RRV002_FREE_US_EQUITY_ALL_CAPABLE,2492,STTK
RRV002_FREE_US_EQUITY_ALL_CAPABLE,2493,ANY
RRV002_FREE_US_EQUITY_ALL_CAPABLE,2494,CBIO
RRV002_FREE_US_EQUITY_ALL_CAPABLE,2495,BWB
RRV002_FREE_US_EQUITY_ALL_CAPABLE,2496,GBTG
RRV002_FREE_US_EQUITY_ALL_CAPABLE,2497,AOUT
RRV002_FREE_US_EQUITY_ALL_CAPABLE,2498,CNTY
RRV002_FREE_US_EQUITY_ALL_CAPABLE,2499,JAGX
RRV002_FREE_US_EQUITY_ALL_CAPABLE,2500,NAUT
RRV002_FREE_US_EQUITY_ALL_CAPABLE,2501,NHC
RRV002_FREE_US_EQUITY_ALL_CAPABLE,2502,TMP
RRV002_FREE_US_EQUITY_ALL_CAPABLE,2503,UFPT
RRV002_FREE_US_EQUITY_ALL_CAPABLE,2504,OSCR
RRV002_FREE_US_EQUITY_ALL_CAPABLE,2505,NGVC
RRV002_FREE_US_EQUITY_ALL_CAPABLE,2506,ACIC
RRV002_FREE_US_EQUITY_ALL_CAPABLE,2507,SAR
RRV002_FREE_US_EQUITY_ALL_CAPABLE,2508,CVEO
RRV002_FREE_US_EQUITY_ALL_CAPABLE,2509,QMCO
RRV002_FREE_US_EQUITY_ALL_CAPABLE,2510,SHBI
RRV002_FREE_US_EQUITY_ALL_CAPABLE,2511,OLP
RRV002_FREE_US_EQUITY_ALL_CAPABLE,2512,TUSK
RRV002_FREE_US_EQUITY_ALL_CAPABLE,2513,INOD
RRV002_FREE_US_EQUITY_ALL_CAPABLE,2514,CAAP
RRV002_FREE_US_EQUITY_ALL_CAPABLE,2515,DSP
RRV002_FREE_US_EQUITY_ALL_CAPABLE,2516,SXI
RRV002_FREE_US_EQUITY_ALL_CAPABLE,2517,IRD
RRV002_FREE_US_EQUITY_ALL_CAPABLE,2518,TVRD
RRV002_FREE_US_EQUITY_ALL_CAPABLE,2519,RBLX
RRV002_FREE_US_EQUITY_ALL_CAPABLE,2520,ASA
RRV002_FREE_US_EQUITY_ALL_CAPABLE,2521,BCBP
RRV002_FREE_US_EQUITY_ALL_CAPABLE,2522,FET
RRV002_FREE_US_EQUITY_ALL_CAPABLE,2523,CPNG
RRV002_FREE_US_EQUITY_ALL_CAPABLE,2524,GNE
RRV002_FREE_US_EQUITY_ALL_CAPABLE,2525,HAYW
RRV002_FREE_US_EQUITY_ALL_CAPABLE,2526,CRAI
RRV002_FREE_US_EQUITY_ALL_CAPABLE,2527,USAS
RRV002_FREE_US_EQUITY_ALL_CAPABLE,2528,DGICA
RRV002_FREE_US_EQUITY_ALL_CAPABLE,2529,CIA
RRV002_FREE_US_EQUITY_ALL_CAPABLE,2530,LEO
RRV002_FREE_US_EQUITY_ALL_CAPABLE,2531,REX
RRV002_FREE_US_EQUITY_ALL_CAPABLE,2532,NGNE
RRV002_FREE_US_EQUITY_ALL_CAPABLE,2533,INTT
RRV002_FREE_US_EQUITY_ALL_CAPABLE,2534,TRC
RRV002_FREE_US_EQUITY_ALL_CAPABLE,2535,KVHI
RRV002_FREE_US_EQUITY_ALL_CAPABLE,2536,ANVS
RRV002_FREE_US_EQUITY_ALL_CAPABLE,2537,RCMT
RRV002_FREE_US_EQUITY_ALL_CAPABLE,2538,SGC
RRV002_FREE_US_EQUITY_ALL_CAPABLE,2539,RBB
RRV002_FREE_US_EQUITY_ALL_CAPABLE,2540,CHCO
RRV002_FREE_US_EQUITY_ALL_CAPABLE,2541,ORN
RRV002_FREE_US_EQUITY_ALL_CAPABLE,2542,ACHV
RRV002_FREE_US_EQUITY_ALL_CAPABLE,2543,LIDR
RRV002_FREE_US_EQUITY_ALL_CAPABLE,2544,LMB
RRV002_FREE_US_EQUITY_ALL_CAPABLE,2545,KRRO
RRV002_FREE_US_EQUITY_ALL_CAPABLE,2546,NNI
RRV002_FREE_US_EQUITY_ALL_CAPABLE,2547,FPH
RRV002_FREE_US_EQUITY_ALL_CAPABLE,2548,LMNR
RRV002_FREE_US_EQUITY_ALL_CAPABLE,2549,WRAP
RRV002_FREE_US_EQUITY_ALL_CAPABLE,2550,DBD
RRV002_FREE_US_EQUITY_ALL_CAPABLE,2551,GLP
RRV002_FREE_US_EQUITY_ALL_CAPABLE,2552,WNEB
RRV002_FREE_US_EQUITY_ALL_CAPABLE,2553,ACVA
RRV002_FREE_US_EQUITY_ALL_CAPABLE,2554,GROY
RRV002_FREE_US_EQUITY_ALL_CAPABLE,2555,CRCT
RRV002_FREE_US_EQUITY_ALL_CAPABLE,2556,RJET
RRV002_FREE_US_EQUITY_ALL_CAPABLE,2557,SLDB
RRV002_FREE_US_EQUITY_ALL_CAPABLE,2558,NATR
RRV002_FREE_US_EQUITY_ALL_CAPABLE,2559,TY
RRV002_FREE_US_EQUITY_ALL_CAPABLE,2560,FENC
RRV002_FREE_US_EQUITY_ALL_CAPABLE,2561,CCB
RRV002_FREE_US_EQUITY_ALL_CAPABLE,2562,GETY
RRV002_FREE_US_EQUITY_ALL_CAPABLE,2563,ALHC
RRV002_FREE_US_EQUITY_ALL_CAPABLE,2564,DSGN
RRV002_FREE_US_EQUITY_ALL_CAPABLE,2565,TDUP
RRV002_FREE_US_EQUITY_ALL_CAPABLE,2566,LFMD
RRV002_FREE_US_EQUITY_ALL_CAPABLE,2567,ETON
RRV002_FREE_US_EQUITY_ALL_CAPABLE,2568,LNAI
RRV002_FREE_US_EQUITY_ALL_CAPABLE,2569,CCAP
RRV002_FREE_US_EQUITY_ALL_CAPABLE,2570,DOCN
RRV002_FREE_US_EQUITY_ALL_CAPABLE,2571,EWTX
RRV002_FREE_US_EQUITY_ALL_CAPABLE,2572,SACH
RRV002_FREE_US_EQUITY_ALL_CAPABLE,2573,GWH
RRV002_FREE_US_EQUITY_ALL_CAPABLE,2574,IBIO
RRV002_FREE_US_EQUITY_ALL_CAPABLE,2575,CBUS
RRV002_FREE_US_EQUITY_ALL_CAPABLE,2576,GYRE
RRV002_FREE_US_EQUITY_ALL_CAPABLE,2577,AQMS
RRV002_FREE_US_EQUITY_ALL_CAPABLE,2578,ULCC
RRV002_FREE_US_EQUITY_ALL_CAPABLE,2579,CURI
RRV002_FREE_US_EQUITY_ALL_CAPABLE,2580,PXLW
RRV002_FREE_US_EQUITY_ALL_CAPABLE,2581,NREF
RRV002_FREE_US_EQUITY_ALL_CAPABLE,2582,BWEN
RRV002_FREE_US_EQUITY_ALL_CAPABLE,2583,NRXP
RRV002_FREE_US_EQUITY_ALL_CAPABLE,2584,RSVR
RRV002_FREE_US_EQUITY_ALL_CAPABLE,2585,PLX
RRV002_FREE_US_EQUITY_ALL_CAPABLE,2586,COUR
RRV002_FREE_US_EQUITY_ALL_CAPABLE,2587,WWR
RRV002_FREE_US_EQUITY_ALL_CAPABLE,2588,CATO
RRV002_FREE_US_EQUITY_ALL_CAPABLE,2589,PRK
RRV002_FREE_US_EQUITY_ALL_CAPABLE,2590,MIST
RRV002_FREE_US_EQUITY_ALL_CAPABLE,2591,AFCG
RRV002_FREE_US_EQUITY_ALL_CAPABLE,2592,ASTL
RRV002_FREE_US_EQUITY_ALL_CAPABLE,2593,COMP
RRV002_FREE_US_EQUITY_ALL_CAPABLE,2594,HOFT
RRV002_FREE_US_EQUITY_ALL_CAPABLE,2595,OCCI
RRV002_FREE_US_EQUITY_ALL_CAPABLE,2596,WULF
RRV002_FREE_US_EQUITY_ALL_CAPABLE,2597,BATRA
RRV002_FREE_US_EQUITY_ALL_CAPABLE,2598,CRVL
RRV002_FREE_US_EQUITY_ALL_CAPABLE,2599,INBK
RRV002_FREE_US_EQUITY_ALL_CAPABLE,2600,TOON
RRV002_FREE_US_EQUITY_ALL_CAPABLE,2601,CELC
RRV002_FREE_US_EQUITY_ALL_CAPABLE,2602,GLDG
RRV002_FREE_US_EQUITY_ALL_CAPABLE,2603,SKIL
RRV002_FREE_US_EQUITY_ALL_CAPABLE,2604,LCUT
RRV002_FREE_US_EQUITY_ALL_CAPABLE,2605,ALKT
RRV002_FREE_US_EQUITY_ALL_CAPABLE,2606,COIN
RRV002_FREE_US_EQUITY_ALL_CAPABLE,2607,ARQ
RRV002_FREE_US_EQUITY_ALL_CAPABLE,2608,BDSX
RRV002_FREE_US_EQUITY_ALL_CAPABLE,2609,LAKE
RRV002_FREE_US_EQUITY_ALL_CAPABLE,2610,PPTA
RRV002_FREE_US_EQUITY_ALL_CAPABLE,2611,APP
RRV002_FREE_US_EQUITY_ALL_CAPABLE,2612,MLAB
RRV002_FREE_US_EQUITY_ALL_CAPABLE,2613,FLNG
RRV002_FREE_US_EQUITY_ALL_CAPABLE,2614,RXRX
RRV002_FREE_US_EQUITY_ALL_CAPABLE,2615,RCKY
RRV002_FREE_US_EQUITY_ALL_CAPABLE,2616,FOA
RRV002_FREE_US_EQUITY_ALL_CAPABLE,2617,OPAD
RRV002_FREE_US_EQUITY_ALL_CAPABLE,2618,AGL
RRV002_FREE_US_EQUITY_ALL_CAPABLE,2619,ABTC
RRV002_FREE_US_EQUITY_ALL_CAPABLE,2620,DNA
RRV002_FREE_US_EQUITY_ALL_CAPABLE,2621,ALGS
RRV002_FREE_US_EQUITY_ALL_CAPABLE,2622,BMEA
RRV002_FREE_US_EQUITY_ALL_CAPABLE,2623,CNVS
RRV002_FREE_US_EQUITY_ALL_CAPABLE,2624,QNCX
RRV002_FREE_US_EQUITY_ALL_CAPABLE,2625,PLG
RRV002_FREE_US_EQUITY_ALL_CAPABLE,2626,TNGX
RRV002_FREE_US_EQUITY_ALL_CAPABLE,2627,DV
RRV002_FREE_US_EQUITY_ALL_CAPABLE,2628,PATH
RRV002_FREE_US_EQUITY_ALL_CAPABLE,2629,SWIM
RRV002_FREE_US_EQUITY_ALL_CAPABLE,2630,CRIS
RRV002_FREE_US_EQUITY_ALL_CAPABLE,2631,CRVS
RRV002_FREE_US_EQUITY_ALL_CAPABLE,2632,TMCI
RRV002_FREE_US_EQUITY_ALL_CAPABLE,2633,SCYX
RRV002_FREE_US_EQUITY_ALL_CAPABLE,2634,CIVB
RRV002_FREE_US_EQUITY_ALL_CAPABLE,2635,DFTX
RRV002_FREE_US_EQUITY_ALL_CAPABLE,2636,NIC
RRV002_FREE_US_EQUITY_ALL_CAPABLE,2637,ULH
RRV002_FREE_US_EQUITY_ALL_CAPABLE,2638,VINP
RRV002_FREE_US_EQUITY_ALL_CAPABLE,2639,DKL
RRV002_FREE_US_EQUITY_ALL_CAPABLE,2640,IRMD
RRV002_FREE_US_EQUITY_ALL_CAPABLE,2641,SND
RRV002_FREE_US_EQUITY_ALL_CAPABLE,2642,FERG
RRV002_FREE_US_EQUITY_ALL_CAPABLE,2643,SPRU
RRV002_FREE_US_EQUITY_ALL_CAPABLE,2644,TSQ
RRV002_FREE_US_EQUITY_ALL_CAPABLE,2645,NINE
RRV002_FREE_US_EQUITY_ALL_CAPABLE,2646,PRVA
RRV002_FREE_US_EQUITY_ALL_CAPABLE,2647,CRBP
RRV002_FREE_US_EQUITY_ALL_CAPABLE,2648,CLNN
RRV002_FREE_US_EQUITY_ALL_CAPABLE,2649,SMHI
RRV002_FREE_US_EQUITY_ALL_CAPABLE,2650,QBTS
RRV002_FREE_US_EQUITY_ALL_CAPABLE,2651,XXII
RRV002_FREE_US_EQUITY_ALL_CAPABLE,2652,LTBR
RRV002_FREE_US_EQUITY_ALL_CAPABLE,2653,GTX
RRV002_FREE_US_EQUITY_ALL_CAPABLE,2654,ATER
RRV002_FREE_US_EQUITY_ALL_CAPABLE,2655,OPY
RRV002_FREE_US_EQUITY_ALL_CAPABLE,2656,BRBS
RRV002_FREE_US_EQUITY_ALL_CAPABLE,2657,CMCL
RRV002_FREE_US_EQUITY_ALL_CAPABLE,2658,AGIG
RRV002_FREE_US_EQUITY_ALL_CAPABLE,2659,HNST
RRV002_FREE_US_EQUITY_ALL_CAPABLE,2660,VAL
RRV002_FREE_US_EQUITY_ALL_CAPABLE,2661,GOVX
RRV002_FREE_US_EQUITY_ALL_CAPABLE,2662,GPGI
RRV002_FREE_US_EQUITY_ALL_CAPABLE,2663,VLGEA
RRV002_FREE_US_EQUITY_ALL_CAPABLE,2664,AGM
RRV002_FREE_US_EQUITY_ALL_CAPABLE,2665,FCBC
RRV002_FREE_US_EQUITY_ALL_CAPABLE,2666,BCTX
RRV002_FREE_US_EQUITY_ALL_CAPABLE,2667,NXDR
RRV002_FREE_US_EQUITY_ALL_CAPABLE,2668,OPTT
RRV002_FREE_US_EQUITY_ALL_CAPABLE,2669,RM
RRV002_FREE_US_EQUITY_ALL_CAPABLE,2670,CWBC
RRV002_FREE_US_EQUITY_ALL_CAPABLE,2671,ANIX
RRV002_FREE_US_EQUITY_ALL_CAPABLE,2672,BIOX
RRV002_FREE_US_EQUITY_ALL_CAPABLE,2673,GLBE
RRV002_FREE_US_EQUITY_ALL_CAPABLE,2674,NN
RRV002_FREE_US_EQUITY_ALL_CAPABLE,2675,LONA
RRV002_FREE_US_EQUITY_ALL_CAPABLE,2676,ALRS
RRV002_FREE_US_EQUITY_ALL_CAPABLE,2677,GASS
RRV002_FREE_US_EQUITY_ALL_CAPABLE,2678,KRMD
RRV002_FREE_US_EQUITY_ALL_CAPABLE,2679,ASM
RRV002_FREE_US_EQUITY_ALL_CAPABLE,2680,TRVI
RRV002_FREE_US_EQUITY_ALL_CAPABLE,2681,ZGN
RRV002_FREE_US_EQUITY_ALL_CAPABLE,2682,VRTS
RRV002_FREE_US_EQUITY_ALL_CAPABLE,2683,APYX
RRV002_FREE_US_EQUITY_ALL_CAPABLE,2684,IMNM
RRV002_FREE_US_EQUITY_ALL_CAPABLE,2685,IBEX
RRV002_FREE_US_EQUITY_ALL_CAPABLE,2686,SMWB
RRV002_FREE_US_EQUITY_ALL_CAPABLE,2687,BYRN
RRV002_FREE_US_EQUITY_ALL_CAPABLE,2688,PCOR
RRV002_FREE_US_EQUITY_ALL_CAPABLE,2689,SMSI
RRV002_FREE_US_EQUITY_ALL_CAPABLE,2690,ASYS
RRV002_FREE_US_EQUITY_ALL_CAPABLE,2691,EVTL
RRV002_FREE_US_EQUITY_ALL_CAPABLE,2692,FTCI
RRV002_FREE_US_EQUITY_ALL_CAPABLE,2693,AVAH
RRV002_FREE_US_EQUITY_ALL_CAPABLE,2694,NGS
RRV002_FREE_US_EQUITY_ALL_CAPABLE,2695,FLYW
RRV002_FREE_US_EQUITY_ALL_CAPABLE,2696,UROY
RRV002_FREE_US_EQUITY_ALL_CAPABLE,2697,GPOR
RRV002_FREE_US_EQUITY_ALL_CAPABLE,2698,FTK
RRV002_FREE_US_EQUITY_ALL_CAPABLE,2699,CATX
RRV002_FREE_US_EQUITY_ALL_CAPABLE,2700,ZIP
RRV002_FREE_US_EQUITY_ALL_CAPABLE,2701,PAY
RRV002_FREE_US_EQUITY_ALL_CAPABLE,2702,DCGO
RRV002_FREE_US_EQUITY_ALL_CAPABLE,2703,FIGS
RRV002_FREE_US_EQUITY_ALL_CAPABLE,2704,TRMD
RRV002_FREE_US_EQUITY_ALL_CAPABLE,2705,PDYN
RRV002_FREE_US_EQUITY_ALL_CAPABLE,2706,WFRD
RRV002_FREE_US_EQUITY_ALL_CAPABLE,2707,AUR
RRV002_FREE_US_EQUITY_ALL_CAPABLE,2708,DLO
RRV002_FREE_US_EQUITY_ALL_CAPABLE,2709,NEXA
RRV002_FREE_US_EQUITY_ALL_CAPABLE,2710,QCLS
RRV002_FREE_US_EQUITY_ALL_CAPABLE,2711,MPB
RRV002_FREE_US_EQUITY_ALL_CAPABLE,2712,CGAU
RRV002_FREE_US_EQUITY_ALL_CAPABLE,2713,SY
RRV002_FREE_US_EQUITY_ALL_CAPABLE,2714,BHB
RRV002_FREE_US_EQUITY_ALL_CAPABLE,2715,OGN
RRV002_FREE_US_EQUITY_ALL_CAPABLE,2716,SLDP
RRV002_FREE_US_EQUITY_ALL_CAPABLE,2717,SMBK
RRV002_FREE_US_EQUITY_ALL_CAPABLE,2718,BIVI
RRV002_FREE_US_EQUITY_ALL_CAPABLE,2719,MFIN
RRV002_FREE_US_EQUITY_ALL_CAPABLE,2720,MQ
RRV002_FREE_US_EQUITY_ALL_CAPABLE,2721,LFST
RRV002_FREE_US_EQUITY_ALL_CAPABLE,2722,SENEA
RRV002_FREE_US_EQUITY_ALL_CAPABLE,2723,RDVT
RRV002_FREE_US_EQUITY_ALL_CAPABLE,2724,BZ
RRV002_FREE_US_EQUITY_ALL_CAPABLE,2725,MNDY
RRV002_FREE_US_EQUITY_ALL_CAPABLE,2726,TASK
RRV002_FREE_US_EQUITY_ALL_CAPABLE,2727,PASG
RRV002_FREE_US_EQUITY_ALL_CAPABLE,2728,OPBK
RRV002_FREE_US_EQUITY_ALL_CAPABLE,2729,NE
RRV002_FREE_US_EQUITY_ALL_CAPABLE,2730,ZETA
RRV002_FREE_US_EQUITY_ALL_CAPABLE,2731,KNDI
RRV002_FREE_US_EQUITY_ALL_CAPABLE,2732,NBN
RRV002_FREE_US_EQUITY_ALL_CAPABLE,2733,JANX
RRV002_FREE_US_EQUITY_ALL_CAPABLE,2734,HUT
RRV002_FREE_US_EQUITY_ALL_CAPABLE,2735,TONX
RRV002_FREE_US_EQUITY_ALL_CAPABLE,2736,RMTI
RRV002_FREE_US_EQUITY_ALL_CAPABLE,2737,AROW
RRV002_FREE_US_EQUITY_ALL_CAPABLE,2738,GHM
RRV002_FREE_US_EQUITY_ALL_CAPABLE,2739,VATE
RRV002_FREE_US_EQUITY_ALL_CAPABLE,2740,TCX
RRV002_FREE_US_EQUITY_ALL_CAPABLE,2741,GEOS
RRV002_FREE_US_EQUITY_ALL_CAPABLE,2742,VERA
RRV002_FREE_US_EQUITY_ALL_CAPABLE,2743,ATAI
RRV002_FREE_US_EQUITY_ALL_CAPABLE,2744,GLSI
RRV002_FREE_US_EQUITY_ALL_CAPABLE,2745,DIBS
RRV002_FREE_US_EQUITY_ALL_CAPABLE,2746,KEEL
RRV002_FREE_US_EQUITY_ALL_CAPABLE,2747,PVLA
RRV002_FREE_US_EQUITY_ALL_CAPABLE,2748,ONCY
RRV002_FREE_US_EQUITY_ALL_CAPABLE,2749,CENN
RRV002_FREE_US_EQUITY_ALL_CAPABLE,2750,PPSI
RRV002_FREE_US_EQUITY_ALL_CAPABLE,2751,COKE
RRV002_FREE_US_EQUITY_ALL_CAPABLE,2752,FA
RRV002_FREE_US_EQUITY_ALL_CAPABLE,2753,CELU
RRV002_FREE_US_EQUITY_ALL_CAPABLE,2754,KULR
RRV002_FREE_US_EQUITY_ALL_CAPABLE,2755,IPSC
RRV002_FREE_US_EQUITY_ALL_CAPABLE,2756,GLUE
RRV002_FREE_US_EQUITY_ALL_CAPABLE,2757,GALT
RRV002_FREE_US_EQUITY_ALL_CAPABLE,2758,CXM
RRV002_FREE_US_EQUITY_ALL_CAPABLE,2759,ARTNA
RRV002_FREE_US_EQUITY_ALL_CAPABLE,2760,DOCS
RRV002_FREE_US_EQUITY_ALL_CAPABLE,2761,KYNB
RRV002_FREE_US_EQUITY_ALL_CAPABLE,2762,TPL
RRV002_FREE_US_EQUITY_ALL_CAPABLE,2763,TELA
RRV002_FREE_US_EQUITY_ALL_CAPABLE,2764,INTA
RRV002_FREE_US_EQUITY_ALL_CAPABLE,2765,LZ
RRV002_FREE_US_EQUITY_ALL_CAPABLE,2766,XMTR
RRV002_FREE_US_EQUITY_ALL_CAPABLE,2767,ASMB
RRV002_FREE_US_EQUITY_ALL_CAPABLE,2768,CBAN
RRV002_FREE_US_EQUITY_ALL_CAPABLE,2769,DNUT
RRV002_FREE_US_EQUITY_ALL_CAPABLE,2770,S
RRV002_FREE_US_EQUITY_ALL_CAPABLE,2771,ARQQ
RRV002_FREE_US_EQUITY_ALL_CAPABLE,2772,HIVE
RRV002_FREE_US_EQUITY_ALL_CAPABLE,2773,YOU
RRV002_FREE_US_EQUITY_ALL_CAPABLE,2774,GNPX
RRV002_FREE_US_EQUITY_ALL_CAPABLE,2775,SRTS
RRV002_FREE_US_EQUITY_ALL_CAPABLE,2776,DTM
RRV002_FREE_US_EQUITY_ALL_CAPABLE,2777,PL
RRV002_FREE_US_EQUITY_ALL_CAPABLE,2778,NEU
RRV002_FREE_US_EQUITY_ALL_CAPABLE,2779,BNKK
RRV002_FREE_US_EQUITY_ALL_CAPABLE,2780,ABOS
RRV002_FREE_US_EQUITY_ALL_CAPABLE,2781,EVEX
RRV002_FREE_US_EQUITY_ALL_CAPABLE,2782,SST
RRV002_FREE_US_EQUITY_ALL_CAPABLE,2783,DVLT
RRV002_FREE_US_EQUITY_ALL_CAPABLE,2784,NXP
RRV002_FREE_US_EQUITY_ALL_CAPABLE,2785,EVCM
RRV002_FREE_US_EQUITY_ALL_CAPABLE,2786,XBIT
RRV002_FREE_US_EQUITY_ALL_CAPABLE,2787,CCBG
RRV002_FREE_US_EQUITY_ALL_CAPABLE,2788,GAU
RRV002_FREE_US_EQUITY_ALL_CAPABLE,2789,BZFD
RRV002_FREE_US_EQUITY_ALL_CAPABLE,2790,LENZ
RRV002_FREE_US_EQUITY_ALL_CAPABLE,2791,CVRX
RRV002_FREE_US_EQUITY_ALL_CAPABLE,2792,SLI
RRV002_FREE_US_EQUITY_ALL_CAPABLE,2793,LYEL
RRV002_FREE_US_EQUITY_ALL_CAPABLE,2794,CTSO
RRV002_FREE_US_EQUITY_ALL_CAPABLE,2795,BCIC
RRV002_FREE_US_EQUITY_ALL_CAPABLE,2796,HURA
RRV002_FREE_US_EQUITY_ALL_CAPABLE,2797,PECO
RRV002_FREE_US_EQUITY_ALL_CAPABLE,2798,INUV
RRV002_FREE_US_EQUITY_ALL_CAPABLE,2799,CURV
RRV002_FREE_US_EQUITY_ALL_CAPABLE,2800,SGHT
RRV002_FREE_US_EQUITY_ALL_CAPABLE,2801,ERAS
RRV002_FREE_US_EQUITY_ALL_CAPABLE,2802,ASPS
RRV002_FREE_US_EQUITY_ALL_CAPABLE,2803,JBIO
RRV002_FREE_US_EQUITY_ALL_CAPABLE,2804,GSBC
RRV002_FREE_US_EQUITY_ALL_CAPABLE,2805,BLND
RRV002_FREE_US_EQUITY_ALL_CAPABLE,2806,STVN
RRV002_FREE_US_EQUITY_ALL_CAPABLE,2807,FTHM
RRV002_FREE_US_EQUITY_ALL_CAPABLE,2808,FLUX
RRV002_FREE_US_EQUITY_ALL_CAPABLE,2809,ONIT
RRV002_FREE_US_EQUITY_ALL_CAPABLE,2810,VNRX
RRV002_FREE_US_EQUITY_ALL_CAPABLE,2811,ABSI
RRV002_FREE_US_EQUITY_ALL_CAPABLE,2812,NABL
RRV002_FREE_US_EQUITY_ALL_CAPABLE,2813,SYM
RRV002_FREE_US_EQUITY_ALL_CAPABLE,2814,MDWD
RRV002_FREE_US_EQUITY_ALL_CAPABLE,2815,CRBU
RRV002_FREE_US_EQUITY_ALL_CAPABLE,2816,CTKB
RRV002_FREE_US_EQUITY_ALL_CAPABLE,2817,TEAD
RRV002_FREE_US_EQUITY_ALL_CAPABLE,2818,KG
RRV002_FREE_US_EQUITY_ALL_CAPABLE,2819,GNSS
RRV002_FREE_US_EQUITY_ALL_CAPABLE,2820,OFS
RRV002_FREE_US_EQUITY_ALL_CAPABLE,2821,HOWL
RRV002_FREE_US_EQUITY_ALL_CAPABLE,2822,VTEX
RRV002_FREE_US_EQUITY_ALL_CAPABLE,2823,RYAN
RRV002_FREE_US_EQUITY_ALL_CAPABLE,2824,CBAT
RRV002_FREE_US_EQUITY_ALL_CAPABLE,2825,PKOH
RRV002_FREE_US_EQUITY_ALL_CAPABLE,2826,CLPR
RRV002_FREE_US_EQUITY_ALL_CAPABLE,2827,MVBF
RRV002_FREE_US_EQUITY_ALL_CAPABLE,2828,LFVN
RRV002_FREE_US_EQUITY_ALL_CAPABLE,2829,LAW
RRV002_FREE_US_EQUITY_ALL_CAPABLE,2830,CNM
RRV002_FREE_US_EQUITY_ALL_CAPABLE,2831,ALCO
RRV002_FREE_US_EQUITY_ALL_CAPABLE,2832,OKUR
RRV002_FREE_US_EQUITY_ALL_CAPABLE,2833,XPOF
RRV002_FREE_US_EQUITY_ALL_CAPABLE,2834,DUOL
RRV002_FREE_US_EQUITY_ALL_CAPABLE,2835,HFFG
RRV002_FREE_US_EQUITY_ALL_CAPABLE,2836,MYO
RRV002_FREE_US_EQUITY_ALL_CAPABLE,2837,KLTR
RRV002_FREE_US_EQUITY_ALL_CAPABLE,2838,HOOD
RRV002_FREE_US_EQUITY_ALL_CAPABLE,2839,DMAC
RRV002_FREE_US_EQUITY_ALL_CAPABLE,2840,VLN
RRV002_FREE_US_EQUITY_ALL_CAPABLE,2841,MXCT
RRV002_FREE_US_EQUITY_ALL_CAPABLE,2842,TNYA
RRV002_FREE_US_EQUITY_ALL_CAPABLE,2843,WATT
RRV002_FREE_US_EQUITY_ALL_CAPABLE,2844,NRGV
RRV002_FREE_US_EQUITY_ALL_CAPABLE,2845,RSKD
RRV002_FREE_US_EQUITY_ALL_CAPABLE,2846,FRMM
RRV002_FREE_US_EQUITY_ALL_CAPABLE,2847,INNV
RRV002_FREE_US_EQUITY_ALL_CAPABLE,2848,SAMG
RRV002_FREE_US_EQUITY_ALL_CAPABLE,2849,DOLE
RRV002_FREE_US_EQUITY_ALL_CAPABLE,2850,GXO
RRV002_FREE_US_EQUITY_ALL_CAPABLE,2851,FSTR
RRV002_FREE_US_EQUITY_ALL_CAPABLE,2852,WRN
RRV002_FREE_US_EQUITY_ALL_CAPABLE,2853,QUIK
RRV002_FREE_US_EQUITY_ALL_CAPABLE,2854,BBWI
RRV002_FREE_US_EQUITY_ALL_CAPABLE,2855,VSXY
RRV002_FREE_US_EQUITY_ALL_CAPABLE,2856,HTOO
RRV002_FREE_US_EQUITY_ALL_CAPABLE,2857,STLN
RRV002_FREE_US_EQUITY_ALL_CAPABLE,2858,BBAI
RRV002_FREE_US_EQUITY_ALL_CAPABLE,2859,RXST
RRV002_FREE_US_EQUITY_ALL_CAPABLE,2860,PROF
RRV002_FREE_US_EQUITY_ALL_CAPABLE,2861,FRBA
RRV002_FREE_US_EQUITY_ALL_CAPABLE,2862,NEON
RRV002_FREE_US_EQUITY_ALL_CAPABLE,2863,IVVD
RRV002_FREE_US_EQUITY_ALL_CAPABLE,2864,WRLD
RRV002_FREE_US_EQUITY_ALL_CAPABLE,2865,ZDGE
RRV002_FREE_US_EQUITY_ALL_CAPABLE,2866,INTZ
RRV002_FREE_US_EQUITY_ALL_CAPABLE,2867,AEYE
RRV002_FREE_US_EQUITY_ALL_CAPABLE,2868,QUBT
RRV002_FREE_US_EQUITY_ALL_CAPABLE,2869,JSPR
RRV002_FREE_US_EQUITY_ALL_CAPABLE,2870,ZVIA
RRV002_FREE_US_EQUITY_ALL_CAPABLE,2871,SPFI
RRV002_FREE_US_EQUITY_ALL_CAPABLE,2872,LUCK
RRV002_FREE_US_EQUITY_ALL_CAPABLE,2873,BSIN
RRV002_FREE_US_EQUITY_ALL_CAPABLE,2874,RCAT
RRV002_FREE_US_EQUITY_ALL_CAPABLE,2875,GHRS
RRV002_FREE_US_EQUITY_ALL_CAPABLE,2876,LGVN
RRV002_FREE_US_EQUITY_ALL_CAPABLE,2877,ESQ
RRV002_FREE_US_EQUITY_ALL_CAPABLE,2878,CCLD
RRV002_FREE_US_EQUITY_ALL_CAPABLE,2879,ESLT
RRV002_FREE_US_EQUITY_ALL_CAPABLE,2880,PALI
RRV002_FREE_US_EQUITY_ALL_CAPABLE,2881,QRHC
RRV002_FREE_US_EQUITY_ALL_CAPABLE,2882,HELP
RRV002_FREE_US_EQUITY_ALL_CAPABLE,2883,AVAL
RRV002_FREE_US_EQUITY_ALL_CAPABLE,2884,YARW
RRV002_FREE_US_EQUITY_ALL_CAPABLE,2885,ZNB
RRV002_FREE_US_EQUITY_ALL_CAPABLE,2886,ELDN
RRV002_FREE_US_EQUITY_ALL_CAPABLE,2887,GRSD
RRV002_FREE_US_EQUITY_ALL_CAPABLE,2888,DSGR
RRV002_FREE_US_EQUITY_ALL_CAPABLE,2889,TIL
RRV002_FREE_US_EQUITY_ALL_CAPABLE,2890,TRAK
RRV002_FREE_US_EQUITY_ALL_CAPABLE,2891,IMA
RRV002_FREE_US_EQUITY_ALL_CAPABLE,2892,PAVM
RRV002_FREE_US_EQUITY_ALL_CAPABLE,2893,HBT
RRV002_FREE_US_EQUITY_ALL_CAPABLE,2894,RGTI
RRV002_FREE_US_EQUITY_ALL_CAPABLE,2895,BSRR
RRV002_FREE_US_EQUITY_ALL_CAPABLE,2896,BRT
RRV002_FREE_US_EQUITY_ALL_CAPABLE,2897,LWLG
RRV002_FREE_US_EQUITY_ALL_CAPABLE,2898,CBNK
RRV002_FREE_US_EQUITY_ALL_CAPABLE,2899,BWMX
RRV002_FREE_US_EQUITY_ALL_CAPABLE,2900,HITI
RRV002_FREE_US_EQUITY_ALL_CAPABLE,2901,IMRX
RRV002_FREE_US_EQUITY_ALL_CAPABLE,2902,DARE
RRV002_FREE_US_EQUITY_ALL_CAPABLE,2903,TARA
RRV002_FREE_US_EQUITY_ALL_CAPABLE,2904,SLNH
RRV002_FREE_US_EQUITY_ALL_CAPABLE,2905,COOK
RRV002_FREE_US_EQUITY_ALL_CAPABLE,2906,CODX
RRV002_FREE_US_EQUITY_ALL_CAPABLE,2907,ESEA
RRV002_FREE_US_EQUITY_ALL_CAPABLE,2908,LFWD
RRV002_FREE_US_EQUITY_ALL_CAPABLE,2909,MBIO
RRV002_FREE_US_EQUITY_ALL_CAPABLE,2910,SRAD
RRV002_FREE_US_EQUITY_ALL_CAPABLE,2911,DH
RRV002_FREE_US_EQUITY_ALL_CAPABLE,2912,PRCT
RRV002_FREE_US_EQUITY_ALL_CAPABLE,2913,VANI
RRV002_FREE_US_EQUITY_ALL_CAPABLE,2914,ACT
RRV002_FREE_US_EQUITY_ALL_CAPABLE,2915,AVTX
RRV002_FREE_US_EQUITY_ALL_CAPABLE,2916,WPRT
RRV002_FREE_US_EQUITY_ALL_CAPABLE,2917,ALVO
RRV002_FREE_US_EQUITY_ALL_CAPABLE,2918,BROS
RRV002_FREE_US_EQUITY_ALL_CAPABLE,2919,ONON
RRV002_FREE_US_EQUITY_ALL_CAPABLE,2920,ATLC
RRV002_FREE_US_EQUITY_ALL_CAPABLE,2921,WLKP
RRV002_FREE_US_EQUITY_ALL_CAPABLE,2922,VVOS
RRV002_FREE_US_EQUITY_ALL_CAPABLE,2923,SMBC
RRV002_FREE_US_EQUITY_ALL_CAPABLE,2924,BRCC
RRV002_FREE_US_EQUITY_ALL_CAPABLE,2925,ERO
RRV002_FREE_US_EQUITY_ALL_CAPABLE,2926,PCB
RRV002_FREE_US_EQUITY_ALL_CAPABLE,2927,AOMR
RRV002_FREE_US_EQUITY_ALL_CAPABLE,2928,HGTY
RRV002_FREE_US_EQUITY_ALL_CAPABLE,2929,FRSH
RRV002_FREE_US_EQUITY_ALL_CAPABLE,2930,JXN
RRV002_FREE_US_EQUITY_ALL_CAPABLE,2931,NPCE
RRV002_FREE_US_EQUITY_ALL_CAPABLE,2932,RELY
RRV002_FREE_US_EQUITY_ALL_CAPABLE,2933,BWMN
RRV002_FREE_US_EQUITY_ALL_CAPABLE,2934,TOST
RRV002_FREE_US_EQUITY_ALL_CAPABLE,2935,RVSB
RRV002_FREE_US_EQUITY_ALL_CAPABLE,2936,NPK
RRV002_FREE_US_EQUITY_ALL_CAPABLE,2937,OWLT
RRV002_FREE_US_EQUITY_ALL_CAPABLE,2938,AMPL
RRV002_FREE_US_EQUITY_ALL_CAPABLE,2939,SGML
RRV002_FREE_US_EQUITY_ALL_CAPABLE,2940,TLPH
RRV002_FREE_US_EQUITY_ALL_CAPABLE,2941,MTNB
RRV002_FREE_US_EQUITY_ALL_CAPABLE,2942,GAIA
RRV002_FREE_US_EQUITY_ALL_CAPABLE,2943,DRIO
RRV002_FREE_US_EQUITY_ALL_CAPABLE,2944,IDN
RRV002_FREE_US_EQUITY_ALL_CAPABLE,2945,ORRF
RRV002_FREE_US_EQUITY_ALL_CAPABLE,2946,DCTH
RRV002_FREE_US_EQUITY_ALL_CAPABLE,2947,FWRG
RRV002_FREE_US_EQUITY_ALL_CAPABLE,2948,CHAI
RRV002_FREE_US_EQUITY_ALL_CAPABLE,2949,CCSI
RRV002_FREE_US_EQUITY_ALL_CAPABLE,2950,HYPR
RRV002_FREE_US_EQUITY_ALL_CAPABLE,2951,EPSN
RRV002_FREE_US_EQUITY_ALL_CAPABLE,2952,SLVM
RRV002_FREE_US_EQUITY_ALL_CAPABLE,2953,WRBY
RRV002_FREE_US_EQUITY_ALL_CAPABLE,2954,GNLN
RRV002_FREE_US_EQUITY_ALL_CAPABLE,2955,VIP
RRV002_FREE_US_EQUITY_ALL_CAPABLE,2956,RAIL
RRV002_FREE_US_EQUITY_ALL_CAPABLE,2957,GANX
RRV002_FREE_US_EQUITY_ALL_CAPABLE,2958,APVO
RRV002_FREE_US_EQUITY_ALL_CAPABLE,2959,CION
RRV002_FREE_US_EQUITY_ALL_CAPABLE,2960,LTH
RRV002_FREE_US_EQUITY_ALL_CAPABLE,2961,RUM
RRV002_FREE_US_EQUITY_ALL_CAPABLE,2962,YRD
RRV002_FREE_US_EQUITY_ALL_CAPABLE,2963,NVEC
RRV002_FREE_US_EQUITY_ALL_CAPABLE,2964,LTRN
RRV002_FREE_US_EQUITY_ALL_CAPABLE,2965,IGIC
RRV002_FREE_US_EQUITY_ALL_CAPABLE,2966,LGO
RRV002_FREE_US_EQUITY_ALL_CAPABLE,2967,GTLB
RRV002_FREE_US_EQUITY_ALL_CAPABLE,2968,IVT
RRV002_FREE_US_EQUITY_ALL_CAPABLE,2969,WBX
RRV002_FREE_US_EQUITY_ALL_CAPABLE,2970,NEWP
RRV002_FREE_US_EQUITY_ALL_CAPABLE,2971,RNGR
RRV002_FREE_US_EQUITY_ALL_CAPABLE,2972,CNSY
RRV002_FREE_US_EQUITY_ALL_CAPABLE,2973,IHS
RRV002_FREE_US_EQUITY_ALL_CAPABLE,2974,VTSI
RRV002_FREE_US_EQUITY_ALL_CAPABLE,2975,BSET
RRV002_FREE_US_EQUITY_ALL_CAPABLE,2976,COCO
RRV002_FREE_US_EQUITY_ALL_CAPABLE,2977,PTLO
RRV002_FREE_US_EQUITY_ALL_CAPABLE,2978,KALA
RRV002_FREE_US_EQUITY_ALL_CAPABLE,2979,VIVO
RRV002_FREE_US_EQUITY_ALL_CAPABLE,2980,RTB
RRV002_FREE_US_EQUITY_ALL_CAPABLE,2981,GRNT
RRV002_FREE_US_EQUITY_ALL_CAPABLE,2982,TYRA
RRV002_FREE_US_EQUITY_ALL_CAPABLE,2983,IMDX
RRV002_FREE_US_EQUITY_ALL_CAPABLE,2984,NCTY
RRV002_FREE_US_EQUITY_ALL_CAPABLE,2985,IZEA
RRV002_FREE_US_EQUITY_ALL_CAPABLE,2986,SEGG
RRV002_FREE_US_EQUITY_ALL_CAPABLE,2987,RANI
RRV002_FREE_US_EQUITY_ALL_CAPABLE,2988,NFGC
RRV002_FREE_US_EQUITY_ALL_CAPABLE,2989,RPC
RRV002_FREE_US_EQUITY_ALL_CAPABLE,2990,NXTC
RRV002_FREE_US_EQUITY_ALL_CAPABLE,2991,GSIT
RRV002_FREE_US_EQUITY_ALL_CAPABLE,2992,DJT
RRV002_FREE_US_EQUITY_ALL_CAPABLE,2993,JOB
RRV002_FREE_US_EQUITY_ALL_CAPABLE,2994,RWAY
RRV002_FREE_US_EQUITY_ALL_CAPABLE,2995,FLNC
RRV002_FREE_US_EQUITY_ALL_CAPABLE,2996,GFS
RRV002_FREE_US_EQUITY_ALL_CAPABLE,2997,AIP
RRV002_FREE_US_EQUITY_ALL_CAPABLE,2998,GP
RRV002_FREE_US_EQUITY_ALL_CAPABLE,2999,PGY
RRV002_FREE_US_EQUITY_ALL_CAPABLE,3000,AIRG
RRV002_FREE_US_EQUITY_ALL_CAPABLE,3001,REAX
RRV002_FREE_US_EQUITY_ALL_CAPABLE,3002,ARHS
RRV002_FREE_US_EQUITY_ALL_CAPABLE,3003,NRDS
RRV002_FREE_US_EQUITY_ALL_CAPABLE,3004,CANG
RRV002_FREE_US_EQUITY_ALL_CAPABLE,3005,LPTH
RRV002_FREE_US_EQUITY_ALL_CAPABLE,3006,SFST
RRV002_FREE_US_EQUITY_ALL_CAPABLE,3007,SPCB
RRV002_FREE_US_EQUITY_ALL_CAPABLE,3008,KD
RRV002_FREE_US_EQUITY_ALL_CAPABLE,3009,TCRT
RRV002_FREE_US_EQUITY_ALL_CAPABLE,3010,EQ
RRV002_FREE_US_EQUITY_ALL_CAPABLE,3011,INDO
RRV002_FREE_US_EQUITY_ALL_CAPABLE,3012,LITS
RRV002_FREE_US_EQUITY_ALL_CAPABLE,3013,ISTR
RRV002_FREE_US_EQUITY_ALL_CAPABLE,3014,HTZ
RRV002_FREE_US_EQUITY_ALL_CAPABLE,3015,MCBS
RRV002_FREE_US_EQUITY_ALL_CAPABLE,3016,CBL
RRV002_FREE_US_EQUITY_ALL_CAPABLE,3017,CDRE
RRV002_FREE_US_EQUITY_ALL_CAPABLE,3018,EXFY
RRV002_FREE_US_EQUITY_ALL_CAPABLE,3019,PRM
RRV002_FREE_US_EQUITY_ALL_CAPABLE,3020,RIVN
RRV002_FREE_US_EQUITY_ALL_CAPABLE,3021,CMPX
RRV002_FREE_US_EQUITY_ALL_CAPABLE,3022,ORIO
RRV002_FREE_US_EQUITY_ALL_CAPABLE,3023,NECB
RRV002_FREE_US_EQUITY_ALL_CAPABLE,3024,ORKA
RRV002_FREE_US_EQUITY_ALL_CAPABLE,3025,AURA
RRV002_FREE_US_EQUITY_ALL_CAPABLE,3026,BLZE
RRV002_FREE_US_EQUITY_ALL_CAPABLE,3027,WEAV
RRV002_FREE_US_EQUITY_ALL_CAPABLE,3028,ARBE
RRV002_FREE_US_EQUITY_ALL_CAPABLE,3029,SOPH
RRV002_FREE_US_EQUITY_ALL_CAPABLE,3030,AIRS
RRV002_FREE_US_EQUITY_ALL_CAPABLE,3031,ONL
RRV002_FREE_US_EQUITY_ALL_CAPABLE,3032,TPST
RRV002_FREE_US_EQUITY_ALL_CAPABLE,3033,BRZE
RRV002_FREE_US_EQUITY_ALL_CAPABLE,3034,OSS
RRV002_FREE_US_EQUITY_ALL_CAPABLE,3035,TRDA
RRV002_FREE_US_EQUITY_ALL_CAPABLE,3036,IREN
RRV002_FREE_US_EQUITY_ALL_CAPABLE,3037,BTCT
RRV002_FREE_US_EQUITY_ALL_CAPABLE,3038,TOVX
RRV002_FREE_US_EQUITY_ALL_CAPABLE,3039,NUWE
RRV002_FREE_US_EQUITY_ALL_CAPABLE,3040,RLYB
RRV002_FREE_US_EQUITY_ALL_CAPABLE,3041,SG
RRV002_FREE_US_EQUITY_ALL_CAPABLE,3042,HYFM
RRV002_FREE_US_EQUITY_ALL_CAPABLE,3043,PYXS
RRV002_FREE_US_EQUITY_ALL_CAPABLE,3044,CMT
RRV002_FREE_US_EQUITY_ALL_CAPABLE,3045,SLE
RRV002_FREE_US_EQUITY_ALL_CAPABLE,3046,ENLV
RRV002_FREE_US_EQUITY_ALL_CAPABLE,3047,SNGX
RRV002_FREE_US_EQUITY_ALL_CAPABLE,3048,PRTH
RRV002_FREE_US_EQUITY_ALL_CAPABLE,3049,FSBC
RRV002_FREE_US_EQUITY_ALL_CAPABLE,3050,NRIM
RRV002_FREE_US_EQUITY_ALL_CAPABLE,3051,RZLT
RRV002_FREE_US_EQUITY_ALL_CAPABLE,3052,TCRX
RRV002_FREE_US_EQUITY_ALL_CAPABLE,3053,TKNO
RRV002_FREE_US_EQUITY_ALL_CAPABLE,3054,PRSO
RRV002_FREE_US_EQUITY_ALL_CAPABLE,3055,DXLG
RRV002_FREE_US_EQUITY_ALL_CAPABLE,3056,LSAK
RRV002_FREE_US_EQUITY_ALL_CAPABLE,3057,UAN
RRV002_FREE_US_EQUITY_ALL_CAPABLE,3058,ELA
RRV002_FREE_US_EQUITY_ALL_CAPABLE,3059,MLTX
RRV002_FREE_US_EQUITY_ALL_CAPABLE,3060,PWCM
RRV002_FREE_US_EQUITY_ALL_CAPABLE,3061,AIFC
RRV002_FREE_US_EQUITY_ALL_CAPABLE,3062,SDEV
RRV002_FREE_US_EQUITY_ALL_CAPABLE,3063,LOOP
RRV002_FREE_US_EQUITY_ALL_CAPABLE,3064,MPU
RRV002_FREE_US_EQUITY_ALL_CAPABLE,3065,WTBA
RRV002_FREE_US_EQUITY_ALL_CAPABLE,3066,OMEX
RRV002_FREE_US_EQUITY_ALL_CAPABLE,3067,CRGY
RRV002_FREE_US_EQUITY_ALL_CAPABLE,3068,MMLP
RRV002_FREE_US_EQUITY_ALL_CAPABLE,3069,NU
RRV002_FREE_US_EQUITY_ALL_CAPABLE,3070,HURC
RRV002_FREE_US_EQUITY_ALL_CAPABLE,3071,TMQ
RRV002_FREE_US_EQUITY_ALL_CAPABLE,3072,IGC
RRV002_FREE_US_EQUITY_ALL_CAPABLE,3073,HIND
RRV002_FREE_US_EQUITY_ALL_CAPABLE,3074,KOSS
RRV002_FREE_US_EQUITY_ALL_CAPABLE,3075,FLZH
RRV002_FREE_US_EQUITY_ALL_CAPABLE,3076,CLRB
RRV002_FREE_US_EQUITY_ALL_CAPABLE,3077,TRX
RRV002_FREE_US_EQUITY_ALL_CAPABLE,3078,XOS
RRV002_FREE_US_EQUITY_ALL_CAPABLE,3079,INBS
RRV002_FREE_US_EQUITY_ALL_CAPABLE,3080,TWIN
RRV002_FREE_US_EQUITY_ALL_CAPABLE,3081,IOT
RRV002_FREE_US_EQUITY_ALL_CAPABLE,3082,SPRB
RRV002_FREE_US_EQUITY_ALL_CAPABLE,3083,BGDE
RRV002_FREE_US_EQUITY_ALL_CAPABLE,3084,GRND
RRV002_FREE_US_EQUITY_ALL_CAPABLE,3085,BIRD
RRV002_FREE_US_EQUITY_ALL_CAPABLE,3086,GGR
RRV002_FREE_US_EQUITY_ALL_CAPABLE,3087,PROK
RRV002_FREE_US_EQUITY_ALL_CAPABLE,3088,VTAK
RRV002_FREE_US_EQUITY_ALL_CAPABLE,3089,BH
RRV002_FREE_US_EQUITY_ALL_CAPABLE,3090,SURG
RRV002_FREE_US_EQUITY_ALL_CAPABLE,3091,APT
RRV002_FREE_US_EQUITY_ALL_CAPABLE,3092,USAU
RRV002_FREE_US_EQUITY_ALL_CAPABLE,3093,DAVE
RRV002_FREE_US_EQUITY_ALL_CAPABLE,3094,CINT
RRV002_FREE_US_EQUITY_ALL_CAPABLE,3095,PHIO
RRV002_FREE_US_EQUITY_ALL_CAPABLE,3096,HBB
RRV002_FREE_US_EQUITY_ALL_CAPABLE,3097,SUNE
RRV002_FREE_US_EQUITY_ALL_CAPABLE,3098,GTBP
RRV002_FREE_US_EQUITY_ALL_CAPABLE,3099,BCML
RRV002_FREE_US_EQUITY_ALL_CAPABLE,3100,GRI
RRV002_FREE_US_EQUITY_ALL_CAPABLE,3101,SMC
RRV002_FREE_US_EQUITY_ALL_CAPABLE,3102,DOUG
RRV002_FREE_US_EQUITY_ALL_CAPABLE,3103,GWRS
RRV002_FREE_US_EQUITY_ALL_CAPABLE,3104,MBOT
RRV002_FREE_US_EQUITY_ALL_CAPABLE,3105,KRT
RRV002_FREE_US_EQUITY_ALL_CAPABLE,3106,FBRX
RRV002_FREE_US_EQUITY_ALL_CAPABLE,3107,SINT
RRV002_FREE_US_EQUITY_ALL_CAPABLE,3108,BYSI
RRV002_FREE_US_EQUITY_ALL_CAPABLE,3109,KMDA
RRV002_FREE_US_EQUITY_ALL_CAPABLE,3110,BODI
RRV002_FREE_US_EQUITY_ALL_CAPABLE,3111,XGN
RRV002_FREE_US_EQUITY_ALL_CAPABLE,3112,IKT
RRV002_FREE_US_EQUITY_ALL_CAPABLE,3113,AMLX
RRV002_FREE_US_EQUITY_ALL_CAPABLE,3114,HYFT
RRV002_FREE_US_EQUITY_ALL_CAPABLE,3115,DLNG
RRV002_FREE_US_EQUITY_ALL_CAPABLE,3116,IMPP
RRV002_FREE_US_EQUITY_ALL_CAPABLE,3117,VGZ
RRV002_FREE_US_EQUITY_ALL_CAPABLE,3118,DPRO
RRV002_FREE_US_EQUITY_ALL_CAPABLE,3119,OLOX
RRV002_FREE_US_EQUITY_ALL_CAPABLE,3120,RENT
RRV002_FREE_US_EQUITY_ALL_CAPABLE,3121,REFI
RRV002_FREE_US_EQUITY_ALL_CAPABLE,3122,TPG
RRV002_FREE_US_EQUITY_ALL_CAPABLE,3123,BOLT
RRV002_FREE_US_EQUITY_ALL_CAPABLE,3124,AGPU
RRV002_FREE_US_EQUITY_ALL_CAPABLE,3125,ENTX
RRV002_FREE_US_EQUITY_ALL_CAPABLE,3126,TLSA
RRV002_FREE_US_EQUITY_ALL_CAPABLE,3127,ELTX
RRV002_FREE_US_EQUITY_ALL_CAPABLE,3128,AKTS
RRV002_FREE_US_EQUITY_ALL_CAPABLE,3129,KXIN
RRV002_FREE_US_EQUITY_ALL_CAPABLE,3130,RNTX
RRV002_FREE_US_EQUITY_ALL_CAPABLE,3131,MBRX
RRV002_FREE_US_EQUITY_ALL_CAPABLE,3132,DLHC
RRV002_FREE_US_EQUITY_ALL_CAPABLE,3133,FRGT
RRV002_FREE_US_EQUITY_ALL_CAPABLE,3134,BOXL
RRV002_FREE_US_EQUITY_ALL_CAPABLE,3135,CRDO
RRV002_FREE_US_EQUITY_ALL_CAPABLE,3136,LUCD
RRV002_FREE_US_EQUITY_ALL_CAPABLE,3137,CTRM
RRV002_FREE_US_EQUITY_ALL_CAPABLE,3138,ENVB
RRV002_FREE_US_EQUITY_ALL_CAPABLE,3139,RKTO
RRV002_FREE_US_EQUITY_ALL_CAPABLE,3140,SERA
RRV002_FREE_US_EQUITY_ALL_CAPABLE,3141,PESI
RRV002_FREE_US_EQUITY_ALL_CAPABLE,3142,AIM
RRV002_FREE_US_EQUITY_ALL_CAPABLE,3143,CEG
RRV002_FREE_US_EQUITY_ALL_CAPABLE,3144,OBE
RRV002_FREE_US_EQUITY_ALL_CAPABLE,3145,MRBK
RRV002_FREE_US_EQUITY_ALL_CAPABLE,3146,KSCP
RRV002_FREE_US_EQUITY_ALL_CAPABLE,3147,NVNO
RRV002_FREE_US_EQUITY_ALL_CAPABLE,3148,MTVA
RRV002_FREE_US_EQUITY_ALL_CAPABLE,3149,ENSC
RRV002_FREE_US_EQUITY_ALL_CAPABLE,3150,SES
RRV002_FREE_US_EQUITY_ALL_CAPABLE,3151,SOS
RRV002_FREE_US_EQUITY_ALL_CAPABLE,3152,AIFU
RRV002_FREE_US_EQUITY_ALL_CAPABLE,3153,MRKR
RRV002_FREE_US_EQUITY_ALL_CAPABLE,3154,FVCB
RRV002_FREE_US_EQUITY_ALL_CAPABLE,3155,PDLB
RRV002_FREE_US_EQUITY_ALL_CAPABLE,3156,GFAI
RRV002_FREE_US_EQUITY_ALL_CAPABLE,3157,YCBD
RRV002_FREE_US_EQUITY_ALL_CAPABLE,3158,SNFCA
RRV002_FREE_US_EQUITY_ALL_CAPABLE,3159,FABC
RRV002_FREE_US_EQUITY_ALL_CAPABLE,3160,CHRN
RRV002_FREE_US_EQUITY_ALL_CAPABLE,3161,ECOR
RRV002_FREE_US_EQUITY_ALL_CAPABLE,3162,UONE
RRV002_FREE_US_EQUITY_ALL_CAPABLE,3163,DOGZ
RRV002_FREE_US_EQUITY_ALL_CAPABLE,3164,QXO
RRV002_FREE_US_EQUITY_ALL_CAPABLE,3165,CZNC
RRV002_FREE_US_EQUITY_ALL_CAPABLE,3166,OPAL
RRV002_FREE_US_EQUITY_ALL_CAPABLE,3167,ISSC
RRV002_FREE_US_EQUITY_ALL_CAPABLE,3168,FLXS
RRV002_FREE_US_EQUITY_ALL_CAPABLE,3169,LEXX
RRV002_FREE_US_EQUITY_ALL_CAPABLE,3170,CNTB
RRV002_FREE_US_EQUITY_ALL_CAPABLE,3171,ULBI
RRV002_FREE_US_EQUITY_ALL_CAPABLE,3172,SKYX
RRV002_FREE_US_EQUITY_ALL_CAPABLE,3173,SDOT
RRV002_FREE_US_EQUITY_ALL_CAPABLE,3174,SLN
RRV002_FREE_US_EQUITY_ALL_CAPABLE,3175,TRAW
RRV002_FREE_US_EQUITY_ALL_CAPABLE,3176,TWAV
RRV002_FREE_US_EQUITY_ALL_CAPABLE,3177,LSF
RRV002_FREE_US_EQUITY_ALL_CAPABLE,3178,SILC
RRV002_FREE_US_EQUITY_ALL_CAPABLE,3179,EDN
RRV002_FREE_US_EQUITY_ALL_CAPABLE,3180,CETX
RRV002_FREE_US_EQUITY_ALL_CAPABLE,3181,CGTX
RRV002_FREE_US_EQUITY_ALL_CAPABLE,3182,ADIL
RRV002_FREE_US_EQUITY_ALL_CAPABLE,3183,NNVC
RRV002_FREE_US_EQUITY_ALL_CAPABLE,3184,RGS
RRV002_FREE_US_EQUITY_ALL_CAPABLE,3185,GENC
RRV002_FREE_US_EQUITY_ALL_CAPABLE,3186,MLSS
RRV002_FREE_US_EQUITY_ALL_CAPABLE,3187,VEL
RRV002_FREE_US_EQUITY_ALL_CAPABLE,3188,AYTU
RRV002_FREE_US_EQUITY_ALL_CAPABLE,3189,BGMS
RRV002_FREE_US_EQUITY_ALL_CAPABLE,3190,YTRA
RRV002_FREE_US_EQUITY_ALL_CAPABLE,3191,NMG
RRV002_FREE_US_EQUITY_ALL_CAPABLE,3192,PED
RRV002_FREE_US_EQUITY_ALL_CAPABLE,3193,CYD
RRV002_FREE_US_EQUITY_ALL_CAPABLE,3194,ELMD
RRV002_FREE_US_EQUITY_ALL_CAPABLE,3195,PSHG
RRV002_FREE_US_EQUITY_ALL_CAPABLE,3196,KPLT
RRV002_FREE_US_EQUITY_ALL_CAPABLE,3197,AP
RRV002_FREE_US_EQUITY_ALL_CAPABLE,3198,SCOR
RRV002_FREE_US_EQUITY_ALL_CAPABLE,3199,IMNN
RRV002_FREE_US_EQUITY_ALL_CAPABLE,3200,SBEV
RRV002_FREE_US_EQUITY_ALL_CAPABLE,3201,GAM
RRV002_FREE_US_EQUITY_ALL_CAPABLE,3202,DMRA
RRV002_FREE_US_EQUITY_ALL_CAPABLE,3203,MYFW
RRV002_FREE_US_EQUITY_ALL_CAPABLE,3204,TENX
RRV002_FREE_US_EQUITY_ALL_CAPABLE,3205,AVX
RRV002_FREE_US_EQUITY_ALL_CAPABLE,3206,BRLT
RRV002_FREE_US_EQUITY_ALL_CAPABLE,3207,EMPD
RRV002_FREE_US_EQUITY_ALL_CAPABLE,3208,DWTX
RRV002_FREE_US_EQUITY_ALL_CAPABLE,3209,EVGN
RRV002_FREE_US_EQUITY_ALL_CAPABLE,3210,EZRA
RRV002_FREE_US_EQUITY_ALL_CAPABLE,3211,ALZN
RRV002_FREE_US_EQUITY_ALL_CAPABLE,3212,CXDO
RRV002_FREE_US_EQUITY_ALL_CAPABLE,3213,BNTC
RRV002_FREE_US_EQUITY_ALL_CAPABLE,3214,POLA
RRV002_FREE_US_EQUITY_ALL_CAPABLE,3215,TCBX
RRV002_FREE_US_EQUITY_ALL_CAPABLE,3216,KUST
RRV002_FREE_US_EQUITY_ALL_CAPABLE,3217,PKBK
RRV002_FREE_US_EQUITY_ALL_CAPABLE,3218,PHVS
RRV002_FREE_US_EQUITY_ALL_CAPABLE,3219,CRVO
RRV002_FREE_US_EQUITY_ALL_CAPABLE,3220,LCNB
RRV002_FREE_US_EQUITY_ALL_CAPABLE,3221,CYN
RRV002_FREE_US_EQUITY_ALL_CAPABLE,3222,FTEK
RRV002_FREE_US_EQUITY_ALL_CAPABLE,3223,TANH
RRV002_FREE_US_EQUITY_ALL_CAPABLE,3224,GLBS
RRV002_FREE_US_EQUITY_ALL_CAPABLE,3225,GGRP
RRV002_FREE_US_EQUITY_ALL_CAPABLE,3226,AQB
RRV002_FREE_US_EQUITY_ALL_CAPABLE,3227,EMBC
RRV002_FREE_US_EQUITY_ALL_CAPABLE,3228,PXS
RRV002_FREE_US_EQUITY_ALL_CAPABLE,3229,RPID
RRV002_FREE_US_EQUITY_ALL_CAPABLE,3230,LVWR
RRV002_FREE_US_EQUITY_ALL_CAPABLE,3231,TSAT
RRV002_FREE_US_EQUITY_ALL_CAPABLE,3232,WLY
RRV002_FREE_US_EQUITY_ALL_CAPABLE,3233,WEST
RRV002_FREE_US_EQUITY_ALL_CAPABLE,3234,ESAB
RRV002_FREE_US_EQUITY_ALL_CAPABLE,3235,EIC
RRV002_FREE_US_EQUITY_ALL_CAPABLE,3236,WBD
RRV002_FREE_US_EQUITY_ALL_CAPABLE,3237,USIO
RRV002_FREE_US_EQUITY_ALL_CAPABLE,3238,FBIZ
RRV002_FREE_US_EQUITY_ALL_CAPABLE,3239,FNWB
RRV002_FREE_US_EQUITY_ALL_CAPABLE,3240,VMAR
RRV002_FREE_US_EQUITY_ALL_CAPABLE,3241,AIIO
RRV002_FREE_US_EQUITY_ALL_CAPABLE,3242,PIII
RRV002_FREE_US_EQUITY_ALL_CAPABLE,3243,BTOG
RRV002_FREE_US_EQUITY_ALL_CAPABLE,3244,UPXI
RRV002_FREE_US_EQUITY_ALL_CAPABLE,3245,SKYH
RRV002_FREE_US_EQUITY_ALL_CAPABLE,3246,DC
RRV002_FREE_US_EQUITY_ALL_CAPABLE,3247,MAMA
RRV002_FREE_US_EQUITY_ALL_CAPABLE,3248,OESX
RRV002_FREE_US_EQUITY_ALL_CAPABLE,3249,APLD
RRV002_FREE_US_EQUITY_ALL_CAPABLE,3250,EE
RRV002_FREE_US_EQUITY_ALL_CAPABLE,3251,SONM
RRV002_FREE_US_EQUITY_ALL_CAPABLE,3252,NERV
RRV002_FREE_US_EQUITY_ALL_CAPABLE,3253,FEMY
RRV002_FREE_US_EQUITY_ALL_CAPABLE,3254,PMTS
RRV002_FREE_US_EQUITY_ALL_CAPABLE,3255,GAME
RRV002_FREE_US_EQUITY_ALL_CAPABLE,3256,FLNT
RRV002_FREE_US_EQUITY_ALL_CAPABLE,3257,FTH
RRV002_FREE_US_EQUITY_ALL_CAPABLE,3258,AEMD
RRV002_FREE_US_EQUITY_ALL_CAPABLE,3259,CPSH
RRV002_FREE_US_EQUITY_ALL_CAPABLE,3260,MNY
RRV002_FREE_US_EQUITY_ALL_CAPABLE,3261,INM
RRV002_FREE_US_EQUITY_ALL_CAPABLE,3262,IMMX
RRV002_FREE_US_EQUITY_ALL_CAPABLE,3263,ODC
RRV002_FREE_US_EQUITY_ALL_CAPABLE,3264,RFL
RRV002_FREE_US_EQUITY_ALL_CAPABLE,3265,QNTM
RRV002_FREE_US_EQUITY_ALL_CAPABLE,3266,SOUN
RRV002_FREE_US_EQUITY_ALL_CAPABLE,3267,AEHL
RRV002_FREE_US_EQUITY_ALL_CAPABLE,3268,WKSP
RRV002_FREE_US_EQUITY_ALL_CAPABLE,3269,ALLR
RRV002_FREE_US_EQUITY_ALL_CAPABLE,3270,CAAS
RRV002_FREE_US_EQUITY_ALL_CAPABLE,3271,DOMH
RRV002_FREE_US_EQUITY_ALL_CAPABLE,3272,SXTC
RRV002_FREE_US_EQUITY_ALL_CAPABLE,3273,BBUC
RRV002_FREE_US_EQUITY_ALL_CAPABLE,3274,DUO
RRV002_FREE_US_EQUITY_ALL_CAPABLE,3275,DCOY
RRV002_FREE_US_EQUITY_ALL_CAPABLE,3276,AMPG
RRV002_FREE_US_EQUITY_ALL_CAPABLE,3277,CREX
RRV002_FREE_US_EQUITY_ALL_CAPABLE,3278,OBIO
RRV002_FREE_US_EQUITY_ALL_CAPABLE,3279,BLCO
RRV002_FREE_US_EQUITY_ALL_CAPABLE,3280,FCCO
RRV002_FREE_US_EQUITY_ALL_CAPABLE,3281,PZG
RRV002_FREE_US_EQUITY_ALL_CAPABLE,3282,ITRG
RRV002_FREE_US_EQUITY_ALL_CAPABLE,3283,CNSP
RRV002_FREE_US_EQUITY_ALL_CAPABLE,3284,CD
RRV002_FREE_US_EQUITY_ALL_CAPABLE,3285,CET
RRV002_FREE_US_EQUITY_ALL_CAPABLE,3286,ACDC
RRV002_FREE_US_EQUITY_ALL_CAPABLE,3287,AIFA
RRV002_FREE_US_EQUITY_ALL_CAPABLE,3288,CPSS
RRV002_FREE_US_EQUITY_ALL_CAPABLE,3289,MTC
RRV002_FREE_US_EQUITY_ALL_CAPABLE,3290,UNCY
RRV002_FREE_US_EQUITY_ALL_CAPABLE,3291,FNGR
RRV002_FREE_US_EQUITY_ALL_CAPABLE,3292,UONEK
RRV002_FREE_US_EQUITY_ALL_CAPABLE,3293,AIOS
RRV002_FREE_US_EQUITY_ALL_CAPABLE,3294,SNOA
RRV002_FREE_US_EQUITY_ALL_CAPABLE,3295,CHGA
RRV002_FREE_US_EQUITY_ALL_CAPABLE,3296,CISO
RRV002_FREE_US_EQUITY_ALL_CAPABLE,3297,RVP
RRV002_FREE_US_EQUITY_ALL_CAPABLE,3298,EVI
RRV002_FREE_US_EQUITY_ALL_CAPABLE,3299,BWFG
RRV002_FREE_US_EQUITY_ALL_CAPABLE,3300,VIRC
RRV002_FREE_US_EQUITY_ALL_CAPABLE,3301,LWAY
RRV002_FREE_US_EQUITY_ALL_CAPABLE,3302,DRTS
RRV002_FREE_US_EQUITY_ALL_CAPABLE,3303,CXAI
RRV002_FREE_US_EQUITY_ALL_CAPABLE,3304,KWY
RRV002_FREE_US_EQUITY_ALL_CAPABLE,3305,ISPC
RRV002_FREE_US_EQUITY_ALL_CAPABLE,3306,SEED
RRV002_FREE_US_EQUITY_ALL_CAPABLE,3307,GTEC
RRV002_FREE_US_EQUITY_ALL_CAPABLE,3308,GNS
RRV002_FREE_US_EQUITY_ALL_CAPABLE,3309,ZSTK
RRV002_FREE_US_EQUITY_ALL_CAPABLE,3310,TAOX
RRV002_FREE_US_EQUITY_ALL_CAPABLE,3311,SKE
RRV002_FREE_US_EQUITY_ALL_CAPABLE,3312,NRP
RRV002_FREE_US_EQUITY_ALL_CAPABLE,3313,NPWR
RRV002_FREE_US_EQUITY_ALL_CAPABLE,3314,XWEL
RRV002_FREE_US_EQUITY_ALL_CAPABLE,3315,WINA
RRV002_FREE_US_EQUITY_ALL_CAPABLE,3316,LND
RRV002_FREE_US_EQUITY_ALL_CAPABLE,3317,FNUC
RRV002_FREE_US_EQUITY_ALL_CAPABLE,3318,LPCN
RRV002_FREE_US_EQUITY_ALL_CAPABLE,3319,NUTX
RRV002_FREE_US_EQUITY_ALL_CAPABLE,3320,MBAI
RRV002_FREE_US_EQUITY_ALL_CAPABLE,3321,STRT
RRV002_FREE_US_EQUITY_ALL_CAPABLE,3322,PCSA
RRV002_FREE_US_EQUITY_ALL_CAPABLE,3323,CRDL
RRV002_FREE_US_EQUITY_ALL_CAPABLE,3324,CCEC
RRV002_FREE_US_EQUITY_ALL_CAPABLE,3325,ERNA
RRV002_FREE_US_EQUITY_ALL_CAPABLE,3326,MCI
RRV002_FREE_US_EQUITY_ALL_CAPABLE,3327,RYM
RRV002_FREE_US_EQUITY_ALL_CAPABLE,3328,SRXH
RRV002_FREE_US_EQUITY_ALL_CAPABLE,3329,SNTI
RRV002_FREE_US_EQUITY_ALL_CAPABLE,3330,ACNT
RRV002_FREE_US_EQUITY_ALL_CAPABLE,3331,BEAT
RRV002_FREE_US_EQUITY_ALL_CAPABLE,3332,ESCA
RRV002_FREE_US_EQUITY_ALL_CAPABLE,3333,ALP
RRV002_FREE_US_EQUITY_ALL_CAPABLE,3334,RBCAA
RRV002_FREE_US_EQUITY_ALL_CAPABLE,3335,DBGI
RRV002_FREE_US_EQUITY_ALL_CAPABLE,3336,PEPG
RRV002_FREE_US_EQUITY_ALL_CAPABLE,3337,DTSS
RRV002_FREE_US_EQUITY_ALL_CAPABLE,3338,IAUX
RRV002_FREE_US_EQUITY_ALL_CAPABLE,3339,IE
RRV002_FREE_US_EQUITY_ALL_CAPABLE,3340,NESR
RRV002_FREE_US_EQUITY_ALL_CAPABLE,3341,BCDA
RRV002_FREE_US_EQUITY_ALL_CAPABLE,3342,KPRX
RRV002_FREE_US_EQUITY_ALL_CAPABLE,3343,GRVY
RRV002_FREE_US_EQUITY_ALL_CAPABLE,3344,THM
RRV002_FREE_US_EQUITY_ALL_CAPABLE,3345,SNES
RRV002_FREE_US_EQUITY_ALL_CAPABLE,3346,NAMS
RRV002_FREE_US_EQUITY_ALL_CAPABLE,3347,OGEN
RRV002_FREE_US_EQUITY_ALL_CAPABLE,3348,AEI
RRV002_FREE_US_EQUITY_ALL_CAPABLE,3349,DYAI
RRV002_FREE_US_EQUITY_ALL_CAPABLE,3350,VZLA
RRV002_FREE_US_EQUITY_ALL_CAPABLE,3351,INTR
RRV002_FREE_US_EQUITY_ALL_CAPABLE,3352,CNTX
RRV002_FREE_US_EQUITY_ALL_CAPABLE,3353,ALTI
RRV002_FREE_US_EQUITY_ALL_CAPABLE,3354,FTFT
RRV002_FREE_US_EQUITY_ALL_CAPABLE,3355,HSDT
RRV002_FREE_US_EQUITY_ALL_CAPABLE,3356,INAB
RRV002_FREE_US_EQUITY_ALL_CAPABLE,3357,HGBL
RRV002_FREE_US_EQUITY_ALL_CAPABLE,3358,IPWR
RRV002_FREE_US_EQUITY_ALL_CAPABLE,3359,ATLO
RRV002_FREE_US_EQUITY_ALL_CAPABLE,3360,BATL
RRV002_FREE_US_EQUITY_ALL_CAPABLE,3361,BTCS
RRV002_FREE_US_EQUITY_ALL_CAPABLE,3362,ABVC
RRV002_FREE_US_EQUITY_ALL_CAPABLE,3363,GRCE
RRV002_FREE_US_EQUITY_ALL_CAPABLE,3364,OABI
RRV002_FREE_US_EQUITY_ALL_CAPABLE,3365,CORZ
RRV002_FREE_US_EQUITY_ALL_CAPABLE,3366,FIP
RRV002_FREE_US_EQUITY_ALL_CAPABLE,3367,NDRA
RRV002_FREE_US_EQUITY_ALL_CAPABLE,3368,VRM
RRV002_FREE_US_EQUITY_ALL_CAPABLE,3369,WNW
RRV002_FREE_US_EQUITY_ALL_CAPABLE,3370,CLYM
RRV002_FREE_US_EQUITY_ALL_CAPABLE,3371,CADL
RRV002_FREE_US_EQUITY_ALL_CAPABLE,3372,PHGE
RRV002_FREE_US_EQUITY_ALL_CAPABLE,3373,DUKB
RRV002_FREE_US_EQUITY_ALL_CAPABLE,3374,CLMB
RRV002_FREE_US_EQUITY_ALL_CAPABLE,3375,MKTW
RRV002_FREE_US_EQUITY_ALL_CAPABLE,3376,SATL
RRV002_FREE_US_EQUITY_ALL_CAPABLE,3377,QUCY
RRV002_FREE_US_EQUITY_ALL_CAPABLE,3378,BLNE
RRV002_FREE_US_EQUITY_ALL_CAPABLE,3379,DFLI
RRV002_FREE_US_EQUITY_ALL_CAPABLE,3380,DTW
RRV002_FREE_US_EQUITY_ALL_CAPABLE,3381,AIXC
RRV002_FREE_US_EQUITY_ALL_CAPABLE,3382,COSM
RRV002_FREE_US_EQUITY_ALL_CAPABLE,3383,FEED
RRV002_FREE_US_EQUITY_ALL_CAPABLE,3384,FCUV
RRV002_FREE_US_EQUITY_ALL_CAPABLE,3385,DGXX
RRV002_FREE_US_EQUITY_ALL_CAPABLE,3386,COCP
RRV002_FREE_US_EQUITY_ALL_CAPABLE,3387,FMAO
RRV002_FREE_US_EQUITY_ALL_CAPABLE,3388,WYY
RRV002_FREE_US_EQUITY_ALL_CAPABLE,3389,QTEX
RRV002_FREE_US_EQUITY_ALL_CAPABLE,3390,XLO
RRV002_FREE_US_EQUITY_ALL_CAPABLE,3391,NSPR
RRV002_FREE_US_EQUITY_ALL_CAPABLE,3392,SMTI
RRV002_FREE_US_EQUITY_ALL_CAPABLE,3393,NIXX
RRV002_FREE_US_EQUITY_ALL_CAPABLE,3394,ANTX
RRV002_FREE_US_EQUITY_ALL_CAPABLE,3395,EZGO
RRV002_FREE_US_EQUITY_ALL_CAPABLE,3396,SABS
RRV002_FREE_US_EQUITY_ALL_CAPABLE,3397,SCLX
RRV002_FREE_US_EQUITY_ALL_CAPABLE,3398,FAMI
RRV002_FREE_US_EQUITY_ALL_CAPABLE,3399,LEE
RRV002_FREE_US_EQUITY_ALL_CAPABLE,3400,GECC
RRV002_FREE_US_EQUITY_ALL_CAPABLE,3401,ACXP
RRV002_FREE_US_EQUITY_ALL_CAPABLE,3402,SGLY
RRV002_FREE_US_EQUITY_ALL_CAPABLE,3403,EDSA
RRV002_FREE_US_EQUITY_ALL_CAPABLE,3404,BMRA
RRV002_FREE_US_EQUITY_ALL_CAPABLE,3405,GCT
RRV002_FREE_US_EQUITY_ALL_CAPABLE,3406,VIVS
RRV002_FREE_US_EQUITY_ALL_CAPABLE,3407,BGSF
RRV002_FREE_US_EQUITY_ALL_CAPABLE,3408,RMBI
RRV002_FREE_US_EQUITY_ALL_CAPABLE,3409,NVCT
RRV002_FREE_US_EQUITY_ALL_CAPABLE,3410,FEAM
RRV002_FREE_US_EQUITY_ALL_CAPABLE,3411,APRE
RRV002_FREE_US_EQUITY_ALL_CAPABLE,3412,JZXN
RRV002_FREE_US_EQUITY_ALL_CAPABLE,3413,AREN
RRV002_FREE_US_EQUITY_ALL_CAPABLE,3414,OLB
RRV002_FREE_US_EQUITY_ALL_CAPABLE,3415,GLMD
RRV002_FREE_US_EQUITY_ALL_CAPABLE,3416,RDCM
RRV002_FREE_US_EQUITY_ALL_CAPABLE,3417,MYSZ
RRV002_FREE_US_EQUITY_ALL_CAPABLE,3418,WALD
RRV002_FREE_US_EQUITY_ALL_CAPABLE,3419,DTST
RRV002_FREE_US_EQUITY_ALL_CAPABLE,3420,LNSR
RRV002_FREE_US_EQUITY_ALL_CAPABLE,3421,CNEY
RRV002_FREE_US_EQUITY_ALL_CAPABLE,3422,KINS
RRV002_FREE_US_EQUITY_ALL_CAPABLE,3423,SCWO
RRV002_FREE_US_EQUITY_ALL_CAPABLE,3424,TXMD
RRV002_FREE_US_EQUITY_ALL_CAPABLE,3425,ACR
RRV002_FREE_US_EQUITY_ALL_CAPABLE,3426,DERM
RRV002_FREE_US_EQUITY_ALL_CAPABLE,3427,GROV
RRV002_FREE_US_EQUITY_ALL_CAPABLE,3428,NMTC
RRV002_FREE_US_EQUITY_ALL_CAPABLE,3429,RUSHB
RRV002_FREE_US_EQUITY_ALL_CAPABLE,3430,FRD
RRV002_FREE_US_EQUITY_ALL_CAPABLE,3431,RCON
RRV002_FREE_US_EQUITY_ALL_CAPABLE,3432,TOPS
RRV002_FREE_US_EQUITY_ALL_CAPABLE,3433,BAER
RRV002_FREE_US_EQUITY_ALL_CAPABLE,3434,CING
RRV002_FREE_US_EQUITY_ALL_CAPABLE,3435,LIFE
RRV002_FREE_US_EQUITY_ALL_CAPABLE,3436,CRBG
RRV002_FREE_US_EQUITY_ALL_CAPABLE,3437,ECX
RRV002_FREE_US_EQUITY_ALL_CAPABLE,3438,AMPX
RRV002_FREE_US_EQUITY_ALL_CAPABLE,3439,XTNT
RRV002_FREE_US_EQUITY_ALL_CAPABLE,3440,FXHO
RRV002_FREE_US_EQUITY_ALL_CAPABLE,3441,AWRE
RRV002_FREE_US_EQUITY_ALL_CAPABLE,3442,HBCP
RRV002_FREE_US_EQUITY_ALL_CAPABLE,3443,CPHI
RRV002_FREE_US_EQUITY_ALL_CAPABLE,3444,NL
RRV002_FREE_US_EQUITY_ALL_CAPABLE,3445,ESOA
RRV002_FREE_US_EQUITY_ALL_CAPABLE,3446,MCHX
RRV002_FREE_US_EQUITY_ALL_CAPABLE,3447,FSBW
RRV002_FREE_US_EQUITY_ALL_CAPABLE,3448,ONCO
RRV002_FREE_US_EQUITY_ALL_CAPABLE,3449,COFS
RRV002_FREE_US_EQUITY_ALL_CAPABLE,3450,NCEL
RRV002_FREE_US_EQUITY_ALL_CAPABLE,3451,MYSE
RRV002_FREE_US_EQUITY_ALL_CAPABLE,3452,REVB
RRV002_FREE_US_EQUITY_ALL_CAPABLE,3453,AUUD
RRV002_FREE_US_EQUITY_ALL_CAPABLE,3454,BTMD
RRV002_FREE_US_EQUITY_ALL_CAPABLE,3455,BQ
RRV002_FREE_US_EQUITY_ALL_CAPABLE,3456,DLPN
RRV002_FREE_US_EQUITY_ALL_CAPABLE,3457,CHR
RRV002_FREE_US_EQUITY_ALL_CAPABLE,3458,MNPR
RRV002_FREE_US_EQUITY_ALL_CAPABLE,3459,ICU
RRV002_FREE_US_EQUITY_ALL_CAPABLE,3460,NTRP
RRV002_FREE_US_EQUITY_ALL_CAPABLE,3461,MNSB
RRV002_FREE_US_EQUITY_ALL_CAPABLE,3462,DRCT
RRV002_FREE_US_EQUITY_ALL_CAPABLE,3463,OGG
RRV002_FREE_US_EQUITY_ALL_CAPABLE,3464,BFC
RRV002_FREE_US_EQUITY_ALL_CAPABLE,3465,DRMA
RRV002_FREE_US_EQUITY_ALL_CAPABLE,3466,IRIX
RRV002_FREE_US_EQUITY_ALL_CAPABLE,3467,SCNX
RRV002_FREE_US_EQUITY_ALL_CAPABLE,3468,AZ
RRV002_FREE_US_EQUITY_ALL_CAPABLE,3469,LSTA
RRV002_FREE_US_EQUITY_ALL_CAPABLE,3470,SBET
RRV002_FREE_US_EQUITY_ALL_CAPABLE,3471,IMCC
RRV002_FREE_US_EQUITY_ALL_CAPABLE,3472,ABX
RRV002_FREE_US_EQUITY_ALL_CAPABLE,3473,AMST
RRV002_FREE_US_EQUITY_ALL_CAPABLE,3474,PRME
RRV002_FREE_US_EQUITY_ALL_CAPABLE,3475,ELUT
RRV002_FREE_US_EQUITY_ALL_CAPABLE,3476,TFPM
RRV002_FREE_US_EQUITY_ALL_CAPABLE,3477,CODA
RRV002_FREE_US_EQUITY_ALL_CAPABLE,3478,WHG
RRV002_FREE_US_EQUITY_ALL_CAPABLE,3479,MBLY
RRV002_FREE_US_EQUITY_ALL_CAPABLE,3480,TISI
RRV002_FREE_US_EQUITY_ALL_CAPABLE,3481,XCUR
RRV002_FREE_US_EQUITY_ALL_CAPABLE,3482,PRFX
RRV002_FREE_US_EQUITY_ALL_CAPABLE,3483,NVX
RRV002_FREE_US_EQUITY_ALL_CAPABLE,3484,RSSS
RRV002_FREE_US_EQUITY_ALL_CAPABLE,3485,SNDA
RRV002_FREE_US_EQUITY_ALL_CAPABLE,3486,EP
RRV002_FREE_US_EQUITY_ALL_CAPABLE,3487,SDRL
RRV002_FREE_US_EQUITY_ALL_CAPABLE,3488,VHC
RRV002_FREE_US_EQUITY_ALL_CAPABLE,3489,RDI
RRV002_FREE_US_EQUITY_ALL_CAPABLE,3490,RXO
RRV002_FREE_US_EQUITY_ALL_CAPABLE,3491,FRPH
RRV002_FREE_US_EQUITY_ALL_CAPABLE,3492,IPW
RRV002_FREE_US_EQUITY_ALL_CAPABLE,3493,MIND
RRV002_FREE_US_EQUITY_ALL_CAPABLE,3494,EBMT
RRV002_FREE_US_EQUITY_ALL_CAPABLE,3495,IPM
RRV002_FREE_US_EQUITY_ALL_CAPABLE,3496,KITT
RRV002_FREE_US_EQUITY_ALL_CAPABLE,3497,TLSI
RRV002_FREE_US_EQUITY_ALL_CAPABLE,3498,SBFM
RRV002_FREE_US_EQUITY_ALL_CAPABLE,3499,FSCO
RRV002_FREE_US_EQUITY_ALL_CAPABLE,3500,CYCN
RRV002_FREE_US_EQUITY_ALL_CAPABLE,3501,MI
RRV002_FREE_US_EQUITY_ALL_CAPABLE,3502,REFR
RRV002_FREE_US_EQUITY_ALL_CAPABLE,3503,CPIX
RRV002_FREE_US_EQUITY_ALL_CAPABLE,3504,DUOT
RRV002_FREE_US_EQUITY_ALL_CAPABLE,3505,RKDA
RRV002_FREE_US_EQUITY_ALL_CAPABLE,3506,LUNR
RRV002_FREE_US_EQUITY_ALL_CAPABLE,3507,MRDN
RRV002_FREE_US_EQUITY_ALL_CAPABLE,3508,BFRI
RRV002_FREE_US_EQUITY_ALL_CAPABLE,3509,XPL
RRV002_FREE_US_EQUITY_ALL_CAPABLE,3510,PAMT
RRV002_FREE_US_EQUITY_ALL_CAPABLE,3511,SYPR
RRV002_FREE_US_EQUITY_ALL_CAPABLE,3512,ITP
RRV002_FREE_US_EQUITY_ALL_CAPABLE,3513,CNTN
RRV002_FREE_US_EQUITY_ALL_CAPABLE,3514,PSQH
RRV002_FREE_US_EQUITY_ALL_CAPABLE,3515,FG
RRV002_FREE_US_EQUITY_ALL_CAPABLE,3516,CLIR
RRV002_FREE_US_EQUITY_ALL_CAPABLE,3517,PRE
RRV002_FREE_US_EQUITY_ALL_CAPABLE,3518,LVLU
RRV002_FREE_US_EQUITY_ALL_CAPABLE,3519,OKLO
RRV002_FREE_US_EQUITY_ALL_CAPABLE,3520,CULP
RRV002_FREE_US_EQUITY_ALL_CAPABLE,3521,FWDI
RRV002_FREE_US_EQUITY_ALL_CAPABLE,3522,GROW
RRV002_FREE_US_EQUITY_ALL_CAPABLE,3523,BHFAL
RRV002_FREE_US_EQUITY_ALL_CAPABLE,3524,DSS
RRV002_FREE_US_EQUITY_ALL_CAPABLE,3525,UUU
RRV002_FREE_US_EQUITY_ALL_CAPABLE,3526,BN
RRV002_FREE_US_EQUITY_ALL_CAPABLE,3527,RAVE
RRV002_FREE_US_EQUITY_ALL_CAPABLE,3528,AUID
RRV002_FREE_US_EQUITY_ALL_CAPABLE,3529,RNXT
RRV002_FREE_US_EQUITY_ALL_CAPABLE,3530,NRSN
RRV002_FREE_US_EQUITY_ALL_CAPABLE,3531,TROO
RRV002_FREE_US_EQUITY_ALL_CAPABLE,3532,MSGM
RRV002_FREE_US_EQUITY_ALL_CAPABLE,3533,FEIM
RRV002_FREE_US_EQUITY_ALL_CAPABLE,3534,ICCM
RRV002_FREE_US_EQUITY_ALL_CAPABLE,3535,BTDR
RRV002_FREE_US_EQUITY_ALL_CAPABLE,3536,MBC
RRV002_FREE_US_EQUITY_ALL_CAPABLE,3537,LEDS
RRV002_FREE_US_EQUITY_ALL_CAPABLE,3538,MAIA
RRV002_FREE_US_EQUITY_ALL_CAPABLE,3539,MNOV
RRV002_FREE_US_EQUITY_ALL_CAPABLE,3540,NTIC
RRV002_FREE_US_EQUITY_ALL_CAPABLE,3541,MOVE
RRV002_FREE_US_EQUITY_ALL_CAPABLE,3542,BETR
RRV002_FREE_US_EQUITY_ALL_CAPABLE,3543,GEHC
RRV002_FREE_US_EQUITY_ALL_CAPABLE,3544,FURY
RRV002_FREE_US_EQUITY_ALL_CAPABLE,3545,DTG
RRV002_FREE_US_EQUITY_ALL_CAPABLE,3546,MDAI
RRV002_FREE_US_EQUITY_ALL_CAPABLE,3547,BLIN
RRV002_FREE_US_EQUITY_ALL_CAPABLE,3548,NMAD
RRV002_FREE_US_EQUITY_ALL_CAPABLE,3549,ACNB
RRV002_FREE_US_EQUITY_ALL_CAPABLE,3550,ZSQR
RRV002_FREE_US_EQUITY_ALL_CAPABLE,3551,SKYA
RRV002_FREE_US_EQUITY_ALL_CAPABLE,3552,EAI
RRV002_FREE_US_EQUITY_ALL_CAPABLE,3553,HCTI
RRV002_FREE_US_EQUITY_ALL_CAPABLE,3554,RAIN
RRV002_FREE_US_EQUITY_ALL_CAPABLE,3555,BSVN
RRV002_FREE_US_EQUITY_ALL_CAPABLE,3556,AMZE
RRV002_FREE_US_EQUITY_ALL_CAPABLE,3557,HQI
RRV002_FREE_US_EQUITY_ALL_CAPABLE,3558,OFLX
RRV002_FREE_US_EQUITY_ALL_CAPABLE,3559,IPDN
RRV002_FREE_US_EQUITY_ALL_CAPABLE,3560,SOC
RRV002_FREE_US_EQUITY_ALL_CAPABLE,3561,UK
RRV002_FREE_US_EQUITY_ALL_CAPABLE,3562,ARTL
RRV002_FREE_US_EQUITY_ALL_CAPABLE,3563,GRRR
RRV002_FREE_US_EQUITY_ALL_CAPABLE,3564,TSBK
RRV002_FREE_US_EQUITY_ALL_CAPABLE,3565,WLFC
RRV002_FREE_US_EQUITY_ALL_CAPABLE,3566,MDXH
RRV002_FREE_US_EQUITY_ALL_CAPABLE,3567,SLND
RRV002_FREE_US_EQUITY_ALL_CAPABLE,3568,SJ
RRV002_FREE_US_EQUITY_ALL_CAPABLE,3569,SKWD
RRV002_FREE_US_EQUITY_ALL_CAPABLE,3570,PYPD
RRV002_FREE_US_EQUITY_ALL_CAPABLE,3571,VTS
RRV002_FREE_US_EQUITY_ALL_CAPABLE,3572,JVA
RRV002_FREE_US_EQUITY_ALL_CAPABLE,3573,AIFF
RRV002_FREE_US_EQUITY_ALL_CAPABLE,3574,EU
RRV002_FREE_US_EQUITY_ALL_CAPABLE,3575,RNAZ
RRV002_FREE_US_EQUITY_ALL_CAPABLE,3576,FSI
RRV002_FREE_US_EQUITY_ALL_CAPABLE,3577,GPUS
RRV002_FREE_US_EQUITY_ALL_CAPABLE,3578,ATLX
RRV002_FREE_US_EQUITY_ALL_CAPABLE,3579,BRN
RRV002_FREE_US_EQUITY_ALL_CAPABLE,3580,CVV
RRV002_FREE_US_EQUITY_ALL_CAPABLE,3581,VBIO
RRV002_FREE_US_EQUITY_ALL_CAPABLE,3582,CRGO
RRV002_FREE_US_EQUITY_ALL_CAPABLE,3583,UTMD
RRV002_FREE_US_EQUITY_ALL_CAPABLE,3584,IDAI
RRV002_FREE_US_EQUITY_ALL_CAPABLE,3585,VTVT
RRV002_FREE_US_EQUITY_ALL_CAPABLE,3586,RVSN
RRV002_FREE_US_EQUITY_ALL_CAPABLE,3587,ASTI
RRV002_FREE_US_EQUITY_ALL_CAPABLE,3588,EFXT
RRV002_FREE_US_EQUITY_ALL_CAPABLE,3589,SIEB
RRV002_FREE_US_EQUITY_ALL_CAPABLE,3590,USCB
RRV002_FREE_US_EQUITY_ALL_CAPABLE,3591,SOBR
RRV002_FREE_US_EQUITY_ALL_CAPABLE,3592,TAOP
RRV002_FREE_US_EQUITY_ALL_CAPABLE,3593,ICMB
RRV002_FREE_US_EQUITY_ALL_CAPABLE,3594,XPON
RRV002_FREE_US_EQUITY_ALL_CAPABLE,3595,SPRC
RRV002_FREE_US_EQUITY_ALL_CAPABLE,3596,SPWR
RRV002_FREE_US_EQUITY_ALL_CAPABLE,3597,NEOV
RRV002_FREE_US_EQUITY_ALL_CAPABLE,3598,ASPI
RRV002_FREE_US_EQUITY_ALL_CAPABLE,3599,TACT
RRV002_FREE_US_EQUITY_ALL_CAPABLE,3600,NXT
RRV002_FREE_US_EQUITY_ALL_CAPABLE,3601,VS
RRV002_FREE_US_EQUITY_ALL_CAPABLE,3602,MLYS
RRV002_FREE_US_EQUITY_ALL_CAPABLE,3603,CLGN
RRV002_FREE_US_EQUITY_ALL_CAPABLE,3604,SRZN
RRV002_FREE_US_EQUITY_ALL_CAPABLE,3605,TNON
RRV002_FREE_US_EQUITY_ALL_CAPABLE,3606,RZC
RRV002_FREE_US_EQUITY_ALL_CAPABLE,3607,PLUR
RRV002_FREE_US_EQUITY_ALL_CAPABLE,3608,PMCB
RRV002_FREE_US_EQUITY_ALL_CAPABLE,3609,BANX
RRV002_FREE_US_EQUITY_ALL_CAPABLE,3610,EDBL
RRV002_FREE_US_EQUITY_ALL_CAPABLE,3611,BTE
RRV002_FREE_US_EQUITY_ALL_CAPABLE,3612,KTTA
RRV002_FREE_US_EQUITY_ALL_CAPABLE,3613,BGI
RRV002_FREE_US_EQUITY_ALL_CAPABLE,3614,LNZA
RRV002_FREE_US_EQUITY_ALL_CAPABLE,3615,GNLX
RRV002_FREE_US_EQUITY_ALL_CAPABLE,3616,IVDA
RRV002_FREE_US_EQUITY_ALL_CAPABLE,3617,AIRI
RRV002_FREE_US_EQUITY_ALL_CAPABLE,3618,PERF
RRV002_FREE_US_EQUITY_ALL_CAPABLE,3619,QH
RRV002_FREE_US_EQUITY_ALL_CAPABLE,3620,NXTS
RRV002_FREE_US_EQUITY_ALL_CAPABLE,3621,LOCL
RRV002_FREE_US_EQUITY_ALL_CAPABLE,3622,IMTE
RRV002_FREE_US_EQUITY_ALL_CAPABLE,3623,RDGT
RRV002_FREE_US_EQUITY_ALL_CAPABLE,3624,BKTI
RRV002_FREE_US_EQUITY_ALL_CAPABLE,3625,BJDX
RRV002_FREE_US_EQUITY_ALL_CAPABLE,3626,AESI
RRV002_FREE_US_EQUITY_ALL_CAPABLE,3627,SWVL
RRV002_FREE_US_EQUITY_ALL_CAPABLE,3628,YYAI
RRV002_FREE_US_EQUITY_ALL_CAPABLE,3629,VIA
RRV002_FREE_US_EQUITY_ALL_CAPABLE,3630,WEYS
RRV002_FREE_US_EQUITY_ALL_CAPABLE,3631,MDIA
RRV002_FREE_US_EQUITY_ALL_CAPABLE,3632,ORBS
RRV002_FREE_US_EQUITY_ALL_CAPABLE,3633,LASE
RRV002_FREE_US_EQUITY_ALL_CAPABLE,3634,HUBC
RRV002_FREE_US_EQUITY_ALL_CAPABLE,3635,POET
RRV002_FREE_US_EQUITY_ALL_CAPABLE,3636,EBON
RRV002_FREE_US_EQUITY_ALL_CAPABLE,3637,THCH
RRV002_FREE_US_EQUITY_ALL_CAPABLE,3638,XMAX
RRV002_FREE_US_EQUITY_ALL_CAPABLE,3639,IDR
RRV002_FREE_US_EQUITY_ALL_CAPABLE,3640,RETO
RRV002_FREE_US_EQUITY_ALL_CAPABLE,3641,VRME
RRV002_FREE_US_EQUITY_ALL_CAPABLE,3642,KARO
RRV002_FREE_US_EQUITY_ALL_CAPABLE,3643,SMX
RRV002_FREE_US_EQUITY_ALL_CAPABLE,3644,LIQT
RRV002_FREE_US_EQUITY_ALL_CAPABLE,3645,NIKI
RRV002_FREE_US_EQUITY_ALL_CAPABLE,3646,VFS
RRV002_FREE_US_EQUITY_ALL_CAPABLE,3647,ZURA
RRV002_FREE_US_EQUITY_ALL_CAPABLE,3648,OXBR
RRV002_FREE_US_EQUITY_ALL_CAPABLE,3649,LZM
RRV002_FREE_US_EQUITY_ALL_CAPABLE,3650,TGL
RRV002_FREE_US_EQUITY_ALL_CAPABLE,3651,OCG
RRV002_FREE_US_EQUITY_ALL_CAPABLE,3652,NKSH
RRV002_FREE_US_EQUITY_ALL_CAPABLE,3653,CXT
RRV002_FREE_US_EQUITY_ALL_CAPABLE,3654,SDA
RRV002_FREE_US_EQUITY_ALL_CAPABLE,3655,NCPL
RRV002_FREE_US_EQUITY_ALL_CAPABLE,3656,ACRV
RRV002_FREE_US_EQUITY_ALL_CAPABLE,3657,CTM
RRV002_FREE_US_EQUITY_ALL_CAPABLE,3658,NMI
RRV002_FREE_US_EQUITY_ALL_CAPABLE,3659,JXG
RRV002_FREE_US_EQUITY_ALL_CAPABLE,3660,PPIH
RRV002_FREE_US_EQUITY_ALL_CAPABLE,3661,VEEE
RRV002_FREE_US_EQUITY_ALL_CAPABLE,3662,CTGO
RRV002_FREE_US_EQUITY_ALL_CAPABLE,3663,CDIO
RRV002_FREE_US_EQUITY_ALL_CAPABLE,3664,PDEX
RRV002_FREE_US_EQUITY_ALL_CAPABLE,3665,ABTS
RRV002_FREE_US_EQUITY_ALL_CAPABLE,3666,ELBM
RRV002_FREE_US_EQUITY_ALL_CAPABLE,3667,CDRO
RRV002_FREE_US_EQUITY_ALL_CAPABLE,3668,RGCO
RRV002_FREE_US_EQUITY_ALL_CAPABLE,3669,CPOP
RRV002_FREE_US_EQUITY_ALL_CAPABLE,3670,SPHR
RRV002_FREE_US_EQUITY_ALL_CAPABLE,3671,TVC
RRV002_FREE_US_EQUITY_ALL_CAPABLE,3672,EML
RRV002_FREE_US_EQUITY_ALL_CAPABLE,3673,FNLC
RRV002_FREE_US_EQUITY_ALL_CAPABLE,3674,WLDS
RRV002_FREE_US_EQUITY_ALL_CAPABLE,3675,TXO
RRV002_FREE_US_EQUITY_ALL_CAPABLE,3676,GHC
RRV002_FREE_US_EQUITY_ALL_CAPABLE,3677,MATH
RRV002_FREE_US_EQUITY_ALL_CAPABLE,3678,KVUE
RRV002_FREE_US_EQUITY_ALL_CAPABLE,3679,SVRN
RRV002_FREE_US_EQUITY_ALL_CAPABLE,3680,NB
RRV002_FREE_US_EQUITY_ALL_CAPABLE,3681,NC
RRV002_FREE_US_EQUITY_ALL_CAPABLE,3682,MOB
RRV002_FREE_US_EQUITY_ALL_CAPABLE,3683,PULM
RRV002_FREE_US_EQUITY_ALL_CAPABLE,3684,NXXT
RRV002_FREE_US_EQUITY_ALL_CAPABLE,3685,BEEP
RRV002_FREE_US_EQUITY_ALL_CAPABLE,3686,HSHP
RRV002_FREE_US_EQUITY_ALL_CAPABLE,3687,GRNQ
RRV002_FREE_US_EQUITY_ALL_CAPABLE,3688,IXHL
RRV002_FREE_US_EQUITY_ALL_CAPABLE,3689,PLBC
RRV002_FREE_US_EQUITY_ALL_CAPABLE,3690,TVE
RRV002_FREE_US_EQUITY_ALL_CAPABLE,3691,GWAV
RRV002_FREE_US_EQUITY_ALL_CAPABLE,3692,STHO
RRV002_FREE_US_EQUITY_ALL_CAPABLE,3693,VHI
RRV002_FREE_US_EQUITY_ALL_CAPABLE,3694,FGBI
RRV002_FREE_US_EQUITY_ALL_CAPABLE,3695,DDI
RRV002_FREE_US_EQUITY_ALL_CAPABLE,3696,GBR
RRV002_FREE_US_EQUITY_ALL_CAPABLE,3697,MHH
RRV002_FREE_US_EQUITY_ALL_CAPABLE,3698,VRAX
RRV002_FREE_US_EQUITY_ALL_CAPABLE,3699,IFBD
RRV002_FREE_US_EQUITY_ALL_CAPABLE,3700,BRTX
RRV002_FREE_US_EQUITY_ALL_CAPABLE,3701,AEON
RRV002_FREE_US_EQUITY_ALL_CAPABLE,3702,LUCY
RRV002_FREE_US_EQUITY_ALL_CAPABLE,3703,COYA
RRV002_FREE_US_EQUITY_ALL_CAPABLE,3704,BFRG
RRV002_FREE_US_EQUITY_ALL_CAPABLE,3705,SWAG
RRV002_FREE_US_EQUITY_ALL_CAPABLE,3706,VBNK
RRV002_FREE_US_EQUITY_ALL_CAPABLE,3707,DRUG
RRV002_FREE_US_EQUITY_ALL_CAPABLE,3708,ATMU
RRV002_FREE_US_EQUITY_ALL_CAPABLE,3709,AGMH
RRV002_FREE_US_EQUITY_ALL_CAPABLE,3710,PFIS
RRV002_FREE_US_EQUITY_ALL_CAPABLE,3711,PW
RRV002_FREE_US_EQUITY_ALL_CAPABLE,3712,VOXR
RRV002_FREE_US_EQUITY_ALL_CAPABLE,3713,BTTC
RRV002_FREE_US_EQUITY_ALL_CAPABLE,3714,MODD
RRV002_FREE_US_EQUITY_ALL_CAPABLE,3715,SHFS
RRV002_FREE_US_EQUITY_ALL_CAPABLE,3716,KNF
RRV002_FREE_US_EQUITY_ALL_CAPABLE,3717,ACCS
RRV002_FREE_US_EQUITY_ALL_CAPABLE,3718,BNT
RRV002_FREE_US_EQUITY_ALL_CAPABLE,3719,ISPR
RRV002_FREE_US_EQUITY_ALL_CAPABLE,3720,SELF
RRV002_FREE_US_EQUITY_ALL_CAPABLE,3721,ATS
RRV002_FREE_US_EQUITY_ALL_CAPABLE,3722,BON
RRV002_FREE_US_EQUITY_ALL_CAPABLE,3723,TPET
RRV002_FREE_US_EQUITY_ALL_CAPABLE,3724,SNT
RRV002_FREE_US_EQUITY_ALL_CAPABLE,3725,SER
RRV002_FREE_US_EQUITY_ALL_CAPABLE,3726,XELB
RRV002_FREE_US_EQUITY_ALL_CAPABLE,3727,CAVA
RRV002_FREE_US_EQUITY_ALL_CAPABLE,3728,VCIG
RRV002_FREE_US_EQUITY_ALL_CAPABLE,3729,INDP
RRV002_FREE_US_EQUITY_ALL_CAPABLE,3730,NVRI
RRV002_FREE_US_EQUITY_ALL_CAPABLE,3731,AUST
RRV002_FREE_US_EQUITY_ALL_CAPABLE,3732,OCS
RRV002_FREE_US_EQUITY_ALL_CAPABLE,3733,BRAG
RRV002_FREE_US_EQUITY_ALL_CAPABLE,3734,FTRE
RRV002_FREE_US_EQUITY_ALL_CAPABLE,3735,CSPI
RRV002_FREE_US_EQUITY_ALL_CAPABLE,3736,MLP
RRV002_FREE_US_EQUITY_ALL_CAPABLE,3737,KGS
RRV002_FREE_US_EQUITY_ALL_CAPABLE,3738,PLGO
RRV002_FREE_US_EQUITY_ALL_CAPABLE,3739,SVV
RRV002_FREE_US_EQUITY_ALL_CAPABLE,3740,FINW
RRV002_FREE_US_EQUITY_ALL_CAPABLE,3741,PARA
RRV002_FREE_US_EQUITY_ALL_CAPABLE,3742,BIAF
RRV002_FREE_US_EQUITY_ALL_CAPABLE,3743,PHIN
RRV002_FREE_US_EQUITY_ALL_CAPABLE,3744,SAIL
RRV002_FREE_US_EQUITY_ALL_CAPABLE,3745,EDUC
RRV002_FREE_US_EQUITY_ALL_CAPABLE,3746,AISP
RRV002_FREE_US_EQUITY_ALL_CAPABLE,3747,WTM
RRV002_FREE_US_EQUITY_ALL_CAPABLE,3748,FGNX
RRV002_FREE_US_EQUITY_ALL_CAPABLE,3749,VG
RRV002_FREE_US_EQUITY_ALL_CAPABLE,3750,ALOT
RRV002_FREE_US_EQUITY_ALL_CAPABLE,3751,HCWB
RRV002_FREE_US_EQUITY_ALL_CAPABLE,3752,CVU
RRV002_FREE_US_EQUITY_ALL_CAPABLE,3753,RFIL
RRV002_FREE_US_EQUITY_ALL_CAPABLE,3754,TATT
RRV002_FREE_US_EQUITY_ALL_CAPABLE,3755,NEXR
RRV002_FREE_US_EQUITY_ALL_CAPABLE,3756,APGE
RRV002_FREE_US_EQUITY_ALL_CAPABLE,3757,PRPO
RRV002_FREE_US_EQUITY_ALL_CAPABLE,3758,NXPL
RRV002_FREE_US_EQUITY_ALL_CAPABLE,3759,SGMT
RRV002_FREE_US_EQUITY_ALL_CAPABLE,3760,DTB
RRV002_FREE_US_EQUITY_ALL_CAPABLE,3761,BBLG
RRV002_FREE_US_EQUITY_ALL_CAPABLE,3762,TYGO
RRV002_FREE_US_EQUITY_ALL_CAPABLE,3763,BMR
RRV002_FREE_US_EQUITY_ALL_CAPABLE,3764,MGRX
RRV002_FREE_US_EQUITY_ALL_CAPABLE,3765,ODD
RRV002_FREE_US_EQUITY_ALL_CAPABLE,3766,PETZ
RRV002_FREE_US_EQUITY_ALL_CAPABLE,3767,SGA
RRV002_FREE_US_EQUITY_ALL_CAPABLE,3768,CLDI
RRV002_FREE_US_EQUITY_ALL_CAPABLE,3769,KTCC
RRV002_FREE_US_EQUITY_ALL_CAPABLE,3770,NWFL
RRV002_FREE_US_EQUITY_ALL_CAPABLE,3771,ARMP
RRV002_FREE_US_EQUITY_ALL_CAPABLE,3772,ATCH
RRV002_FREE_US_EQUITY_ALL_CAPABLE,3773,RIME
RRV002_FREE_US_EQUITY_ALL_CAPABLE,3774,NHTC
RRV002_FREE_US_EQUITY_ALL_CAPABLE,3775,SN
RRV002_FREE_US_EQUITY_ALL_CAPABLE,3776,UPC
RRV002_FREE_US_EQUITY_ALL_CAPABLE,3777,RMCF
RRV002_FREE_US_EQUITY_ALL_CAPABLE,3778,ALOY
RRV002_FREE_US_EQUITY_ALL_CAPABLE,3779,BENF
RRV002_FREE_US_EQUITY_ALL_CAPABLE,3780,ASST
RRV002_FREE_US_EQUITY_ALL_CAPABLE,3781,LLYVK
RRV002_FREE_US_EQUITY_ALL_CAPABLE,3782,NXGL
RRV002_FREE_US_EQUITY_ALL_CAPABLE,3783,BAOS
RRV002_FREE_US_EQUITY_ALL_CAPABLE,3784,MPV
RRV002_FREE_US_EQUITY_ALL_CAPABLE,3785,GCBC
RRV002_FREE_US_EQUITY_ALL_CAPABLE,3786,LLYVA
RRV002_FREE_US_EQUITY_ALL_CAPABLE,3787,CLRO
RRV002_FREE_US_EQUITY_ALL_CAPABLE,3788,JTAI
RRV002_FREE_US_EQUITY_ALL_CAPABLE,3789,JAN
RRV002_FREE_US_EQUITY_ALL_CAPABLE,3790,LAES
RRV002_FREE_US_EQUITY_ALL_CAPABLE,3791,LANV
RRV002_FREE_US_EQUITY_ALL_CAPABLE,3792,DTI
RRV002_FREE_US_EQUITY_ALL_CAPABLE,3793,SMID
RRV002_FREE_US_EQUITY_ALL_CAPABLE,3794,MITQ
RRV002_FREE_US_EQUITY_ALL_CAPABLE,3795,GFR
RRV002_FREE_US_EQUITY_ALL_CAPABLE,3796,EPOW
RRV002_FREE_US_EQUITY_ALL_CAPABLE,3797,CZWI
RRV002_FREE_US_EQUITY_ALL_CAPABLE,3798,CRWS
RRV002_FREE_US_EQUITY_ALL_CAPABLE,3799,IVA
RRV002_FREE_US_EQUITY_ALL_CAPABLE,3800,COCH
RRV002_FREE_US_EQUITY_ALL_CAPABLE,3801,EFOI
RRV002_FREE_US_EQUITY_ALL_CAPABLE,3802,CNET
RRV002_FREE_US_EQUITY_ALL_CAPABLE,3803,CELZ
RRV002_FREE_US_EQUITY_ALL_CAPABLE,3804,CMND
RRV002_FREE_US_EQUITY_ALL_CAPABLE,3805,BOSC
RRV002_FREE_US_EQUITY_ALL_CAPABLE,3806,HTCR
RRV002_FREE_US_EQUITY_ALL_CAPABLE,3807,GXAI
RRV002_FREE_US_EQUITY_ALL_CAPABLE,3808,RDZN
RRV002_FREE_US_EQUITY_ALL_CAPABLE,3809,NBIS
RRV002_FREE_US_EQUITY_ALL_CAPABLE,3810,HHS
RRV002_FREE_US_EQUITY_ALL_CAPABLE,3811,ASTC
RRV002_FREE_US_EQUITY_ALL_CAPABLE,3812,ACON
RRV002_FREE_US_EQUITY_ALL_CAPABLE,3813,BCAL
RRV002_FREE_US_EQUITY_ALL_CAPABLE,3814,AENT
RRV002_FREE_US_EQUITY_ALL_CAPABLE,3815,AZIO
RRV002_FREE_US_EQUITY_ALL_CAPABLE,3816,AIHS
RRV002_FREE_US_EQUITY_ALL_CAPABLE,3817,TOMZ
RRV002_FREE_US_EQUITY_ALL_CAPABLE,3818,ZKIN
RRV002_FREE_US_EQUITY_ALL_CAPABLE,3819,SRFM
RRV002_FREE_US_EQUITY_ALL_CAPABLE,3820,YDKG
RRV002_FREE_US_EQUITY_ALL_CAPABLE,3821,JRSH
RRV002_FREE_US_EQUITY_ALL_CAPABLE,3822,XBIO
RRV002_FREE_US_EQUITY_ALL_CAPABLE,3823,DAIO
RRV002_FREE_US_EQUITY_ALL_CAPABLE,3824,REBN
RRV002_FREE_US_EQUITY_ALL_CAPABLE,3825,NMRA
RRV002_FREE_US_EQUITY_ALL_CAPABLE,3826,NTWK
RRV002_FREE_US_EQUITY_ALL_CAPABLE,3827,NYXH
RRV002_FREE_US_EQUITY_ALL_CAPABLE,3828,OVLY
RRV002_FREE_US_EQUITY_ALL_CAPABLE,3829,BNAI
RRV002_FREE_US_EQUITY_ALL_CAPABLE,3830,JMSB
RRV002_FREE_US_EQUITY_ALL_CAPABLE,3831,CART
RRV002_FREE_US_EQUITY_ALL_CAPABLE,3832,GEG
RRV002_FREE_US_EQUITY_ALL_CAPABLE,3833,DFSC
RRV002_FREE_US_EQUITY_ALL_CAPABLE,3834,KVYO
RRV002_FREE_US_EQUITY_ALL_CAPABLE,3835,BPRN
RRV002_FREE_US_EQUITY_ALL_CAPABLE,3836,ABAT
RRV002_FREE_US_EQUITY_ALL_CAPABLE,3837,MTEK
RRV002_FREE_US_EQUITY_ALL_CAPABLE,3838,DFNS
RRV002_FREE_US_EQUITY_ALL_CAPABLE,3839,PRZO
RRV002_FREE_US_EQUITY_ALL_CAPABLE,3840,SCKT
RRV002_FREE_US_EQUITY_ALL_CAPABLE,3841,PAVS
RRV002_FREE_US_EQUITY_ALL_CAPABLE,3842,MRT
RRV002_FREE_US_EQUITY_ALL_CAPABLE,3843,CDT
RRV002_FREE_US_EQUITY_ALL_CAPABLE,3844,VLTO
RRV002_FREE_US_EQUITY_ALL_CAPABLE,3845,VSTS
RRV002_FREE_US_EQUITY_ALL_CAPABLE,3846,LAR
RRV002_FREE_US_EQUITY_ALL_CAPABLE,3847,CHMG
RRV002_FREE_US_EQUITY_ALL_CAPABLE,3848,NXL
RRV002_FREE_US_EQUITY_ALL_CAPABLE,3849,TRNR
RRV002_FREE_US_EQUITY_ALL_CAPABLE,3850,VNCE
RRV002_FREE_US_EQUITY_ALL_CAPABLE,3851,DWSN
RRV002_FREE_US_EQUITY_ALL_CAPABLE,3852,KEN
RRV002_FREE_US_EQUITY_ALL_CAPABLE,3853,HSCS
RRV002_FREE_US_EQUITY_ALL_CAPABLE,3854,MPTI
RRV002_FREE_US_EQUITY_ALL_CAPABLE,3855,SLGL
RRV002_FREE_US_EQUITY_ALL_CAPABLE,3856,INDV
RRV002_FREE_US_EQUITY_ALL_CAPABLE,3857,CISS
RRV002_FREE_US_EQUITY_ALL_CAPABLE,3858,AXG
RRV002_FREE_US_EQUITY_ALL_CAPABLE,3859,BIRK
RRV002_FREE_US_EQUITY_ALL_CAPABLE,3860,XRTX
RRV002_FREE_US_EQUITY_ALL_CAPABLE,3861,BNC
RRV002_FREE_US_EQUITY_ALL_CAPABLE,3862,CHCI
RRV002_FREE_US_EQUITY_ALL_CAPABLE,3863,NATL
RRV002_FREE_US_EQUITY_ALL_CAPABLE,3864,SBFG
RRV002_FREE_US_EQUITY_ALL_CAPABLE,3865,ENLT
RRV002_FREE_US_EQUITY_ALL_CAPABLE,3866,WAFU
RRV002_FREE_US_EQUITY_ALL_CAPABLE,3867,NEUP
RRV002_FREE_US_EQUITY_ALL_CAPABLE,3868,NODK
RRV002_FREE_US_EQUITY_ALL_CAPABLE,3869,INKT
RRV002_FREE_US_EQUITY_ALL_CAPABLE,3870,LOAN
RRV002_FREE_US_EQUITY_ALL_CAPABLE,3871,METCB
RRV002_FREE_US_EQUITY_ALL_CAPABLE,3872,SOAR
RRV002_FREE_US_EQUITY_ALL_CAPABLE,3873,GTIM
RRV002_FREE_US_EQUITY_ALL_CAPABLE,3874,PBFS
RRV002_FREE_US_EQUITY_ALL_CAPABLE,3875,BYFC
RRV002_FREE_US_EQUITY_ALL_CAPABLE,3876,NTRB
RRV002_FREE_US_EQUITY_ALL_CAPABLE,3877,ARIS
RRV002_FREE_US_EQUITY_ALL_CAPABLE,3878,GCTK
RRV002_FREE_US_EQUITY_ALL_CAPABLE,3879,LXEO
RRV002_FREE_US_EQUITY_ALL_CAPABLE,3880,INCR
RRV002_FREE_US_EQUITY_ALL_CAPABLE,3881,AIRJ
RRV002_FREE_US_EQUITY_ALL_CAPABLE,3882,OKYO
RRV002_FREE_US_EQUITY_ALL_CAPABLE,3883,SEZL
RRV002_FREE_US_EQUITY_ALL_CAPABLE,3884,NLOP
RRV002_FREE_US_EQUITY_ALL_CAPABLE,3885,HG
RRV002_FREE_US_EQUITY_ALL_CAPABLE,3886,TRT
RRV002_FREE_US_EQUITY_ALL_CAPABLE,3887,SILO
RRV002_FREE_US_EQUITY_ALL_CAPABLE,3888,ONMD
RRV002_FREE_US_EQUITY_ALL_CAPABLE,3889,MOBX
RRV002_FREE_US_EQUITY_ALL_CAPABLE,3890,EUDA
RRV002_FREE_US_EQUITY_ALL_CAPABLE,3891,GENK
RRV002_FREE_US_EQUITY_ALL_CAPABLE,3892,ELTK
RRV002_FREE_US_EQUITY_ALL_CAPABLE,3893,CSBR
RRV002_FREE_US_EQUITY_ALL_CAPABLE,3894,SOR
RRV002_FREE_US_EQUITY_ALL_CAPABLE,3895,GSUN
RRV002_FREE_US_EQUITY_ALL_CAPABLE,3896,EONR
RRV002_FREE_US_EQUITY_ALL_CAPABLE,3897,ENGN
RRV002_FREE_US_EQUITY_ALL_CAPABLE,3898,YJ
RRV002_FREE_US_EQUITY_ALL_CAPABLE,3899,HOVR
RRV002_FREE_US_EQUITY_ALL_CAPABLE,3900,GCTS
RRV002_FREE_US_EQUITY_ALL_CAPABLE,3901,LB
RRV002_FREE_US_EQUITY_ALL_CAPABLE,3902,EDRY
RRV002_FREE_US_EQUITY_ALL_CAPABLE,3903,WS
RRV002_FREE_US_EQUITY_ALL_CAPABLE,3904,BNRG
RRV002_FREE_US_EQUITY_ALL_CAPABLE,3905,TVGN
RRV002_FREE_US_EQUITY_ALL_CAPABLE,3906,NA
RRV002_FREE_US_EQUITY_ALL_CAPABLE,3907,HTCO
RRV002_FREE_US_EQUITY_ALL_CAPABLE,3908,NTIP
RRV002_FREE_US_EQUITY_ALL_CAPABLE,3909,TORO
RRV002_FREE_US_EQUITY_ALL_CAPABLE,3910,AIMD
RRV002_FREE_US_EQUITY_ALL_CAPABLE,3911,RR
RRV002_FREE_US_EQUITY_ALL_CAPABLE,3912,EMP
RRV002_FREE_US_EQUITY_ALL_CAPABLE,3913,AZTR
RRV002_FREE_US_EQUITY_ALL_CAPABLE,3914,FUFU
RRV002_FREE_US_EQUITY_ALL_CAPABLE,3915,PEBK
RRV002_FREE_US_EQUITY_ALL_CAPABLE,3916,SDST
RRV002_FREE_US_EQUITY_ALL_CAPABLE,3917,DEC
RRV002_FREE_US_EQUITY_ALL_CAPABLE,3918,HOUR
RRV002_FREE_US_EQUITY_ALL_CAPABLE,3919,STI
RRV002_FREE_US_EQUITY_ALL_CAPABLE,3920,RRBI
RRV002_FREE_US_EQUITY_ALL_CAPABLE,3921,AKA
RRV002_FREE_US_EQUITY_ALL_CAPABLE,3922,CLPS
RRV002_FREE_US_EQUITY_ALL_CAPABLE,3923,NIQ
RRV002_FREE_US_EQUITY_ALL_CAPABLE,3924,NBBK
RRV002_FREE_US_EQUITY_ALL_CAPABLE,3925,ECO
RRV002_FREE_US_EQUITY_ALL_CAPABLE,3926,BBGI
RRV002_FREE_US_EQUITY_ALL_CAPABLE,3927,FXNC
RRV002_FREE_US_EQUITY_ALL_CAPABLE,3928,GMEX
RRV002_FREE_US_EQUITY_ALL_CAPABLE,3929,BHRB
RRV002_FREE_US_EQUITY_ALL_CAPABLE,3930,AIRE
RRV002_FREE_US_EQUITY_ALL_CAPABLE,3931,HIFS
RRV002_FREE_US_EQUITY_ALL_CAPABLE,3932,MTAL
RRV002_FREE_US_EQUITY_ALL_CAPABLE,3933,AMBO
RRV002_FREE_US_EQUITY_ALL_CAPABLE,3934,ELVA
RRV002_FREE_US_EQUITY_ALL_CAPABLE,3935,YHC
RRV002_FREE_US_EQUITY_ALL_CAPABLE,3936,PLAG
RRV002_FREE_US_EQUITY_ALL_CAPABLE,3937,GIPR
RRV002_FREE_US_EQUITY_ALL_CAPABLE,3938,TAYD
RRV002_FREE_US_EQUITY_ALL_CAPABLE,3939,KSPI
RRV002_FREE_US_EQUITY_ALL_CAPABLE,3940,SAIH
RRV002_FREE_US_EQUITY_ALL_CAPABLE,3941,OBT
RRV002_FREE_US_EQUITY_ALL_CAPABLE,3942,ICCC
RRV002_FREE_US_EQUITY_ALL_CAPABLE,3943,CGON
RRV002_FREE_US_EQUITY_ALL_CAPABLE,3944,BTSG
RRV002_FREE_US_EQUITY_ALL_CAPABLE,3945,SDHC
RRV002_FREE_US_EQUITY_ALL_CAPABLE,3946,MIRA
RRV002_FREE_US_EQUITY_ALL_CAPABLE,3947,FLUT
RRV002_FREE_US_EQUITY_ALL_CAPABLE,3948,MNDO
RRV002_FREE_US_EQUITY_ALL_CAPABLE,3949,ALX
RRV002_FREE_US_EQUITY_ALL_CAPABLE,3950,OPHC
RRV002_FREE_US_EQUITY_ALL_CAPABLE,3951,NCDL
RRV002_FREE_US_EQUITY_ALL_CAPABLE,3952,AS
RRV002_FREE_US_EQUITY_ALL_CAPABLE,3953,AVBP
RRV002_FREE_US_EQUITY_ALL_CAPABLE,3954,ANRO
RRV002_FREE_US_EQUITY_ALL_CAPABLE,3955,OCC
RRV002_FREE_US_EQUITY_ALL_CAPABLE,3956,GUTS
RRV002_FREE_US_EQUITY_ALL_CAPABLE,3957,TRON
RRV002_FREE_US_EQUITY_ALL_CAPABLE,3958,AHR
RRV002_FREE_US_EQUITY_ALL_CAPABLE,3959,HWBK
RRV002_FREE_US_EQUITY_ALL_CAPABLE,3960,KYTX
RRV002_FREE_US_EQUITY_ALL_CAPABLE,3961,PROP
RRV002_FREE_US_EQUITY_ALL_CAPABLE,3962,TBBB
RRV002_FREE_US_EQUITY_ALL_CAPABLE,3963,SXTP
RRV002_FREE_US_EQUITY_ALL_CAPABLE,3964,SEV
RRV002_FREE_US_EQUITY_ALL_CAPABLE,3965,PNBK
RRV002_FREE_US_EQUITY_ALL_CAPABLE,3966,MGX
RRV002_FREE_US_EQUITY_ALL_CAPABLE,3967,PBM
RRV002_FREE_US_EQUITY_ALL_CAPABLE,3968,ARTW
RRV002_FREE_US_EQUITY_ALL_CAPABLE,3969,LICN
RRV002_FREE_US_EQUITY_ALL_CAPABLE,3970,FKWL
RRV002_FREE_US_EQUITY_ALL_CAPABLE,3971,MSAI
RRV002_FREE_US_EQUITY_ALL_CAPABLE,3972,BOF
RRV002_FREE_US_EQUITY_ALL_CAPABLE,3973,LIVE
RRV002_FREE_US_EQUITY_ALL_CAPABLE,3974,JWEL
RRV002_FREE_US_EQUITY_ALL_CAPABLE,3975,RZLV
RRV002_FREE_US_EQUITY_ALL_CAPABLE,3976,NEXN
RRV002_FREE_US_EQUITY_ALL_CAPABLE,3977,FBLG
RRV002_FREE_US_EQUITY_ALL_CAPABLE,3978,OPTX
RRV002_FREE_US_EQUITY_ALL_CAPABLE,3979,EDTK
RRV002_FREE_US_EQUITY_ALL_CAPABLE,3980,NATH
RRV002_FREE_US_EQUITY_ALL_CAPABLE,3981,ELAB
RRV002_FREE_US_EQUITY_ALL_CAPABLE,3982,SIF
RRV002_FREE_US_EQUITY_ALL_CAPABLE,3983,RENX
RRV002_FREE_US_EQUITY_ALL_CAPABLE,3984,CRML
RRV002_FREE_US_EQUITY_ALL_CAPABLE,3985,AXR
RRV002_FREE_US_EQUITY_ALL_CAPABLE,3986,ALAB
RRV002_FREE_US_EQUITY_ALL_CAPABLE,3987,TRUG
RRV002_FREE_US_EQUITY_ALL_CAPABLE,3988,UMAC
RRV002_FREE_US_EQUITY_ALL_CAPABLE,3989,RDDT
RRV002_FREE_US_EQUITY_ALL_CAPABLE,3990,FLYX
RRV002_FREE_US_EQUITY_ALL_CAPABLE,3991,LION
RRV002_FREE_US_EQUITY_ALL_CAPABLE,3992,GDHG
RRV002_FREE_US_EQUITY_ALL_CAPABLE,3993,PSBD
RRV002_FREE_US_EQUITY_ALL_CAPABLE,3994,CETY
RRV002_FREE_US_EQUITY_ALL_CAPABLE,3995,DXYZ
RRV002_FREE_US_EQUITY_ALL_CAPABLE,3996,AFRI
RRV002_FREE_US_EQUITY_ALL_CAPABLE,3997,YHGJ
RRV002_FREE_US_EQUITY_ALL_CAPABLE,3998,SOTK
RRV002_FREE_US_EQUITY_ALL_CAPABLE,3999,ESP
RRV002_FREE_US_EQUITY_ALL_CAPABLE,4000,SOLV
RRV002_FREE_US_EQUITY_ALL_CAPABLE,4001,GEV
RRV002_FREE_US_EQUITY_ALL_CAPABLE,4002,IBTA
RRV002_FREE_US_EQUITY_ALL_CAPABLE,4003,NP
RRV002_FREE_US_EQUITY_ALL_CAPABLE,4004,NAII
RRV002_FREE_US_EQUITY_ALL_CAPABLE,4005,SRBK
RRV002_FREE_US_EQUITY_ALL_CAPABLE,4006,ZTEK
RRV002_FREE_US_EQUITY_ALL_CAPABLE,4007,DFDV
RRV002_FREE_US_EQUITY_ALL_CAPABLE,4008,HAFN
RRV002_FREE_US_EQUITY_ALL_CAPABLE,4009,CVKD
RRV002_FREE_US_EQUITY_ALL_CAPABLE,4010,PACS
RRV002_FREE_US_EQUITY_ALL_CAPABLE,4011,NYC
RRV002_FREE_US_EQUITY_ALL_CAPABLE,4012,TELO
RRV002_FREE_US_EQUITY_ALL_CAPABLE,4013,ULS
RRV002_FREE_US_EQUITY_ALL_CAPABLE,4014,COHN
RRV002_FREE_US_EQUITY_ALL_CAPABLE,4015,ADGM
RRV002_FREE_US_EQUITY_ALL_CAPABLE,4016,CTNM
RRV002_FREE_US_EQUITY_ALL_CAPABLE,4017,VEEA
RRV002_FREE_US_EQUITY_ALL_CAPABLE,4018,CTRI
RRV002_FREE_US_EQUITY_ALL_CAPABLE,4019,SERV
RRV002_FREE_US_EQUITY_ALL_CAPABLE,4020,FRAF
RRV002_FREE_US_EQUITY_ALL_CAPABLE,4021,INTS
RRV002_FREE_US_EQUITY_ALL_CAPABLE,4022,ONFO
RRV002_FREE_US_EQUITY_ALL_CAPABLE,4023,ZCMD
RRV002_FREE_US_EQUITY_ALL_CAPABLE,4024,XBP
RRV002_FREE_US_EQUITY_ALL_CAPABLE,4025,VGAS
RRV002_FREE_US_EQUITY_ALL_CAPABLE,4026,LOAR
RRV002_FREE_US_EQUITY_ALL_CAPABLE,4027,MRX
RRV002_FREE_US_EQUITY_ALL_CAPABLE,4028,RBRK
RRV002_FREE_US_EQUITY_ALL_CAPABLE,4029,AMS
RRV002_FREE_US_EQUITY_ALL_CAPABLE,4030,SNTG
RRV002_FREE_US_EQUITY_ALL_CAPABLE,4031,SMXT
RRV002_FREE_US_EQUITY_ALL_CAPABLE,4032,PODC
RRV002_FREE_US_EQUITY_ALL_CAPABLE,4033,BWLP
RRV002_FREE_US_EQUITY_ALL_CAPABLE,4034,VIK
RRV002_FREE_US_EQUITY_ALL_CAPABLE,4035,SKYE
RRV002_FREE_US_EQUITY_ALL_CAPABLE,4036,DCX
RRV002_FREE_US_EQUITY_ALL_CAPABLE,4037,GRML
RRV002_FREE_US_EQUITY_ALL_CAPABLE,4038,ECBK
RRV002_FREE_US_EQUITY_ALL_CAPABLE,4039,NRXS
RRV002_FREE_US_EQUITY_ALL_CAPABLE,4040,DDC
RRV002_FREE_US_EQUITY_ALL_CAPABLE,4041,NNE
RRV002_FREE_US_EQUITY_ALL_CAPABLE,4042,ASRV
RRV002_FREE_US_EQUITY_ALL_CAPABLE,4043,AERT
RRV002_FREE_US_EQUITY_ALL_CAPABLE,4044,SVCO
RRV002_FREE_US_EQUITY_ALL_CAPABLE,4045,PAL
RRV002_FREE_US_EQUITY_ALL_CAPABLE,4046,NEPH
RRV002_FREE_US_EQUITY_ALL_CAPABLE,4047,CCG
RRV002_FREE_US_EQUITY_ALL_CAPABLE,4048,PMN
RRV002_FREE_US_EQUITY_ALL_CAPABLE,4049,FMST
RRV002_FREE_US_EQUITY_ALL_CAPABLE,4050,ATHS
RRV002_FREE_US_EQUITY_ALL_CAPABLE,4051,ANGH
RRV002_FREE_US_EQUITY_ALL_CAPABLE,4052,SHMD
RRV002_FREE_US_EQUITY_ALL_CAPABLE,4053,JYD
RRV002_FREE_US_EQUITY_ALL_CAPABLE,4054,AURE
RRV002_FREE_US_EQUITY_ALL_CAPABLE,4055,AUNA
RRV002_FREE_US_EQUITY_ALL_CAPABLE,4056,BOLD
RRV002_FREE_US_EQUITY_ALL_CAPABLE,4057,BOW
RRV002_FREE_US_EQUITY_ALL_CAPABLE,4058,LRHC
RRV002_FREE_US_EQUITY_ALL_CAPABLE,4059,TULP
RRV002_FREE_US_EQUITY_ALL_CAPABLE,4060,AMIX
RRV002_FREE_US_EQUITY_ALL_CAPABLE,4061,STRR
RRV002_FREE_US_EQUITY_ALL_CAPABLE,4062,BVC
RRV002_FREE_US_EQUITY_ALL_CAPABLE,4063,LIEN
RRV002_FREE_US_EQUITY_ALL_CAPABLE,4064,KMPB
RRV002_FREE_US_EQUITY_ALL_CAPABLE,4065,NIVF
RRV002_FREE_US_EQUITY_ALL_CAPABLE,4066,HLP
RRV002_FREE_US_EQUITY_ALL_CAPABLE,4067,INBX
RRV002_FREE_US_EQUITY_ALL_CAPABLE,4068,MAAS
RRV002_FREE_US_EQUITY_ALL_CAPABLE,4069,MXC
RRV002_FREE_US_EQUITY_ALL_CAPABLE,4070,AFGC
RRV002_FREE_US_EQUITY_ALL_CAPABLE,4071,FBYD
RRV002_FREE_US_EQUITY_ALL_CAPABLE,4072,SLMT
RRV002_FREE_US_EQUITY_ALL_CAPABLE,4073,NVNI
RRV002_FREE_US_EQUITY_ALL_CAPABLE,4074,BVFL
RRV002_FREE_US_EQUITY_ALL_CAPABLE,4075,KBDC
RRV002_FREE_US_EQUITY_ALL_CAPABLE,4076,LIF
RRV002_FREE_US_EQUITY_ALL_CAPABLE,4077,USGO
RRV002_FREE_US_EQUITY_ALL_CAPABLE,4078,WAY
RRV002_FREE_US_EQUITY_ALL_CAPABLE,4079,LPA
RRV002_FREE_US_EQUITY_ALL_CAPABLE,4080,RAPP
RRV002_FREE_US_EQUITY_ALL_CAPABLE,4081,CNCK
RRV002_FREE_US_EQUITY_ALL_CAPABLE,4082,SNAL
RRV002_FREE_US_EQUITY_ALL_CAPABLE,4083,GRAL
RRV002_FREE_US_EQUITY_ALL_CAPABLE,4084,NWTG
RRV002_FREE_US_EQUITY_ALL_CAPABLE,4085,TEM
RRV002_FREE_US_EQUITY_ALL_CAPABLE,4086,CFBK
RRV002_FREE_US_EQUITY_ALL_CAPABLE,4087,KGEI
RRV002_FREE_US_EQUITY_ALL_CAPABLE,4088,NUAI
RRV002_FREE_US_EQUITY_ALL_CAPABLE,4089,MSS
RRV002_FREE_US_EQUITY_ALL_CAPABLE,4090,CBFV
RRV002_FREE_US_EQUITY_ALL_CAPABLE,4091,SLSR
RRV002_FREE_US_EQUITY_ALL_CAPABLE,4092,FER
RRV002_FREE_US_EQUITY_ALL_CAPABLE,4093,VSME
RRV002_FREE_US_EQUITY_ALL_CAPABLE,4094,WBTN
RRV002_FREE_US_EQUITY_ALL_CAPABLE,4095,NCL
RRV002_FREE_US_EQUITY_ALL_CAPABLE,4096,ALMS
RRV002_FREE_US_EQUITY_ALL_CAPABLE,4097,ATPC
RRV002_FREE_US_EQUITY_ALL_CAPABLE,4098,CHNR
RRV002_FREE_US_EQUITY_ALL_CAPABLE,4099,APLM
RRV002_FREE_US_EQUITY_ALL_CAPABLE,4100,HNNA
RRV002_FREE_US_EQUITY_ALL_CAPABLE,4101,ESLA
RRV002_FREE_US_EQUITY_ALL_CAPABLE,4102,OPXS
RRV002_FREE_US_EQUITY_ALL_CAPABLE,4103,EEIQ
RRV002_FREE_US_EQUITY_ALL_CAPABLE,4104,CWD
RRV002_FREE_US_EQUITY_ALL_CAPABLE,4105,TLN
RRV002_FREE_US_EQUITY_ALL_CAPABLE,4106,STRW
RRV002_FREE_US_EQUITY_ALL_CAPABLE,4107,CALC
RRV002_FREE_US_EQUITY_ALL_CAPABLE,4108,FGI
RRV002_FREE_US_EQUITY_ALL_CAPABLE,4109,DPU
RRV002_FREE_US_EQUITY_ALL_CAPABLE,4110,UNB
RRV002_FREE_US_EQUITY_ALL_CAPABLE,4111,SHIM
RRV002_FREE_US_EQUITY_ALL_CAPABLE,4112,SHOT
RRV002_FREE_US_EQUITY_ALL_CAPABLE,4113,PROV
RRV002_FREE_US_EQUITY_ALL_CAPABLE,4114,BDMD
RRV002_FREE_US_EQUITY_ALL_CAPABLE,4115,ARDT
RRV002_FREE_US_EQUITY_ALL_CAPABLE,4116,PNRG
RRV002_FREE_US_EQUITY_ALL_CAPABLE,4117,INV
RRV002_FREE_US_EQUITY_ALL_CAPABLE,4118,TWFG
RRV002_FREE_US_EQUITY_ALL_CAPABLE,4119,CON
RRV002_FREE_US_EQUITY_ALL_CAPABLE,4120,LINE
RRV002_FREE_US_EQUITY_ALL_CAPABLE,4121,CURR
RRV002_FREE_US_EQUITY_ALL_CAPABLE,4122,CIX
RRV002_FREE_US_EQUITY_ALL_CAPABLE,4123,CAI
RRV002_FREE_US_EQUITY_ALL_CAPABLE,4124,BGM
RRV002_FREE_US_EQUITY_ALL_CAPABLE,4125,NAKA
RRV002_FREE_US_EQUITY_ALL_CAPABLE,4126,ZEO
RRV002_FREE_US_EQUITY_ALL_CAPABLE,4127,PBK
RRV002_FREE_US_EQUITY_ALL_CAPABLE,4128,FSUN
RRV002_FREE_US_EQUITY_ALL_CAPABLE,4129,ARTV
RRV002_FREE_US_EQUITY_ALL_CAPABLE,4130,AUC
RRV002_FREE_US_EQUITY_ALL_CAPABLE,4131,CFFI
RRV002_FREE_US_EQUITY_ALL_CAPABLE,4132,HWH
RRV002_FREE_US_EQUITY_ALL_CAPABLE,4133,SLXN
RRV002_FREE_US_EQUITY_ALL_CAPABLE,4134,RYDE
RRV002_FREE_US_EQUITY_ALL_CAPABLE,4135,CCXI
RRV002_FREE_US_EQUITY_ALL_CAPABLE,4136,LINK
RRV002_FREE_US_EQUITY_ALL_CAPABLE,4137,SEG
RRV002_FREE_US_EQUITY_ALL_CAPABLE,4138,WETH
RRV002_FREE_US_EQUITY_ALL_CAPABLE,4139,OSTX
RRV002_FREE_US_EQUITY_ALL_CAPABLE,4140,CLWT
RRV002_FREE_US_EQUITY_ALL_CAPABLE,4141,AAME
RRV002_FREE_US_EQUITY_ALL_CAPABLE,4142,AFGD
RRV002_FREE_US_EQUITY_ALL_CAPABLE,4143,GITS
RRV002_FREE_US_EQUITY_ALL_CAPABLE,4144,SUIG
RRV002_FREE_US_EQUITY_ALL_CAPABLE,4145,GMM
RRV002_FREE_US_EQUITY_ALL_CAPABLE,4146,KDK
RRV002_FREE_US_EQUITY_ALL_CAPABLE,4147,MDRR
RRV002_FREE_US_EQUITY_ALL_CAPABLE,4148,PEW
RRV002_FREE_US_EQUITY_ALL_CAPABLE,4149,HIHO
RRV002_FREE_US_EQUITY_ALL_CAPABLE,4150,BGLC
RRV002_FREE_US_EQUITY_ALL_CAPABLE,4151,SFWL
RRV002_FREE_US_EQUITY_ALL_CAPABLE,4152,SUPX
RRV002_FREE_US_EQUITY_ALL_CAPABLE,4153,SOWG
RRV002_FREE_US_EQUITY_ALL_CAPABLE,4154,VABK
RRV002_FREE_US_EQUITY_ALL_CAPABLE,4155,MWG
RRV002_FREE_US_EQUITY_ALL_CAPABLE,4156,MNDR
RRV002_FREE_US_EQUITY_ALL_CAPABLE,4157,BCAX
RRV002_FREE_US_EQUITY_ALL_CAPABLE,4158,MBX
RRV002_FREE_US_EQUITY_ALL_CAPABLE,4159,ZBIO
RRV002_FREE_US_EQUITY_ALL_CAPABLE,4160,MTEN
RRV002_FREE_US_EQUITY_ALL_CAPABLE,4161,AFGB
RRV002_FREE_US_EQUITY_ALL_CAPABLE,4162,INHD
RRV002_FREE_US_EQUITY_ALL_CAPABLE,4163,COOT
RRV002_FREE_US_EQUITY_ALL_CAPABLE,4164,SBC
RRV002_FREE_US_EQUITY_ALL_CAPABLE,4165,RAYA
RRV002_FREE_US_EQUITY_ALL_CAPABLE,4166,BIOA
RRV002_FREE_US_EQUITY_ALL_CAPABLE,4167,BKV
RRV002_FREE_US_EQUITY_ALL_CAPABLE,4168,GRDN
RRV002_FREE_US_EQUITY_ALL_CAPABLE,4169,AIRT
RRV002_FREE_US_EQUITY_ALL_CAPABLE,4170,GSIW
RRV002_FREE_US_EQUITY_ALL_CAPABLE,4171,AMTM
RRV002_FREE_US_EQUITY_ALL_CAPABLE,4172,TACO
RRV002_FREE_US_EQUITY_ALL_CAPABLE,4173,ZONE
RRV002_FREE_US_EQUITY_ALL_CAPABLE,4174,CURB
RRV002_FREE_US_EQUITY_ALL_CAPABLE,4175,MNTN
RRV002_FREE_US_EQUITY_ALL_CAPABLE,4176,FVR
RRV002_FREE_US_EQUITY_ALL_CAPABLE,4177,SARO
RRV002_FREE_US_EQUITY_ALL_CAPABLE,4178,MMA
RRV002_FREE_US_EQUITY_ALL_CAPABLE,4179,LARK
RRV002_FREE_US_EQUITY_ALL_CAPABLE,4180,DJCO
RRV002_FREE_US_EQUITY_ALL_CAPABLE,4181,BULL
RRV002_FREE_US_EQUITY_ALL_CAPABLE,4182,SOBO
RRV002_FREE_US_EQUITY_ALL_CAPABLE,4183,FDBC
RRV002_FREE_US_EQUITY_ALL_CAPABLE,4184,ZENA
RRV002_FREE_US_EQUITY_ALL_CAPABLE,4185,KLC
RRV002_FREE_US_EQUITY_ALL_CAPABLE,4186,ASBP
RRV002_FREE_US_EQUITY_ALL_CAPABLE,4187,CBLL
RRV002_FREE_US_EQUITY_ALL_CAPABLE,4188,UPB
RRV002_FREE_US_EQUITY_ALL_CAPABLE,4189,NSYS
RRV002_FREE_US_EQUITY_ALL_CAPABLE,4190,CCTG
RRV002_FREE_US_EQUITY_ALL_CAPABLE,4191,LGCY
RRV002_FREE_US_EQUITY_ALL_CAPABLE,4192,ARKR
RRV002_FREE_US_EQUITY_ALL_CAPABLE,4193,GAUZ
RRV002_FREE_US_EQUITY_ALL_CAPABLE,4194,CTOR
RRV002_FREE_US_EQUITY_ALL_CAPABLE,4195,TNMG
RRV002_FREE_US_EQUITY_ALL_CAPABLE,4196,USAR
RRV002_FREE_US_EQUITY_ALL_CAPABLE,4197,SLNG
RRV002_FREE_US_EQUITY_ALL_CAPABLE,4198,TPCS
RRV002_FREE_US_EQUITY_ALL_CAPABLE,4199,HAO
RRV002_FREE_US_EQUITY_ALL_CAPABLE,4200,MGIH
RRV002_FREE_US_EQUITY_ALL_CAPABLE,4201,UZX
RRV002_FREE_US_EQUITY_ALL_CAPABLE,4202,INGM
RRV002_FREE_US_EQUITY_ALL_CAPABLE,4203,GRDX
RRV002_FREE_US_EQUITY_ALL_CAPABLE,4204,SEPN
RRV002_FREE_US_EQUITY_ALL_CAPABLE,4205,SRL
RRV002_FREE_US_EQUITY_ALL_CAPABLE,4206,SPAI
RRV002_FREE_US_EQUITY_ALL_CAPABLE,4207,NCRA
RRV002_FREE_US_EQUITY_ALL_CAPABLE,4208,JL
RRV002_FREE_US_EQUITY_ALL_CAPABLE,4209,FBLA
RRV002_FREE_US_EQUITY_ALL_CAPABLE,4210,ENO
RRV002_FREE_US_EQUITY_ALL_CAPABLE,4211,OVBC
RRV002_FREE_US_EQUITY_ALL_CAPABLE,4212,ZOOZ
RRV002_FREE_US_EQUITY_ALL_CAPABLE,4213,DSY
RRV002_FREE_US_EQUITY_ALL_CAPABLE,4214,ECG
RRV002_FREE_US_EQUITY_ALL_CAPABLE,4215,DTCX
RRV002_FREE_US_EQUITY_ALL_CAPABLE,4216,ACTU
RRV002_FREE_US_EQUITY_ALL_CAPABLE,4217,ARL
RRV002_FREE_US_EQUITY_ALL_CAPABLE,4218,CAMP
RRV002_FREE_US_EQUITY_ALL_CAPABLE,4219,CPAC
RRV002_FREE_US_EQUITY_ALL_CAPABLE,4220,AFGE
RRV002_FREE_US_EQUITY_ALL_CAPABLE,4221,SSBI
RRV002_FREE_US_EQUITY_ALL_CAPABLE,4222,CCEL
RRV002_FREE_US_EQUITY_ALL_CAPABLE,4223,AMOD
RRV002_FREE_US_EQUITY_ALL_CAPABLE,4224,ELPW
RRV002_FREE_US_EQUITY_ALL_CAPABLE,4225,PMEC
RRV002_FREE_US_EQUITY_ALL_CAPABLE,4226,BTOC
RRV002_FREE_US_EQUITY_ALL_CAPABLE,4227,STEX
RRV002_FREE_US_EQUITY_ALL_CAPABLE,4228,TSSI
RRV002_FREE_US_EQUITY_ALL_CAPABLE,4229,AWX
RRV002_FREE_US_EQUITY_ALL_CAPABLE,4230,APWC
RRV002_FREE_US_EQUITY_ALL_CAPABLE,4231,LGL
RRV002_FREE_US_EQUITY_ALL_CAPABLE,4232,LCFY
RRV002_FREE_US_EQUITY_ALL_CAPABLE,4233,BELFA
RRV002_FREE_US_EQUITY_ALL_CAPABLE,4234,RITR
RRV002_FREE_US_EQUITY_ALL_CAPABLE,4235,GBLI
RRV002_FREE_US_EQUITY_ALL_CAPABLE,4236,ROMA
RRV002_FREE_US_EQUITY_ALL_CAPABLE,4237,BTBD
RRV002_FREE_US_EQUITY_ALL_CAPABLE,4238,ARBB
RRV002_FREE_US_EQUITY_ALL_CAPABLE,4239,MSN
RRV002_FREE_US_EQUITY_ALL_CAPABLE,4240,LGCL
RRV002_FREE_US_EQUITY_ALL_CAPABLE,4241,TOYO
RRV002_FREE_US_EQUITY_ALL_CAPABLE,4242,GIGM
RRV002_FREE_US_EQUITY_ALL_CAPABLE,4243,YYGH
RRV002_FREE_US_EQUITY_ALL_CAPABLE,4244,CNL
RRV002_FREE_US_EQUITY_ALL_CAPABLE,4245,NCSM
RRV002_FREE_US_EQUITY_ALL_CAPABLE,4246,VALU
RRV002_FREE_US_EQUITY_ALL_CAPABLE,4247,NTZ
RRV002_FREE_US_EQUITY_ALL_CAPABLE,4248,ADUR
RRV002_FREE_US_EQUITY_ALL_CAPABLE,4249,TDTH
RRV002_FREE_US_EQUITY_ALL_CAPABLE,4250,AZI
RRV002_FREE_US_EQUITY_ALL_CAPABLE,4251,PRHI
RRV002_FREE_US_EQUITY_ALL_CAPABLE,4252,GVH
RRV002_FREE_US_EQUITY_ALL_CAPABLE,4253,TWG
RRV002_FREE_US_EQUITY_ALL_CAPABLE,4254,RAY
RRV002_FREE_US_EQUITY_ALL_CAPABLE,4255,TTAN
RRV002_FREE_US_EQUITY_ALL_CAPABLE,4256,GRO
RRV002_FREE_US_EQUITY_ALL_CAPABLE,4257,KAPA
RRV002_FREE_US_EQUITY_ALL_CAPABLE,4258,AVR
RRV002_FREE_US_EQUITY_ALL_CAPABLE,4259,HOVNP
RRV002_FREE_US_EQUITY_ALL_CAPABLE,4260,HNVR
RRV002_FREE_US_EQUITY_ALL_CAPABLE,4261,MKDW
RRV002_FREE_US_EQUITY_ALL_CAPABLE,4262,ATTO
RRV002_FREE_US_EQUITY_ALL_CAPABLE,4263,NCI
RRV002_FREE_US_EQUITY_ALL_CAPABLE,4264,GDEV
RRV002_FREE_US_EQUITY_ALL_CAPABLE,4265,OIO
RRV002_FREE_US_EQUITY_ALL_CAPABLE,4266,SPPL
RRV002_FREE_US_EQUITY_ALL_CAPABLE,4267,FNWD
RRV002_FREE_US_EQUITY_ALL_CAPABLE,4268,OSRH
RRV002_FREE_US_EQUITY_ALL_CAPABLE,4269,EQS
RRV002_FREE_US_EQUITY_ALL_CAPABLE,4270,PTHS
RRV002_FREE_US_EQUITY_ALL_CAPABLE,4271,PSIX
RRV002_FREE_US_EQUITY_ALL_CAPABLE,4272,ITIC
RRV002_FREE_US_EQUITY_ALL_CAPABLE,4273,FGL
RRV002_FREE_US_EQUITY_ALL_CAPABLE,4274,CLBR
RRV002_FREE_US_EQUITY_ALL_CAPABLE,4275,MLEC
RRV002_FREE_US_EQUITY_ALL_CAPABLE,4276,TBN
RRV002_FREE_US_EQUITY_ALL_CAPABLE,4277,RMCO
RRV002_FREE_US_EQUITY_ALL_CAPABLE,4278,ACOG
RRV002_FREE_US_EQUITY_ALL_CAPABLE,4279,SUGP
RRV002_FREE_US_EQUITY_ALL_CAPABLE,4280,FLY
RRV002_FREE_US_EQUITY_ALL_CAPABLE,4281,MGYR
RRV002_FREE_US_EQUITY_ALL_CAPABLE,4282,FLYE
RRV002_FREE_US_EQUITY_ALL_CAPABLE,4283,EXOD
RRV002_FREE_US_EQUITY_ALL_CAPABLE,4284,WVVI
RRV002_FREE_US_EQUITY_ALL_CAPABLE,4285,KYIV
RRV002_FREE_US_EQUITY_ALL_CAPABLE,4286,BZAI
RRV002_FREE_US_EQUITY_ALL_CAPABLE,4287,MDCX
RRV002_FREE_US_EQUITY_ALL_CAPABLE,4288,FLOC
RRV002_FREE_US_EQUITY_ALL_CAPABLE,4289,FSEA
RRV002_FREE_US_EQUITY_ALL_CAPABLE,4290,BRFH
RRV002_FREE_US_EQUITY_ALL_CAPABLE,4291,STFS
RRV002_FREE_US_EQUITY_ALL_CAPABLE,4292,HIT
RRV002_FREE_US_EQUITY_ALL_CAPABLE,4293,NVA
RRV002_FREE_US_EQUITY_ALL_CAPABLE,4294,SKYQ
RRV002_FREE_US_EQUITY_ALL_CAPABLE,4295,SFD
RRV002_FREE_US_EQUITY_ALL_CAPABLE,4296,BSBK
RRV002_FREE_US_EQUITY_ALL_CAPABLE,4297,ICON
RRV002_FREE_US_EQUITY_ALL_CAPABLE,4298,KAZR
RRV002_FREE_US_EQUITY_ALL_CAPABLE,4299,BBNX
RRV002_FREE_US_EQUITY_ALL_CAPABLE,4300,INR
RRV002_FREE_US_EQUITY_ALL_CAPABLE,4301,MAZE
RRV002_FREE_US_EQUITY_ALL_CAPABLE,4302,SMTK
RRV002_FREE_US_EQUITY_ALL_CAPABLE,4303,ZDAI
RRV002_FREE_US_EQUITY_ALL_CAPABLE,4304,ILLR
RRV002_FREE_US_EQUITY_ALL_CAPABLE,4305,KEQU
RRV002_FREE_US_EQUITY_ALL_CAPABLE,4306,ALF
RRV002_FREE_US_EQUITY_ALL_CAPABLE,4307,SION
RRV002_FREE_US_EQUITY_ALL_CAPABLE,4308,TTAM
RRV002_FREE_US_EQUITY_ALL_CAPABLE,4309,ZBAO
RRV002_FREE_US_EQUITY_ALL_CAPABLE,4310,MRP
RRV002_FREE_US_EQUITY_ALL_CAPABLE,4311,CZFS
RRV002_FREE_US_EQUITY_ALL_CAPABLE,4312,IPST
RRV002_FREE_US_EQUITY_ALL_CAPABLE,4313,MHNC
RRV002_FREE_US_EQUITY_ALL_CAPABLE,4314,KRMN
RRV002_FREE_US_EQUITY_ALL_CAPABLE,4315,SNDK
RRV002_FREE_US_EQUITY_ALL_CAPABLE,4316,JDZG
RRV002_FREE_US_EQUITY_ALL_CAPABLE,4317,DIT
RRV002_FREE_US_EQUITY_ALL_CAPABLE,4318,IBG
RRV002_FREE_US_EQUITY_ALL_CAPABLE,4319,VENU
RRV002_FREE_US_EQUITY_ALL_CAPABLE,4320,NPB
RRV002_FREE_US_EQUITY_ALL_CAPABLE,4321,LOBO
RRV002_FREE_US_EQUITY_ALL_CAPABLE,4322,WCT
RRV002_FREE_US_EQUITY_ALL_CAPABLE,4323,CSAI
RRV002_FREE_US_EQUITY_ALL_CAPABLE,4324,TIC
RRV002_FREE_US_EQUITY_ALL_CAPABLE,4325,FLD
RRV002_FREE_US_EQUITY_ALL_CAPABLE,4326,PTLE
RRV002_FREE_US_EQUITY_ALL_CAPABLE,4327,SPMC
RRV002_FREE_US_EQUITY_ALL_CAPABLE,4328,GCL
RRV002_FREE_US_EQUITY_ALL_CAPABLE,4329,PMAX
RRV002_FREE_US_EQUITY_ALL_CAPABLE,4330,HCWC
RRV002_FREE_US_EQUITY_ALL_CAPABLE,4331,BRID
RRV002_FREE_US_EQUITY_ALL_CAPABLE,4332,PLRZ
RRV002_FREE_US_EQUITY_ALL_CAPABLE,4333,CYCU
RRV002_FREE_US_EQUITY_ALL_CAPABLE,4334,FUSB
RRV002_FREE_US_EQUITY_ALL_CAPABLE,4335,FCAP
RRV002_FREE_US_EQUITY_ALL_CAPABLE,4336,XXI
RRV002_FREE_US_EQUITY_ALL_CAPABLE,4337,JUNS
RRV002_FREE_US_EQUITY_ALL_CAPABLE,4338,UTSI
RRV002_FREE_US_EQUITY_ALL_CAPABLE,4339,GLE
RRV002_FREE_US_EQUITY_ALL_CAPABLE,4340,KMTS
RRV002_FREE_US_EQUITY_ALL_CAPABLE,4341,SYNX
RRV002_FREE_US_EQUITY_ALL_CAPABLE,4342,MEDS
RRV002_FREE_US_EQUITY_ALL_CAPABLE,4343,PSIG
RRV002_FREE_US_EQUITY_ALL_CAPABLE,4344,AARD
RRV002_FREE_US_EQUITY_ALL_CAPABLE,4345,EPRX
RRV002_FREE_US_EQUITY_ALL_CAPABLE,4346,BAFN
RRV002_FREE_US_EQUITY_ALL_CAPABLE,4347,WOK
RRV002_FREE_US_EQUITY_ALL_CAPABLE,4348,MIMI
RRV002_FREE_US_EQUITY_ALL_CAPABLE,4349,MF
RRV002_FREE_US_EQUITY_ALL_CAPABLE,4350,INTJ
RRV002_FREE_US_EQUITY_ALL_CAPABLE,4351,BCG
RRV002_FREE_US_EQUITY_ALL_CAPABLE,4352,AUBN
RRV002_FREE_US_EQUITY_ALL_CAPABLE,4353,CDTG
RRV002_FREE_US_EQUITY_ALL_CAPABLE,4354,ORKT
RRV002_FREE_US_EQUITY_ALL_CAPABLE,4355,IMSR
RRV002_FREE_US_EQUITY_ALL_CAPABLE,4356,ITOC
RRV002_FREE_US_EQUITY_ALL_CAPABLE,4357,DGNX
RRV002_FREE_US_EQUITY_ALL_CAPABLE,4358,MFI
RRV002_FREE_US_EQUITY_ALL_CAPABLE,4359,UFG
RRV002_FREE_US_EQUITY_ALL_CAPABLE,4360,RHLD
RRV002_FREE_US_EQUITY_ALL_CAPABLE,4361,USBC
RRV002_FREE_US_EQUITY_ALL_CAPABLE,4362,CRWV
RRV002_FREE_US_EQUITY_ALL_CAPABLE,4363,NMAX
RRV002_FREE_US_EQUITY_ALL_CAPABLE,4364,HODO
RRV002_FREE_US_EQUITY_ALL_CAPABLE,4365,SNWV
RRV002_FREE_US_EQUITY_ALL_CAPABLE,4366,SMA
RRV002_FREE_US_EQUITY_ALL_CAPABLE,4367,ALMU
RRV002_FREE_US_EQUITY_ALL_CAPABLE,4368,DSWL
RRV002_FREE_US_EQUITY_ALL_CAPABLE,4369,EHGO
RRV002_FREE_US_EQUITY_ALL_CAPABLE,4370,CIRC
RRV002_FREE_US_EQUITY_ALL_CAPABLE,4371,NTCL
RRV002_FREE_US_EQUITY_ALL_CAPABLE,4372,RMSG
RRV002_FREE_US_EQUITY_ALL_CAPABLE,4373,PUSA
RRV002_FREE_US_EQUITY_ALL_CAPABLE,4374,CLIK
RRV002_FREE_US_EQUITY_ALL_CAPABLE,4375,CGTL
RRV002_FREE_US_EQUITY_ALL_CAPABLE,4376,MFAN
RRV002_FREE_US_EQUITY_ALL_CAPABLE,4377,NKLR
RRV002_FREE_US_EQUITY_ALL_CAPABLE,4378,XHLD
RRV002_FREE_US_EQUITY_ALL_CAPABLE,4379,MCRP
RRV002_FREE_US_EQUITY_ALL_CAPABLE,4380,BOTJ
RRV002_FREE_US_EQUITY_ALL_CAPABLE,4381,KIDZ
RRV002_FREE_US_EQUITY_ALL_CAPABLE,4382,WFCF
RRV002_FREE_US_EQUITY_ALL_CAPABLE,4383,POCI
RRV002_FREE_US_EQUITY_ALL_CAPABLE,4384,BYAH
RRV002_FREE_US_EQUITY_ALL_CAPABLE,4385,GDTC
RRV002_FREE_US_EQUITY_ALL_CAPABLE,4386,FTLF
RRV002_FREE_US_EQUITY_ALL_CAPABLE,4387,HCIC
RRV002_FREE_US_EQUITY_ALL_CAPABLE,4388,RBKB
RRV002_FREE_US_EQUITY_ALL_CAPABLE,4389,LZMH
RRV002_FREE_US_EQUITY_ALL_CAPABLE,4390,YSXT
RRV002_FREE_US_EQUITY_ALL_CAPABLE,4391,ONEG
RRV002_FREE_US_EQUITY_ALL_CAPABLE,4392,GIFT
RRV002_FREE_US_EQUITY_ALL_CAPABLE,4393,MASK
RRV002_FREE_US_EQUITY_ALL_CAPABLE,4394,RDIB
RRV002_FREE_US_EQUITY_ALL_CAPABLE,4395,TGEN
RRV002_FREE_US_EQUITY_ALL_CAPABLE,4396,BBOT
RRV002_FREE_US_EQUITY_ALL_CAPABLE,4397,GELS
RRV002_FREE_US_EQUITY_ALL_CAPABLE,4398,STRZ
RRV002_FREE_US_EQUITY_ALL_CAPABLE,4399,SNYR
RRV002_FREE_US_EQUITY_ALL_CAPABLE,4400,NTHI
RRV002_FREE_US_EQUITY_ALL_CAPABLE,4401,ANNA
RRV002_FREE_US_EQUITY_ALL_CAPABLE,4402,MRNO
RRV002_FREE_US_EQUITY_ALL_CAPABLE,4403,GLXG
RRV002_FREE_US_EQUITY_ALL_CAPABLE,4404,SECZ
RRV002_FREE_US_EQUITY_ALL_CAPABLE,4405,AII
RRV002_FREE_US_EQUITY_ALL_CAPABLE,4406,DEFT
RRV002_FREE_US_EQUITY_ALL_CAPABLE,4407,SPHL
RRV002_FREE_US_EQUITY_ALL_CAPABLE,4408,ETOR
RRV002_FREE_US_EQUITY_ALL_CAPABLE,4409,ZJK
RRV002_FREE_US_EQUITY_ALL_CAPABLE,4410,ARAI
RRV002_FREE_US_EQUITY_ALL_CAPABLE,4411,GLXY
RRV002_FREE_US_EQUITY_ALL_CAPABLE,4412,MGLD
RRV002_FREE_US_EQUITY_ALL_CAPABLE,4413,IGAC
RRV002_FREE_US_EQUITY_ALL_CAPABLE,4414,ENGS
RRV002_FREE_US_EQUITY_ALL_CAPABLE,4415,CPHC
RRV002_FREE_US_EQUITY_ALL_CAPABLE,4416,QNME
RRV002_FREE_US_EQUITY_ALL_CAPABLE,4417,CAPS
RRV002_FREE_US_EQUITY_ALL_CAPABLE,4418,RCT
RRV002_FREE_US_EQUITY_ALL_CAPABLE,4419,BIYA
RRV002_FREE_US_EQUITY_ALL_CAPABLE,4420,STAK
RRV002_FREE_US_EQUITY_ALL_CAPABLE,4421,HNGE
RRV002_FREE_US_EQUITY_ALL_CAPABLE,4422,SKK
RRV002_FREE_US_EQUITY_ALL_CAPABLE,4423,ROLR
RRV002_FREE_US_EQUITY_ALL_CAPABLE,4424,LHSW
RRV002_FREE_US_EQUITY_ALL_CAPABLE,4425,WILC
RRV002_FREE_US_EQUITY_ALL_CAPABLE,4426,ISOU
RRV002_FREE_US_EQUITY_ALL_CAPABLE,4427,ABLV
RRV002_FREE_US_EQUITY_ALL_CAPABLE,4428,FBGL
RRV002_FREE_US_EQUITY_ALL_CAPABLE,4429,GBFH
RRV002_FREE_US_EQUITY_ALL_CAPABLE,4430,JCTC
RRV002_FREE_US_EQUITY_ALL_CAPABLE,4431,SFHG
RRV002_FREE_US_EQUITY_ALL_CAPABLE,4432,EMA
RRV002_FREE_US_EQUITY_ALL_CAPABLE,4433,RBNE
RRV002_FREE_US_EQUITY_ALL_CAPABLE,4434,NSTS
RRV002_FREE_US_EQUITY_ALL_CAPABLE,4435,CMDB
RRV002_FREE_US_EQUITY_ALL_CAPABLE,4436,HMR
RRV002_FREE_US_EQUITY_ALL_CAPABLE,4437,IQST
RRV002_FREE_US_EQUITY_ALL_CAPABLE,4438,CRCL
RRV002_FREE_US_EQUITY_ALL_CAPABLE,4439,BMNR
RRV002_FREE_US_EQUITY_ALL_CAPABLE,4440,OMDA
RRV002_FREE_US_EQUITY_ALL_CAPABLE,4441,FATN
RRV002_FREE_US_EQUITY_ALL_CAPABLE,4442,LIMN
RRV002_FREE_US_EQUITY_ALL_CAPABLE,4443,SAFX
RRV002_FREE_US_EQUITY_ALL_CAPABLE,4444,HPAI
RRV002_FREE_US_EQUITY_ALL_CAPABLE,4445,KWM
RRV002_FREE_US_EQUITY_ALL_CAPABLE,4446,VOYG
RRV002_FREE_US_EQUITY_ALL_CAPABLE,4447,INTG
RRV002_FREE_US_EQUITY_ALL_CAPABLE,4448,SAGT
RRV002_FREE_US_EQUITY_ALL_CAPABLE,4449,BRR
RRV002_FREE_US_EQUITY_ALL_CAPABLE,4450,CHYM
RRV002_FREE_US_EQUITY_ALL_CAPABLE,4451,BRLS
RRV002_FREE_US_EQUITY_ALL_CAPABLE,4452,AIRO
RRV002_FREE_US_EQUITY_ALL_CAPABLE,4453,JBS
RRV002_FREE_US_EQUITY_ALL_CAPABLE,4454,FEBO
RRV002_FREE_US_EQUITY_ALL_CAPABLE,4455,RTAC
RRV002_FREE_US_EQUITY_ALL_CAPABLE,4456,CCM
RRV002_FREE_US_EQUITY_ALL_CAPABLE,4457,NAMM
RRV002_FREE_US_EQUITY_ALL_CAPABLE,4458,AAUC
RRV002_FREE_US_EQUITY_ALL_CAPABLE,4459,ASIC
RRV002_FREE_US_EQUITY_ALL_CAPABLE,4460,SLDE
RRV002_FREE_US_EQUITY_ALL_CAPABLE,4461,AMRZ
RRV002_FREE_US_EQUITY_ALL_CAPABLE,4462,INLF
RRV002_FREE_US_EQUITY_ALL_CAPABLE,4463,OTF
RRV002_FREE_US_EQUITY_ALL_CAPABLE,4464,MTEX
RRV002_FREE_US_EQUITY_ALL_CAPABLE,4465,SLSN
RRV002_FREE_US_EQUITY_ALL_CAPABLE,4466,JCAP
RRV002_FREE_US_EQUITY_ALL_CAPABLE,4467,TLF
RRV002_FREE_US_EQUITY_ALL_CAPABLE,4468,GIBO
RRV002_FREE_US_EQUITY_ALL_CAPABLE,4469,PMA
RRV002_FREE_US_EQUITY_ALL_CAPABLE,4470,LNKS
RRV002_FREE_US_EQUITY_ALL_CAPABLE,4471,JFB
RRV002_FREE_US_EQUITY_ALL_CAPABLE,4472,RAL
RRV002_FREE_US_EQUITY_ALL_CAPABLE,4473,DXR
RRV002_FREE_US_EQUITY_ALL_CAPABLE,4474,SSII
RRV002_FREE_US_EQUITY_ALL_CAPABLE,4475,AEBI
RRV002_FREE_US_EQUITY_ALL_CAPABLE,4476,BDL
RRV002_FREE_US_EQUITY_ALL_CAPABLE,4477,BGL
RRV002_FREE_US_EQUITY_ALL_CAPABLE,4478,FOXX
RRV002_FREE_US_EQUITY_ALL_CAPABLE,4479,LBGJ
RRV002_FREE_US_EQUITY_ALL_CAPABLE,4480,SANG
RRV002_FREE_US_EQUITY_ALL_CAPABLE,4481,DYNC
RRV002_FREE_US_EQUITY_ALL_CAPABLE,4482,IVF
RRV002_FREE_US_EQUITY_ALL_CAPABLE,4483,GLIBK
RRV002_FREE_US_EQUITY_ALL_CAPABLE,4484,FMAC
RRV002_FREE_US_EQUITY_ALL_CAPABLE,4485,KBSX
RRV002_FREE_US_EQUITY_ALL_CAPABLE,4486,NYAX
RRV002_FREE_US_EQUITY_ALL_CAPABLE,4487,ZYBT
RRV002_FREE_US_EQUITY_ALL_CAPABLE,4488,ALM
RRV002_FREE_US_EQUITY_ALL_CAPABLE,4489,TGE
RRV002_FREE_US_EQUITY_ALL_CAPABLE,4490,YAAS
RRV002_FREE_US_EQUITY_ALL_CAPABLE,4491,VWAV
RRV002_FREE_US_EQUITY_ALL_CAPABLE,4492,AUGO
RRV002_FREE_US_EQUITY_ALL_CAPABLE,4493,MENS
RRV002_FREE_US_EQUITY_ALL_CAPABLE,4494,HUHU
RRV002_FREE_US_EQUITY_ALL_CAPABLE,4495,COOL
RRV002_FREE_US_EQUITY_ALL_CAPABLE,4496,BREZ
RRV002_FREE_US_EQUITY_ALL_CAPABLE,4497,EDHL
RRV002_FREE_US_EQUITY_ALL_CAPABLE,4498,MWYN
RRV002_FREE_US_EQUITY_ALL_CAPABLE,4499,ARX
RRV002_FREE_US_EQUITY_ALL_CAPABLE,4500,MH
RRV002_FREE_US_EQUITY_ALL_CAPABLE,4501,CARL
RRV002_FREE_US_EQUITY_ALL_CAPABLE,4502,PFSA
RRV002_FREE_US_EQUITY_ALL_CAPABLE,4503,NCT
RRV002_FREE_US_EQUITY_ALL_CAPABLE,4504,HCAI
RRV002_FREE_US_EQUITY_ALL_CAPABLE,4505,EPSM
RRV002_FREE_US_EQUITY_ALL_CAPABLE,4506,CV
RRV002_FREE_US_EQUITY_ALL_CAPABLE,4507,YIBO
RRV002_FREE_US_EQUITY_ALL_CAPABLE,4508,TDAC
RRV002_FREE_US_EQUITY_ALL_CAPABLE,4509,CEPO
RRV002_FREE_US_EQUITY_ALL_CAPABLE,4510,FMFC
RRV002_FREE_US_EQUITY_ALL_CAPABLE,4511,GLIBA
RRV002_FREE_US_EQUITY_ALL_CAPABLE,4512,AMBQ
RRV002_FREE_US_EQUITY_ALL_CAPABLE,4513,FIG
RRV002_FREE_US_EQUITY_ALL_CAPABLE,4514,TCI
RRV002_FREE_US_EQUITY_ALL_CAPABLE,4515,CIIT
RRV002_FREE_US_EQUITY_ALL_CAPABLE,4516,CUPR
RRV002_FREE_US_EQUITY_ALL_CAPABLE,4517,TMDE
RRV002_FREE_US_EQUITY_ALL_CAPABLE,4518,GMHS
RRV002_FREE_US_EQUITY_ALL_CAPABLE,4519,BMGL
RRV002_FREE_US_EQUITY_ALL_CAPABLE,4520,FTW
RRV002_FREE_US_EQUITY_ALL_CAPABLE,4521,PSKY
RRV002_FREE_US_EQUITY_ALL_CAPABLE,4522,WYFI
RRV002_FREE_US_EQUITY_ALL_CAPABLE,4523,AVBC
RRV002_FREE_US_EQUITY_ALL_CAPABLE,4524,HTFL
RRV002_FREE_US_EQUITY_ALL_CAPABLE,4525,PFX
RRV002_FREE_US_EQUITY_ALL_CAPABLE,4526,MRLN
RRV002_FREE_US_EQUITY_ALL_CAPABLE,4527,CLST
RRV002_FREE_US_EQUITY_ALL_CAPABLE,4528,JEM
RRV002_FREE_US_EQUITY_ALL_CAPABLE,4529,COSO
RRV002_FREE_US_EQUITY_ALL_CAPABLE,4530,LHAI
RRV002_FREE_US_EQUITY_ALL_CAPABLE,4531,NNNN
RRV002_FREE_US_EQUITY_ALL_CAPABLE,4532,SI
RRV002_FREE_US_EQUITY_ALL_CAPABLE,4533,ATGL
RRV002_FREE_US_EQUITY_ALL_CAPABLE,4534,EFSI
RRV002_FREE_US_EQUITY_ALL_CAPABLE,4535,OFAL
RRV002_FREE_US_EQUITY_ALL_CAPABLE,4536,DAIC
RRV002_FREE_US_EQUITY_ALL_CAPABLE,4537,HKPD
RRV002_FREE_US_EQUITY_ALL_CAPABLE,4538,INFQ
RRV002_FREE_US_EQUITY_ALL_CAPABLE,4539,DXST
RRV002_FREE_US_EQUITY_ALL_CAPABLE,4540,WBUY
RRV002_FREE_US_EQUITY_ALL_CAPABLE,4541,AVBH
RRV002_FREE_US_EQUITY_ALL_CAPABLE,4542,PN
RRV002_FREE_US_EQUITY_ALL_CAPABLE,4543,BRUN
RRV002_FREE_US_EQUITY_ALL_CAPABLE,4544,NHIC
RRV002_FREE_US_EQUITY_ALL_CAPABLE,4545,IOTR
RRV002_FREE_US_EQUITY_ALL_CAPABLE,4546,HXHX
RRV002_FREE_US_EQUITY_ALL_CAPABLE,4547,MKZR
RRV002_FREE_US_EQUITY_ALL_CAPABLE,4548,MSGY
RRV002_FREE_US_EQUITY_ALL_CAPABLE,4549,INLX
RRV002_FREE_US_EQUITY_ALL_CAPABLE,4550,ADVB
RRV002_FREE_US_EQUITY_ALL_CAPABLE,4551,CJMB
RRV002_FREE_US_EQUITY_ALL_CAPABLE,4552,SFBC
RRV002_FREE_US_EQUITY_ALL_CAPABLE,4553,WXM
RRV002_FREE_US_EQUITY_ALL_CAPABLE,4554,IBO
RRV002_FREE_US_EQUITY_ALL_CAPABLE,4555,WTF
RRV002_FREE_US_EQUITY_ALL_CAPABLE,4556,CBNA
RRV002_FREE_US_EQUITY_ALL_CAPABLE,4557,MHLA
RRV002_FREE_US_EQUITY_ALL_CAPABLE,4558,KFFB
RRV002_FREE_US_EQUITY_ALL_CAPABLE,4559,YXT
RRV002_FREE_US_EQUITY_ALL_CAPABLE,4560,APUS
RRV002_FREE_US_EQUITY_ALL_CAPABLE,4561,CVR
RRV002_FREE_US_EQUITY_ALL_CAPABLE,4562,PBHC
RRV002_FREE_US_EQUITY_ALL_CAPABLE,4563,TJGC
RRV002_FREE_US_EQUITY_ALL_CAPABLE,4564,XNDU
RRV002_FREE_US_EQUITY_ALL_CAPABLE,4565,CIGL
RRV002_FREE_US_EQUITY_ALL_CAPABLE,4566,LSBK
RRV002_FREE_US_EQUITY_ALL_CAPABLE,4567,OMSE
RRV002_FREE_US_EQUITY_ALL_CAPABLE,4568,RUBI
RRV002_FREE_US_EQUITY_ALL_CAPABLE,4569,BHST
RRV002_FREE_US_EQUITY_ALL_CAPABLE,4570,TWLV
RRV002_FREE_US_EQUITY_ALL_CAPABLE,4571,NCEW
RRV002_FREE_US_EQUITY_ALL_CAPABLE,4572,PASW
RRV002_FREE_US_EQUITY_ALL_CAPABLE,4573,AXIL
RRV002_FREE_US_EQUITY_ALL_CAPABLE,4574,TDIC
RRV002_FREE_US_EQUITY_ALL_CAPABLE,4575,DSAC
RRV002_FREE_US_EQUITY_ALL_CAPABLE,4576,FDSB
RRV002_FREE_US_EQUITY_ALL_CAPABLE,4577,PAPL
RRV002_FREE_US_EQUITY_ALL_CAPABLE,4578,QXL
RRV002_FREE_US_EQUITY_ALL_CAPABLE,4579,HCHL
RRV002_FREE_US_EQUITY_ALL_CAPABLE,4580,TLIH
RRV002_FREE_US_EQUITY_ALL_CAPABLE,4581,NEXM
RRV002_FREE_US_EQUITY_ALL_CAPABLE,4582,FACT
RRV002_FREE_US_EQUITY_ALL_CAPABLE,4583,WETO
RRV002_FREE_US_EQUITY_ALL_CAPABLE,4584,LGPS
RRV002_FREE_US_EQUITY_ALL_CAPABLE,4585,ELLO
RRV002_FREE_US_EQUITY_ALL_CAPABLE,4586,AMCI
RRV002_FREE_US_EQUITY_ALL_CAPABLE,4587,ISBA
RRV002_FREE_US_EQUITY_ALL_CAPABLE,4588,TOPP
RRV002_FREE_US_EQUITY_ALL_CAPABLE,4589,WFF
RRV002_FREE_US_EQUITY_ALL_CAPABLE,4590,RMIX
RRV002_FREE_US_EQUITY_ALL_CAPABLE,4591,FTRK
RRV002_FREE_US_EQUITY_ALL_CAPABLE,4592,TCBS
RRV002_FREE_US_EQUITY_ALL_CAPABLE,4593,LUD
RRV002_FREE_US_EQUITY_ALL_CAPABLE,4594,CSHR
RRV002_FREE_US_EQUITY_ALL_CAPABLE,4595,VNTG
RRV002_FREE_US_EQUITY_ALL_CAPABLE,4596,HTLM
RRV002_FREE_US_EQUITY_ALL_CAPABLE,4597,DLXY
RRV002_FREE_US_EQUITY_ALL_CAPABLE,4598,RYET
RRV002_FREE_US_EQUITY_ALL_CAPABLE,4599,CRE
RRV002_FREE_US_EQUITY_ALL_CAPABLE,4600,KTN
RRV002_FREE_US_EQUITY_ALL_CAPABLE,4601,VLOS
RRV002_FREE_US_EQUITY_ALL_CAPABLE,4602,INEO
RRV002_FREE_US_EQUITY_ALL_CAPABLE,4603,GPAC
RRV002_FREE_US_EQUITY_ALL_CAPABLE,4604,CPBI
RRV002_FREE_US_EQUITY_ALL_CAPABLE,4605,HDRN
RRV002_FREE_US_EQUITY_ALL_CAPABLE,4606,MDBH
RRV002_FREE_US_EQUITY_ALL_CAPABLE,4607,RAND
RRV002_FREE_US_EQUITY_ALL_CAPABLE,4608,PC
RRV002_FREE_US_EQUITY_ALL_CAPABLE,4609,KMRK
RRV002_FREE_US_EQUITY_ALL_CAPABLE,4610,YMAT
RRV002_FREE_US_EQUITY_ALL_CAPABLE,4611,AACI
RRV002_FREE_US_EQUITY_ALL_CAPABLE,4612,TRSG
RRV002_FREE_US_EQUITY_ALL_CAPABLE,4613,JLHL
RRV002_FREE_US_EQUITY_ALL_CAPABLE,4614,ROC
RRV002_FREE_US_EQUITY_ALL_CAPABLE,4615,CKX
RRV002_FREE_US_EQUITY_ALL_CAPABLE,4616,FIEE
RRV002_FREE_US_EQUITY_ALL_CAPABLE,4617,SORA
RRV002_FREE_US_EQUITY_ALL_CAPABLE,4618,GLND
RRV002_FREE_US_EQUITY_ALL_CAPABLE,4619,CYAB
RRV002_FREE_US_EQUITY_ALL_CAPABLE,4620,ODYS
RRV002_FREE_US_EQUITY_ALL_CAPABLE,4621,ENJ
RRV002_FREE_US_EQUITY_ALL_CAPABLE,4622,BEAG
RRV002_FREE_US_EQUITY_ALL_CAPABLE,4623,BRIA
RRV002_FREE_US_EQUITY_ALL_CAPABLE,4624,PLUT
RRV002_FREE_US_EQUITY_ALL_CAPABLE,4625,CUB
RRV002_FREE_US_EQUITY_ALL_CAPABLE,4626,FRNM
RRV002_FREE_US_EQUITY_ALL_CAPABLE,4627,ATHR
RRV002_FREE_US_EQUITY_ALL_CAPABLE,4628,XRPN
RRV002_FREE_US_EQUITY_ALL_CAPABLE,4629,PLBL
RRV002_FREE_US_EQUITY_ALL_CAPABLE,4630,FWAC
RRV002_FREE_US_EQUITY_ALL_CAPABLE,4631,LSE
RRV002_FREE_US_EQUITY_ALL_CAPABLE,4632,EGG
RRV002_FREE_US_EQUITY_ALL_CAPABLE,4633,VII
RRV002_FREE_US_EQUITY_ALL_CAPABLE,4634,MCGA
RRV002_FREE_US_EQUITY_ALL_CAPABLE,4635,AIB
RRV002_FREE_US_EQUITY_ALL_CAPABLE,4636,TVA
RRV002_FREE_US_EQUITY_ALL_CAPABLE,4637,HBNB
RRV002_FREE_US_EQUITY_ALL_CAPABLE,4638,BXBL
RRV002_FREE_US_EQUITY_ALL_CAPABLE,4639,HFBL
RRV002_FREE_US_EQUITY_ALL_CAPABLE,4640,PHOE
RRV002_FREE_US_EQUITY_ALL_CAPABLE,4641,GRAN
RRV002_FREE_US_EQUITY_ALL_CAPABLE,4642,BRKH
RRV002_FREE_US_EQUITY_ALL_CAPABLE,4643,MB
RRV002_FREE_US_EQUITY_ALL_CAPABLE,4644,MGRT
RRV002_FREE_US_EQUITY_ALL_CAPABLE,4645,ANTA
RRV002_FREE_US_EQUITY_ALL_CAPABLE,4646,ANPA
RRV002_FREE_US_EQUITY_ALL_CAPABLE,4647,SZZL
RRV002_FREE_US_EQUITY_ALL_CAPABLE,4648,PFAI
RRV002_FREE_US_EQUITY_ALL_CAPABLE,4649,RECT
RRV002_FREE_US_EQUITY_ALL_CAPABLE,4650,ACFN
RRV002_FREE_US_EQUITY_ALL_CAPABLE,4651,FAC
RRV002_FREE_US_EQUITY_ALL_CAPABLE,4652,GJS
RRV002_FREE_US_EQUITY_ALL_CAPABLE,4653,AAPG
RRV002_FREE_US_EQUITY_ALL_CAPABLE,4654,SPKL
RRV002_FREE_US_EQUITY_ALL_CAPABLE,4655,APAC
RRV002_FREE_US_EQUITY_ALL_CAPABLE,4656,GJT
RRV002_FREE_US_EQUITY_ALL_CAPABLE,4657,AVAT
RRV002_FREE_US_EQUITY_ALL_CAPABLE,4658,BLIV
RRV002_FREE_US_EQUITY_ALL_CAPABLE,4659,VRXA
RRV002_FREE_US_EQUITY_ALL_CAPABLE,4660,EXOZ
RRV002_FREE_US_EQUITY_ALL_CAPABLE,4661,GJH
RRV002_FREE_US_EQUITY_ALL_CAPABLE,4662,DGICB
RRV002_FREE_US_EQUITY_ALL_CAPABLE,4663,TMS
RRV002_FREE_US_EQUITY_ALL_CAPABLE,4664,SIM
RRV002_FREE_US_EQUITY_ALL_CAPABLE,4665,HVII
RRV002_FREE_US_EQUITY_ALL_CAPABLE,4666,FRMEP
RRV002_FREE_US_EQUITY_ALL_CAPABLE,4667,HCMA
RRV002_FREE_US_EQUITY_ALL_CAPABLE,4668,GJO
RRV002_FREE_US_EQUITY_ALL_CAPABLE,4669,SBXD
RRV002_FREE_US_EQUITY_ALL_CAPABLE,4670,PDCC
RRV002_FREE_US_EQUITY_ALL_CAPABLE,4671,DAAQ
RRV002_FREE_US_EQUITY_ALL_CAPABLE,4672,UCFI
RRV002_FREE_US_EQUITY_ALL_CAPABLE,4673,EHLD
RRV002_FREE_US_EQUITY_ALL_CAPABLE,4674,GYRO
RRV002_FREE_US_EQUITY_ALL_CAPABLE,4675,OACC
RRV002_FREE_US_EQUITY_ALL_CAPABLE,4676,NEN
RRV002_FREE_US_EQUITY_ALL_CAPABLE,4677,BOWN
RRV002_FREE_US_EQUITY_ALL_CAPABLE,4678,DRDB
RRV002_FREE_US_EQUITY_ALL_CAPABLE,4679,AFJK
RRV002_FREE_US_EQUITY_ALL_CAPABLE,4680,IBAC
RRV002_FREE_US_EQUITY_ALL_CAPABLE,4681,WSBK
RRV002_FREE_US_EQUITY_ALL_CAPABLE,4682,PCAP
RRV002_FREE_US_EQUITY_ALL_CAPABLE,4683,KELYB
RRV002_FREE_US_EQUITY_ALL_CAPABLE,4684,BACC
RRV002_FREE_US_EQUITY_ALL_CAPABLE,4685,IOR
RRV002_FREE_US_EQUITY_ALL_CAPABLE,4686,PMTR
RRV002_FREE_US_EQUITY_ALL_CAPABLE,4687,MAYS
RRV002_FREE_US_EQUITY_ALL_CAPABLE,4688,POLE
RRV002_FREE_US_EQUITY_ALL_CAPABLE,4689,TONT
RRV002_FREE_US_EQUITY_ALL_CAPABLE,4690,PONO
RRV002_FREE_US_EQUITY_ALL_CAPABLE,4691,GTEN
RRV002_FREE_US_EQUITY_ALL_CAPABLE,4692,MACI
RRV002_FREE_US_EQUITY_ALL_CAPABLE,4693,DMAA
RRV002_FREE_US_EQUITY_ALL_CAPABLE,4694,LFAC
RRV002_FREE_US_EQUITY_ALL_CAPABLE,4695,SIMA
RRV002_FREE_US_EQUITY_ALL_CAPABLE,4696,LPAA
RRV002_FREE_US_EQUITY_ALL_CAPABLE,4697,BPAC
RRV002_FREE_US_EQUITY_ALL_CAPABLE,4698,JATT
RRV002_FREE_US_EQUITY_ALL_CAPABLE,4699,GPAT
RRV002_FREE_US_EQUITY_ALL_CAPABLE,4700,IPCX
RRV002_FREE_US_EQUITY_ALL_CAPABLE,4701,ALDF
RRV002_FREE_US_EQUITY_ALL_CAPABLE,4702,KFII
RRV002_FREE_US_EQUITY_ALL_CAPABLE,4703,LPBB
RRV002_FREE_US_EQUITY_ALL_CAPABLE,4704,SLBT
RRV002_FREE_US_EQUITY_ALL_CAPABLE,4705,BMHL
RRV002_FREE_US_EQUITY_ALL_CAPABLE,4706,PLMK
RRV002_FREE_US_EQUITY_ALL_CAPABLE,4707,GJP
RRV002_FREE_US_EQUITY_ALL_CAPABLE,4708,RFAI
RRV002_FREE_US_EQUITY_ALL_CAPABLE,4709,DTSQ
RRV002_FREE_US_EQUITY_ALL_CAPABLE,4710,RDAC
RRV002_FREE_US_EQUITY_ALL_CAPABLE,4711,RDAG
RRV002_FREE_US_EQUITY_ALL_CAPABLE,4712,LBTYB
RRV002_FREE_US_EQUITY_ALL_CAPABLE,4713,QETA
RRV002_FREE_US_EQUITY_ALL_CAPABLE,4714,JACS
RRV002_FREE_US_EQUITY_ALL_CAPABLE,4715,MBBC
RRV002_FREE_US_EQUITY_ALL_CAPABLE,4716,SOUL
RRV002_FREE_US_EQUITY_ALL_CAPABLE,4717,WLYB
RRV002_FREE_US_EQUITY_ALL_CAPABLE,4718,COPL
RRV002_FREE_US_EQUITY_ALL_CAPABLE,4719,TAVI
RRV002_FREE_US_EQUITY_ALL_CAPABLE,4720,FERA
RRV002_FREE_US_EQUITY_ALL_CAPABLE,4721,CAPN
RRV002_FREE_US_EQUITY_ALL_CAPABLE,4722,TACH
RRV002_FREE_US_EQUITY_ALL_CAPABLE,4723,CHAR
RRV002_FREE_US_EQUITY_ALL_CAPABLE,4724,BKHA
RRV002_FREE_US_EQUITY_ALL_CAPABLE,4725,FVN
RRV002_FREE_US_EQUITY_ALL_CAPABLE,4726,PGAC
RRV002_FREE_US_EQUITY_ALL_CAPABLE,4727,NTWO
RRV002_FREE_US_EQUITY_ALL_CAPABLE,4728,SDHI
RRV002_FREE_US_EQUITY_ALL_CAPABLE,4729,FSHP
RRV002_FREE_US_EQUITY_ALL_CAPABLE,4730,QSEA
RRV002_FREE_US_EQUITY_ALL_CAPABLE,4731,JENA
RRV002_FREE_US_EQUITY_ALL_CAPABLE,4732,NOEM
RRV002_FREE_US_EQUITY_ALL_CAPABLE,4733,LCCC
RRV002_FREE_US_EQUITY_ALL_CAPABLE,4734,WTG
