asset_id,symbol,exchange,first_available_bar_date,last_available_bar_date,daily_bar_count,usable_bar_count,missing_bar_count,zero_or_missing_volume_count,coverage_percentage,usable_for_csm_start_date,csm_history_capable
7595a8d2-68a6-46d7-910c-6b1958491f5c,A,NYSE,2021-01-04,2026-08-11,1405,1405,2,2,0.9985785358919688,2022-01-03,YES
3ca0202f-01f4-41a0-bb0c-c8864e767ebd,AA,NYSE,2021-01-04,2026-08-11,1405,1405,2,2,0.9985785358919688,2022-01-03,YES
94a40e74-7e95-44e1-8c3d-8a9b0d208503,AACB,NASDAQ,2025-04-07,2026-08-11,338,29,1069,1378,0.24022743425728502,,NO
57e8d33e-1cbc-4715-9159-5688cba1ef19,AACI,NASDAQ,2021-11-11,2026-08-11,1052,173,355,1234,0.7476901208244492,2022-11-16,YES
ba73c5ed-0016-45d1-a7c8-62a0381b963b,AACO,NASDAQ,2026-04-14,2026-08-11,83,2,1324,1405,0.058990760483297794,,NO
7a30d695-761d-48ad-8e84-8e6948468c49,AACP,NASDAQ,2026-05-28,2026-08-11,52,12,1355,1395,0.03695806680881308,,NO
c7c1a847-5c4f-4839-a7b2-a945df9bf88e,AADX,NYSE,2026-06-03,2026-08-11,48,48,1359,1359,0.03411513859275053,,NO
41b54729-8470-4593-be38-b3a681871f81,AAL,NASDAQ,2021-01-04,2026-08-11,1407,1407,0,0,1.0,2022-01-03,YES
66120c4a-e8d8-46d9-a044-efb573abbc7a,AAME,NASDAQ,2021-01-05,2026-08-11,1227,493,180,914,0.8720682302771855,2022-01-14,YES
d13ff42b-699a-448a-b744-5bb2d170b9c2,AAMI,NYSE,2021-01-04,2026-08-11,1404,1404,3,3,0.997867803837953,2022-01-03,YES
16a4a26f-e78e-4e9f-8438-b6fe63aa861d,AAOI,NASDAQ,2021-01-04,2026-08-11,1407,1406,0,1,1.0,2022-01-03,YES
85e18d9a-652b-49f6-87fd-841d571602df,AAON,NASDAQ,2021-01-04,2026-08-11,1407,1407,0,0,1.0,2022-01-03,YES
8c14dacf-c722-437a-b798-4b00842e7072,AAP,NYSE,2021-01-04,2026-08-11,1405,1405,2,2,0.9985785358919688,2022-01-03,YES
5f2f64bf-844c-4b5a-849b-e1b302a9db6d,AAPG,NASDAQ,2025-01-24,2026-08-11,388,117,1019,1290,0.2757640369580668,2026-02-10,YES
b0b6dd9d-8b9b-48a9-ba46-b9d54906e415,AAPL,NASDAQ,2021-01-04,2026-08-11,1407,1407,0,0,1.0,2022-01-03,YES
91a4d574-32bc-4b1e-a88f-c5b8ec9e6ca7,AARD,NASDAQ,2025-02-13,2026-08-11,374,357,1033,1050,0.2658137882018479,2026-02-17,YES
33a1e434-1d33-4e0f-989f-ceabbc9592ac,AAUC,NYSE,2025-06-10,2026-08-11,294,289,1113,1118,0.208955223880597,2026-06-11,YES
50b58aef-2843-4a52-8a21-60b9f23cf5da,AB,NYSE,2021-01-04,2026-08-11,1405,1404,2,3,0.9985785358919688,2022-01-03,YES
f4c872be-0acf-49c1-b1b1-41255309ce11,ABAT,NASDAQ,2023-09-21,2026-08-11,724,724,683,683,0.5145700071073206,2024-09-23,YES
09a51104-980a-47b6-ad4d-e4f04059be4a,ABBV,NYSE,2021-01-04,2026-08-11,1405,1405,2,2,0.9985785358919688,2022-01-03,YES
0b666f8b-ad53-4c8e-b200-a47693ab24bf,ABCB,NYSE,2021-01-04,2026-08-11,1407,1407,0,0,1.0,2022-01-03,YES
2652df43-e5bd-4504-80f2-4d4d672090bd,ABCL,NASDAQ,2021-01-04,2026-08-11,1407,1407,0,0,1.0,2022-01-03,YES
6d35b483-0aee-4113-9724-8af3157cb72f,ABEO,NASDAQ,2021-01-04,2026-08-11,1404,1397,3,10,0.997867803837953,2022-01-03,YES
38515140-4e0e-4ec4-bb1b-0c2994491efc,ABEV,NYSE,2021-01-04,2026-08-11,1405,1405,2,2,0.9985785358919688,2022-01-03,YES
fd7ecda8-13ff-43e3-81cd-50a95a5f3bc9,ABG,NYSE,2021-01-04,2026-08-11,1405,1404,2,3,0.9985785358919688,2022-01-03,YES
70836657-1936-415a-86c3-648aad919b47,ABLV,NASDAQ,2023-02-09,2026-08-11,878,303,529,1104,0.6240227434257285,2024-02-22,YES
6b84cb5b-cd55-4951-bc51-2adc2929571d,ABM,NYSE,2021-01-04,2026-08-11,1405,1405,2,2,0.9985785358919688,2022-01-03,YES
403113aa-7838-4345-dd32-d63a5f9da70b,ABNB,NASDAQ,2021-01-04,2026-08-11,1407,1407,0,0,1.0,2022-01-03,YES
25419c82-8fd5-44b7-a6c5-a29c292c8f1b,ABOS,NASDAQ,2021-07-01,2026-08-11,1282,1280,125,127,0.9111584932480455,2022-07-01,YES
ddc3a7ce-23a9-4d94-8042-22b6b5fac1f5,ABSI,NASDAQ,2021-07-22,2026-08-11,1269,1269,138,138,0.9019189765458422,2022-07-22,YES
a097c03a-7ebe-4de6-b729-a82370cd2a6e,ABT,NYSE,2021-01-04,2026-08-11,1405,1405,2,2,0.9985785358919688,2022-01-03,YES
d30b2bee-298c-4f5c-b4bc-1cb58fe47fcb,ABTC,NASDAQ,2021-01-04,2026-08-11,1401,1333,6,74,0.9957356076759062,2022-01-03,YES
ac93c119-c43a-4fa4-9e84-e6357756edc4,ABTS,NASDAQ,2021-01-05,2026-08-11,1374,831,33,576,0.976545842217484,2022-01-04,YES
0f148c0c-7f48-4453-ad89-379f25c3cfea,ABUS,NASDAQ,2021-01-04,2026-08-11,1407,1407,0,0,1.0,2022-01-03,YES
0925232d-fb28-467e-8c08-c1a83578408f,ABVC,NASDAQ,2021-08-03,2026-08-11,1224,1022,183,385,0.8699360341151386,2022-08-03,YES
bfea535d-14c9-4fbb-b0bb-bf16f5415d76,ABX,NYSE,2021-01-04,2026-08-11,1197,955,210,452,0.8507462686567164,2022-01-03,YES
34413a95-ef4a-4a33-97cb-7a852a93dac6,ACA,NYSE,2021-01-04,2026-08-11,1405,1405,2,2,0.9985785358919688,2022-01-03,YES
22eb4901-41cc-4a8d-bc44-43669f226b36,ACAA,NASDAQ,2026-04-14,2026-08-11,83,7,1324,1400,0.058990760483297794,,NO
739b64f4-2873-48f9-99a8-fcc2977cd19a,ACAD,NASDAQ,2021-01-04,2026-08-11,1406,1406,1,1,0.9992892679459844,2022-01-03,YES
ae2ee160-8d1f-4eb4-b294-11fb7b75d927,ACB,NASDAQ,2021-01-04,2026-08-11,1406,1406,1,1,0.9992892679459844,2022-01-03,YES
c5b34343-856a-4ba9-acfb-4fbbe796d6f3,ACCL,NASDAQ,2025-10-17,2026-08-11,204,103,1203,1304,0.14498933901918976,,NO
681115d1-0667-442c-aa0b-c46e79ec5424,ACCO,NYSE,2021-01-04,2026-08-11,1405,1405,2,2,0.9985785358919688,2022-01-03,YES
4302f6f9-a8b0-4dbe-9f6b-72a6e4b38723,ACCS,AMEX,2021-01-04,2026-08-11,1297,800,110,607,0.92181947405828,2022-01-03,YES
2ebe720d-f179-4855-8c03-0eca71c13030,ACDC,NASDAQ,2022-05-13,2026-08-11,1064,1064,343,343,0.7562189054726368,2023-05-16,YES
ca05c7af-bccb-4818-9c4f-3d1947b04cd9,ACEL,NYSE,2021-01-04,2026-08-11,1405,1405,2,2,0.9985785358919688,2022-01-03,YES
2072901a-ab82-4531-bb92-596cd420a40b,ACET,NASDAQ,2021-01-04,2026-08-11,1406,1403,1,4,0.9992892679459844,2022-01-03,YES
6e7cf729-a99c-43df-bf93-642e98bc3359,ACFN,NASDAQ,2025-07-24,2026-08-11,264,122,1143,1285,0.18763326226012794,2026-07-27,YES
a9872106-e623-4dc7-9c19-725086353459,ACGC,NASDAQ,2026-05-28,2026-08-11,52,13,1355,1394,0.03695806680881308,,NO
c42feb70-c4a1-48a3-869b-d94eb3998f6e,ACGL,NASDAQ,2021-01-04,2026-08-11,1407,1407,0,0,1.0,2022-01-03,YES
928a9ce6-11ec-4692-9b71-3c6a06f5f2ff,ACH,NYSE,2021-01-04,2026-08-11,1404,1404,3,3,0.997867803837953,2022-01-03,YES
ab41d7a3-9cb3-47a3-bd32-3db84a6d4806,ACHC,NASDAQ,2021-01-04,2026-08-11,1407,1407,0,0,1.0,2022-01-03,YES
7137e75b-df3b-48d3-9f1c-5750ae9dfb93,ACHR,NYSE,2021-01-04,2026-08-11,1404,1404,3,3,0.997867803837953,2022-01-03,YES
7b73b6ff-3413-46ce-91cc-79f886694810,ACHV,NASDAQ,2021-01-04,2026-08-11,1397,1353,10,54,0.9928926794598436,2022-01-03,YES
e6afb8f5-64ff-4a09-8bf7-e2ba891e0ae8,ACI,NYSE,2021-01-04,2026-08-11,1405,1405,2,2,0.9985785358919688,2022-01-03,YES
fbe1444b-7cab-4445-b587-41ee33a1612f,ACIC,NASDAQ,2021-01-04,2026-08-11,1401,1364,6,43,0.9957356076759062,2022-01-03,YES
ca10bf40-6b75-4e5f-9301-e753876c9b9f,ACIU,NASDAQ,2021-01-04,2026-08-11,1406,1367,1,40,0.9992892679459844,2022-01-03,YES
0f0cb890-5126-41a8-8755-b6ee60b6bb0e,ACIW,NASDAQ,2021-01-04,2026-08-11,1407,1407,0,0,1.0,2022-01-03,YES
82ea58a2-4bf9-424d-b00a-c718f7e07836,ACLS,NASDAQ,2021-01-04,2026-08-11,1407,1407,0,0,1.0,2022-01-03,YES
d3b26730-a352-406c-95a7-502a8b1c40bc,ACM,NYSE,2021-01-04,2026-08-11,1405,1405,2,2,0.9985785358919688,2022-01-03,YES
12774bd5-d688-43b4-b4eb-faea73c7d0fa,ACMR,NASDAQ,2021-01-04,2026-08-11,1407,1407,0,0,1.0,2022-01-03,YES
6eace613-5882-4eca-8635-d1c41ee9e260,ACN,NYSE,2021-01-04,2026-08-11,1405,1405,2,2,0.9985785358919688,2022-01-03,YES
f7e8f62d-264e-4ec2-b64b-e9328f189621,ACNB,NASDAQ,2021-01-04,2026-08-11,1304,910,103,497,0.9267945984363894,2022-01-03,YES
d740f981-cda8-4ad4-9eba-3e3351644cb5,ACNT,NASDAQ,2021-01-04,2026-08-11,1316,1040,91,367,0.9353233830845771,2022-01-03,YES
9c825138-9fcf-4611-8598-80f63d692554,ACOG,NASDAQ,2024-11-12,2026-08-11,436,400,971,1007,0.30987917555081734,2025-11-14,YES
5685e29c-2b79-463c-9e72-68967a51164c,ACON,NASDAQ,2022-04-22,2026-08-11,1064,739,343,668,0.7562189054726368,2023-04-26,YES
452a0c9e-c37a-4b22-97f5-a6fc9a1d5a0d,ACR,NYSE,2021-01-04,2026-08-11,1365,984,42,423,0.9701492537313433,2022-01-03,YES
dedf640f-d82d-4ba2-816d-ed2e60e25d05,ACRE,NYSE,2021-01-04,2026-08-11,1405,1405,2,2,0.9985785358919688,2022-01-03,YES
3a353cfc-aca3-470a-b987-588e1f4a9751,ACRS,NASDAQ,2021-01-04,2026-08-11,1407,1407,0,0,1.0,2022-01-03,YES
4f972d18-24b2-46b3-a7a9-e9d7bc8c907e,ACRV,NASDAQ,2022-11-15,2026-08-11,936,839,471,568,0.6652452025586354,2023-11-16,YES
d1211737-a61a-434e-a3a1-fb8babdb87d6,ACT,NASDAQ,2021-09-16,2026-08-11,1230,1230,177,177,0.8742004264392325,2022-09-16,YES
057ad2b8-3ab2-4a77-90af-a7ecced9fc92,ACTG,NASDAQ,2021-01-04,2026-08-11,1407,1405,0,2,1.0,2022-01-03,YES
bd4cf004-3bd9-4374-85c9-eef9ca7cc75c,ACTU,NASDAQ,2024-08-13,2026-08-11,500,440,907,967,0.35536602700781805,2025-08-15,YES
88a56b45-2db5-49e7-8558-c0b95f23d5a4,ACVA,NYSE,2021-03-24,2026-08-11,1352,1351,55,56,0.9609097370291401,2022-03-23,YES
57ad4f96-1a68-463b-b776-63125da9f182,ACXP,NASDAQ,2021-06-25,2026-08-11,1183,997,224,410,0.8407960199004975,2022-06-30,YES
49704554-3c47-4175-b52c-1019b09ed904,AD,NYSE,2021-01-04,2026-08-11,1403,1403,4,4,0.9971570717839374,2022-01-03,YES
514c9567-356b-4f6a-aec8-8b3c7f1a7241,ADAC,NASDAQ,2026-02-11,2026-08-11,125,9,1282,1398,0.08884150675195451,,NO
2ac633b5-b3a7-4ba6-975d-f0f1e12dd1e4,ADBE,NASDAQ,2021-01-04,2026-08-11,1407,1407,0,0,1.0,2022-01-03,YES
165eb374-e115-4dfe-9da7-5963c4056890,ADC,NYSE,2021-01-04,2026-08-11,1405,1405,2,2,0.9985785358919688,2022-01-03,YES
ceae9986-29f0-493a-8919-3d370b35912a,ADCT,NYSE,2021-01-04,2026-08-11,1405,1404,2,3,0.9985785358919688,2022-01-03,YES
57898509-67e0-43e1-9dd3-33839d6401f2,ADEA,NASDAQ,2021-01-04,2026-08-11,1407,1407,0,0,1.0,2022-01-03,YES
a42106f2-bb9f-47ea-b6ba-4bcdf0b221e9,ADGM,NASDAQ,2021-02-26,2026-08-11,1152,583,255,824,0.8187633262260128,2022-03-16,YES
e72fbd29-be6b-43c2-80c6-b6e80d5b23db,ADI,NASDAQ,2021-01-04,2026-08-11,1407,1407,0,0,1.0,2022-01-03,YES
dc37b944-b9e1-4a57-911c-586bb4ee2154,ADIG,NYSE,2026-08-04,2026-08-11,6,6,1401,1401,0.0042643923240938165,,NO
8cc066c7-5d4c-4205-b7f7-fa4941bdfa7a,ADIL,NASDAQ,2021-01-04,2026-08-11,1388,1117,19,290,0.9864960909737029,2022-01-03,YES
41e7c72d-bf5f-4ff9-9813-387ef5038cf3,ADM,NYSE,2021-01-04,2026-08-11,1405,1405,2,2,0.9985785358919688,2022-01-03,YES
8ece6223-c699-4d88-b50f-4170ed6fd724,ADMA,NASDAQ,2021-01-04,2026-08-11,1407,1407,0,0,1.0,2022-01-03,YES
05879615-cbcd-48a5-b485-92a524b5d3e8,ADNT,NYSE,2021-01-04,2026-08-11,1405,1405,2,2,0.9985785358919688,2022-01-03,YES
6ca2e51d-21df-4ff0-a134-abfdbe084142,ADP,NASDAQ,2021-01-04,2026-08-11,1407,1407,0,0,1.0,2022-01-03,YES
6e1ee27c-582e-4d0c-bf03-9dbb4f6cef6a,ADPT,NASDAQ,2021-01-04,2026-08-11,1407,1407,0,0,1.0,2022-01-03,YES
a21ecb08-ff55-4c19-94d3-a8d607d91be8,ADSK,NASDAQ,2021-01-04,2026-08-11,1407,1407,0,0,1.0,2022-01-03,YES
89250558-f610-43ad-984d-bf8e8543f6a4,ADT,NYSE,2021-01-04,2026-08-11,1405,1405,2,2,0.9985785358919688,2022-01-03,YES
a18a1262-cfa0-4e86-a555-c885e7b87e5a,ADTN,NASDAQ,2021-01-04,2026-08-11,1407,1407,0,0,1.0,2022-01-03,YES
da8d7282-9815-4557-88b8-d7327775e46b,ADUR,NASDAQ,2024-11-07,2026-08-11,439,423,968,984,0.31201137171286425,2025-11-11,YES
1099a725-d87f-4e76-916c-2121e03bd592,ADUS,NASDAQ,2021-01-04,2026-08-11,1407,1406,0,1,1.0,2022-01-03,YES
2cc5ff82-fd0c-4c65-881c-ad748298d42a,ADV,NASDAQ,2021-01-04,2026-08-11,1407,1407,0,0,1.0,2022-01-03,YES
ff925deb-27f7-402c-8bd1-9c74ea92c85b,ADVB,NASDAQ,2025-03-06,2026-08-11,360,235,1047,1172,0.255863539445629,2026-03-17,YES
4d104fe1-7c24-40f3-9637-58391f2285db,AEAQ,NASDAQ,2026-02-13,2026-08-11,123,9,1284,1398,0.08742004264392324,,NO
5ffc5640-8113-4b74-ae05-713d76d6ea8b,AEBI,NASDAQ,2025-07-02,2026-08-11,279,279,1128,1128,0.19829424307036247,2026-07-06,YES
976a8ea6-16a1-4fd2-9955-528cfb5e9146,AEC,NASDAQ,2025-09-18,2026-08-11,225,203,1182,1204,0.15991471215351813,,NO
98ce4784-3b9a-4a4f-88ec-f2db2f1e8961,AEE,NYSE,2021-01-04,2026-08-11,1405,1405,2,2,0.9985785358919688,2022-01-03,YES
df6b5e7d-ea5e-4670-b2a0-3a107d748bf3,AEG,NYSE,2021-01-04,2026-08-11,1405,1405,2,2,0.9985785358919688,2022-01-03,YES
942f448b-1df1-4ad7-9a4e-4e3f868ca4bc,AEHL,NASDAQ,2021-01-04,2026-08-11,1331,1074,76,333,0.9459843638948117,2022-01-03,YES
93cb6292-56c4-4531-b65e-e92e1dc9d0e5,AEHR,NASDAQ,2021-01-04,2026-08-11,1401,1401,6,6,0.9957356076759062,2022-01-03,YES
4697c17b-8020-401e-8fc5-e4152489fd73,AEI,NASDAQ,2021-01-04,2026-08-11,1400,1027,7,380,0.9950248756218906,2022-01-03,YES
80149eab-4700-4a98-ba25-2fff713c38ca,AEIS,NASDAQ,2021-01-04,2026-08-11,1407,1407,0,0,1.0,2022-01-03,YES
0610e7b1-1113-47f5-bc4b-971e0bd5cce4,AEM,NYSE,2021-01-04,2026-08-11,1405,1405,2,2,0.9985785358919688,2022-01-03,YES
9f12aa38-030f-406d-937e-9d9fe46e1dad,AEMD,NASDAQ,2021-01-04,2026-08-11,1345,1079,62,328,0.9559346126510305,2022-01-03,YES
9e916ac1-a26d-4044-964c-ea7b987e8a52,AENT,NASDAQ,2021-04-01,2026-08-11,1045,738,362,669,0.7427149964463398,2022-04-01,YES
be507550-631b-4803-b496-107adf9dd698,AEO,NYSE,2021-01-04,2026-08-11,1405,1405,2,2,0.9985785358919688,2022-01-03,YES
eaf11ce5-3ff2-49ec-8a4f-65e73403195d,AEON,AMEX,2021-04-14,2026-08-11,1082,807,325,600,0.7690120824449183,2022-06-08,YES
90e9c946-6323-49a4-be69-116f04fec288,AEP,NASDAQ,2021-01-04,2026-08-11,1407,1407,0,0,1.0,2022-01-03,YES
34ed070f-b027-4163-9fd8-68cf19df451b,AER,NYSE,2021-01-04,2026-08-11,1405,1405,2,2,0.9985785358919688,2022-01-03,YES
6012784e-bec5-471c-8493-d9b35821481a,AERT,NASDAQ,2021-12-22,2026-08-11,1039,565,368,842,0.738450604122246,2022-12-22,YES
13488509-3dd7-4e28-9ede-1531dc353354,AES,NYSE,2021-01-04,2026-08-11,1405,1405,2,2,0.9985785358919688,2022-01-03,YES
08aae246-03b9-4954-b604-1832c55343e7,AESI,NYSE,2023-03-09,2026-08-11,859,859,548,548,0.6105188343994314,2024-03-11,YES
fdd65236-5d71-4981-9e93-3dbc1678b773,AESP,NASDAQ,2026-07-02,2026-08-11,28,8,1379,1399,0.01990049751243781,,NO
320f6c7a-687f-46e4-b82b-8512dc4ccf2f,AEVA,NASDAQ,2021-01-04,2026-08-11,1404,1402,3,5,0.997867803837953,2022-01-03,YES
5ca2b5bc-cdf5-4af7-b23b-9069fb6bde59,AEXA,NYSE,2025-09-26,2026-08-11,219,216,1188,1191,0.15565031982942432,,NO
8d2d7604-d0b5-4cc4-8934-e66169e8baad,AEYE,NASDAQ,2021-01-04,2026-08-11,1383,1254,24,153,0.9829424307036247,2022-01-03,YES
fe9317e8-465c-44d1-bcdc-27d00427641a,AFCG,NASDAQ,2021-03-19,2026-08-11,1355,1343,52,64,0.9630419331911869,2022-03-18,YES
f3932bee-ebd2-4962-8717-6511f2125275,AFG,NYSE,2021-01-04,2026-08-11,1404,1404,3,3,0.997867803837953,2022-01-03,YES
1d12227b-cf3e-4a29-a9c0-c76adf6e7c2b,AFGB,NYSE,2021-01-06,2026-08-11,1171,474,236,933,0.8322672352523098,2022-01-05,YES
5790f8c4-57a3-45e7-9a93-4489fb7f6638,AFGC,NYSE,2021-01-04,2026-08-11,1162,547,245,860,0.8258706467661692,2022-01-10,YES
ad101d89-e1d2-49ad-9281-51d9ff0c7202,AFGD,NYSE,2021-01-05,2026-08-11,1166,492,241,915,0.8287135749822317,2022-01-10,YES
86c589ba-c849-414b-bc7d-dfbdba812c57,AFGE,NYSE,2021-01-07,2026-08-11,1105,437,302,970,0.7853589196872779,2022-01-12,YES
847cc6c6-328e-49fd-a04b-01eed814b50a,AFJK,NASDAQ,2024-01-22,2026-08-11,641,80,766,1327,0.45557924662402277,2025-02-03,YES
25335910-dc9d-45fe-bc65-dc6b0ff5e2f4,AFL,NYSE,2021-01-04,2026-08-11,1404,1404,3,3,0.997867803837953,2022-01-03,YES
c478aba0-d95c-4b6f-8d41-87de1060a076,AFRI,NASDAQ,2021-02-05,2026-08-11,1142,595,265,812,0.8116560056858564,2022-02-04,YES
8712d117-2751-4642-9d69-66c0b6a0e780,AFRM,NASDAQ,2021-01-13,2026-08-11,1400,1400,7,7,0.9950248756218906,2022-01-12,YES
ad100351-19bb-4ce4-bcaa-46b7d5cf2cb4,AFYA,NASDAQ,2021-01-04,2026-08-11,1407,1406,0,1,1.0,2022-01-03,YES
36913529-0b3c-4349-8360-e266720c49a2,AG,NYSE,2021-01-04,2026-08-11,1404,1404,3,3,0.997867803837953,2022-01-03,YES
496f9c1a-14f2-401f-97ef-4dc1e05cd9b7,AGBK,NYSE,2026-02-11,2026-08-11,125,125,1282,1282,0.08884150675195451,,NO
50b5e9e4-2676-46e0-a53d-f1b16c127e6e,AGCC,NASDAQ,2025-10-22,2026-08-11,201,177,1206,1230,0.14285714285714285,,NO
bfc3650e-2637-4080-90bf-8c235aa78774,AGCO,NYSE,2021-01-04,2026-08-11,1404,1404,3,3,0.997867803837953,2022-01-03,YES
177c72c9-99a2-4c98-96cc-c782f83dd45d,AGEN,NASDAQ,2021-01-04,2026-08-11,1407,1407,0,0,1.0,2022-01-03,YES
0d3076c3-d05c-4930-93ed-cc634512af40,AGI,NYSE,2021-01-04,2026-08-11,1404,1404,3,3,0.997867803837953,2022-01-03,YES
d7e4d334-ef01-4760-8bfe-ab76d6bfc2e6,AGIG,AMEX,2021-01-04,2026-08-11,1368,1323,39,84,0.9722814498933902,2022-01-04,YES
00f336cc-8448-4c78-aba4-be5e38b4b102,AGIO,NASDAQ,2021-01-04,2026-08-11,1407,1407,0,0,1.0,2022-01-03,YES
76ab3f85-6bf3-444a-a27c-6587d7bee2a1,AGL,NYSE,2021-04-15,2026-08-11,1334,1334,73,73,0.9481165600568585,2022-04-13,YES
b954684f-bd77-4f2d-a885-ba23bcacaeb8,AGM,NYSE,2021-01-04,2026-08-11,1394,1321,13,86,0.9907604832977968,2022-01-03,YES
0396f1c1-51bc-4c5a-9001-72a88ce51dc4,AGMH,NASDAQ,2021-01-04,2026-08-11,1284,803,123,604,0.9125799573560768,2022-01-03,YES
7c719276-2ed5-4cec-a0f8-1a74c5dc484f,AGNC,NASDAQ,2021-01-04,2026-08-11,1407,1407,0,0,1.0,2022-01-03,YES
8b38e07c-1b9e-49f7-a4e7-aa597b799146,AGNT,NASDAQ,2021-01-04,2026-08-11,1407,1407,0,0,1.0,2022-01-03,YES
38e7f438-3375-4b6b-939d-f2d20d787799,AGO,NYSE,2021-01-04,2026-08-11,1404,1404,3,3,0.997867803837953,2022-01-03,YES
d644c750-748b-4522-8aa6-17b19c018c3d,AGPU,NASDAQ,2021-01-05,2026-08-11,1389,1144,18,263,0.9872068230277186,2022-01-05,YES
3fd9b547-db79-4b47-a6bf-8b633d85cccf,AGRO,NYSE,2021-01-04,2026-08-11,1404,1404,3,3,0.997867803837953,2022-01-03,YES
ba9b180d-e3f4-4e37-95bb-13f660603114,AGRZ,NASDAQ,2025-10-01,2026-08-11,216,179,1191,1228,0.1535181236673774,,NO
59a754e4-e566-43e2-ac4f-35f4f674f9b0,AGX,NYSE,2021-01-04,2026-08-11,1403,1401,4,6,0.9971570717839374,2022-01-03,YES
b45e789e-a06e-4864-a5e9-0f0daa5d613a,AGYS,NASDAQ,2021-01-04,2026-08-11,1407,1406,0,1,1.0,2022-01-03,YES
54583565-a561-472d-85de-a2a30470af64,AHCO,NASDAQ,2021-01-04,2026-08-11,1407,1407,0,0,1.0,2022-01-03,YES
d1775d03-093a-4e5a-aea8-1002e448eae4,AHMA,NASDAQ,2025-10-21,2026-08-11,202,177,1205,1230,0.1435678749111585,,NO
e9e567d4-a59a-44a2-8b27-d3dec0ce67ab,AHR,NYSE,2024-02-07,2026-08-11,629,629,778,778,0.4470504619758351,2025-02-10,YES
5c7ab212-95bc-489b-ad35-7b63ad1cc0b8,AI,NYSE,2021-01-04,2026-08-11,1404,1404,3,3,0.997867803837953,2022-01-03,YES
c6e67875-5994-42bd-9aaa-3bf9f537413c,AIAI,NASDAQ,2026-05-14,2026-08-11,61,60,1346,1347,0.0433546552949538,,NO
28ef66ec-d92d-478b-9bab-80a589f09d25,AIB,AMEX,2022-02-24,2026-08-11,559,142,848,1265,0.39729921819474057,2023-04-05,YES
9f568cd6-e43f-4ae8-8042-491b7ba2f05b,AIBZ,NASDAQ,2026-06-09,2026-08-11,44,44,1363,1363,0.03127221037668799,,NO
a6713b29-7bb6-4c8a-96f8-7ab2dd1b0b23,AIDX,NASDAQ,2026-02-19,2026-08-11,120,85,1287,1322,0.08528784648187633,,NO
9115983c-4ed6-4043-9a61-f65ec6bcc8ec,AIFA,NASDAQ,2021-01-04,2026-08-11,1379,1062,28,345,0.9800995024875622,2022-01-03,YES
d1c4b955-813f-40ad-b970-1eadb3687096,AIFC,NASDAQ,2021-01-04,2026-08-11,1356,1172,51,235,0.9637526652452025,2022-01-04,YES
45493508-1c78-4693-bde2-83921ad223f1,AIFF,NASDAQ,2021-11-29,2026-08-11,1171,891,236,516,0.8322672352523098,2022-11-29,YES
e1631152-84be-46d9-ab94-b4d61468a9fc,AIFU,NASDAQ,2021-01-04,2026-08-11,1394,1130,13,277,0.9907604832977968,2022-01-03,YES
1ca76fea-6487-4cde-a341-07517b3286a0,AIG,NYSE,2021-01-04,2026-08-11,1404,1404,3,3,0.997867803837953,2022-01-03,YES
b808ba69-61f6-4a44-97a9-7705182a71e4,AIHS,NASDAQ,2021-01-04,2026-08-11,1331,737,76,670,0.9459843638948117,2022-01-03,YES
51d23885-2d04-4531-b10f-0388bd2c9432,AII,NYSE,2025-05-08,2026-08-11,316,314,1091,1093,0.224591329068941,2026-05-11,YES
1081abad-186b-4c15-96b5-99694da6ff49,AIIA,NYSE,2025-11-25,2026-08-11,177,31,1230,1376,0.1257995735607676,,NO
3151f7ee-667c-43af-bb16-4b3c06c28c09,AIIO,NASDAQ,2021-01-05,2026-08-11,1290,1088,117,319,0.9168443496801706,2022-01-04,YES
486cba7d-6ab2-40c7-a529-1bc4a80e56a1,AIIR,NASDAQ,2026-05-20,2026-08-11,57,16,1350,1391,0.04051172707889126,,NO
b87e759b-e395-4428-8059-44bda5054edc,AIM,AMEX,2021-01-04,2026-08-11,1363,1134,44,273,0.968727789623312,2022-01-03,YES
8c396c31-54eb-4333-9dca-59ba3a4d8021,AIMD,NASDAQ,2022-08-09,2026-08-11,1005,666,402,741,0.7142857142857143,2023-08-11,YES
8d934924-6384-4e85-ba00-894cc0c42c6b,AIN,NYSE,2021-01-04,2026-08-11,1404,1404,3,3,0.997867803837953,2022-01-03,YES
117b86db-83ee-47c4-be59-b790f235b55b,AIOS,NASDAQ,2021-01-04,2026-08-11,1389,1060,18,347,0.9872068230277186,2022-01-03,YES
5979ee0a-0429-43d9-8050-09a5dd604dd3,AIOT,NASDAQ,2021-01-04,2026-08-11,1400,1369,7,38,0.9950248756218906,2022-01-03,YES
0f5d6f35-3003-4b0b-8773-c7952c219e30,AIP,NASDAQ,2021-10-27,2026-08-11,1200,1198,207,209,0.8528784648187633,2022-10-27,YES
5374cd41-8d77-4515-89d3-1947acd33e7b,AIR,NYSE,2021-01-04,2026-08-11,1404,1404,3,3,0.997867803837953,2022-01-03,YES
99cb22c8-5a74-4019-b2fc-d9b87d8a5487,AIRE,NASDAQ,2023-10-25,2026-08-11,700,649,707,758,0.4975124378109453,2024-10-25,YES
d57a439c-92b0-4953-9952-57c432b5ad9e,AIRG,NASDAQ,2021-01-04,2026-08-11,1404,1195,3,212,0.997867803837953,2022-01-03,YES
c04c503b-4a00-4713-b665-f805d5c2c180,AIRI,AMEX,2021-01-06,2026-08-11,1276,864,131,543,0.9068941009239516,2022-01-05,YES
fb161e1f-a23e-4200-8b12-228e854281b4,AIRJ,NASDAQ,2022-02-02,2026-08-11,1052,689,355,718,0.7476901208244492,2023-02-03,YES
5b4083f4-b283-4129-b605-bde41ba93823,AIRO,NASDAQ,2025-06-13,2026-08-11,291,291,1116,1116,0.2068230277185501,2026-06-16,YES
67658b71-3bfb-42f5-8fc9-3b3f6e13da07,AIRS,NASDAQ,2021-10-29,2026-08-11,1199,1187,208,220,0.8521677327647477,2022-10-31,YES
6324471d-d568-40f4-8a09-a5caa0c46b3c,AIRT,NASDAQ,2021-01-04,2026-08-11,1225,468,182,939,0.8706467661691543,2022-01-06,YES
a7193404-caeb-453a-8d7e-f8b8015e17a6,AISP,NASDAQ,2021-05-12,2026-08-11,1061,778,346,629,0.7540867093105899,2022-06-07,YES
e921e6ad-d446-4f92-b21e-a644a9f5add6,AIT,NYSE,2021-01-04,2026-08-11,1404,1404,3,3,0.997867803837953,2022-01-03,YES
20998f07-245e-4265-9521-5d2dd0b42b47,AIV,NYSE,2021-01-04,2026-08-11,1404,1404,3,3,0.997867803837953,2022-01-03,YES
f47bd162-033d-4ec3-bd84-760fa1d08c66,AIXC,NASDAQ,2021-01-04,2026-08-11,1355,1006,52,401,0.9630419331911869,2022-01-03,YES
85000f80-734c-4f0c-b20a-7b7c1e9ec200,AIZ,NYSE,2021-01-04,2026-08-11,1404,1404,3,3,0.997867803837953,2022-01-03,YES
661531e0-6ce1-4238-b3d7-7247ddf8a99c,AJG,NYSE,2021-01-04,2026-08-11,1404,1404,3,3,0.997867803837953,2022-01-03,YES
8adce423-ee4a-4291-9833-316f982e2bf3,AKA,NYSE,2021-09-22,2026-08-11,1224,657,183,750,0.8699360341151386,2022-09-22,YES
b8af2065-5072-453b-9d95-5c3934c2fba7,AKAM,NASDAQ,2021-01-04,2026-08-11,1407,1407,0,0,1.0,2022-01-03,YES
03d52475-5033-4a90-be28-2d3c174f0e86,AKBA,NASDAQ,2021-01-04,2026-08-11,1407,1407,0,0,1.0,2022-01-03,YES
9ba501bf-963c-4314-bba4-c9a0e2092785,AKTS,NASDAQ,2021-01-04,2026-08-11,1143,1142,264,265,0.8123667377398721,2022-01-03,YES
9c4f8e1f-1d92-4b53-b7c8-b5678f972259,ALAB,NASDAQ,2024-03-20,2026-08-11,600,600,807,807,0.42643923240938164,2025-03-24,YES
90771657-de50-427a-9042-6b257dae4b7d,ALB,NYSE,2021-01-04,2026-08-11,1404,1404,3,3,0.997867803837953,2022-01-03,YES
98a20863-b51b-4983-a672-b6846656d5bd,ALC,NYSE,2021-01-04,2026-08-11,1404,1404,3,3,0.997867803837953,2022-01-03,YES
480c42b1-fca1-4132-81cd-073b52388e23,ALCO,NASDAQ,2021-01-04,2026-08-11,1398,1265,9,142,0.9936034115138592,2022-01-03,YES
22b11596-0c64-4190-bf32-be13359ca4d3,ALDF,NASDAQ,2024-12-16,2026-08-11,413,59,994,1348,0.2935323383084577,2026-07-09,YES
0f617181-38fb-4f29-9029-4e8948d383f2,ALDX,NASDAQ,2021-01-04,2026-08-11,1407,1407,0,0,1.0,2022-01-03,YES
76325347-e438-4483-ba55-222dc32022a8,ALEC,NASDAQ,2021-01-04,2026-08-11,1407,1407,0,0,1.0,2022-01-03,YES
934caf9b-3ba8-445b-a9fc-e77466b7da36,ALF,NASDAQ,2021-05-04,2026-08-11,848,378,559,1029,0.6027007818052594,2022-05-03,YES
d87c5a0c-907d-4740-8ea8-c5f962b4fa34,ALG,NYSE,2021-01-04,2026-08-11,1391,1367,16,40,0.9886282871357498,2022-01-03,YES
ac4b1970-44ac-4584-a2bc-081b1afe2430,ALGM,NASDAQ,2021-01-04,2026-08-11,1407,1407,0,0,1.0,2022-01-03,YES
53833666-cd3e-442c-8d59-3c4af8ce7aa4,ALGN,NASDAQ,2021-01-04,2026-08-11,1407,1407,0,0,1.0,2022-01-03,YES
b3d8ece1-289b-4682-869a-ed0b8b4d2daf,ALGS,NASDAQ,2021-01-04,2026-08-11,1407,1332,0,75,1.0,2022-01-03,YES
5823671d-c4d2-4981-b21b-62ddcb304f5b,ALGT,NASDAQ,2021-01-04,2026-08-11,1407,1407,0,0,1.0,2022-01-03,YES
5a2810c3-65a4-4ef5-be66-ab8c4ff1c79b,ALH,NYSE,2025-10-09,2026-08-11,210,210,1197,1197,0.14925373134328357,,NO
18657e1e-1800-4127-84cd-260ec8fdbbe6,ALHC,NASDAQ,2021-03-26,2026-08-11,1350,1350,57,57,0.9594882729211087,2022-03-25,YES
0af0a201-2361-4211-b3d2-bcd0e9382e75,ALIS,NASDAQ,2025-11-21,2026-08-11,179,23,1228,1384,0.12722103766879886,,NO
cc7b4823-f5db-4a3a-a1f6-a94cef83e1d1,ALIT,NYSE,2021-01-04,2026-08-11,1404,1404,3,3,0.997867803837953,2022-01-03,YES
706a4e67-10db-4ca5-9d05-5163302d734d,ALK,NYSE,2021-01-04,2026-08-11,1404,1404,3,3,0.997867803837953,2022-01-03,YES
c8309058-b324-4afc-af7d-b45f288c975e,ALKS,NASDAQ,2021-01-04,2026-08-11,1407,1407,0,0,1.0,2022-01-03,YES
066be470-40f2-4e18-a4b4-5ef406b5b961,ALKT,NASDAQ,2021-04-14,2026-08-11,1338,1338,69,69,0.9509594882729211,2022-04-12,YES
9f5ab4fb-335d-41ef-83d9-4d0abbd61fde,ALL,NYSE,2021-01-04,2026-08-11,1404,1404,3,3,0.997867803837953,2022-01-03,YES
2f630203-b16e-463e-95a9-9f2a585138c4,ALLE,NYSE,2021-01-04,2026-08-11,1404,1404,3,3,0.997867803837953,2022-01-03,YES
eac6e562-5b04-4b6a-9abe-7b1e3c9f5008,ALLO,NASDAQ,2021-01-04,2026-08-11,1407,1407,0,0,1.0,2022-01-03,YES
a5fdfbe8-dd62-49af-8c76-e8f372836ef1,ALLR,NASDAQ,2021-12-21,2026-08-11,1147,1074,260,333,0.8152096659559346,2022-12-21,YES
fdc534d8-b38a-4e6a-a3a8-0ebaedd67fb7,ALLT,NASDAQ,2021-01-04,2026-08-11,1407,1368,0,39,1.0,2022-01-03,YES
d9229b92-203e-44c8-a622-fcdf13e47aa1,ALLY,NYSE,2021-01-04,2026-08-11,1404,1404,3,3,0.997867803837953,2022-01-03,YES
ca5335ad-f7fb-4010-aced-89a51bc8eb16,ALM,NASDAQ,2025-07-15,2026-08-11,271,271,1136,1136,0.19260838663823737,2026-07-16,YES
f315ad95-a309-42b1-9168-6a4b07a4cd34,ALMR,NASDAQ,2026-04-17,2026-08-11,80,80,1327,1327,0.05685856432125089,,NO
7513234e-00e1-4a46-90a7-2f5e7d4430c2,ALMS,NASDAQ,2024-06-28,2026-08-11,531,531,876,876,0.3773987206823028,2025-07-02,YES
2fdadc5a-ac5e-42aa-a6af-4db9b1747233,ALMU,NASDAQ,2025-03-27,2026-08-11,345,340,1062,1067,0.24520255863539445,2026-03-30,YES
6daa3635-4360-4f03-9d01-09232cd92f2b,ALNT,NASDAQ,2021-01-04,2026-08-11,1398,1392,9,15,0.9936034115138592,2022-01-03,YES
5d676c76-d368-455c-91a5-e349a883ac15,ALNY,NASDAQ,2021-01-04,2026-08-11,1407,1406,0,1,1.0,2022-01-03,YES
b0ff2d40-6ec2-4fc2-a52a-a1109314114f,ALOT,NASDAQ,2021-01-11,2026-08-11,1251,776,156,631,0.8891257995735607,2022-01-10,YES
2263bc55-8396-4eff-9863-bbab585e17fa,ALOV,NASDAQ,2026-07-07,2026-08-11,26,3,1381,1404,0.01847903340440654,,NO
8161fe5b-92b8-444f-81cd-7a429d0a21b6,ALOY,NASDAQ,2021-11-10,2026-08-11,1178,757,229,650,0.8372423596304194,2022-11-11,YES
8d550304-2154-4db9-9ccd-86e82b2bf18d,ALP,NASDAQ,2021-02-26,2026-08-11,1300,1039,107,368,0.923951670220327,2022-02-25,YES
74548b31-f0a4-4821-a354-2c9b23a17d78,ALPS,NASDAQ,2025-10-31,2026-08-11,194,111,1213,1296,0.1378820184790334,,NO
60677403-9374-4355-94e0-f7e4488de105,ALPX,NASDAQ,2026-07-07,2026-08-11,26,7,1381,1400,0.01847903340440654,,NO
93c9d209-0a8f-4a9a-b6af-66876bcfcbeb,ALRM,NASDAQ,2021-01-04,2026-08-11,1407,1407,0,0,1.0,2022-01-03,YES
c797f82d-04e2-43b7-9c96-4610d65e5dd4,ALRS,NASDAQ,2021-01-04,2026-08-11,1367,1316,40,91,0.9715707178393745,2022-01-03,YES
4a1a9d7f-76d9-4701-9cd3-754f8568a3e4,ALSN,NYSE,2021-01-04,2026-08-11,1404,1404,3,3,0.997867803837953,2022-01-03,YES
9c377ef8-cfba-48a3-83f2-ee4b91d2fe21,ALT,NASDAQ,2021-01-04,2026-08-11,1407,1407,0,0,1.0,2022-01-03,YES
99aa6bc3-7192-4cc4-b2fe-9cb4d9652a35,ALTG,NYSE,2021-01-04,2026-08-11,1397,1397,10,10,0.9928926794598436,2022-01-03,YES
b1efa3bb-fc33-439f-a644-7bcb189ab0fb,ALTI,NASDAQ,2021-04-28,2026-08-11,1124,1026,283,381,0.798862828713575,2022-04-28,YES
21cbbcc1-f2ea-4a04-ba88-4fb25ded52fa,ALTO,NASDAQ,2021-01-04,2026-08-11,1407,1401,0,6,1.0,2022-01-03,YES
03fe1f63-ad30-46d6-b8dd-88cc26120fd8,ALUB,NYSE,2026-01-07,2026-08-11,149,15,1258,1392,0.10589907604832978,,NO
5bb869bb-1ef2-4644-a0c2-a9289a597262,ALV,NYSE,2021-01-04,2026-08-11,1404,1404,3,3,0.997867803837953,2022-01-03,YES
3cdd33c8-e1fb-436e-a70f-0feaab782880,ALVO,NASDAQ,2021-01-04,2026-08-11,1309,1229,98,178,0.9303482587064676,2022-01-04,YES
0b91d22e-c6d5-4d4b-a467-da65b5faa12d,ALX,NYSE,2021-01-04,2026-08-11,1268,633,139,774,0.9012082444918266,2022-01-03,YES
b20a488e-0fd5-4d4a-8ef8-96af8d78cf52,ALXO,NASDAQ,2021-01-04,2026-08-11,1407,1405,0,2,1.0,2022-01-03,YES
e1b49847-5c55-41c7-a81b-a812a91d1c78,ALZN,NASDAQ,2021-06-15,2026-08-11,1295,1104,112,303,0.9203980099502488,2022-06-14,YES
b7c91d5a-cf61-4cca-ba92-596c4b4bb6dc,AM,NYSE,2021-01-04,2026-08-11,1404,1404,3,3,0.997867803837953,2022-01-03,YES
47edadbb-bb3a-44cc-88e9-78f93bf5390e,AMAL,NASDAQ,2021-01-04,2026-08-11,1404,1401,3,6,0.997867803837953,2022-01-03,YES
5001e104-1341-495d-a493-61f58cf3a2a5,AMAN,NASDAQ,2026-05-19,2026-08-11,58,34,1349,1373,0.0412224591329069,,NO
ce4833e1-c561-492a-aace-7eb451d09e02,AMAT,NASDAQ,2021-01-04,2026-08-11,1407,1407,0,0,1.0,2022-01-03,YES
f976cf34-2854-4b40-91d7-d846ad3a3633,AMBA,NASDAQ,2021-01-04,2026-08-11,1407,1407,0,0,1.0,2022-01-03,YES
c128a42a-8210-45cb-b166-bce465854065,AMBO,AMEX,2021-01-04,2026-08-11,1255,645,152,762,0.8919687277896233,2022-01-05,YES
8d056e56-eb70-4254-ba10-e009a826842f,AMBP,NYSE,2021-01-04,2026-08-11,1405,1405,2,2,0.9985785358919688,2022-01-03,YES
88e76d24-518c-498f-b12c-9fc027c7e7ba,AMBQ,NYSE,2025-07-30,2026-08-11,260,259,1147,1148,0.1847903340440654,2026-07-31,YES
b1dca6a5-6502-455d-8c80-de5b83faba76,AMC,NYSE,2021-01-04,2026-08-11,1405,1405,2,2,0.9985785358919688,2022-01-03,YES
4a438a0a-2946-4957-9627-918c673de24c,AMCI,NASDAQ,2023-01-31,2026-08-11,885,202,522,1205,0.6289978678038379,2024-08-14,YES
1ad07ad8-1956-4a2c-ba59-e1e7c84c3cce,AMCR,NYSE,2021-01-04,2026-08-11,1404,1404,3,3,0.997867803837953,2022-01-03,YES
f54d13d4-86f0-4ea3-8c1b-ab21e25ff3ff,AMCX,NASDAQ,2021-01-04,2026-08-11,1407,1407,0,0,1.0,2022-01-03,YES
03fb07bb-5db1-4077-8dea-5d711b272625,AMD,NASDAQ,2021-01-04,2026-08-11,1407,1407,0,0,1.0,2022-01-03,YES
6642e128-03ee-4bc9-bd3f-8f49424480d7,AME,NYSE,2021-01-04,2026-08-11,1404,1404,3,3,0.997867803837953,2022-01-03,YES
495fe213-8b70-4585-994b-6b8efa4bbfaf,AMG,NYSE,2021-01-04,2026-08-11,1404,1403,3,4,0.997867803837953,2022-01-03,YES
201b268b-cde8-4010-9fe3-41d2ac7f1e9c,AMGN,NASDAQ,2021-01-04,2026-08-11,1407,1407,0,0,1.0,2022-01-03,YES
a1f891ac-00b7-41e0-a0b7-018525c90095,AMH,NYSE,2021-01-04,2026-08-11,1404,1404,3,3,0.997867803837953,2022-01-03,YES
7f5623de-e58b-4279-b51a-b1ad1dc6f363,AMIX,NASDAQ,2024-01-30,2026-08-11,635,553,772,854,0.4513148542999289,2025-01-31,YES
f5021fca-425e-4b09-af64-deb575d21931,AMKR,NASDAQ,2021-01-04,2026-08-11,1407,1407,0,0,1.0,2022-01-03,YES
c3fbfebb-ec36-4697-b927-d65d68fe1603,AMLX,NASDAQ,2022-01-07,2026-08-11,1150,1150,257,257,0.8173418621179815,2023-01-10,YES
c3dc5059-729f-4ac0-9f97-ec0579c0ae96,AMN,NYSE,2021-01-04,2026-08-11,1404,1404,3,3,0.997867803837953,2022-01-03,YES
90e38a34-ed76-4baa-a0de-3599706a93e3,AMOD,NASDAQ,2021-10-27,2026-08-11,1042,435,365,972,0.7405828002842928,2022-11-01,YES
764073e3-4e48-4a2c-aee2-45b0a0dfb9cc,AMP,NYSE,2021-01-04,2026-08-11,1404,1404,3,3,0.997867803837953,2022-01-03,YES
2ee997d7-9cb4-4568-8d5e-39f0de478468,AMPG,NASDAQ,2021-02-17,2026-08-11,1350,1069,57,338,0.9594882729211087,2022-02-15,YES
4665ba15-b2ea-434b-9e6d-af198446ad5e,AMPH,NASDAQ,2021-01-04,2026-08-11,1407,1407,0,0,1.0,2022-01-03,YES
83cfc703-a759-4445-9438-0a14e55055f0,AMPL,NASDAQ,2021-09-28,2026-08-11,1222,1222,185,185,0.8685145700071073,2022-09-28,YES
76189e24-7e6f-4483-a6c9-d8fa278340c5,AMPX,NYSE,2022-09-15,2026-08-11,979,978,428,429,0.6958066808813077,2023-09-18,YES
1bd79a4c-40e4-445b-848a-0feeec0579cd,AMPY,NYSE,2021-01-04,2026-08-11,1404,1403,3,4,0.997867803837953,2022-01-03,YES
79320709-15b7-40df-b55e-dcae42788ca2,AMR,NYSE,2021-01-04,2026-08-11,1404,1403,3,4,0.997867803837953,2022-01-03,YES
a2192ded-0453-47c1-9428-bc023efb35f8,AMRC,NYSE,2021-01-04,2026-08-11,1404,1404,3,3,0.997867803837953,2022-01-03,YES
8c35598c-38db-4a86-8eb5-619dc075d9f0,AMRN,NASDAQ,2021-01-04,2026-08-11,1407,1401,0,6,1.0,2022-01-03,YES
ddac09a2-793e-416a-b96b-a44c5f21ef65,AMRX,NASDAQ,2021-01-04,2026-08-11,1404,1404,3,3,0.997867803837953,2022-01-03,YES
244d2d43-7e79-4e1e-848b-dc1a686b5d00,AMRZ,NYSE,2025-06-23,2026-08-11,286,286,1121,1121,0.20326936744847193,2026-06-24,YES
326d2437-4fb8-49b1-b81f-0f375c4e872e,AMS,AMEX,2021-01-05,2026-08-11,1217,574,190,833,0.8649609097370291,2022-01-18,YES
69930a89-3f91-401c-8771-a92ff46c9559,AMSC,NASDAQ,2021-01-04,2026-08-11,1407,1407,0,0,1.0,2022-01-03,YES
ad349cf6-ecb0-43c5-bf45-9cf7f09a1112,AMSF,NASDAQ,2021-01-04,2026-08-11,1407,1406,0,1,1.0,2022-01-03,YES
11cce6f9-e840-4a0f-9d03-1bb73ac03d8b,AMSS,NASDAQ,2026-05-20,2026-08-11,57,49,1350,1358,0.04051172707889126,,NO
cc3687fd-f901-49b2-bc7f-6357e9c17ca3,AMST,NASDAQ,2021-01-04,2026-08-11,1315,954,92,453,0.9346126510305615,2022-01-03,YES
a148da60-6af9-443b-a3a9-9d3e65eb91e9,AMT,NYSE,2021-01-04,2026-08-11,1404,1404,3,3,0.997867803837953,2022-01-03,YES
b700cfbc-d082-4890-ade5-99e228f45ed2,AMTB,NYSE,2021-01-04,2026-08-11,1401,1399,6,8,0.9957356076759062,2022-01-03,YES
ea8dfe3f-1aaa-44ed-8e8f-c6733aeb95e9,AMTM,NYSE,2024-09-30,2026-08-11,467,467,940,940,0.3319118692253021,2025-10-02,YES
4a29d4bb-3f2c-420a-899b-5351dce8879e,AMTX,NASDAQ,2021-01-04,2026-08-11,1407,1407,0,0,1.0,2022-01-03,YES
69cc6dc0-9744-49c5-9881-bee678ccf58e,AMWL,NYSE,2021-01-04,2026-08-11,1404,1391,3,16,0.997867803837953,2022-01-03,YES
65f4d15a-3dc8-4d21-97a3-1a6bf27e7276,AMZE,AMEX,2021-12-14,2026-08-11,1146,906,261,501,0.814498933901919,2022-12-16,YES
f801f835-bfe6-4a9d-a6b1-ccbb84bfd75f,AMZN,NASDAQ,2021-01-04,2026-08-11,1407,1407,0,0,1.0,2022-01-03,YES
fe3f7d4c-cb53-4767-ad24-61520d0529f1,AN,NYSE,2021-01-04,2026-08-11,1404,1404,3,3,0.997867803837953,2022-01-03,YES
2e7053d2-eaff-4f03-a506-7aa5f475dca6,ANAB,NASDAQ,2021-01-04,2026-08-11,1407,1407,0,0,1.0,2022-01-03,YES
04b736d9-5a2d-43aa-99b8-a92764c9daf2,ANDE,NASDAQ,2021-01-04,2026-08-11,1407,1407,0,0,1.0,2022-01-03,YES
adbf9f43-6e86-435d-bfa1-266b0beb4665,ANDG,NYSE,2025-12-17,2026-08-11,162,162,1245,1245,0.11513859275053305,,NO
0f1e6e45-a44d-4e3e-a53a-ffbdf25eb283,ANET,NYSE,2021-01-04,2026-08-11,1404,1404,3,3,0.997867803837953,2022-01-03,YES
d01c9857-0023-4252-acb6-02dfd409159f,ANF,NYSE,2021-01-04,2026-08-11,1404,1404,3,3,0.997867803837953,2022-01-03,YES
0a5af752-fae8-4321-8206-a3a5eb69c8ec,ANGH,NASDAQ,2022-02-04,2026-08-11,1116,560,291,847,0.7931769722814499,2023-02-07,YES
08b0ca0a-5353-44dd-9346-badbdb7a58ad,ANGI,NASDAQ,2021-01-04,2026-08-11,1407,1407,0,0,1.0,2022-01-03,YES
329802fe-c400-439b-bc8a-7f98107281ff,ANGO,NASDAQ,2021-01-04,2026-08-11,1407,1407,0,0,1.0,2022-01-03,YES
6758042f-547d-45b7-ab50-2fae00951df7,ANGX,NYSE,2025-09-11,2026-08-11,230,230,1177,1177,0.1634683724235963,,NO
0856f372-5648-4670-8495-65660015b4ef,ANIK,NASDAQ,2021-01-04,2026-08-11,1407,1406,0,1,1.0,2022-01-03,YES
c867d500-0293-4c79-920e-b261b23b33b0,ANIP,NASDAQ,2021-01-04,2026-08-11,1406,1406,1,1,0.9992892679459844,2022-01-03,YES
24508c9c-900f-49d0-824a-33e5f1fd52e2,ANIX,NASDAQ,2021-01-04,2026-08-11,1384,1318,23,89,0.9836531627576404,2022-01-03,YES
f444925c-be19-49d0-940e-203b5b8f85fc,ANNA,NASDAQ,2022-03-08,2026-08-11,1024,314,383,1093,0.7277896233120114,2023-04-05,YES
f526a517-ec3c-4da6-9682-58effb465ddd,ANNX,NASDAQ,2021-01-04,2026-08-11,1407,1407,0,0,1.0,2022-01-03,YES
fc54f7d7-2f18-49c4-aac8-b04053397886,ANPA,NASDAQ,2025-07-08,2026-08-11,276,124,1131,1283,0.19616204690831557,2026-07-14,YES
17cd67cb-3032-4878-ad0d-74dab1e56efe,ANRO,NYSE,2024-02-02,2026-08-11,632,632,775,775,0.449182658137882,2025-02-05,YES
b28698e0-1206-4990-a49b-ddee65cfd349,ANTA,NASDAQ,2025-05-14,2026-08-11,312,124,1095,1283,0.22174840085287847,2026-06-02,YES
262ea88e-21f6-4117-ab07-1b159538dbfd,ANTX,NASDAQ,2022-03-25,2026-08-11,1098,999,309,408,0.7803837953091685,2023-03-28,YES
d99a209f-9648-4d14-a80a-121ce2c57672,ANVS,NYSE,2021-01-04,2026-08-11,1396,1354,11,53,0.992181947405828,2022-01-03,YES
093d9e06-cc4d-4ee2-9694-6a44b6fe1e59,ANY,NASDAQ,2021-01-04,2026-08-11,1406,1366,1,41,0.9992892679459844,2022-01-03,YES
9c0b8321-3a9e-4fea-8b7c-9a4009941339,AOMR,NYSE,2021-06-17,2026-08-11,1289,1226,118,181,0.916133617626155,2022-06-16,YES
6c21ef75-b953-4434-8119-501a26656625,AON,NYSE,2021-01-04,2026-08-11,1404,1404,3,3,0.997867803837953,2022-01-03,YES
0e1806f4-a00b-48bc-ab50-596304e196f9,AORT,NYSE,2021-01-04,2026-08-11,1403,1403,4,4,0.9971570717839374,2022-01-03,YES
f07f3cff-5ef1-4892-bd34-a4155d984226,AOS,NYSE,2021-01-04,2026-08-11,1404,1404,3,3,0.997867803837953,2022-01-03,YES
54d10647-e403-4657-b713-ca4d75c58629,AOSL,NASDAQ,2021-01-04,2026-08-11,1407,1406,0,1,1.0,2022-01-03,YES
80aa483e-ab53-4e5b-a80f-45cdc7367200,AOUT,NASDAQ,2021-01-04,2026-08-11,1407,1365,0,42,1.0,2022-01-03,YES
ba197d1c-8104-4aed-9331-e2507fe04fa1,AP,NYSE,2021-01-04,2026-08-11,1343,1109,64,298,0.9545131485429993,2022-01-03,YES
6f825c9d-e839-4539-a64e-cfa7fd71015b,APA,NASDAQ,2021-01-04,2026-08-11,1407,1407,0,0,1.0,2022-01-03,YES
4a7a8a02-1516-4c5a-a2b0-fca7c631e069,APAC,NASDAQ,2021-09-14,2026-08-11,652,116,755,1291,0.4633972992181947,2022-09-14,YES
5cdb627c-4917-4da4-b4d3-22f3a6747aca,APAM,NYSE,2021-01-04,2026-08-11,1404,1404,3,3,0.997867803837953,2022-01-03,YES
492d6f8c-7dbc-44b2-8927-d684d56650cc,APC,NASDAQ,2026-02-12,2026-08-11,124,124,1283,1283,0.08813077469793888,,NO
57ca9916-468b-4c77-8be7-2495a7c17df2,APD,NYSE,2021-01-04,2026-08-11,1404,1404,3,3,0.997867803837953,2022-01-03,YES
01c893ba-85d6-4ff8-93cd-6c6d6972465c,APEI,NASDAQ,2021-01-04,2026-08-11,1407,1403,0,4,1.0,2022-01-03,YES
206a6bf6-82f4-4a16-ba29-88f9ee0918c2,APG,NYSE,2021-01-04,2026-08-11,1404,1404,3,3,0.997867803837953,2022-01-03,YES
1c43c65b-7efd-4a58-89e9-84764eb71a17,APGE,NASDAQ,2023-07-14,2026-08-11,772,772,635,635,0.5486851457000711,2024-07-16,YES
4b36cdb2-64e4-4f6c-9dd6-8c1326cf5829,APH,NYSE,2021-01-04,2026-08-11,1404,1404,3,3,0.997867803837953,2022-01-03,YES
f39e42cd-b178-4015-97f9-76d07b0654e6,APLD,NASDAQ,2022-04-13,2026-08-11,1085,1085,322,322,0.7711442786069652,2023-04-17,YES
aea77940-44d6-4423-afce-59b5476bed42,APLE,NYSE,2021-01-04,2026-08-11,1404,1404,3,3,0.997867803837953,2022-01-03,YES
c70a1c5f-9ab8-43c9-b2f3-89e90a3afaaa,APLM,NASDAQ,2021-11-26,2026-08-11,976,528,431,879,0.6936744847192609,2022-12-02,YES
b0b0cfdf-b30f-4861-a127-81950768404e,APMC,NASDAQ,2026-07-07,2026-08-11,26,5,1381,1402,0.01847903340440654,,NO
c5f5b08f-e4f3-440f-90c4-ddfa6c855dde,APMD,NASDAQ,2026-07-31,2026-08-11,8,8,1399,1399,0.005685856432125089,,NO
4493d0ec-797a-4e84-a849-06aa60fb726f,APO,NYSE,2021-01-04,2026-08-11,1404,1404,3,3,0.997867803837953,2022-01-03,YES
6986c745-f1c7-4ec1-a37e-3d00c276fdd2,APOG,NASDAQ,2021-01-04,2026-08-11,1407,1407,0,0,1.0,2022-01-03,YES
8fea5887-a5b5-4c84-87a6-0fad05130e60,APP,NASDAQ,2021-04-15,2026-08-11,1337,1337,70,70,0.9502487562189055,2022-04-13,YES
e4ed6b4b-d254-4b51-9376-114e83d11ed3,APPF,NASDAQ,2021-01-04,2026-08-11,1407,1407,0,0,1.0,2022-01-03,YES
d40bf97f-b354-4b1e-a691-9dfeb6067652,APPN,NASDAQ,2021-01-04,2026-08-11,1407,1407,0,0,1.0,2022-01-03,YES
a3f6daaa-b2f2-4973-9eeb-a6c4f397c044,APPS,NASDAQ,2021-01-04,2026-08-11,1407,1407,0,0,1.0,2022-01-03,YES
2a5acbe7-37e1-47e1-a23e-775c5c27bd80,APRE,NASDAQ,2021-01-04,2026-08-11,1399,991,8,416,0.994314143567875,2022-01-03,YES
37d3a85b-8812-4e2d-9c6b-4c877a2b6e00,APT,AMEX,2021-01-04,2026-08-11,1406,1160,1,247,0.9992892679459844,2022-01-03,YES
372dd257-daba-4869-8495-a42fbe748204,APTV,NYSE,2021-01-04,2026-08-11,1404,1404,3,3,0.997867803837953,2022-01-03,YES
bbb5f1af-a6c3-459a-ac94-38c1647cff52,APUR,NASDAQ,2026-06-11,2026-08-11,42,6,1365,1401,0.029850746268656716,,NO
f111fde6-b722-4610-b0ab-9dd9a0a2999d,APUS,AMEX,2025-05-09,2026-08-11,315,228,1092,1179,0.22388059701492538,2026-06-04,YES
e4d24b0c-50de-4a1e-89ed-bcf9d06eb359,APVO,NASDAQ,2021-01-04,2026-08-11,1390,1213,17,194,0.9879175550817342,2022-01-03,YES
4adf8b2a-f712-488e-b76a-9470a6ceaf41,APWC,NASDAQ,2021-01-06,2026-08-11,1259,433,148,974,0.8948116560056859,2022-01-05,YES
c04ad53f-a47e-47f6-8f83-04e5756f9c1d,APXT,NASDAQ,2021-01-04,2026-08-11,306,172,1101,1235,0.21748400852878466,,NO
1bd12b7c-6ccf-4407-a852-ab834ba2f0cc,APYX,NASDAQ,2021-01-04,2026-08-11,1403,1313,4,94,0.9971570717839374,2022-01-03,YES
b5d80641-5bf6-441e-99e9-f016e2c48e60,AQB,NASDAQ,2021-01-04,2026-08-11,1407,1097,0,310,1.0,2022-01-03,YES
b1a2574e-2927-43f7-9356-f97cceb244f2,AQMS,NASDAQ,2021-01-04,2026-08-11,1407,1346,0,61,1.0,2022-01-03,YES
0ca1915e-e5ff-453b-8538-40f854dfc487,AQN,NYSE,2021-01-04,2026-08-11,1404,1404,3,3,0.997867803837953,2022-01-03,YES
52ae873c-bfcb-491b-b944-1f3ddff43420,AQST,NASDAQ,2021-01-04,2026-08-11,1406,1388,1,19,0.9992892679459844,2022-01-03,YES
9909bb5d-3381-4f5a-aed1-5c9dbae24bec,AR,NYSE,2021-01-04,2026-08-11,1404,1404,3,3,0.997867803837953,2022-01-03,YES
755aef0b-11d3-4d9a-9798-18af4503375a,ARAI,NASDAQ,2025-05-15,2026-08-11,311,310,1096,1097,0.22103766879886283,2026-05-18,YES
03e488a8-46db-4a17-bd5a-7571f9f48eb1,ARAY,NASDAQ,2021-01-04,2026-08-11,1407,1407,0,0,1.0,2022-01-03,YES
7b2bdd1e-48d5-4163-a649-3a19e8e6549a,ARBB,NASDAQ,2023-04-05,2026-08-11,840,430,567,977,0.5970149253731343,2024-04-08,YES
f31880e5-fe36-4ff7-9a31-0bcbae91e149,ARBE,NASDAQ,2021-01-05,2026-08-11,1310,1187,97,220,0.9310589907604833,2022-01-04,YES
b5147342-a726-4a8d-a235-26c6164bcff0,ARCB,NASDAQ,2021-01-04,2026-08-11,1407,1407,0,0,1.0,2022-01-03,YES
b183f6a9-9f0c-430f-9b32-9b230d4e521b,ARCC,NASDAQ,2021-01-04,2026-08-11,1407,1407,0,0,1.0,2022-01-03,YES
685e111d-6bcb-40b2-a4bc-64a58c3ba7ce,ARCL,NASDAQ,2026-06-30,2026-08-11,30,1,1377,1406,0.021321961620469083,,NO
4fa13998-eadb-440f-b351-91a251c3ff95,ARCO,NYSE,2021-01-04,2026-08-11,1404,1404,3,3,0.997867803837953,2022-01-03,YES
16dde8a1-5755-456a-a40e-04271df46f0e,ARCT,NASDAQ,2021-01-04,2026-08-11,1407,1407,0,0,1.0,2022-01-03,YES
f593ba75-3f6f-43fa-b5ba-bb7bc7b181c1,ARDT,NYSE,2024-07-18,2026-08-11,518,518,889,889,0.3681592039800995,2025-07-22,YES
4f8b7479-8e2f-4791-b257-cd7f3f7f8545,ARDX,NASDAQ,2021-01-04,2026-08-11,1407,1406,0,1,1.0,2022-01-03,YES
5a7450bd-6796-4631-845e-d3facc79ff1a,ARE,NYSE,2021-01-04,2026-08-11,1404,1404,3,3,0.997867803837953,2022-01-03,YES
974fb40c-dd2c-4aaa-a97e-3aca8b0bca77,AREC,NASDAQ,2021-01-04,2026-08-11,1407,1393,0,14,1.0,2022-01-03,YES
f49adab0-929d-4b9b-a199-505338d29e12,AREN,AMEX,2022-02-11,2026-08-11,1119,990,288,417,0.7953091684434968,2023-02-14,YES
849c6721-e693-4bd9-9d04-8d924fccfc3e,ARES,NYSE,2021-01-04,2026-08-11,1404,1404,3,3,0.997867803837953,2022-01-03,YES
831c17dd-ae90-4f1c-90f0-e6ad7b637fe5,ARHS,NASDAQ,2021-11-04,2026-08-11,1195,1195,212,212,0.8493248045486852,2022-11-04,YES
573f1dda-3c90-4c47-90d3-052b6526dc6e,ARI,NYSE,2021-01-04,2026-08-11,1404,1404,3,3,0.997867803837953,2022-01-03,YES
d8228a03-900f-4128-8632-03db07a1aa26,ARIS,NYSE,2023-09-19,2026-08-11,726,695,681,712,0.5159914712153518,2024-09-19,YES
d750f702-e523-4912-b227-a6d343d47aa9,ARKO,NASDAQ,2021-01-04,2026-08-11,1407,1407,0,0,1.0,2022-01-03,YES
cb187f4a-0037-4780-a2c2-7bcd30c81af3,ARKR,NASDAQ,2021-01-04,2026-08-11,1255,453,152,954,0.8919687277896233,2022-01-05,YES
ca73967a-2ce1-4436-a61f-eb777e7bfdfe,ARL,NYSE,2021-01-14,2026-08-11,1185,438,222,969,0.8422174840085288,2022-01-25,YES
eeb3c89a-c1f7-41dc-bf36-73609621f07c,ARLO,NYSE,2021-01-04,2026-08-11,1404,1404,3,3,0.997867803837953,2022-01-03,YES
760af2a5-e132-48ef-8425-835299e05427,ARMK,NYSE,2021-01-04,2026-08-11,1404,1404,3,3,0.997867803837953,2022-01-03,YES
660a0d41-93fe-48cd-b359-a39c94bbf15f,ARMP,AMEX,2021-01-04,2026-08-11,1194,766,213,641,0.8486140724946695,2022-01-03,YES
2df91295-6d5b-4d28-840c-c934bd6dd5ac,AROC,NYSE,2021-01-04,2026-08-11,1404,1404,3,3,0.997867803837953,2022-01-03,YES
fc85b4c2-6139-40f6-a225-2f67b7eb3645,AROW,NASDAQ,2021-01-04,2026-08-11,1363,1293,44,114,0.968727789623312,2022-01-04,YES
97a9f8e9-7d38-4af3-8053-d7b2e5b9957b,ARQ,NASDAQ,2021-01-04,2026-08-11,1406,1337,1,70,0.9992892679459844,2022-01-03,YES
d59d4c5a-3936-463e-a28a-816fa1a0b9bd,ARQQ,NASDAQ,2021-04-09,2026-08-11,1294,1282,113,125,0.9196872778962332,2022-04-07,YES
2cf4f71c-d90f-4e0b-92be-8c4dd24a0c11,ARQT,NASDAQ,2021-01-04,2026-08-11,1407,1407,0,0,1.0,2022-01-03,YES
13e014aa-b047-4d15-95aa-8e6bff71fb9d,ARR,NYSE,2021-01-04,2026-08-11,1404,1404,3,3,0.997867803837953,2022-01-03,YES
fc5dacba-4890-4e7c-bf8e-edbdce826fb8,ARRY,NASDAQ,2021-01-04,2026-08-11,1407,1407,0,0,1.0,2022-01-03,YES
ed576ec9-74a8-412b-a72e-bfb7a47b63dd,ARTC,NASDAQ,2026-03-03,2026-08-11,112,17,1295,1390,0.07960199004975124,,NO
4816b8b8-0719-4b25-89c0-16ddd5552655,ARTL,NASDAQ,2021-01-04,2026-08-11,1341,901,66,506,0.9530916844349681,2022-01-03,YES
bd3819a2-2109-4a1a-a6eb-eae95501bc7e,ARTNA,NASDAQ,2021-01-04,2026-08-11,1364,1286,43,121,0.9694385216773277,2022-01-03,YES
92e4171d-476f-496a-88a8-beaf60de09df,ARTV,NASDAQ,2024-07-19,2026-08-11,517,505,890,902,0.3674484719260839,2025-07-23,YES
dce5ee9d-fd93-42c6-b6a5-410bceeb8e1a,ARTW,NASDAQ,2021-01-06,2026-08-11,1215,621,192,786,0.8635394456289979,2022-02-01,YES
885b161a-89cf-471e-9d4f-8454fd7d48c3,ARVN,NASDAQ,2021-01-04,2026-08-11,1407,1407,0,0,1.0,2022-01-03,YES
882decf1-d315-46bd-87cf-cccb407a47ec,ARW,NYSE,2021-01-04,2026-08-11,1404,1404,3,3,0.997867803837953,2022-01-03,YES
69c43ee8-7b78-4e1c-9c00-0fc76a5b72fc,ARWR,NASDAQ,2021-01-04,2026-08-11,1407,1407,0,0,1.0,2022-01-03,YES
05a1ea89-1e9d-4d17-b950-9958382b1d6d,ARX,NYSE,2025-07-24,2026-08-11,264,264,1143,1143,0.18763326226012794,2026-07-27,YES
bb4a0e38-3998-4ac3-8aa7-0f111fb145de,ARXS,NASDAQ,2026-04-16,2026-08-11,81,81,1326,1326,0.057569296375266525,,NO
ecfbbf22-07e0-4f7a-866f-752179ba9894,AS,NYSE,2024-02-01,2026-08-11,633,633,774,774,0.44989339019189767,2025-02-04,YES
258b7e12-7f42-4c09-8004-2ba8837f295a,ASA,NYSE,2021-01-04,2026-08-11,1403,1358,4,49,0.9971570717839374,2022-01-03,YES
664e17bd-3e5d-420d-9762-48800a035ba4,ASAN,NYSE,2021-01-04,2026-08-11,1404,1404,3,3,0.997867803837953,2022-01-03,YES
5cfffa5c-348e-4194-bd43-77f9e32bc09e,ASB,NYSE,2021-01-04,2026-08-11,1404,1404,3,3,0.997867803837953,2022-01-03,YES
2784dcb3-8ffc-4e3c-8aec-7e5915dcc20c,ASBP,NASDAQ,2022-04-14,2026-08-11,1026,459,381,948,0.7292110874200426,2023-05-10,YES
d6695dec-cfe9-4be8-981d-ebac8559aede,ASC,NYSE,2021-01-04,2026-08-11,1404,1404,3,3,0.997867803837953,2022-01-03,YES
30c73022-80a1-4a82-b2dc-7cf7b6d84d59,ASG,NYSE,2021-01-04,2026-08-11,1394,1389,13,18,0.9907604832977968,2022-01-03,YES
84299156-28e6-4746-a1c8-e91bf21cf128,ASH,NYSE,2021-01-04,2026-08-11,1404,1404,3,3,0.997867803837953,2022-01-03,YES
6f8fc3b3-1ecf-4ba0-ae0d-c06c7b221363,ASIC,NYSE,2025-06-11,2026-08-11,293,289,1114,1118,0.2082444918265814,2026-06-12,YES
8e219d9f-7a29-4922-bbb2-3085467b3d5d,ASIX,NYSE,2021-01-04,2026-08-11,1404,1402,3,5,0.997867803837953,2022-01-03,YES
9a9df15a-d304-411b-911b-83c9ee523064,ASLE,NASDAQ,2021-01-04,2026-08-11,1396,1396,11,11,0.992181947405828,2022-01-03,YES
40deb6ad-8472-4a72-98ec-741844c4c756,ASM,AMEX,2021-01-04,2026-08-11,1370,1315,37,92,0.9737029140014215,2022-01-03,YES
ee3318ad-ff8b-45a5-a573-320524668790,ASMB,NASDAQ,2021-01-04,2026-08-11,1407,1283,0,124,1.0,2022-01-03,YES
6082378d-ba94-4bb7-a49e-ebe714131ca8,ASML,NASDAQ,2021-01-04,2026-08-11,1407,1407,0,0,1.0,2022-01-03,YES
deff9fc8-6ae6-4a80-afbb-1b630c8d9b38,ASND,NASDAQ,2021-01-04,2026-08-11,1407,1407,0,0,1.0,2022-01-03,YES
c2218aea-b3d5-4112-9b8b-6a94e4bb276e,ASO,NASDAQ,2021-01-04,2026-08-11,1407,1407,0,0,1.0,2022-01-03,YES
e98b6eda-b443-415f-ade3-60cf7a248b57,ASPI,NASDAQ,2022-11-10,2026-08-11,939,879,468,528,0.6673773987206824,2023-11-13,YES
bd8d7ea4-531a-4642-b081-7ec28be4d6d7,ASPN,NYSE,2021-01-04,2026-08-11,1404,1404,3,3,0.997867803837953,2022-01-03,YES
024dcd14-1b1c-4be2-b35e-bc35cf48f93a,ASPS,NASDAQ,2021-01-04,2026-08-11,1405,1272,2,135,0.9985785358919688,2022-01-03,YES
874a85ef-bf6a-42cf-9ef9-b6400a0c932c,ASRV,NASDAQ,2021-01-04,2026-08-11,1198,565,209,842,0.851457000710732,2022-01-04,YES
5e6ce868-091d-4cbc-8343-7d9c7420ce41,ASST,NASDAQ,2023-02-03,2026-08-11,882,756,525,651,0.6268656716417911,2024-02-06,YES
fc97a6c4-a999-4197-bee6-879d4b69dd6e,ASTC,NASDAQ,2021-01-04,2026-08-11,1380,739,27,668,0.9808102345415778,2022-01-04,YES
e5138c9b-4aca-4fd2-bbb5-0cb55caac3a4,ASTE,NASDAQ,2021-01-04,2026-08-11,1407,1407,0,0,1.0,2022-01-03,YES
991516ea-ea2e-40d6-b907-86eeda843720,ASTH,NASDAQ,2021-01-04,2026-08-11,1407,1407,0,0,1.0,2022-01-03,YES
e97dcc39-69b1-432d-bc30-66bd00b36b93,ASTI,NASDAQ,2022-08-25,2026-08-11,993,884,414,523,0.7057569296375267,2023-08-28,YES
704f76e2-65c8-46a6-863c-03fc39f4008b,ASTL,NASDAQ,2021-03-05,2026-08-11,1343,1343,64,64,0.9545131485429993,2022-03-04,YES
a90f5eda-bad6-4b59-90de-efe3379d7983,ASUR,NASDAQ,2021-01-04,2026-08-11,1373,1367,34,40,0.9758351101634684,2022-01-03,YES
08233bb4-4948-4d18-b742-294f3b0e9fba,ASX,NYSE,2021-01-04,2026-08-11,1404,1404,3,3,0.997867803837953,2022-01-03,YES
e6cc60f2-95a2-4ac6-83a2-cd2f80e37021,ASYS,NASDAQ,2021-01-04,2026-08-11,1400,1309,7,98,0.9950248756218906,2022-01-03,YES
30317461-5668-4ba7-826a-2d2c6d748f2d,ATAI,NASDAQ,2021-06-18,2026-08-11,1292,1292,115,115,0.9182658137882018,2022-06-17,YES
1fab6af4-6046-432e-9610-87824ec1445c,ATCH,AMEX,2021-03-17,2026-08-11,1132,764,275,643,0.8045486851457001,2022-03-21,YES
975ed4a4-f9df-41be-9c87-ef6cbbf68a9c,ATCX,NASDAQ,2026-01-09,2026-08-11,147,112,1260,1295,0.1044776119402985,,NO
8aa2e376-49cf-4d79-abb7-ec0b91c640df,ATEC,NASDAQ,2021-01-04,2026-08-11,1407,1407,0,0,1.0,2022-01-03,YES
378b735c-c3ba-4a80-8e9d-677eb7113fd5,ATEN,NYSE,2021-01-04,2026-08-11,1404,1404,3,3,0.997867803837953,2022-01-03,YES
b4f75714-d2a2-44bf-af15-d76bfe9d4a6a,ATER,NASDAQ,2021-01-04,2026-08-11,1407,1324,0,83,1.0,2022-01-03,YES
b0af96af-2ce5-4253-8538-cb46452afd0d,ATEX,NASDAQ,2021-01-04,2026-08-11,1407,1407,0,0,1.0,2022-01-03,YES
8eb46455-df8a-43b1-8d22-c10c439d9bed,ATGL,NASDAQ,2023-10-31,2026-08-11,696,248,711,1159,0.4946695095948827,2024-10-31,YES
c1135c69-56ec-4afa-a959-5a99891dc850,ATHR,NASDAQ,2025-04-10,2026-08-11,335,156,1072,1251,0.23809523809523808,2026-04-14,YES
b0c37f12-8e87-46fc-abf8-56ffa9a9f9ce,ATHS,NYSE,2024-03-15,2026-08-11,603,561,804,846,0.42857142857142855,2025-03-19,YES
97ec1eec-a5c8-4206-9401-e34e931d21fd,ATI,NYSE,2021-01-04,2026-08-11,1404,1404,3,3,0.997867803837953,2022-01-03,YES
5e91fe88-55e8-4534-b434-dcd1bf045a2a,ATKR,NYSE,2021-01-04,2026-08-11,1404,1404,3,3,0.997867803837953,2022-01-03,YES
655444f6-4df8-4fc7-829b-cb7e2dd6805a,ATLC,NASDAQ,2021-01-04,2026-08-11,1403,1228,4,179,0.9971570717839374,2022-01-03,YES
9083e8c7-4f7f-4a91-8bd5-94f9d00f1a96,ATLO,NASDAQ,2021-01-04,2026-08-11,1344,1023,63,384,0.9552238805970149,2022-01-05,YES
2b94234a-f5ee-4df2-814e-217e74320af2,ATLX,NASDAQ,2023-01-10,2026-08-11,899,887,508,520,0.6389481165600569,2024-01-11,YES
46c45083-4081-486b-99b2-ca28e2741459,ATMU,NYSE,2023-05-26,2026-08-11,804,804,603,603,0.5714285714285714,2024-05-29,YES
bdd15afb-4fca-4932-9542-62aaa42004ae,ATNI,NASDAQ,2021-01-04,2026-08-11,1400,1375,7,32,0.9950248756218906,2022-01-03,YES
85567807-bf3d-4d69-89f3-02e6d34a3860,ATNM,AMEX,2021-01-04,2026-08-11,1405,1391,2,16,0.9985785358919688,2022-01-03,YES
f521def1-4e5b-4401-b97d-98b17388d151,ATO,NYSE,2021-01-04,2026-08-11,1404,1404,3,3,0.997867803837953,2022-01-03,YES
81e7231c-45c0-423d-935f-de0176a00be3,ATOM,NASDAQ,2021-01-04,2026-08-11,1407,1407,0,0,1.0,2022-01-03,YES
61ca5d10-2105-4445-9a84-9593b9351a2f,ATOS,NASDAQ,2021-01-04,2026-08-11,1407,1398,0,9,1.0,2022-01-03,YES
9dadcecf-2e26-4dae-bac7-4fc1cd0af148,ATPC,NASDAQ,2023-10-11,2026-08-11,710,530,697,877,0.5046197583511016,2024-10-11,YES
5ef384a5-6de0-4b62-ad5e-6656ba99dd06,ATR,NYSE,2021-01-04,2026-08-11,1404,1404,3,3,0.997867803837953,2022-01-03,YES
2529ea59-3f2b-408e-9172-37e3c97cdbc8,ATRA,NASDAQ,2021-01-04,2026-08-11,1407,1380,0,27,1.0,2022-01-03,YES
86100f20-5a55-43bc-be15-fa2a4f3ad5bb,ATRC,NASDAQ,2021-01-04,2026-08-11,1407,1407,0,0,1.0,2022-01-03,YES
bb553128-8da7-4b18-9a10-9c60e55f1e0e,ATRO,NASDAQ,2021-01-04,2026-08-11,1407,1406,0,1,1.0,2022-01-03,YES
0f699e6f-183e-49ec-bbec-bb807a58a5d1,ATS,NYSE,2023-05-26,2026-08-11,804,797,603,610,0.5714285714285714,2024-05-29,YES
fe66da76-359a-4c72-b240-3257e0b9c024,ATTO,NASDAQ,2021-01-05,2026-08-11,537,411,870,996,0.3816631130063966,2022-01-04,YES
4e1ac3f6-0795-4f8b-8f7e-363661cd37c3,ATYR,NASDAQ,2021-01-04,2026-08-11,1404,1393,3,14,0.997867803837953,2022-01-03,YES
8d3e2784-8bb7-46cf-9f69-76fea41e6820,AU,NYSE,2021-01-04,2026-08-11,1404,1404,3,3,0.997867803837953,2022-01-03,YES
bc4e1402-280a-4e82-8412-140b085e875e,AUB,NYSE,2021-01-04,2026-08-11,1407,1407,0,0,1.0,2022-01-03,YES
ab5e8c82-9fab-4cda-88c4-0f0001a55b40,AUBN,NASDAQ,2021-01-06,2026-08-11,1191,351,216,1056,0.8464818763326226,2022-01-18,YES
9cf67d1e-dc7a-40c3-bce1-7e7520f5e8a8,AUC,NASDAQ,2021-01-04,2026-08-11,1241,504,166,903,0.8820184790334044,2022-01-03,YES
81b69550-541f-4992-9456-33051e08e02f,AUDC,NASDAQ,2021-01-04,2026-08-11,1407,1397,0,10,1.0,2022-01-03,YES
14a3d27e-0a48-4788-881e-2971ebeaddc1,AUGO,NASDAQ,2025-07-16,2026-08-11,270,270,1137,1137,0.19189765458422176,2026-07-17,YES
7f139045-a252-4b53-ad6e-7f18e976c0b6,AUID,NASDAQ,2021-08-25,2026-08-11,1236,917,171,490,0.8784648187633263,2022-08-25,YES
96b4a3e0-9a47-4c13-a338-bceaf0887baa,AUNA,NYSE,2024-03-22,2026-08-11,598,556,809,851,0.4250177683013504,2025-03-26,YES
e7ead0e7-11f9-4be6-8668-c9a23a5a498a,AUPH,NASDAQ,2021-01-04,2026-08-11,1407,1407,0,0,1.0,2022-01-03,YES
ee0d4372-73d4-41be-b556-de1688e2647c,AUR,NASDAQ,2021-05-11,2026-08-11,1303,1303,104,104,0.9260838663823738,2022-05-10,YES
8c9a647d-a67d-432e-985a-2f3f6bcc7d27,AURA,NASDAQ,2021-10-29,2026-08-11,1192,1188,215,219,0.8471926083866382,2022-10-31,YES
501fed0c-4662-4b3c-a6e5-84e3f974d749,AURE,NASDAQ,2023-07-06,2026-08-11,778,557,629,850,0.5529495380241649,2024-07-08,YES
3b95e292-3073-42cf-aedf-c8aad91c0484,AUST,AMEX,2022-05-04,2026-08-11,1067,785,340,622,0.7583511016346838,2023-05-05,YES
1187cc3f-6773-4d0f-bc15-905297cb50dd,AUUD,NASDAQ,2021-02-17,2026-08-11,1298,966,109,441,0.9225302061122956,2022-02-16,YES
67486dc8-a475-4513-b381-c75b0f94f859,AVA,NYSE,2021-01-04,2026-08-11,1404,1404,3,3,0.997867803837953,2022-01-03,YES
049ef930-0ac7-49ef-b7c4-d45b5269af2b,AVAH,NASDAQ,2021-04-29,2026-08-11,1327,1309,80,98,0.9431414356787491,2022-04-28,YES
fc43d32a-2fcc-4b9d-a7bf-cbc5f6612d15,AVAL,NYSE,2021-01-04,2026-08-11,1403,1245,4,162,0.9971570717839374,2022-01-03,YES
469248d4-0c1e-4231-9841-f6df5c7b1ea5,AVAT,NASDAQ,2025-02-05,2026-08-11,380,111,1027,1296,0.27007818052594174,2026-02-06,YES
e45456c5-9320-4e50-a357-1c0836890c06,AVAV,NASDAQ,2021-01-04,2026-08-11,1407,1407,0,0,1.0,2022-01-03,YES
6e7afb17-d4ff-499e-9c9d-ddc853786501,AVB,NYSE,2021-01-04,2026-08-11,1404,1404,3,3,0.997867803837953,2022-01-03,YES
60fc98e3-1391-4730-bc3d-5775aaca9538,AVBC,NYSE,2025-08-01,2026-08-11,258,253,1149,1154,0.18336886993603413,2026-08-04,YES
274cefaf-2054-4a9b-b509-589ffb9d4677,AVBH,NASDAQ,2025-08-08,2026-08-11,253,241,1154,1166,0.17981520966595593,2026-08-11,YES
c2eee2a8-0448-463f-9485-42d78acc7ed9,AVBP,NASDAQ,2024-01-26,2026-08-11,637,632,770,775,0.4527363184079602,2025-01-29,YES
03b99498-d5d1-4334-98be-8c589f50628d,AVD,NYSE,2021-01-04,2026-08-11,1404,1403,3,4,0.997867803837953,2022-01-03,YES
1b848b2c-e2cc-45c5-bdb3-f0d74300d972,AVEX,NYSE,2026-04-17,2026-08-11,80,80,1327,1327,0.05685856432125089,,NO
7a8b4fcf-0622-47ef-8541-de7f70ffc0c4,AVGO,NASDAQ,2021-01-04,2026-08-11,1407,1407,0,0,1.0,2022-01-03,YES
8fcc8313-7ae5-450d-9371-fe1c8ad1c859,AVIR,NASDAQ,2021-01-04,2026-08-11,1407,1406,0,1,1.0,2022-01-03,YES
cd9e4ca8-9582-4991-bb5f-69c80f29c782,AVLN,NASDAQ,2026-04-30,2026-08-11,71,71,1336,1336,0.05046197583511016,,NO
2b4e8100-4aad-4ed1-8922-44d07e1831f7,AVNT,NYSE,2021-01-04,2026-08-11,1404,1404,3,3,0.997867803837953,2022-01-03,YES
71042085-f498-4e39-a384-32067aa53527,AVNW,NASDAQ,2021-01-04,2026-08-11,1407,1401,0,6,1.0,2022-01-03,YES
92dcc985-62bd-451b-b17f-2ab745e7bdbc,AVO,NASDAQ,2021-01-04,2026-08-11,1407,1407,0,0,1.0,2022-01-03,YES
d4c1f1ed-7448-4451-a8ef-ba4cd733d430,AVPT,NASDAQ,2021-01-04,2026-08-11,1407,1407,0,0,1.0,2022-01-03,YES
5dcee599-06a6-40f2-892d-0dbef015634f,AVR,NASDAQ,2024-12-13,2026-08-11,414,413,993,994,0.2942430703624733,2025-12-17,YES
37f74b36-996e-476b-8d85-8f5c21f5328d,AVT,NASDAQ,2021-01-04,2026-08-11,1407,1407,0,0,1.0,2022-01-03,YES
1f30d2d9-e77b-43e4-b632-a800d9300c43,AVTR,NYSE,2021-01-04,2026-08-11,1404,1404,3,3,0.997867803837953,2022-01-03,YES
4b1a3937-4336-4cd4-9b8e-a0982502882e,AVTX,NASDAQ,2021-01-04,2026-08-11,1407,1229,0,178,1.0,2022-01-03,YES
5f3dc678-4c84-47f4-bb10-db8e9e943a19,AVX,NASDAQ,2021-07-08,2026-08-11,1242,1106,165,301,0.8827292110874201,2022-07-08,YES
1228d25f-b143-4ece-a7e5-16744a2c3e70,AVXL,NASDAQ,2021-01-04,2026-08-11,1407,1407,0,0,1.0,2022-01-03,YES
d45b711e-b63e-4e33-baef-65c63b8c8185,AVY,NYSE,2021-01-04,2026-08-11,1404,1404,3,3,0.997867803837953,2022-01-03,YES
d33977fd-6f9e-4fad-a055-87540c1be4b2,AWI,NYSE,2021-01-04,2026-08-11,1404,1404,3,3,0.997867803837953,2022-01-03,YES
70d6a48c-21e2-4b31-a66a-9a993fa1509c,AWK,NYSE,2021-01-04,2026-08-11,1404,1404,3,3,0.997867803837953,2022-01-03,YES
864e59b3-dff5-4f49-9c25-9e25307fcf0a,AWR,NYSE,2021-01-04,2026-08-11,1404,1404,3,3,0.997867803837953,2022-01-03,YES
46c128f4-6978-410d-86ae-2a5b3fc315ae,AWRE,NASDAQ,2021-01-04,2026-08-11,1247,974,160,433,0.8862828713574982,2022-01-03,YES
a062ed2e-77e5-4fff-92a0-9f96427f46a6,AWX,AMEX,2021-01-04,2026-08-11,1260,433,147,974,0.8955223880597015,2022-01-03,YES
53607cdd-d91b-4f73-97bd-68b45c1204c9,AX,NYSE,2021-01-04,2026-08-11,1404,1404,3,3,0.997867803837953,2022-01-03,YES
93e1a81d-f4b6-40c7-8967-e1066d429559,AXG,NASDAQ,2023-09-07,2026-08-11,734,710,673,697,0.5216773276474769,2024-09-09,YES
69bff51d-e8f6-42a6-82f7-cb10bb4556d0,AXGN,NASDAQ,2021-01-04,2026-08-11,1407,1407,0,0,1.0,2022-01-03,YES
a3c991a0-3134-4c9c-b8d6-89454ad066e3,AXIL,AMEX,2024-02-15,2026-08-11,623,214,784,1193,0.4427860696517413,2025-03-11,YES
39d6d435-ed68-4392-9e55-3cdced21d43d,AXIN,NASDAQ,2025-08-13,2026-08-11,250,46,1157,1361,0.17768301350390903,,NO
28d765e8-8085-4716-bde2-de0182b644e5,AXON,NASDAQ,2021-01-04,2026-08-11,1407,1407,0,0,1.0,2022-01-03,YES
49b90cdc-f6f5-4a7c-807a-ed172e6017af,AXP,NYSE,2021-01-04,2026-08-11,1404,1404,3,3,0.997867803837953,2022-01-03,YES
c2e8c21e-5644-4e04-9f7c-bef1ff01fb8c,AXR,NYSE,2021-01-05,2026-08-11,1193,600,214,807,0.8479033404406539,2022-01-05,YES
19241ce0-c212-48ae-86f4-969d143b48da,AXS,NYSE,2021-01-04,2026-08-11,1404,1404,3,3,0.997867803837953,2022-01-03,YES
ca938579-1007-4580-af05-8ee45a6c68d4,AXSM,NASDAQ,2021-01-04,2026-08-11,1407,1407,0,0,1.0,2022-01-03,YES
0f5602b1-d02e-4e2a-ae8b-b374c1ac9fca,AXTA,NYSE,2021-01-04,2026-08-11,1404,1404,3,3,0.997867803837953,2022-01-03,YES
8945fd10-2f7a-45bd-acae-1618cb7235b1,AXTI,NASDAQ,2021-01-04,2026-08-11,1407,1406,0,1,1.0,2022-01-03,YES
8d21889f-d874-4705-8b00-e94e295a0b60,AYA,NASDAQ,2026-05-04,2026-08-11,69,69,1338,1338,0.04904051172707889,,NO
aeb97d70-a6f7-4602-8330-54b48a626d27,AYI,NYSE,2021-01-04,2026-08-11,1404,1404,3,3,0.997867803837953,2022-01-03,YES
778c1229-8a01-4338-9dca-3bc32227fa26,AYTU,NASDAQ,2021-01-04,2026-08-11,1398,1114,9,293,0.9936034115138592,2022-01-03,YES
740978b8-c966-40c1-9b2a-f516beeec3b9,AZ,NASDAQ,2022-01-05,2026-08-11,1114,956,293,451,0.7917555081734187,2023-01-06,YES
586890fd-fe18-4fde-a215-44fc8e44979b,AZI,NASDAQ,2024-08-28,2026-08-11,489,420,918,987,0.34754797441364604,2025-09-02,YES
855b39e3-732f-486f-af7d-8a8b21eea0b4,AZIO,NASDAQ,2022-07-08,2026-08-11,1027,738,380,669,0.7299218194740583,2023-07-14,YES
7b60bc3b-8715-4e23-a5df-19642434f7a7,AZN,NYSE,2026-02-02,2026-08-11,132,132,1275,1275,0.09381663113006397,,NO
dae5e891-472a-42a9-8638-cc67023813f4,AZO,NYSE,2021-01-04,2026-08-11,1404,1404,3,3,0.997867803837953,2022-01-03,YES
2636a08b-553a-4def-82f2-c75be63c0501,AZTA,NASDAQ,2021-01-04,2026-08-11,1407,1407,0,0,1.0,2022-01-03,YES
10d0e486-b43a-4cd8-9ecc-6cb82a6ed014,AZTR,AMEX,2023-06-16,2026-08-11,790,665,617,742,0.5614783226723525,2024-06-18,YES
bbbe1e51-231e-4428-9dc2-3d2e43cb059f,AZZ,NYSE,2021-01-04,2026-08-11,1404,1403,3,4,0.997867803837953,2022-01-03,YES
aef25bf7-87b7-483b-816c-aa76834b96dd,B,NYSE,2021-01-04,2026-08-11,1404,1403,3,4,0.997867803837953,2022-01-03,YES
3bed4fb2-4093-4433-b887-770ae3defd3a,BA,NYSE,2021-01-04,2026-08-11,1404,1404,3,3,0.997867803837953,2022-01-03,YES
061588a3-d70b-4b9c-a3f6-636aaa16acc4,BAC,NYSE,2021-01-04,2026-08-11,1404,1404,3,3,0.997867803837953,2022-01-03,YES
738e11f6-7c9b-404b-89d1-c4b18b82d38f,BACC,NASDAQ,2025-08-05,2026-08-11,256,78,1151,1329,0.18194740582800284,2026-08-06,YES
70b05af9-5de8-4fb2-b5f8-92ddca51f3bd,BAER,NASDAQ,2021-03-18,2026-08-11,1166,980,241,427,0.8287135749822317,2022-03-18,YES
5df04566-bc07-4b4c-80b8-22d5ef021deb,BAFN,NASDAQ,2021-12-06,2026-08-11,1061,355,346,1052,0.7540867093105899,2022-12-06,YES
9301692b-d5f0-4464-8e49-17c5053f673b,BAH,NYSE,2021-01-04,2026-08-11,1404,1404,3,3,0.997867803837953,2022-01-03,YES
b6383ccc-bc48-40a3-8e30-58583c49322b,BALL,NYSE,2021-01-04,2026-08-11,1404,1404,3,3,0.997867803837953,2022-01-03,YES
525a996e-88d6-4eab-8729-a1597813184a,BALY,NYSE,2021-01-04,2026-08-11,1404,1385,3,22,0.997867803837953,2022-01-03,YES
985c16d7-1b3d-48e5-9f69-740dffaf87e9,BAM,NYSE,2021-01-04,2026-08-11,1404,1404,3,3,0.997867803837953,2022-01-03,YES
374f1a2a-696a-4bdc-8840-0043a8f2328b,BANC,NYSE,2021-01-04,2026-08-11,1404,1404,3,3,0.997867803837953,2022-01-03,YES
9c0fb21e-02f5-4677-aa9d-ddc2b5bcc6a2,BAND,NASDAQ,2021-01-04,2026-08-11,1407,1407,0,0,1.0,2022-01-03,YES
5a5e840b-cfe4-447d-afa5-27a796d858fc,BANF,NASDAQ,2021-01-04,2026-08-11,1407,1394,0,13,1.0,2022-01-03,YES
8a78ef57-66c2-46c3-829e-7235d228c5df,BANR,NASDAQ,2021-01-04,2026-08-11,1407,1407,0,0,1.0,2022-01-03,YES
70e01908-2599-4206-a60e-31e7e05b5a6d,BANX,NASDAQ,2021-01-04,2026-08-11,1232,871,175,536,0.8756218905472637,2022-01-05,YES
a67f5f10-c5a8-4453-96d7-91b674e15f64,BAOS,NASDAQ,2021-02-09,2026-08-11,1290,754,117,653,0.9168443496801706,2022-02-08,YES
06181684-06e8-4d43-ae14-476c5a3afa09,BAP,NYSE,2021-01-04,2026-08-11,1404,1404,3,3,0.997867803837953,2022-01-03,YES
98eb77e8-a774-471d-b500-7b12e375c0a3,BARK,NYSE,2021-01-04,2026-08-11,1404,1401,3,6,0.997867803837953,2022-01-03,YES
61fe23ac-970e-4274-b7e0-b1ab376e1e43,BATL,AMEX,2021-01-04,2026-08-11,1278,1023,129,384,0.908315565031983,2022-01-03,YES
8f98009e-b374-4530-887c-af492137bd98,BATRA,NASDAQ,2021-01-04,2026-08-11,1404,1341,3,66,0.997867803837953,2022-01-03,YES
c7286564-529d-41f8-be9d-f9115888da31,BATRK,NASDAQ,2021-01-04,2026-08-11,1405,1405,2,2,0.9985785358919688,2022-01-03,YES
feee4056-913c-46be-8e7e-71ee600bfe18,BAX,NYSE,2021-01-04,2026-08-11,1404,1404,3,3,0.997867803837953,2022-01-03,YES
d58d9d02-8c6e-471a-bb96-9dcf0e1ca49c,BB,NYSE,2021-01-04,2026-08-11,1404,1404,3,3,0.997867803837953,2022-01-03,YES
b60c5d7d-4a21-42ec-8a35-088a64b9c238,BBAI,NYSE,2021-04-07,2026-08-11,1286,1258,121,149,0.914001421464108,2022-04-05,YES
1094117a-0453-42fa-8bfa-21eedcb6747d,BBAR,NYSE,2021-01-04,2026-08-11,1404,1404,3,3,0.997867803837953,2022-01-03,YES
34479ce5-4d55-4d85-8ff4-25d08f908979,BBBY,NYSE,2021-01-04,2026-08-11,1407,1407,0,0,1.0,2022-01-03,YES
63fbac9b-5486-401d-a22d-64069c4e4a5b,BBCP,NASDAQ,2021-01-04,2026-08-11,1406,1400,1,7,0.9992892679459844,2022-01-03,YES
de39ca41-674d-4444-899a-7bd5ff69f514,BBCQ,NASDAQ,2026-02-11,2026-08-11,125,94,1282,1313,0.08884150675195451,,NO
f87d9065-2ff7-40a1-8620-7077020785d7,BBDC,NYSE,2021-01-04,2026-08-11,1404,1404,3,3,0.997867803837953,2022-01-03,YES
de0f74e1-0ed3-448a-84ad-47a88744125f,BBGI,NASDAQ,2021-01-04,2026-08-11,1231,652,176,755,0.8749111584932481,2022-01-03,YES
4c0b0770-66a1-41df-a15d-d01878eadab0,BBIO,NASDAQ,2021-01-04,2026-08-11,1407,1407,0,0,1.0,2022-01-03,YES
00884cd6-4642-446b-b34c-6950408377c9,BBLG,NASDAQ,2021-10-13,2026-08-11,1145,770,262,637,0.8137882018479033,2022-10-14,YES
8dc36ba1-8fe2-4250-b10a-d899ecffa4e9,BBNX,NASDAQ,2025-01-30,2026-08-11,384,384,1023,1023,0.27292110874200426,2026-02-02,YES
03dfcbc2-1bba-4997-934d-498ba7b0bdf7,BBOT,NASDAQ,2024-02-09,2026-08-11,627,317,780,1090,0.44562899786780386,2025-04-01,YES
55f756ba-36b4-45bd-a699-2e98fa39ab75,BBSI,NASDAQ,2021-01-04,2026-08-11,1402,1372,5,35,0.9964463397299218,2022-01-03,YES
09d13f10-3e93-45ba-b6db-31e1a2e8d59e,BBT,NYSE,2021-01-04,2026-08-11,1404,1404,3,3,0.997867803837953,2022-01-03,YES
03842e4d-5121-4cef-bfb2-b2ba37dce852,BBUC,NYSE,2022-03-16,2026-08-11,1103,1070,304,337,0.7839374555792467,2023-03-17,YES
92babe46-2f6c-4eef-badf-e295463516d0,BBVA,NYSE,2021-01-04,2026-08-11,1404,1404,3,3,0.997867803837953,2022-01-03,YES
f153ce06-519e-41ac-aefb-fdebd45991ea,BBW,NYSE,2021-01-04,2026-08-11,1404,1404,3,3,0.997867803837953,2022-01-03,YES
b629ac0e-69a0-4256-8682-b8a394552128,BBWI,NYSE,2021-08-03,2026-08-11,1259,1259,148,148,0.8948116560056859,2022-08-03,YES
a5a7a7b7-5a80-44c6-8051-989b3bb4a1c2,BBY,NYSE,2021-01-04,2026-08-11,1404,1404,3,3,0.997867803837953,2022-01-03,YES
2a718b9a-5cfc-45db-94a1-bf4679d82c54,BC,NYSE,2021-01-04,2026-08-11,1404,1404,3,3,0.997867803837953,2022-01-03,YES
0dea9408-62f4-486c-9d09-7c7e1d2fec28,BCAB,NASDAQ,2021-01-04,2026-08-11,1407,1388,0,19,1.0,2022-01-03,YES
86c1ab4d-8f38-4699-bde5-54a3e5338d9c,BCAL,NASDAQ,2023-05-15,2026-08-11,813,739,594,668,0.5778251599147122,2024-05-15,YES
d545be35-2461-44b9-91a5-d3ae3226df81,BCAR,NASDAQ,2025-08-20,2026-08-11,245,177,1162,1230,0.17412935323383086,,NO
0da4b4a5-b158-4c6a-b3ad-2cbd53cc92b1,BCAX,NASDAQ,2024-09-13,2026-08-11,478,478,929,929,0.33972992181947403,2025-09-17,YES
0671c74e-a03c-4ea0-bab3-594c39ffba87,BCBP,NASDAQ,2021-01-04,2026-08-11,1393,1358,14,49,0.9900497512437811,2022-01-03,YES
ca843a13-c16d-4294-8d77-ed5fbec9b3c9,BCC,NYSE,2021-01-04,2026-08-11,1404,1404,3,3,0.997867803837953,2022-01-03,YES
0bbaff8f-79aa-4f97-8530-8d60e4990325,BCCQ,NASDAQ,2026-08-05,2026-08-11,5,1,1402,1406,0.0035536602700781805,,NO
e2360a41-a4ae-4203-abd1-b5cf6350170d,BCDA,NASDAQ,2021-01-04,2026-08-11,1338,1032,69,375,0.9509594882729211,2022-01-03,YES
10625a42-dfbf-4761-a4c5-7aacc3cffccb,BCE,NYSE,2021-01-04,2026-08-11,1404,1404,3,3,0.997867803837953,2022-01-03,YES
627bca2c-5097-46f3-a1fb-47e70e07f8fc,BCG,NASDAQ,2024-03-28,2026-08-11,594,352,813,1055,0.42217484008528783,2025-04-01,YES
f351956a-89c3-42bb-8e8b-0013edca7e8d,BCHT,AMEX,2026-02-26,2026-08-11,115,108,1292,1299,0.08173418621179815,,NO
ff5ea29b-28bc-4d06-8499-bc3464844c88,BCIC,NASDAQ,2021-01-04,2026-08-11,1395,1274,12,133,0.9914712153518124,2022-01-03,YES
19a4132e-968c-48cb-96dc-95c681880f23,BCML,NASDAQ,2021-01-04,2026-08-11,1353,1157,54,250,0.9616204690831557,2022-01-03,YES
0b691153-c942-4113-8d40-1d9d463ddd81,BCO,NYSE,2021-01-04,2026-08-11,1404,1404,3,3,0.997867803837953,2022-01-03,YES
70e85c10-80b5-42b7-8c81-8d47d68cf433,BCPC,NASDAQ,2021-01-04,2026-08-11,1407,1405,0,2,1.0,2022-01-03,YES
7762253d-c416-4650-b6a3-0436a781fc83,BCRX,NASDAQ,2021-01-04,2026-08-11,1407,1407,0,0,1.0,2022-01-03,YES
e0dfb038-0b8d-4309-9d6f-1ab3faceb281,BCS,NYSE,2021-01-04,2026-08-11,1404,1404,3,3,0.997867803837953,2022-01-03,YES
3fc9963e-7110-477d-b1a4-727c8b3b4acc,BCSF,NYSE,2021-01-04,2026-08-11,1404,1403,3,4,0.997867803837953,2022-01-03,YES
c5a1f2dc-3a6b-453f-ba7c-8eb43ea403f4,BCSS,NYSE,2025-11-28,2026-08-11,175,39,1232,1368,0.12437810945273632,,NO
4a662c55-d742-458f-8ab2-fe2cb8e5bd61,BCTX,NASDAQ,2021-02-24,2026-08-11,1371,1320,36,87,0.9744136460554371,2022-02-23,YES
0ad668aa-6edf-494a-9220-0f18c3f02e8d,BDC,NYSE,2021-01-04,2026-08-11,1404,1404,3,3,0.997867803837953,2022-01-03,YES
a4e08f51-bf84-453c-93cd-701a85ed20a4,BDCI,NASDAQ,2025-10-20,2026-08-11,203,28,1204,1379,0.14427860696517414,,NO
1db22ad2-36a1-4b6b-953b-26b014084fad,BDL,AMEX,2021-01-05,2026-08-11,1149,276,258,1131,0.8166311300639659,2022-01-04,YES
bf8d4189-5802-41e4-868c-63c8ef438fe6,BDMD,NASDAQ,2022-01-05,2026-08-11,1046,518,361,889,0.7434257285003554,2023-01-13,YES
4b217eb3-ae7e-4c7c-9be8-a03f7cdc89dc,BDSX,NASDAQ,2021-01-04,2026-08-11,1405,1337,2,70,0.9985785358919688,2022-01-03,YES
c1853bd7-f488-4647-8ab4-7ec39ca1ed3c,BDTX,NASDAQ,2021-01-04,2026-08-11,1407,1392,0,15,1.0,2022-01-03,YES
419e89a6-efe2-4773-ba4f-1bf5dca33cb2,BDX,NYSE,2021-01-04,2026-08-11,1404,1404,3,3,0.997867803837953,2022-01-03,YES
b46a6a71-7b7b-4cd1-a70a-163125cd2dc7,BE,NYSE,2021-01-04,2026-08-11,1404,1404,3,3,0.997867803837953,2022-01-03,YES
72b1bff3-012d-4af9-9ce3-d5124953c52a,BEAG,NASDAQ,2024-12-16,2026-08-11,413,165,994,1242,0.2935323383084577,2025-12-30,YES
bf6c1e55-a7ef-4701-9e30-3c43db26b103,BEAM,NASDAQ,2021-01-04,2026-08-11,1407,1407,0,0,1.0,2022-01-03,YES
5dca7e1c-abec-4dfd-b01d-cec30aefc272,BEAT,NASDAQ,2021-11-11,2026-08-11,1158,1040,249,367,0.8230277185501066,2022-11-11,YES
78dda1ee-a389-4f74-a853-b04a2be641f1,BEBE,NYSE,2026-02-09,2026-08-11,127,2,1280,1405,0.09026297085998579,,NO
e40920c0-93d6-4b35-a177-7aee3165162c,BEEM,NASDAQ,2021-01-04,2026-08-11,1407,1402,0,5,1.0,2022-01-03,YES
4f90aaef-abf5-4091-a841-c7ba7ac66cc6,BEEP,NASDAQ,2021-05-25,2026-08-11,1091,814,316,593,0.775408670931059,2022-05-25,YES
288386c3-ac2e-42ff-81be-4f96d180926d,BELFA,NASDAQ,2021-01-06,2026-08-11,1053,433,354,974,0.7484008528784648,2022-07-27,YES
aa673e4c-a85d-46fa-8863-5ab88dc3ccca,BELFB,NASDAQ,2021-01-04,2026-08-11,1407,1406,0,1,1.0,2022-01-03,YES
12344127-983c-4142-b3cf-97bc15a8ba70,BEN,NYSE,2021-01-04,2026-08-11,1404,1404,3,3,0.997867803837953,2022-01-03,YES
e4c90d5e-28c1-4658-9391-1f21b0436adc,BENF,NASDAQ,2021-12-06,2026-08-11,1053,757,354,650,0.7484008528784648,2023-01-19,YES
b09155f3-0afa-401f-ac94-fc1f6480eee6,BEP,NYSE,2021-01-04,2026-08-11,1404,1404,3,3,0.997867803837953,2022-01-03,YES
c98be8ea-ce3a-4748-90f9-e7eacfc97249,BEPC,NYSE,2021-01-04,2026-08-11,1404,1404,3,3,0.997867803837953,2022-01-03,YES
7228b4ce-16d1-41d8-9d0f-87227cf7840d,BESS,AMEX,2026-02-20,2026-08-11,119,105,1288,1302,0.0845771144278607,,NO
35338e4b-1b55-472e-bf02-f18780650ae0,BETA,NYSE,2025-11-04,2026-08-11,192,192,1215,1215,0.13646055437100213,,NO
57d185e2-f9b7-476c-aa9b-122746baa2ce,BETR,NASDAQ,2021-05-11,2026-08-11,1162,913,245,494,0.8258706467661692,2022-05-12,YES
63d19f94-1da7-46ee-a9ae-8b1a527e3ce1,BFAM,NYSE,2021-01-04,2026-08-11,1404,1404,3,3,0.997867803837953,2022-01-03,YES
9cb847ae-be45-4601-90b7-d1a94561fc4b,BFC,NASDAQ,2021-01-04,2026-08-11,1258,960,149,447,0.8941009239516702,2022-01-04,YES
a75fec50-9c3a-4806-ad72-a4f27e22db28,BFH,NYSE,2021-01-04,2026-08-11,1405,1405,2,2,0.9985785358919688,2022-01-03,YES
38d18a63-8c52-4986-bddd-a69d9b5e9190,BFLY,NYSE,2021-01-04,2026-08-11,1404,1404,3,3,0.997867803837953,2022-01-03,YES
3f38c54d-8aa3-4669-b960-f9ccc50ed1f6,BFRG,NASDAQ,2023-02-14,2026-08-11,875,806,532,601,0.6218905472636815,2024-02-15,YES
4414d27d-aafd-4853-80e2-2bcab2cc04db,BFRI,NASDAQ,2021-10-29,2026-08-11,1199,930,208,477,0.8521677327647477,2022-10-31,YES
351ab861-0f87-4a9d-8e5b-1cc7907241da,BFS,NYSE,2021-01-04,2026-08-11,1396,1373,11,34,0.992181947405828,2022-01-03,YES
a37e5a10-8083-432c-bfb5-dd6013472641,BFST,NASDAQ,2021-01-04,2026-08-11,1391,1380,16,27,0.9886282871357498,2022-01-03,YES
bd953d3b-1aca-4ee5-9ae8-974d793c5638,BG,NYSE,2021-01-04,2026-08-11,1404,1404,3,3,0.997867803837953,2022-01-03,YES
2786000f-98b4-4219-99a9-4c0c26c1b8f1,BGC,NASDAQ,2021-01-04,2026-08-11,1407,1407,0,0,1.0,2022-01-03,YES
84ae2d71-0c2c-43fe-9d94-ec90cc011e1b,BGDE,NASDAQ,2021-09-29,2026-08-11,1219,1163,188,244,0.8663823738450604,2022-09-29,YES
b091b660-ceee-44d5-a798-9aed3973c71c,BGI,AMEX,2021-01-04,2026-08-11,1369,866,38,541,0.9729921819474058,2022-01-03,YES
087066bc-494b-4dfe-ae17-b34ae7ac05db,BGIN,NASDAQ,2025-10-21,2026-08-11,202,97,1205,1310,0.1435678749111585,,NO
c66a0777-aa76-4c46-9171-ef0c6f3f8060,BGL,NASDAQ,2025-06-30,2026-08-11,281,276,1126,1131,0.19971570717839374,2026-07-01,YES
0caff19e-2261-437c-aa92-22fc25d63888,BGLC,NASDAQ,2023-07-20,2026-08-11,768,483,639,924,0.5458422174840085,2024-07-22,YES
2b2bc415-a017-4bc4-8a8b-d383899685fc,BGM,NASDAQ,2021-01-12,2026-08-11,1215,510,192,897,0.8635394456289979,2022-01-11,YES
f1fbd846-40a3-4009-8f32-21ca5238fda2,BGMS,NASDAQ,2021-01-04,2026-08-11,1381,1114,26,293,0.9815209665955935,2022-01-03,YES
b86456db-ab89-4135-85c6-45bfa595b85c,BGS,NYSE,2021-01-04,2026-08-11,1404,1404,3,3,0.997867803837953,2022-01-03,YES
a27e0729-a3ac-4d50-ab13-e62a9e26a0fa,BGSF,NYSE,2021-01-04,2026-08-11,1333,994,74,413,0.9474058280028429,2022-01-05,YES
5eee3fea-b120-484d-b7fe-df8d154101ba,BGSI,NYSE,2025-10-31,2026-08-11,194,181,1213,1226,0.1378820184790334,,NO
f2d4084b-be47-4547-a57c-54e997f69035,BH,NYSE,2021-01-04,2026-08-11,1380,1161,27,246,0.9808102345415778,2022-01-03,YES
a2ec47cc-002a-4720-8873-9e3e34889c17,BHAV,NASDAQ,2026-04-16,2026-08-11,81,8,1326,1399,0.057569296375266525,,NO
55b25313-9628-4edf-a0a0-f46d19e03740,BHB,AMEX,2021-01-04,2026-08-11,1363,1301,44,106,0.968727789623312,2022-01-04,YES
a666c932-85ed-41ba-a197-1d2a8655bd04,BHC,NYSE,2021-01-04,2026-08-11,1404,1404,3,3,0.997867803837953,2022-01-03,YES
a75e07dc-2a4f-40b7-999c-4bb08eedd345,BHE,NYSE,2021-01-04,2026-08-11,1404,1402,3,5,0.997867803837953,2022-01-03,YES
d4f2e183-f6fa-4187-bb2a-d6bc15956c6f,BHF,NASDAQ,2021-01-04,2026-08-11,1407,1407,0,0,1.0,2022-01-03,YES
9e689d8e-0275-4a13-a21d-d518b19eb8f2,BHFAL,NASDAQ,2021-01-04,2026-08-11,1260,919,147,488,0.8955223880597015,2022-01-03,YES
4ea58c84-7de9-469b-ba4a-228d3a678403,BHK,NYSE,2021-01-04,2026-08-11,1404,1396,3,11,0.997867803837953,2022-01-03,YES
c59097fb-6c78-4f2b-9927-b80a37bb22ef,BHR,NYSE,2021-01-04,2026-08-11,1404,1403,3,4,0.997867803837953,2022-01-03,YES
02bf6044-f958-42a5-80da-e371915c4c55,BHRB,NASDAQ,2023-05-04,2026-08-11,820,649,587,758,0.5828002842928216,2024-05-21,YES
53392964-a800-4940-ba52-54d6a6fb3ff2,BHST,NASDAQ,2024-11-14,2026-08-11,434,219,973,1188,0.30845771144278605,2025-11-20,YES
55665476-e1e6-42c8-b4da-1834b0b0e4c9,BHVN,NYSE,2021-01-04,2026-08-11,1404,1404,3,3,0.997867803837953,2022-01-03,YES
7ecb09f9-93bf-4106-95a4-468bbb10184a,BIAF,NASDAQ,2022-09-01,2026-08-11,988,779,419,628,0.7022032693674485,2023-09-11,YES
48922926-bc27-43af-ba64-2ebeaa64ba76,BID,NASDAQ,2026-07-21,2026-08-11,16,3,1391,1404,0.011371712864250177,,NO
0ebf2aad-3ac3-4274-9710-d4aaf455636f,BIIB,NASDAQ,2021-01-04,2026-08-11,1407,1406,0,1,1.0,2022-01-03,YES
4e90a3d0-a7fc-4ce7-b2bc-f76ab89e4c13,BIII,NYSE,2026-02-03,2026-08-11,131,9,1276,1398,0.09310589907604833,,NO
f076dc69-51aa-4df8-a464-05d6de1d419c,BILL,NYSE,2021-01-04,2026-08-11,1404,1404,3,3,0.997867803837953,2022-01-03,YES
caf7642c-fc69-429f-9476-02a36e8ac8b0,BIO,NYSE,2021-01-04,2026-08-11,1404,1401,3,6,0.997867803837953,2022-01-03,YES
64f979fd-1532-4289-be3c-e468b547336d,BIOA,NASDAQ,2024-09-26,2026-08-11,469,469,938,938,0.3333333333333333,2025-09-30,YES
be8f5215-9f6f-4041-af45-4b723fb28a36,BIOT,NASDAQ,2026-07-27,2026-08-11,12,12,1395,1395,0.008528784648187633,,NO
5225e559-5482-473a-b855-3a5f07f3c06e,BIOX,NASDAQ,2021-01-04,2026-08-11,1338,1318,69,89,0.9509594882729211,2022-01-03,YES
ca3ef9ad-2f48-4ae9-b84e-8432e9c06a7f,BIPC,NYSE,2021-01-04,2026-08-11,1404,1404,3,3,0.997867803837953,2022-01-03,YES
b8fd79a0-8167-41eb-ba57-7f659e1c297c,BIRD,NASDAQ,2021-11-03,2026-08-11,1196,1163,211,244,0.8500355366027008,2022-11-03,YES
1ca8c1c4-4bac-4b40-98b3-6e9b3d6c9c1b,BIRK,NYSE,2023-10-11,2026-08-11,710,710,697,697,0.5046197583511016,2024-10-11,YES
4b5ea4d5-7241-4d5d-b3bd-a256f3e9b936,BIVI,NASDAQ,2021-01-04,2026-08-11,1352,1300,55,107,0.9609097370291401,2022-01-03,YES
0e9555c5-7569-4191-8503-a69f9de06ee5,BIXI,NASDAQ,2026-01-05,2026-08-11,151,18,1256,1389,0.10732054015636106,,NO
78d5d2dd-88a4-4857-865b-7e8c71fc62f2,BIYA,NASDAQ,2025-03-21,2026-08-11,349,307,1058,1100,0.248045486851457,2026-03-24,YES
5aedb37d-0461-4d32-8068-8da62fef963b,BJ,NYSE,2021-01-04,2026-08-11,1404,1404,3,3,0.997867803837953,2022-01-03,YES
9e21056f-fa84-4a43-a74d-d17cb8714aa3,BJDX,NASDAQ,2021-11-11,2026-08-11,1171,859,236,548,0.8322672352523098,2022-11-14,YES
14172293-6d6f-4864-ae6b-97855774ef2c,BJRI,NASDAQ,2021-01-04,2026-08-11,1407,1407,0,0,1.0,2022-01-03,YES
08c26e6b-c9ff-44fe-9f5f-39c038b2e397,BKD,NYSE,2021-01-04,2026-08-11,1404,1404,3,3,0.997867803837953,2022-01-03,YES
a773c6ef-59f0-4575-beee-483a5e55d623,BKE,NYSE,2021-01-04,2026-08-11,1404,1404,3,3,0.997867803837953,2022-01-03,YES
292acece-c634-4b98-afa8-e01434536636,BKH,NYSE,2021-01-04,2026-08-11,1404,1404,3,3,0.997867803837953,2022-01-03,YES
283009c9-6ef3-4ca6-8e1b-0f5b3f21105d,BKHA,NASDAQ,2024-05-15,2026-08-11,561,30,846,1377,0.39872068230277186,2026-04-14,YES
5e6abf89-0ffe-4ec0-a6e5-d881567266cd,BKKT,NYSE,2021-01-06,2026-08-11,1402,1402,5,5,0.9964463397299218,2022-01-05,YES
c50070cd-18b4-4f29-ae0f-f192e4cc4553,BKNG,NASDAQ,2021-01-04,2026-08-11,1407,1407,0,0,1.0,2022-01-03,YES
d5f668a3-682f-474a-84e2-d340593dd94c,BKR,NASDAQ,2021-01-04,2026-08-11,1405,1405,2,2,0.9985785358919688,2022-01-03,YES
a09da076-d5ca-4a9c-b1bd-a577a434a647,BKSY,NYSE,2021-01-04,2026-08-11,1404,1404,3,3,0.997867803837953,2022-01-03,YES
d346acf6-d458-4a53-bd0f-5561bf4ce4af,BKTI,AMEX,2021-01-04,2026-08-11,1234,860,173,547,0.8770433546552949,2022-01-03,YES
348caefb-e753-4bae-abc5-40f88b4e1f16,BKU,NYSE,2021-01-04,2026-08-11,1404,1404,3,3,0.997867803837953,2022-01-03,YES
44693648-ae81-4229-9384-363b5ac5eb69,BKV,NYSE,2024-09-26,2026-08-11,469,469,938,938,0.3333333333333333,2025-09-30,YES
39a3cfdf-5700-4c9a-abf7-bc09fb669d30,BKYI,NASDAQ,2026-07-08,2026-08-11,25,12,1382,1395,0.017768301350390904,,NO
dc2d94ad-ffdc-4864-b19c-a70fbadb6b31,BL,NASDAQ,2021-01-04,2026-08-11,1407,1407,0,0,1.0,2022-01-03,YES
ad679a05-59f0-4eec-89be-409a912e8ad3,BLBD,NASDAQ,2021-01-04,2026-08-11,1406,1406,1,1,0.9992892679459844,2022-01-03,YES
7b79a62b-e099-4330-8e87-fa7f2a392c68,BLCO,NYSE,2022-05-06,2026-08-11,1069,1069,338,338,0.759772565742715,2023-05-09,YES
9741c5b9-03a3-4624-a6c5-cc64b628faf1,BLDP,NASDAQ,2021-01-04,2026-08-11,1407,1407,0,0,1.0,2022-01-03,YES
f6738e19-c8c9-43be-9709-02dfe0252603,BLDR,NYSE,2021-01-04,2026-08-11,1405,1405,2,2,0.9985785358919688,2022-01-03,YES
c44c6319-1af0-4ca7-9dc9-0caccce1ea78,BLFS,NASDAQ,2021-01-04,2026-08-11,1407,1407,0,0,1.0,2022-01-03,YES
73e0743a-ec89-4ad7-bd68-132d2f7eef0b,BLIN,NASDAQ,2021-01-04,2026-08-11,1341,910,66,497,0.9530916844349681,2022-01-03,YES
8216d3a1-fd4a-4d0f-8337-621aada7f804,BLIV,NASDAQ,2025-04-04,2026-08-11,339,108,1068,1299,0.24093816631130063,2026-04-13,YES
467bc92e-332b-4f62-95c7-3c9288c20018,BLK,NYSE,2021-01-04,2026-08-11,1404,1404,3,3,0.997867803837953,2022-01-03,YES
17290626-8e0f-4773-bd85-7e9dca27bc4b,BLKB,NASDAQ,2021-01-04,2026-08-11,1407,1407,0,0,1.0,2022-01-03,YES
330a908d-5027-4ace-82c8-c5eef4d8a178,BLLN,NASDAQ,2025-11-06,2026-08-11,190,190,1217,1217,0.13503909026297087,,NO
060174a7-8675-45d9-8c81-4024fa3b8539,BLMN,NASDAQ,2021-01-04,2026-08-11,1407,1407,0,0,1.0,2022-01-03,YES
38f1c0db-40d4-453c-8f6d-202ab296e846,BLND,NYSE,2021-07-16,2026-08-11,1271,1271,136,136,0.9033404406538735,2022-07-18,YES
80f15001-188f-43b2-bbbf-e7b205a3561c,BLNE,NASDAQ,2021-01-05,2026-08-11,1301,1010,106,397,0.9246624022743426,2022-01-04,YES
37e8204c-b392-41bb-b49b-c6edb8f667c1,BLNK,NASDAQ,2021-01-04,2026-08-11,1407,1407,0,0,1.0,2022-01-03,YES
b3e4c2c2-8fc8-4a62-ba5a-64d2d85d869d,BLRK,NASDAQ,2026-02-19,2026-08-11,120,7,1287,1400,0.08528784648187633,,NO
3d42e2e7-f7b6-4ed1-8221-46eb2b923b8a,BLSH,NYSE,2025-08-13,2026-08-11,250,250,1157,1157,0.17768301350390903,,NO
c41200f4-1d0c-42ff-9400-ec29be561b13,BLSM,NASDAQ,2026-08-07,2026-08-11,3,3,1404,1404,0.0021321961620469083,,NO
fe069b84-9877-4b95-acbe-d845a5376973,BLUW,NASDAQ,2021-02-09,2026-08-11,306,88,1101,1319,0.21748400852878466,,NO
e0c53c29-6bb8-4e99-ac2d-14209494e96d,BLX,NYSE,2021-01-04,2026-08-11,1404,1396,3,11,0.997867803837953,2022-01-03,YES
381d5475-1cf7-421c-9990-f491ff9eca4f,BLZE,NASDAQ,2021-11-11,2026-08-11,1189,1188,218,219,0.8450604122245914,2022-11-11,YES
a9dcbf4d-49f9-4eb1-b553-7505b1595dc1,BLZR,NASDAQ,2025-10-31,2026-08-11,194,35,1213,1372,0.1378820184790334,,NO
328dd39b-e571-4f85-bc93-387a58c5b61c,BMA,NYSE,2021-01-04,2026-08-11,1404,1404,3,3,0.997867803837953,2022-01-03,YES
94234dcc-7236-47e6-91f2-1041b1f7e5d5,BMBL,NASDAQ,2021-02-11,2026-08-11,1380,1380,27,27,0.9808102345415778,2022-02-10,YES
02d66b3b-8a2d-487e-9abe-c818d22cceb7,BMEA,NASDAQ,2021-04-16,2026-08-11,1333,1332,74,75,0.9474058280028429,2022-04-14,YES
0fb80635-aca2-4a39-81df-80e5954bd8a0,BMGL,NASDAQ,2025-02-25,2026-08-11,367,255,1040,1152,0.26083866382373844,2026-03-02,YES
6349febf-d621-4296-836d-348bfbcf0cb3,BMHL,NASDAQ,2025-07-11,2026-08-11,273,52,1134,1355,0.19402985074626866,2026-07-14,YES
b0bced12-6cec-4f01-abe3-4802a09e0206,BMI,NYSE,2021-01-04,2026-08-11,1403,1403,4,4,0.9971570717839374,2022-01-03,YES
10766a11-036b-4abe-b370-9942874f4ae4,BMM,NASDAQ,2026-01-26,2026-08-11,137,130,1270,1277,0.09737029140014215,,NO
f465153d-9f1b-4d1b-88f5-26f55856911d,BMNR,NYSE,2025-06-05,2026-08-11,297,296,1110,1111,0.21108742004264391,2026-06-08,YES
3646339e-1f43-4ae2-8bc4-23950153da88,BMO,NYSE,2021-01-04,2026-08-11,1404,1404,3,3,0.997867803837953,2022-01-03,YES
8e087179-242f-4c50-adcb-5688fd5436ea,BMR,NASDAQ,2023-02-28,2026-08-11,866,770,541,637,0.6154939587775409,2024-02-29,YES
f991ffc4-8d1b-484a-9904-d39f3e57698b,BMRA,NASDAQ,2021-01-04,2026-08-11,1360,996,47,411,0.9665955934612651,2022-01-03,YES
4ea961ea-4e88-43f4-9645-51dafc84c611,BMRC,NASDAQ,2021-01-04,2026-08-11,1404,1396,3,11,0.997867803837953,2022-01-03,YES
561bbead-ae6e-4c02-8f65-bd97b7a29c3c,BMRN,NASDAQ,2021-01-04,2026-08-11,1407,1407,0,0,1.0,2022-01-03,YES
ad22d1ca-8bfc-45cc-ae7f-5f091bbc8c7c,BMY,NYSE,2021-01-04,2026-08-11,1404,1404,3,3,0.997867803837953,2022-01-03,YES
b4ce5e01-97f4-468a-b157-439ee3eecdf1,BN,NYSE,2022-12-12,2026-08-11,918,918,489,489,0.652452025586354,2023-12-13,YES
ca69419d-1441-47e0-92bd-65ea21864d78,BNAI,NASDAQ,2021-04-30,2026-08-11,1078,726,329,681,0.7661691542288557,2022-05-02,YES
388ddba5-4053-41ad-96c5-ed92d9479aee,BNC,NASDAQ,2022-02-11,2026-08-11,1118,709,289,698,0.7945984363894811,2023-02-14,YES
065a368f-5125-454c-9ef9-d969c39cdda1,BNED,NYSE,2021-01-04,2026-08-11,1404,1403,3,4,0.997867803837953,2022-01-03,YES
a5e79d8f-e3db-4463-a091-690f86784796,BNGO,NASDAQ,2021-01-04,2026-08-11,1407,1390,0,17,1.0,2022-01-03,YES
7bb46b78-8dac-4689-af98-586c2efbe815,BNKK,NASDAQ,2021-01-04,2026-08-11,1366,1280,41,127,0.9708599857853589,2022-01-03,YES
1c414f9f-9c0a-4a50-8e91-b9cee25862b5,BNL,NYSE,2021-01-04,2026-08-11,1404,1404,3,3,0.997867803837953,2022-01-03,YES
1dcfa5f6-497a-4bb6-95bc-f166e6d87ba1,BNRG,NASDAQ,2022-05-25,2026-08-11,1044,672,363,735,0.7420042643923241,2023-05-26,YES
9e44e5b1-e6cc-44ba-aed0-9984e61efbec,BNS,NYSE,2021-01-04,2026-08-11,1404,1404,3,3,0.997867803837953,2022-01-03,YES
8d508655-d4a2-4ad5-840c-4ac741cf8c83,BNT,NYSE,2021-06-28,2026-08-11,1265,798,142,609,0.8990760483297797,2022-06-28,YES
6f3db5ef-12fc-458b-836c-d308ca0cf61c,BNTC,NASDAQ,2021-01-04,2026-08-11,1307,1103,100,304,0.9289267945984364,2022-01-03,YES
64d27c2a-18a1-4848-b205-73b5d428d5f9,BNY,NYSE,2021-01-04,2026-08-11,1404,1404,3,3,0.997867803837953,2022-01-03,YES
f3cee9d4-21ef-4840-b9be-8437a7442e07,BOBS,NYSE,2026-02-05,2026-08-11,129,129,1278,1278,0.09168443496801706,,NO
d44c0d4e-c3fc-498b-9f40-522232e4c37f,BOC,NYSE,2021-01-04,2026-08-11,1406,1404,1,3,0.9992892679459844,2022-01-03,YES
2e1ea082-2131-4ade-9b2e-c483356759d4,BODI,NASDAQ,2021-01-15,2026-08-11,1395,1150,12,257,0.9914712153518124,2022-01-14,YES
702f74a6-4ec5-4225-8c4f-386bf3c14f1e,BOF,NASDAQ,2023-06-16,2026-08-11,790,618,617,789,0.5614783226723525,2024-06-18,YES
236dfbc0-edd1-439f-8ebd-532f6f7161f2,BOH,NYSE,2021-01-04,2026-08-11,1404,1404,3,3,0.997867803837953,2022-01-03,YES
84a32b07-cbbf-4d00-8020-4d0f7cf70e0c,BOKF,NASDAQ,2021-01-04,2026-08-11,1407,1407,0,0,1.0,2022-01-03,YES
4f7cdca0-35ed-48f1-8b44-d5891b192343,BOLD,NASDAQ,2024-03-28,2026-08-11,594,555,813,852,0.42217484008528783,2025-04-01,YES
aab4dc0f-7ae8-4a27-a421-5fb95fc3301b,BOLT,NASDAQ,2021-02-05,2026-08-11,1383,1145,24,262,0.9829424307036247,2022-02-04,YES
07a500d0-fd77-49cb-bc12-f31464386974,BON,NASDAQ,2021-06-24,2026-08-11,1243,795,164,612,0.8834399431414357,2022-06-24,YES
548b8133-308b-4c9f-bee8-c33a23072c80,BOOM,NASDAQ,2021-01-04,2026-08-11,1407,1407,0,0,1.0,2022-01-03,YES
514cbba7-7df8-45c6-9795-bc7890423e40,BOOT,NYSE,2021-01-04,2026-08-11,1404,1404,3,3,0.997867803837953,2022-01-03,YES
40072a28-0e2f-4b21-867f-2c196afe5b0e,BORR,NYSE,2021-01-04,2026-08-11,1400,1400,7,7,0.9950248756218906,2022-01-03,YES
9143227f-3cee-452e-b25d-c88a3a2ef906,BOSC,NASDAQ,2021-01-04,2026-08-11,1206,744,201,663,0.8571428571428571,2022-01-06,YES
ff3e3328-f1c6-4723-a905-af08f5479638,BOT,NASDAQ,2026-05-11,2026-08-11,64,64,1343,1343,0.04548685145700071,,NO
7fac6914-13e6-4b32-8a40-00598048f3ea,BOTJ,NASDAQ,2021-01-04,2026-08-11,1098,332,309,1075,0.7803837953091685,2022-01-24,YES
5a8577d4-4cd1-4e0f-9bc2-413932259aae,BOW,NYSE,2024-05-23,2026-08-11,555,555,852,852,0.39445628997867804,2025-05-28,YES
483a8a39-87d6-4df7-9de4-a2ec4deefa11,BOWN,NASDAQ,2023-08-17,2026-07-07,723,82,684,1325,0.5138592750533049,2025-02-13,YES
a33fb18b-cb85-4c58-b45d-2f68a2d7cee2,BOX,NYSE,2021-01-04,2026-08-11,1404,1404,3,3,0.997867803837953,2022-01-03,YES
b7cec026-e1f6-47d9-8f07-b3a2b3d28970,BOXL,NASDAQ,2021-01-04,2026-08-11,1401,1139,6,268,0.9957356076759062,2022-01-03,YES
0ea04583-d289-44ba-8c5f-39e6f5aa63fd,BP,NYSE,2021-01-04,2026-08-11,1404,1404,3,3,0.997867803837953,2022-01-03,YES
17209144-ca9a-48f0-a377-69ae4f6c201c,BPAC,NASDAQ,2022-01-27,2026-08-11,383,63,1024,1344,0.27221037668798864,2023-03-02,YES
5ce6fa4e-521b-4f27-aaee-23121ec78b64,BPOP,NASDAQ,2021-01-04,2026-08-11,1407,1407,0,0,1.0,2022-01-03,YES
dd42c5cd-c5f7-41f5-874b-f19cbf6f5ef5,BPRN,NASDAQ,2021-01-06,2026-08-11,1280,724,127,683,0.9097370291400142,2022-01-05,YES
dcf7d256-bf04-4f16-bb9a-3e55714b9826,BQ,AMEX,2021-01-04,2026-08-11,1369,965,38,442,0.9729921819474058,2022-01-03,YES
b5452b1a-9dad-44bc-982d-b632243366be,BR,NYSE,2021-01-04,2026-08-11,1404,1404,3,3,0.997867803837953,2022-01-03,YES
0a7d4bfa-3b65-4fde-a52b-45377d771cd2,BRAG,NASDAQ,2021-09-01,2026-08-11,1158,784,249,623,0.8230277185501066,2022-09-01,YES
87be0bd1-ea96-45f6-b710-f8c9447d1704,BRAI,NASDAQ,2026-02-12,2026-08-11,124,77,1283,1330,0.08813077469793888,,NO
e76711e3-7b45-46f7-8a81-f5509d07dfcd,BRBR,NYSE,2021-01-04,2026-08-11,1404,1404,3,3,0.997867803837953,2022-01-03,YES
6a795f8f-78af-437e-a022-a73f016225b4,BRBS,AMEX,2021-01-04,2026-08-11,1387,1323,20,84,0.9857853589196873,2022-01-03,YES
afca0434-74da-4b39-9459-8c6fd347e256,BRC,NYSE,2021-01-04,2026-08-11,1404,1403,3,4,0.997867803837953,2022-01-03,YES
3f783a8d-32b4-4859-9000-337ae56978e7,BRCB,NASDAQ,2025-09-12,2026-08-11,229,229,1178,1178,0.16275764036958068,,NO
31601003-b8d2-aa5b-3d8e-2a8791981bbe,BRCC,NYSE,2021-06-07,2026-08-11,1227,1227,180,180,0.8720682302771855,2022-06-06,YES
1bcb5d41-7ec1-4966-bf04-4fcfb52d61ab,BREZ,NASDAQ,2021-01-04,2026-08-11,683,265,724,1142,0.48542999289267946,2022-01-03,YES
da2e8558-9a77-4538-bc83-18d32cfebf85,BRFH,NASDAQ,2022-01-20,2026-08-11,1077,390,330,1017,0.7654584221748401,2023-01-23,YES
7c9c644b-4dbe-433b-8c0b-b95c2d8ae7f8,BRIA,AMEX,2024-11-27,2026-08-11,425,163,982,1244,0.30206112295664533,2025-12-19,YES
9cdb7bb7-0a46-4b45-82d7-776c34118502,BRID,NASDAQ,2021-01-08,2026-08-11,1147,364,260,1043,0.8152096659559346,2022-01-25,YES
61274ca4-8a47-4c58-a216-37c6d274ed15,BRKH,NASDAQ,2022-02-01,2026-08-11,675,131,732,1276,0.47974413646055436,2023-02-13,YES
b8ad92b2-afb5-4a57-b541-2af82ebdbb34,BRKR,NASDAQ,2021-01-04,2026-08-11,1407,1407,0,0,1.0,2022-01-03,YES
62a24bb3-ad5d-4936-9591-25c2ec9690bb,BRLS,NASDAQ,2021-10-06,2026-08-11,1067,291,340,1116,0.7583511016346838,2022-10-06,YES
6a7dff6f-4a4a-477d-8d2c-ab36eb50c215,BRLT,NASDAQ,2021-09-23,2026-08-11,1225,1106,182,301,0.8706467661691543,2022-09-23,YES
37d99b49-8ae4-4f81-9086-8239829a3e27,BRN,AMEX,2021-01-05,2026-08-11,1369,886,38,521,0.9729921819474058,2022-01-04,YES
9f2f3d77-47e0-4e88-a13f-30a752b5dd5d,BRO,NYSE,2021-01-04,2026-08-11,1404,1404,3,3,0.997867803837953,2022-01-03,YES
ac21fbd4-c718-4d67-b956-4e8b5a2a0af9,BROS,NYSE,2021-09-15,2026-08-11,1229,1229,178,178,0.8734896943852167,2022-09-15,YES
a3f13f1e-5723-4236-a46d-058799870f3b,BRR,NASDAQ,2025-06-09,2026-08-11,295,292,1112,1115,0.20966595593461265,2026-06-10,YES
25b00b14-1aef-42f4-9975-750dbcb3e67d,BRSL,NYSE,2021-01-04,2026-08-11,1403,1403,4,4,0.9971570717839374,2022-01-03,YES
a17b3e1c-5ed9-4096-9658-b3cedd962375,BRSP,NYSE,2021-01-04,2026-08-11,1404,1404,3,3,0.997867803837953,2022-01-03,YES
1e7697ee-db12-4bb6-8d64-79d89a42b2a9,BRT,NYSE,2021-01-04,2026-08-11,1378,1239,29,168,0.9793887704335466,2022-01-03,YES
8051fd15-eca6-414d-8eb2-818f9d9f963f,BRTX,NASDAQ,2021-11-05,2026-08-11,1160,807,247,600,0.8244491826581379,2022-11-09,YES
875ef88c-e492-4239-9c86-4ad8d0312e1d,BRUN,NASDAQ,2025-01-16,2026-08-11,393,238,1014,1169,0.279317697228145,2026-01-20,YES
136d460d-6a0d-473d-82ca-7a554887f82e,BRVE,NASDAQ,2026-08-06,2026-08-11,4,4,1403,1403,0.0028429282160625444,,NO
9becfb9a-cb75-4f32-a2c7-7beb939c08ff,BRX,NYSE,2021-01-04,2026-08-11,1404,1404,3,3,0.997867803837953,2022-01-03,YES
27010f83-3627-4a30-88dd-132c43b5d493,BRZE,NASDAQ,2021-11-17,2026-08-11,1186,1186,221,221,0.8429282160625444,2022-11-17,YES
04915b62-d77e-4b80-8ded-7e3819952eca,BSAC,NYSE,2021-01-04,2026-08-11,1404,1404,3,3,0.997867803837953,2022-01-03,YES
14c8fb92-605f-42d3-b9c5-adc0d770e467,BSBK,NASDAQ,2021-01-06,2026-08-11,1132,385,275,1022,0.8045486851457001,2022-01-07,YES
8dd45eba-7b1b-48ef-b37e-8a9f4f520f64,BSBR,NYSE,2021-01-04,2026-08-11,1404,1404,3,3,0.997867803837953,2022-01-03,YES
aeee9850-6212-4cfc-839d-b7b0fdbe80e9,BSEM,NASDAQ,2026-08-07,2026-08-11,3,3,1404,1404,0.0021321961620469083,,NO
725012dc-b757-46f7-ae6f-5c89b1acdc38,BSET,NASDAQ,2021-01-04,2026-08-11,1407,1206,0,201,1.0,2022-01-03,YES
b5e2e7a5-101f-478d-805d-57d50dd5ce2b,BSIN,NASDAQ,2021-01-04,2026-08-11,1398,1251,9,156,0.9936034115138592,2022-01-03,YES
bee3ae01-b1f1-4f85-9020-8c4eb748fba9,BSM,NYSE,2021-01-04,2026-08-11,1404,1403,3,4,0.997867803837953,2022-01-03,YES
e6e4191d-393e-4513-84fd-e2cb5e2dc9a5,BSP,NASDAQ,2026-07-01,2026-08-11,29,29,1378,1378,0.02061122956645345,,NO
6b0137a2-4efb-4fba-aa39-9f64f6afe5f4,BSRR,NASDAQ,2021-01-04,2026-08-11,1385,1239,22,168,0.984363894811656,2022-01-03,YES
c7d0a7f0-45fc-4304-a432-0c7be8a28324,BSVN,NASDAQ,2021-01-05,2026-08-11,1255,906,152,501,0.8919687277896233,2022-01-04,YES
2652a688-e44c-469e-92f8-8ece2594d4c0,BSX,NYSE,2021-01-04,2026-08-11,1404,1404,3,3,0.997867803837953,2022-01-03,YES
3ba7e95b-c560-4426-94f6-1099bbd6bbef,BSY,NASDAQ,2021-01-04,2026-08-11,1407,1407,0,0,1.0,2022-01-03,YES
08e02146-475f-4f4d-a8a8-fed4c5466b01,BTAI,NASDAQ,2021-01-04,2026-08-11,1407,1399,0,8,1.0,2022-01-03,YES
98e1fc1f-2ee7-4c4d-9649-94253d2c5830,BTBD,NASDAQ,2021-11-15,2026-08-11,1118,430,289,977,0.7945984363894811,2022-11-15,YES
b3d1dc0a-3d59-4314-9ad2-e542adfcddbf,BTBT,NASDAQ,2021-01-04,2026-08-11,1407,1406,0,1,1.0,2022-01-03,YES
e5e1623d-c3c6-4fd2-a58d-6263f6512233,BTCS,NASDAQ,2021-09-14,2026-08-11,1220,1023,187,384,0.8670931058990761,2022-09-14,YES
7e07df8a-bb46-418e-aaee-cdf180ce827c,BTCT,NASDAQ,2021-01-04,2026-08-11,1397,1184,10,223,0.9928926794598436,2022-01-03,YES
78db003d-3ef6-4d25-975f-f3f2f33989d6,BTDR,NASDAQ,2021-08-05,2026-08-11,1089,915,318,492,0.7739872068230277,2022-11-23,YES
9c028c5a-14bd-4d11-b388-5cca57ee9ef3,BTE,NYSE,2023-02-24,2026-08-11,868,868,539,539,0.6169154228855721,2024-02-27,YES
bf349818-9efe-4d59-b413-a35e3b831dbd,BTG,AMEX,2021-01-04,2026-08-11,1407,1407,0,0,1.0,2022-01-03,YES
ea30601b-e58a-4e5c-8489-6a5dfc14cd3d,BTGO,NYSE,2026-01-22,2026-08-11,139,139,1268,1268,0.09879175550817342,,NO
613a0054-9174-4c05-a697-c7928317ecee,BTMD,NASDAQ,2022-05-27,2026-08-11,1051,966,356,441,0.7469793887704336,2023-05-31,YES
59802b0d-5d85-49f3-8023-486b1c805506,BTOC,NASDAQ,2024-05-14,2026-08-11,562,434,845,973,0.3994314143567875,2025-05-16,YES
1e8f58aa-29b5-4822-b576-cb7dbb377ae7,BTOG,NASDAQ,2021-01-06,2026-08-11,1342,1087,65,320,0.9538024164889837,2022-01-05,YES
43aee6bb-ae29-4349-bb77-887a64534787,BTQ,NASDAQ,2025-09-26,2026-08-11,219,219,1188,1188,0.15565031982942432,,NO
ca08c1cf-6b0e-450f-b926-a786a10e29bd,BTSG,NASDAQ,2024-01-26,2026-08-11,637,637,770,770,0.4527363184079602,2025-01-29,YES
1b212671-da50-4174-a6fc-d36d1a8bd5ca,BTTC,NASDAQ,2021-01-04,2026-08-11,1334,801,73,606,0.9481165600568585,2022-01-05,YES
02487c82-115a-4bf8-91fc-023537b346ae,BTU,NYSE,2021-01-04,2026-08-11,1404,1404,3,3,0.997867803837953,2022-01-03,YES
60a314b3-778b-4e9e-9822-d1bfdfd0fcb5,BUD,NYSE,2021-01-04,2026-08-11,1404,1404,3,3,0.997867803837953,2022-01-03,YES
310ebb86-c087-4207-a747-78b0e3b10ea6,BUDA,AMEX,2026-01-08,2026-08-11,148,70,1259,1337,0.10518834399431415,,NO
153c27a8-c119-493c-a6e2-921d7cd8cb64,BULL,NASDAQ,2022-08-18,2026-08-11,998,461,409,946,0.7093105899076049,2023-08-21,YES
ae697746-2c5b-45d1-bc22-213b422673f1,BUR,NYSE,2021-01-04,2026-08-11,1396,1396,11,11,0.992181947405828,2022-01-03,YES
e00cd19c-7957-4a0b-872f-b5f43abd2244,BURL,NYSE,2021-01-04,2026-08-11,1404,1404,3,3,0.997867803837953,2022-01-03,YES
05e0f6bd-66a0-4331-a677-d810389f2bc6,BUSE,NASDAQ,2021-01-04,2026-08-11,1407,1406,0,1,1.0,2022-01-03,YES
9291d5c1-0ea8-4f77-bd60-0db3da827180,BUUU,NASDAQ,2025-08-14,2026-08-11,249,116,1158,1291,0.17697228144989338,,NO
71784bba-902f-4822-86a4-823f3e27a095,BV,NYSE,2021-01-04,2026-08-11,1404,1404,3,3,0.997867803837953,2022-01-03,YES
149f7765-e4d4-467b-9e1e-84ab785a7624,BVC,NASDAQ,2021-03-26,2026-08-11,1167,552,240,855,0.8294243070362474,2022-03-25,YES
e09536e4-e9aa-468f-b36a-ed9f3dd94407,BVFL,NASDAQ,2023-08-02,2026-08-11,759,546,648,861,0.5394456289978679,2024-08-02,YES
fe621d18-ea23-43d4-aaa0-0bed86f9aef0,BVN,NYSE,2021-01-04,2026-08-11,1404,1404,3,3,0.997867803837953,2022-01-03,YES
58d4ebcd-aad3-4d3f-85dd-058fa6e08391,BVS,NASDAQ,2021-02-11,2026-08-11,1380,1380,27,27,0.9808102345415778,2022-02-10,YES
8f16c04e-23e5-41ad-b936-1427433c44f4,BW,NYSE,2021-01-04,2026-08-11,1404,1404,3,3,0.997867803837953,2022-01-03,YES
b65e1cd5-0682-4eb3-844c-8901712b9cc4,BWA,NYSE,2021-01-04,2026-08-11,1404,1404,3,3,0.997867803837953,2022-01-03,YES
2a472c23-fe16-4be6-8ff7-8d6129435e63,BWB,NASDAQ,2021-01-04,2026-08-11,1393,1366,14,41,0.9900497512437811,2022-01-03,YES
f0af009e-2857-468e-99fe-a04b8f0a3586,BWEN,NASDAQ,2021-01-04,2026-08-11,1397,1344,10,63,0.9928926794598436,2022-01-03,YES
342faa61-1f26-48f3-9786-1ad08db333bc,BWFG,NASDAQ,2021-01-04,2026-08-11,1346,1056,61,351,0.9566453447050463,2022-01-03,YES
1a48b240-ec1a-4b1e-bf16-e76e0236c968,BWIN,NASDAQ,2021-01-04,2026-08-11,1407,1407,0,0,1.0,2022-01-03,YES
4c6a80de-16a0-4766-97d8-3c91a941599a,BWIV,NYSE,2026-06-08,2026-08-11,45,1,1362,1406,0.031982942430703626,,NO
c1340a5d-469a-4b89-9139-89cfd4317680,BWLP,NYSE,2024-04-29,2026-08-11,573,571,834,836,0.4072494669509595,2025-05-01,YES
2526cf29-cc72-4d73-9570-f81229bbfb8e,BWMN,NASDAQ,2021-05-07,2026-08-11,1261,1224,146,183,0.8962331201137171,2022-05-06,YES
9d4ab425-0708-40b3-b3d3-460bf79b6063,BWMX,NYSE,2021-01-04,2026-08-11,1401,1236,6,171,0.9957356076759062,2022-01-03,YES
0625cb55-1ebf-44c9-b6a4-f780168a5cb0,BWXT,NYSE,2021-01-04,2026-08-11,1404,1404,3,3,0.997867803837953,2022-01-03,YES
c9cc0895-bbca-47fb-be9e-e70e4a7eb94d,BX,NYSE,2021-01-04,2026-08-11,1404,1404,3,3,0.997867803837953,2022-01-03,YES
75b0f496-ec89-4f0e-81b0-3df3283d9a58,BXBL,NASDAQ,2025-02-11,2026-08-11,376,137,1031,1270,0.26723525230987916,2026-02-12,YES
85c48443-bc91-4fbd-8c34-eae418b1ffde,BXC,NYSE,2021-01-04,2026-08-11,1404,1397,3,10,0.997867803837953,2022-01-03,YES
ae42e050-a162-421b-afaf-e32f63d78219,BXP,NYSE,2021-01-04,2026-08-11,1404,1404,3,3,0.997867803837953,2022-01-03,YES
ddaa9dd1-27b5-4964-945f-7b22a9970883,BY,NYSE,2021-01-04,2026-08-11,1403,1401,4,6,0.9971570717839374,2022-01-03,YES
7fab0ebd-f9a3-4ef2-a1f1-01724b578c03,BYAH,NASDAQ,2024-12-27,2026-08-11,405,328,1002,1079,0.2878464818763326,2026-01-02,YES
867dc633-442c-43a2-811e-4af36226c056,BYD,NYSE,2021-01-04,2026-08-11,1404,1404,3,3,0.997867803837953,2022-01-03,YES
2b054f04-346a-41a7-9dc2-9b561704bed6,BYFC,NASDAQ,2021-01-04,2026-08-11,1377,695,30,712,0.9786780383795309,2022-01-03,YES
317faf0e-4956-4d40-b3eb-3fba8af59dca,BYND,NASDAQ,2021-01-04,2026-08-11,1407,1407,0,0,1.0,2022-01-03,YES
dbeb878c-cc6f-476b-a10d-becb7d25e3fa,BYRN,NASDAQ,2021-05-06,2026-08-11,1322,1310,85,97,0.9395877754086709,2022-05-05,YES
f3edeefb-d85e-4b3e-8762-e33582978666,BYSI,NASDAQ,2021-01-04,2026-08-11,1407,1151,0,256,1.0,2022-01-03,YES
16fac120-b725-4908-ae7b-e33b7fd3c86b,BZ,NASDAQ,2021-06-11,2026-08-11,1297,1297,110,110,0.92181947405828,2022-06-10,YES
14e79109-ac5e-458f-b809-02327509d500,BZAI,NASDAQ,2025-01-14,2026-08-11,395,395,1012,1012,0.28073916133617627,2026-01-15,YES
b8155e22-0b9b-47cd-913e-ba594b491f94,BZFD,NASDAQ,2021-03-09,2026-08-11,1300,1277,107,130,0.923951670220327,2022-03-08,YES
af120e75-727d-4c7c-ace0-cefe64c7c12a,BZH,NYSE,2021-01-04,2026-08-11,1404,1404,3,3,0.997867803837953,2022-01-03,YES
36c8d04d-be51-476c-9382-0b6ea3bf1a26,C,NYSE,2021-01-04,2026-08-11,1404,1404,3,3,0.997867803837953,2022-01-03,YES
34cc1ebc-b835-4555-b4e2-f3c1c500f8d8,CAAP,NYSE,2021-01-04,2026-08-11,1384,1361,23,46,0.9836531627576404,2022-01-03,YES
db5d5de3-9e1f-4931-9fad-838e376741a3,CAAS,NASDAQ,2021-01-04,2026-08-11,1316,1072,91,335,0.9353233830845771,2022-01-03,YES
04ae889b-48cf-4b61-adb6-710551441d5b,CABA,NASDAQ,2021-01-04,2026-08-11,1402,1401,5,6,0.9964463397299218,2022-01-03,YES
e9c4f8f9-7c4c-4205-990a-7ba0ba5b7bb6,CABO,NYSE,2021-01-04,2026-08-11,1373,1370,34,37,0.9758351101634684,2022-01-03,YES
8a555d3c-4cf4-4a63-940b-94d8d99b0084,CABR,NASDAQ,2025-11-13,2026-08-11,185,135,1222,1272,0.13148542999289267,,NO
75295c7d-c132-4142-b1db-5a6ce80ea6bf,CAC,NASDAQ,2021-01-04,2026-08-11,1404,1389,3,18,0.997867803837953,2022-01-03,YES
5b2fa624-77b3-46c7-8691-29e265c410cc,CACC,NASDAQ,2021-01-04,2026-08-11,1407,1393,0,14,1.0,2022-01-03,YES
f0d1d78e-5a77-41bd-85de-0c1d0832001b,CACI,NYSE,2021-01-04,2026-08-11,1404,1403,3,4,0.997867803837953,2022-01-03,YES
c8a9ac0a-524e-49a9-bfac-d0c406abc73d,CADL,NASDAQ,2021-07-27,2026-08-11,1215,1015,192,392,0.8635394456289979,2022-07-29,YES
f7d69247-3f8b-47e9-a38f-0cf10a17d776,CAE,NASDAQ,2021-01-04,2026-08-11,1404,1404,3,3,0.997867803837953,2022-01-03,YES
ff373407-682a-4093-a87a-7009ba2e440c,CAES,NASDAQ,2026-06-17,2026-08-11,38,12,1369,1395,0.02700781805259417,,NO
eac9a256-6d4b-4b77-921c-80e2735f0963,CAG,NYSE,2021-01-04,2026-08-11,1404,1404,3,3,0.997867803837953,2022-01-03,YES
3c1286a9-21d1-45cf-b569-502c86ff121d,CAH,NYSE,2021-01-04,2026-08-11,1404,1404,3,3,0.997867803837953,2022-01-03,YES
9336d1c5-543d-4b94-b0ed-27c35a9f7e59,CAI,NASDAQ,2021-01-04,2026-08-11,511,511,896,896,0.36318407960199006,2026-06-22,YES
42ca1561-7f3e-4683-a516-0a0360ea1765,CAII,NASDAQ,2026-06-30,2026-08-11,30,9,1377,1398,0.021321961620469083,,NO
87143b9c-229d-4dfd-ba0b-e9e9e818b111,CAKE,NASDAQ,2021-01-04,2026-08-11,1407,1407,0,0,1.0,2022-01-03,YES
7f04bc1e-7578-4007-b442-3da52dc7b8b8,CAL,NYSE,2021-01-04,2026-08-11,1404,1404,3,3,0.997867803837953,2022-01-03,YES
3c182021-3b0e-44cb-8d46-9bde7d79ff99,CALC,NASDAQ,2023-03-21,2026-08-11,851,522,556,885,0.6048329779673063,2024-03-25,YES
9c06cd9c-c852-4632-b84c-db172160e38f,CALM,NASDAQ,2021-01-04,2026-08-11,1407,1407,0,0,1.0,2022-01-03,YES
7c711b94-75e7-4818-a576-2f01b3e5db09,CALX,NYSE,2021-01-04,2026-08-11,1404,1404,3,3,0.997867803837953,2022-01-03,YES
fef1ff58-a1ba-4e5f-a6eb-59c4f7fc4d83,CALY,NYSE,2021-01-04,2026-08-11,1405,1405,2,2,0.9985785358919688,2022-01-03,YES
b03e2fd9-5119-478f-9d62-f6d23efb8dce,CAMP,NASDAQ,2024-10-11,2026-08-11,458,438,949,969,0.32551528073916136,2025-10-15,YES
f98c5ee4-c2c5-4b07-9794-b2733807d28a,CAMT,NASDAQ,2021-01-04,2026-08-11,1407,1407,0,0,1.0,2022-01-03,YES
c1aebbe4-eda0-4929-80c3-139d8b110559,CANG,NYSE,2021-01-04,2026-08-11,1402,1194,5,213,0.9964463397299218,2022-01-03,YES
4b372a3f-a98f-4f79-a078-7b1e6647523a,CAPN,NASDAQ,2024-10-25,2026-08-11,448,37,959,1370,0.31840796019900497,2026-02-23,YES
c1ba40e4-61d5-4940-9d7a-eba2f8ad9e38,CAPR,NASDAQ,2021-01-04,2026-08-11,1405,1397,2,10,0.9985785358919688,2022-01-03,YES
64aeb78f-2140-4679-8433-d335cb1cfae2,CAPS,NASDAQ,2025-03-06,2026-08-11,360,308,1047,1099,0.255863539445629,2026-03-09,YES
685d6034-9516-4f34-b895-e6cf36b51952,CAQ,NASDAQ,2026-03-31,2026-08-11,92,5,1315,1402,0.06538734896943853,,NO
fde51067-f3b9-49cb-8e6d-b0219e212f46,CAR,NASDAQ,2021-01-04,2026-08-11,1407,1407,0,0,1.0,2022-01-03,YES
8649ee73-0adc-47dd-9cf1-23c7ff00717e,CARE,NASDAQ,2021-01-04,2026-08-11,1402,1387,5,20,0.9964463397299218,2022-01-03,YES
b4287e5d-7fc1-4e1c-9af1-f5a834d15277,CARG,NASDAQ,2021-01-04,2026-08-11,1407,1407,0,0,1.0,2022-01-03,YES
37158510-501d-42ef-8047-26c35cb04ac1,CARL,NASDAQ,2025-07-23,2026-08-11,265,263,1142,1144,0.18834399431414356,2026-07-24,YES
ca43f7b9-bc0c-4cd5-a930-a4c823be5bb7,CARR,NYSE,2021-01-04,2026-08-11,1404,1404,3,3,0.997867803837953,2022-01-03,YES
fd544a69-68a9-43b6-9b36-662f01e8fadd,CARS,NYSE,2021-01-04,2026-08-11,1404,1404,3,3,0.997867803837953,2022-01-03,YES
5fe8dafa-8d92-4c64-a3c5-26c582991911,CART,NASDAQ,2023-09-19,2026-08-11,726,726,681,681,0.5159914712153518,2024-09-19,YES
123aafa2-a3d4-4bc3-b506-5b43075e5556,CASH,NASDAQ,2021-01-04,2026-08-11,1407,1407,0,0,1.0,2022-01-03,YES
4a0d2ab4-8091-4b80-8d25-7ba2ff417116,CASS,NASDAQ,2021-01-04,2026-08-11,1404,1378,3,29,0.997867803837953,2022-01-03,YES
032b4fbc-0f38-4870-b738-7404586e6f40,CAST,NASDAQ,2026-03-10,2026-08-11,107,106,1300,1301,0.07604832977967306,,NO
661997db-e507-415e-9f06-c4c2d9d4227b,CASY,NASDAQ,2021-01-04,2026-08-11,1407,1407,0,0,1.0,2022-01-03,YES
e7535ed9-c182-41ef-80f6-ee08f4166b6c,CAT,NYSE,2021-01-04,2026-08-11,1404,1404,3,3,0.997867803837953,2022-01-03,YES
08c4d1c2-a56d-4e99-9634-98f9ac218fc2,CATO,NYSE,2021-01-04,2026-08-11,1404,1343,3,64,0.997867803837953,2022-01-03,YES
d8fdf5bb-8886-42b9-996b-2c425f967853,CATX,AMEX,2021-01-04,2026-08-11,1359,1306,48,101,0.9658848614072495,2022-01-03,YES
29cf5b98-20d7-4989-b004-7ca1b7098826,CATY,NASDAQ,2021-01-04,2026-08-11,1407,1407,0,0,1.0,2022-01-03,YES
0d5bc332-b7d0-4f8d-8ae3-eb84b5369f99,CAVA,NYSE,2023-06-15,2026-08-11,791,791,616,616,0.5621890547263682,2024-06-17,YES
2453845c-4785-46de-b332-6ee2438da196,CB,NYSE,2021-01-04,2026-08-11,1404,1404,3,3,0.997867803837953,2022-01-03,YES
e0f23b6b-c77f-456b-b563-aa2cf9655637,CBAN,NYSE,2021-01-05,2026-08-11,1329,1283,78,124,0.9445628997867804,2022-01-11,YES
ebc95e94-ed6c-438e-b78b-95ec919bcb38,CBAT,NASDAQ,2021-01-04,2026-08-11,1407,1266,0,141,1.0,2022-01-03,YES
a7fc68bd-5d17-47fc-9162-56690758b925,CBC,NASDAQ,2025-11-20,2026-08-11,180,180,1227,1227,0.1279317697228145,,NO
84a52ec8-c3c0-4c2f-81cd-b54fe97d1f05,CBFV,NASDAQ,2021-01-05,2026-08-11,1238,534,169,873,0.8798862828713575,2022-01-05,YES
0a36358c-4b48-4b39-bea7-47b7b5172e79,CBIO,NASDAQ,2021-01-04,2026-08-11,1400,1366,7,41,0.9950248756218906,2022-01-03,YES
73514445-fe71-4380-9d2b-7ca5de8ebebe,CBK,NASDAQ,2025-10-02,2026-08-11,215,194,1192,1213,0.15280739161336176,,NO
062a5484-8dcf-43ba-b21f-b860ff6b4c23,CBL,NYSE,2021-11-02,2026-08-11,1196,1191,211,216,0.8500355366027008,2022-11-02,YES
d1e6053c-8cc3-4dec-afdf-98b4fe72561b,CBLL,NASDAQ,2024-10-11,2026-08-11,458,458,949,949,0.32551528073916136,2025-10-15,YES
4ce03385-ed0c-4fa0-92af-c33c984722ad,CBNA,NYSE,2024-10-04,2026-08-11,463,229,944,1178,0.3290689410092395,2025-10-08,YES
5ed4a28c-8c68-4973-a73e-fc0ef537dc47,CBNK,NASDAQ,2021-01-04,2026-08-11,1357,1238,50,169,0.9644633972992182,2022-01-03,YES
19020a7c-7741-401b-8422-37ad25d044b7,CBRE,NYSE,2021-01-04,2026-08-11,1404,1404,3,3,0.997867803837953,2022-01-03,YES
2f9d9107-0063-49f2-afd9-9393b8045ec2,CBRL,NASDAQ,2021-01-04,2026-08-11,1407,1407,0,0,1.0,2022-01-03,YES
84aabac1-3749-43ab-9a9e-271d2a09a308,CBRS,NASDAQ,2026-05-14,2026-08-11,61,61,1346,1346,0.0433546552949538,,NO
dae7e245-724c-4e86-9bcf-50fb937079ba,CBSH,NASDAQ,2021-01-04,2026-08-11,1407,1407,0,0,1.0,2022-01-03,YES
24ecf2f4-8364-4bb0-b9dc-6e68b642870f,CBT,NYSE,2021-01-04,2026-08-11,1404,1404,3,3,0.997867803837953,2022-01-03,YES
5a570769-f24b-4d3a-a218-cfa59b6fdbb1,CBU,NYSE,2021-01-04,2026-08-11,1404,1404,3,3,0.997867803837953,2022-01-03,YES
87f7c982-2ace-4327-9574-391c995dd9f6,CBUS,NASDAQ,2021-01-04,2026-08-11,1404,1347,3,60,0.997867803837953,2022-01-03,YES
22f1489d-0770-4096-9458-4a490d8f09a8,CBZ,NYSE,2021-01-04,2026-08-11,1404,1404,3,3,0.997867803837953,2022-01-03,YES
500f4a73-50aa-4ab5-8be0-f1344d6f7181,CC,NYSE,2021-01-04,2026-08-11,1404,1404,3,3,0.997867803837953,2022-01-03,YES
13f70e84-accc-4cc6-ab7e-8e8bf6937c53,CCAP,NASDAQ,2021-01-04,2026-08-11,1361,1349,46,58,0.9673063255152807,2022-01-03,YES
d53e1e0b-4d08-46c4-952d-66f2ae4bb5d8,CCAQ,NASDAQ,2025-06-18,2026-08-11,262,24,1145,1383,0.18621179815209665,,NO
6b5584c8-7ca5-47df-bacc-175f7208f581,CCB,NASDAQ,2021-01-04,2026-08-11,1357,1350,50,57,0.9644633972992182,2022-01-03,YES
d556014c-b195-4e79-b9a8-ceb6a3ab36b5,CCBG,NASDAQ,2021-01-04,2026-08-11,1359,1277,48,130,0.9658848614072495,2022-01-03,YES
ca7088b7-73db-4d51-84f2-8974415837aa,CCC,NASDAQ,2021-01-04,2026-08-11,1403,1403,4,4,0.9971570717839374,2022-01-03,YES
5475546d-6deb-44df-a4b3-00b6f538b068,CCCC,NASDAQ,2021-01-04,2026-08-11,1407,1407,0,0,1.0,2022-01-03,YES
a13bad21-aa13-4c2c-915f-e38da327faa4,CCCT,NASDAQ,2026-07-31,2026-08-11,8,3,1399,1404,0.005685856432125089,,NO
f917be0a-7bb7-4f39-823b-f3d87f5152cf,CCEC,NASDAQ,2021-01-04,2026-08-11,1404,1042,3,365,0.997867803837953,2022-01-03,YES
a0c7d363-46c0-4d58-bf9d-390aeb935c76,CCEL,AMEX,2021-09-01,2026-08-11,1067,436,340,971,0.7583511016346838,2022-11-30,YES
37f1fb30-cffa-4c00-8776-22ddd6563bb3,CCEP,NASDAQ,2021-01-04,2026-08-11,1406,1406,1,1,0.9992892679459844,2022-01-03,YES
dc496b44-aae6-4174-860e-3b8763282a23,CCG,NASDAQ,2023-09-18,2026-08-11,727,563,680,844,0.5167022032693674,2024-09-18,YES
4b404a7c-9cee-4d58-9fde-039e4eb512c1,CCHH,NASDAQ,2025-10-03,2026-08-11,214,184,1193,1223,0.15209665955934612,,NO
dd72d233-d85d-499d-9dc4-4b407bcdb734,CCI,NYSE,2021-01-04,2026-08-11,1404,1404,3,3,0.997867803837953,2022-01-03,YES
64ed1d26-4ab8-49de-9264-86d63982b82c,CCII,NASDAQ,2025-09-03,2026-08-11,236,52,1171,1355,0.1677327647476901,,NO
bb802c69-9df2-42ab-9b9c-058698d7617b,CCJ,NYSE,2021-01-04,2026-08-11,1404,1404,3,3,0.997867803837953,2022-01-03,YES
93882ca3-11f6-49ab-a399-6b62c0cd78e8,CCK,NYSE,2021-01-04,2026-08-11,1404,1404,3,3,0.997867803837953,2022-01-03,YES
d8917341-9b29-4fe9-a373-c8ddd6d5ae86,CCL,NYSE,2021-01-04,2026-08-11,1404,1404,3,3,0.997867803837953,2022-01-03,YES
ddfde275-92a9-47ad-af86-914798831d2c,CCLD,NASDAQ,2021-01-04,2026-08-11,1394,1247,13,160,0.9907604832977968,2022-01-03,YES
d3ab1a98-03d1-49e9-9c3c-5ba76aef8cba,CCM,NYSE,2021-01-04,2026-08-11,1073,289,334,1118,0.7626154939587776,2022-01-06,YES
1e0b356e-5299-452a-9730-98bb9c65d7f4,CCNE,NASDAQ,2021-01-04,2026-08-11,1399,1384,8,23,0.994314143567875,2022-01-03,YES
08a3c4eb-a864-422d-977d-528691a1adbf,CCO,NYSE,2021-01-04,2026-08-11,1404,1404,3,3,0.997867803837953,2022-01-03,YES
49eb282c-94ba-45b9-83cf-e70b88e2c952,CCOI,NASDAQ,2021-01-04,2026-08-11,1407,1407,0,0,1.0,2022-01-03,YES
c20c981a-128b-4b4f-83c6-2c6d49cb4885,CCS,NYSE,2021-01-04,2026-08-11,1404,1404,3,3,0.997867803837953,2022-01-03,YES
6016c3ae-97c7-463e-867c-4054cb30c602,CCSI,NASDAQ,2021-10-01,2026-08-11,1218,1218,189,189,0.8656716417910447,2022-10-03,YES
f1a3f451-7e7b-4821-b090-30966127ffb2,CCTG,NASDAQ,2024-01-18,2026-08-11,643,454,764,953,0.457000710732054,2025-01-23,YES
58691a71-c990-4578-8485-313c9eabba40,CCU,NYSE,2021-01-04,2026-08-11,1404,1402,3,5,0.997867803837953,2022-01-03,YES
7a984bd8-0c4f-4ee8-bc0e-53eee1f80994,CCXI,NASDAQ,2021-01-04,2026-08-11,579,499,828,908,0.4115138592750533,2022-01-03,YES
d08f9e71-c27d-47f6-b19f-92554cfab739,CCZ,NYSE,2021-05-03,2025-12-04,869,20,538,1387,0.6176261549395877,,NO
ba3e1599-ed39-4447-be65-bf3d217468eb,CD,NASDAQ,2021-01-04,2026-08-11,1377,1066,30,341,0.9786780383795309,2022-01-03,YES
74f7cda3-433d-4597-bf2c-b6e7782133d6,CDE,NYSE,2021-01-04,2026-08-11,1404,1404,3,3,0.997867803837953,2022-01-03,YES
85b4ca70-7444-40d9-88ff-80fcff657f79,CDIO,NASDAQ,2022-01-14,2026-08-11,1002,833,405,574,0.7121535181236673,2023-01-18,YES
c5bdc3fe-da5e-458f-93bf-c9713a7b58b9,CDLX,NASDAQ,2021-01-04,2026-08-11,1407,1402,0,5,1.0,2022-01-03,YES
4cef38dc-85b1-475a-8557-052a028ad2d2,CDNA,NASDAQ,2021-01-04,2026-08-11,1407,1407,0,0,1.0,2022-01-03,YES
038e64c1-3679-4d8d-b6d0-44eb9c9b70b9,CDNL,NASDAQ,2025-12-10,2026-08-11,167,167,1240,1240,0.11869225302061123,,NO
ee289c17-ee75-4d48-a9ee-505156d93171,CDNS,NASDAQ,2021-01-04,2026-08-11,1407,1407,0,0,1.0,2022-01-03,YES
c3e737df-afc9-49a7-84f9-c1663e8ca059,CDP,NYSE,2021-01-04,2026-08-11,1404,1404,3,3,0.997867803837953,2022-01-03,YES
8d9bd225-24a2-4eaf-aba6-b366bb12a559,CDRE,NYSE,2021-11-04,2026-08-11,1192,1191,215,216,0.8471926083866382,2022-11-04,YES
d6ed6b7f-9f1d-45f4-99f7-d348278d8c10,CDRO,NASDAQ,2021-01-27,2026-08-11,1234,830,173,577,0.8770433546552949,2022-01-26,YES
0886dbe1-dd83-470f-bbfb-ddfa32ce2dbc,CDT,NASDAQ,2022-03-28,2026-08-11,1030,718,377,689,0.7320540156361052,2023-10-16,YES
49d78648-f5bb-4843-a1f1-ab9d4565ac24,CDTG,NASDAQ,2024-04-19,2026-08-11,579,350,828,1057,0.4115138592750533,2025-04-23,YES
55ed1ba5-6299-42a2-809a-50f8a4bd354b,CDW,NASDAQ,2021-01-04,2026-08-11,1407,1407,0,0,1.0,2022-01-03,YES
95181b36-af3d-4749-ab51-a6d63a09465a,CDXS,NASDAQ,2021-01-04,2026-08-11,1407,1407,0,0,1.0,2022-01-03,YES
0471a086-7f93-4c7b-80aa-145c4fcb1e09,CDZI,NASDAQ,2021-01-04,2026-08-11,1407,1407,0,0,1.0,2022-01-03,YES
5fbebc86-855d-4432-befc-313cecb7d992,CE,NYSE,2021-01-04,2026-08-11,1404,1404,3,3,0.997867803837953,2022-01-03,YES
aab1b99b-4a2a-4e3c-ae94-02e7d637862f,CECO,NASDAQ,2021-01-04,2026-08-11,1404,1404,3,3,0.997867803837953,2022-01-03,YES
7658b394-4296-4b6c-b3e5-02243499faf6,CEG,NASDAQ,2022-02-02,2026-08-11,1134,1134,273,273,0.8059701492537313,2023-02-03,YES
a1a6af06-6e43-45a8-84e6-79408dba8d43,CELC,NASDAQ,2021-01-04,2026-08-11,1368,1340,39,67,0.9722814498933902,2022-01-03,YES
f9d88027-03ff-4ae7-ba80-32e301cbe5c7,CELH,NASDAQ,2021-01-04,2026-08-11,1407,1407,0,0,1.0,2022-01-03,YES
f1f973c6-e373-4a2a-ae65-8df150ce8fae,CELU,NASDAQ,2021-01-04,2026-08-11,1402,1288,5,119,0.9964463397299218,2022-01-03,YES
f9302898-0003-4de5-bf92-f3178798305a,CELZ,NASDAQ,2021-12-03,2026-08-11,1172,745,235,662,0.8329779673063256,2022-12-05,YES
51273df5-7c54-49d4-b555-b7c72ea29147,CENN,NASDAQ,2021-01-04,2026-08-11,1407,1289,0,118,1.0,2022-01-03,YES
5cccf0d1-e144-4953-b224-736f72c91be7,CENT,NASDAQ,2021-01-04,2026-08-11,1407,1398,0,9,1.0,2022-01-03,YES
1754a0bc-bbeb-4c66-8601-2734c1631a28,CENTA,NASDAQ,2021-01-04,2026-08-11,1407,1407,0,0,1.0,2022-01-03,YES
f55bcd70-0b82-427a-a3ba-1bac0ffff83f,CENX,NASDAQ,2021-01-04,2026-08-11,1407,1407,0,0,1.0,2022-01-03,YES
9b14069e-e425-426e-b0a5-29df4f04a433,CEPF,NASDAQ,2025-08-21,2026-08-11,244,148,1163,1259,0.1734186211798152,,NO
94466250-9aee-4c27-a18c-dce59a74d608,CEPL,NASDAQ,2026-07-08,2026-08-11,25,25,1382,1382,0.017768301350390904,,NO
efb13c34-221b-4fcd-ae65-e2e5976207b2,CEPO,NASDAQ,2025-01-07,2026-08-11,399,259,1008,1148,0.2835820895522388,2026-01-09,YES
8d9f454b-42ff-41b6-8136-4f262580e116,CEPS,NASDAQ,2026-02-05,2026-08-11,129,16,1278,1391,0.09168443496801706,,NO
8643e1fa-14bb-4946-a403-ff04d82ab6c8,CEPV,NASDAQ,2025-11-04,2026-08-11,192,61,1215,1346,0.13646055437100213,,NO
4898da21-55f0-4bc9-aee1-f91387792545,CERS,NASDAQ,2021-01-04,2026-08-11,1407,1407,0,0,1.0,2022-01-03,YES
735f06dc-8d12-4aba-81b1-a3af727ba430,CERT,NASDAQ,2021-01-04,2026-08-11,1407,1407,0,0,1.0,2022-01-03,YES
b28beac1-04f8-4c57-aba7-2eab22ad5ab5,CET,AMEX,2021-01-04,2026-08-11,1286,1066,121,341,0.914001421464108,2022-01-04,YES
c387b767-17cc-4ac2-88ba-008f294dd016,CETX,NASDAQ,2021-01-04,2026-08-11,1338,1119,69,288,0.9509594882729211,2022-01-04,YES
94ea7a7e-7af5-4ca2-8aeb-b81370876193,CETY,NASDAQ,2023-03-24,2026-08-11,848,596,559,811,0.6027007818052594,2024-03-26,YES
47276800-b5b4-464b-9843-94422786c766,CEVA,NASDAQ,2021-01-04,2026-08-11,1407,1407,0,0,1.0,2022-01-03,YES
cf8836c1-434e-4ab0-aec3-eff774d90c4e,CF,NYSE,2021-01-04,2026-08-11,1404,1404,3,3,0.997867803837953,2022-01-03,YES
3f2b31eb-b932-46ce-ac18-429052c1ec45,CFBK,NASDAQ,2021-01-06,2026-08-11,1101,539,306,868,0.7825159914712153,2022-01-05,YES
149d2fd6-45a2-434b-9596-24aab11525e7,CFFI,NASDAQ,2021-01-06,2026-08-11,1187,504,220,903,0.84363894811656,2022-01-10,YES
8b02dc0d-88b9-4c63-a669-100599bd5969,CFFN,NASDAQ,2021-01-04,2026-08-11,1407,1407,0,0,1.0,2022-01-03,YES
199cb7ce-8ed9-4d04-8270-a1ad319d5a6b,CFG,NYSE,2021-01-04,2026-08-11,1404,1404,3,3,0.997867803837953,2022-01-03,YES
09f1c57e-c8a3-4e28-98fa-21720cf3c336,CFR,NYSE,2021-01-04,2026-08-11,1404,1404,3,3,0.997867803837953,2022-01-03,YES
dd1192eb-9688-48b2-accd-55044cc967fc,CG,NASDAQ,2021-01-04,2026-08-11,1407,1407,0,0,1.0,2022-01-03,YES
be217640-ca60-4ba9-a031-3378d6b7b9da,CGAU,NYSE,2021-04-15,2026-08-11,1304,1302,103,105,0.9267945984363894,2022-04-13,YES
72ad289e-6418-43ae-b23d-27c509a18f5f,CGBD,NASDAQ,2021-01-04,2026-08-11,1407,1404,0,3,1.0,2022-01-03,YES
a601a656-72dc-47ce-8595-fc59086613d6,CGC,NASDAQ,2021-01-04,2026-08-11,1407,1407,0,0,1.0,2022-01-03,YES
4702f4eb-11a7-422e-8a85-4cca06268171,CGEM,NASDAQ,2021-01-08,2026-08-11,1403,1403,4,4,0.9971570717839374,2022-01-07,YES
c3f2ab3d-6ca7-4d44-944f-98c9bf54402b,CGEN,NASDAQ,2021-01-04,2026-08-11,1407,1397,0,10,1.0,2022-01-03,YES
a7779c14-a744-4029-98f2-5f0959acf006,CGNT,NASDAQ,2021-02-02,2026-08-11,1387,1387,20,20,0.9857853589196873,2022-02-01,YES
4a13f944-5d9c-4f69-b99b-a7d724b5d903,CGNX,NASDAQ,2021-01-04,2026-08-11,1407,1407,0,0,1.0,2022-01-03,YES
93d84ee3-c1f4-4c93-8e71-7fa7f7a20d58,CGON,NASDAQ,2024-01-25,2026-08-11,638,638,769,769,0.4534470504619758,2025-01-28,YES
c0db4391-b323-48a9-b2d7-4325ec720437,CGPT,NASDAQ,,,0,0,1407,1407,0.0,,NO
f2f2657f-cb48-4a8a-b4bb-26a13e87dc91,CGTL,NASDAQ,2024-11-26,2026-08-11,426,335,981,1072,0.302771855010661,2025-12-04,YES
4d0a44bd-4e59-421d-9e93-056b281a7d31,CGTX,NASDAQ,2021-10-08,2026-08-11,1193,1118,214,289,0.8479033404406539,2022-10-10,YES
2504dce5-5bbb-4648-8382-b3e6f33ac7bc,CHAI,NASDAQ,2021-01-04,2026-08-11,1325,1218,82,189,0.9417199715707179,2022-01-03,YES
66e04f7b-1842-49e7-b1c6-d15f183ad945,CHAR,NASDAQ,2024-11-26,2026-08-11,426,34,981,1373,0.302771855010661,2026-03-18,YES
fe6d4cfc-c63e-4a97-9652-0e0bd70bd2d3,CHCI,NASDAQ,2021-01-04,2026-08-11,1249,708,158,699,0.8877043354655295,2022-01-05,YES
195122fc-2ce6-482e-b665-915abceb308f,CHCO,NASDAQ,2021-01-04,2026-08-11,1404,1353,3,54,0.997867803837953,2022-01-03,YES
9f96290f-07c9-4238-8763-105b17a49f59,CHD,NYSE,2021-01-04,2026-08-11,1404,1404,3,3,0.997867803837953,2022-01-03,YES
e0060798-2d3d-4c43-857e-f10508d0be87,CHDN,NASDAQ,2021-01-04,2026-08-11,1407,1407,0,0,1.0,2022-01-03,YES
28f0583c-f452-4d17-a1fa-d906572c3cf2,CHE,NYSE,2021-01-04,2026-08-11,1404,1399,3,8,0.997867803837953,2022-01-03,YES
6b7f4c4c-654a-41fb-9d52-fbdd4d4fba9f,CHEC,NASDAQ,2025-11-12,2026-08-11,186,11,1221,1396,0.13219616204690832,,NO
715a96b6-72cb-435b-b4cd-db435b7e74e1,CHEF,NASDAQ,2021-01-04,2026-08-11,1407,1406,0,1,1.0,2022-01-03,YES
59662896-2b84-4092-8785-ef0d5c2741c8,CHGA,NASDAQ,2021-01-04,2026-08-11,1338,1060,69,347,0.9509594882729211,2022-01-03,YES
de2314b3-47b6-400f-9d24-39ee3f6b82b6,CHGG,NYSE,2021-01-04,2026-08-11,1404,1404,3,3,0.997867803837953,2022-01-03,YES
178fc1e7-9776-4271-b1d4-a2d9dd1c5acb,CHH,NYSE,2021-01-04,2026-08-11,1404,1403,3,4,0.997867803837953,2022-01-03,YES
9caeff29-8fe0-4dae-b816-fba51a91cf76,CHKP,NASDAQ,2021-01-04,2026-08-11,1407,1407,0,0,1.0,2022-01-03,YES
e84c7d67-ccf1-44c5-bb79-9938c95df9b1,CHMG,NASDAQ,2021-01-06,2026-08-11,1216,714,191,693,0.8642501776830135,2022-01-05,YES
9a7f6871-fee4-43af-89e6-84d40667df1b,CHMI,NYSE,2021-01-04,2026-08-11,1404,1392,3,15,0.997867803837953,2022-01-03,YES
369ac8e3-7105-4caa-8e50-644ffbbad2f7,CHNR,NASDAQ,2021-01-04,2026-08-11,1210,529,197,878,0.8599857853589197,2022-01-05,YES
f67bda22-974d-486d-820e-e63da9b1d424,CHOW,AMEX,2025-09-16,2026-08-11,227,209,1180,1198,0.1613361762615494,,NO
15639cf3-d950-400d-922d-f84382cf8655,CHPG,NASDAQ,2025-07-09,2026-08-11,275,9,1132,1398,0.19545131485429992,,NO
4f8e6fec-403f-4980-b973-e8dd91b02442,CHPT,NYSE,2021-01-04,2026-08-11,1404,1404,3,3,0.997867803837953,2022-01-03,YES
e1174f88-5528-43da-b1eb-ae728dac6c58,CHR,NASDAQ,2021-01-05,2026-08-11,1300,964,107,443,0.923951670220327,2022-01-06,YES
c1efb631-f837-4076-8ce8-f2ecdc12a85a,CHRD,NASDAQ,2021-01-04,2026-08-11,1407,1407,0,0,1.0,2022-01-03,YES
284dddb0-641d-4d28-8148-1ff8f3f4053f,CHRN,NASDAQ,2021-01-04,2026-08-11,1344,1128,63,279,0.9552238805970149,2022-01-03,YES
d61092cc-4961-4d93-b23b-42f23f9db989,CHRS,NASDAQ,2021-01-04,2026-08-11,1407,1407,0,0,1.0,2022-01-03,YES
bdb9e72b-fe14-42fa-a784-aa451745bf12,CHRW,NASDAQ,2021-01-04,2026-08-11,1407,1407,0,0,1.0,2022-01-03,YES
81d44bb1-b55a-4cf4-a91f-da0714958d2a,CHT,NYSE,2021-01-04,2026-08-11,1404,1402,3,5,0.997867803837953,2022-01-03,YES
596b0016-1d8d-4e2e-9ab3-bfe7514b6be8,CHTR,NASDAQ,2021-01-04,2026-08-11,1407,1407,0,0,1.0,2022-01-03,YES
9f2fea8f-e5bf-4649-ad2f-76224c8a141b,CHWY,NYSE,2021-01-04,2026-08-11,1404,1404,3,3,0.997867803837953,2022-01-03,YES
7d8d52f7-b722-404b-96c3-72837afd8027,CHYM,NASDAQ,2025-06-12,2026-08-11,292,292,1115,1115,0.20753375977256575,2026-06-15,YES
16af176c-d616-41d8-8a5a-b40c326e050e,CI,NYSE,2021-01-04,2026-08-11,1404,1404,3,3,0.997867803837953,2022-01-03,YES
7ae89790-6169-4f6e-b377-8a9bdd395052,CIA,NYSE,2021-01-04,2026-08-11,1377,1356,30,51,0.9786780383795309,2022-01-05,YES
2ada15fb-1cf1-4241-a97b-0837322da8d6,CIEN,NYSE,2021-01-04,2026-08-11,1404,1404,3,3,0.997867803837953,2022-01-03,YES
723bdaf9-9e77-45d1-b6b5-5a44db902cdd,CIFR,NASDAQ,2021-01-04,2026-08-11,1387,1387,20,20,0.9857853589196873,2022-01-03,YES
486dc622-4ace-461c-ab0a-7bea2aede86d,CIG,NYSE,2021-01-04,2026-08-11,1404,1404,3,3,0.997867803837953,2022-01-03,YES
dede6e90-8bf5-467b-9b6a-a5fe5234d89e,CIGI,NASDAQ,2021-01-04,2026-08-11,1407,1407,0,0,1.0,2022-01-03,YES
042ad310-f4ba-48a3-a04e-fc011ffd0ca4,CIGL,NASDAQ,2025-04-22,2026-08-11,328,224,1079,1183,0.23312011371712865,2026-04-23,YES
b97ac7bd-26da-4d0f-92fa-75a17219f088,CIIT,NASDAQ,2025-04-10,2026-08-11,335,258,1072,1149,0.23809523809523808,2026-04-14,YES
e7ec1c16-299f-4cac-b713-86274fa5cd62,CIM,NYSE,2021-01-04,2026-08-11,1404,1404,3,3,0.997867803837953,2022-01-03,YES
636ebb91-c67d-4ba7-87f6-526aa99c8446,CINF,NASDAQ,2021-01-04,2026-08-11,1407,1407,0,0,1.0,2022-01-03,YES
7b31d740-b513-4886-a627-a6f76f7ee7c3,CING,NASDAQ,2021-12-08,2026-08-11,1148,980,259,427,0.8159203980099502,2022-12-14,YES
2b17804e-fb9b-4350-8505-bdfaf67b9c6f,CINT,NYSE,2021-11-10,2026-08-11,1189,1160,218,247,0.8450604122245914,2022-11-10,YES
1a7fce76-aaa1-4fa7-b61b-9680291fa2dc,CION,NYSE,2021-10-06,2026-08-11,1214,1213,193,194,0.8628287135749823,2022-10-06,YES
af51e15e-d195-417e-a896-75212954b14e,CIRC,NASDAQ,2024-12-12,2026-08-11,415,337,992,1070,0.294953802416489,2025-12-18,YES
894b97f4-0a8d-4fad-aa0c-81c79301e787,CISO,NASDAQ,2022-01-14,2026-08-11,1146,1058,261,349,0.814498933901919,2023-01-18,YES
00b9c4bd-9815-4ecc-b462-c9b086a1398f,CISS,NASDAQ,2023-06-14,2026-08-11,792,710,615,697,0.5628997867803838,2024-06-14,YES
7f414b76-506f-4345-979a-828d8325287f,CITR,AMEX,2025-12-04,2026-08-11,171,125,1236,1282,0.12153518123667377,,NO
9e5c3ae9-b194-41ba-86ae-06c5b00b76ef,CIVB,NASDAQ,2021-01-04,2026-08-11,1400,1329,7,78,0.9950248756218906,2022-01-03,YES
8ba46ce5-ae9b-417c-a8d0-b63e078f8e15,CIX,AMEX,2021-01-07,2026-08-11,1199,511,208,896,0.8521677327647477,2022-01-06,YES
83636917-de07-4823-8152-dabd7f3f440a,CJMB,NASDAQ,2025-02-05,2026-08-11,380,234,1027,1173,0.27007818052594174,2026-02-06,YES
6d483d18-db0f-4e93-96cb-adc104bce0d5,CKX,AMEX,2021-01-06,2026-08-11,1026,170,381,1237,0.7292110874200426,2022-05-10,YES
a7dd2d26-59d5-4c85-8449-cd0cb975fd98,CL,NYSE,2021-01-04,2026-08-11,1404,1404,3,3,0.997867803837953,2022-01-03,YES
c1f33263-e89d-4c5a-ad08-fead184f8ad9,CLAR,NASDAQ,2021-01-04,2026-08-11,1407,1407,0,0,1.0,2022-01-03,YES
a2d83197-2ad4-42f0-aeed-be7ba671bc20,CLB,NYSE,2021-01-04,2026-08-11,1404,1404,3,3,0.997867803837953,2022-01-03,YES
6f947c7a-1d91-432e-bbf6-fc4a57d9b10b,CLBK,NASDAQ,2021-01-04,2026-08-11,1407,1406,0,1,1.0,2022-01-03,YES
7e2b257b-2920-48d4-808e-5d8817f4cf49,CLBR,NYSE,2021-07-14,2026-08-11,1077,402,330,1005,0.7654584221748401,2022-11-29,YES
f14ec5f2-f494-44d0-82c8-d30966347add,CLBT,NASDAQ,2021-01-04,2026-08-11,1396,1396,11,11,0.992181947405828,2022-01-03,YES
1fc492f8-322d-482a-8be2-04a693689587,CLDI,AMEX,2021-11-08,2026-08-11,1042,767,365,640,0.7405828002842928,2022-12-05,YES
9b6907c7-dad6-436f-9a99-74cd2cbe4505,CLDX,NASDAQ,2021-01-04,2026-08-11,1407,1407,0,0,1.0,2022-01-03,YES
0b2b0793-2eaf-45a3-b8c1-b5614edd1fc7,CLF,NYSE,2021-01-04,2026-08-11,1404,1404,3,3,0.997867803837953,2022-01-03,YES
089fa3a9-8798-44f0-84f0-46267edcc6a7,CLFD,NASDAQ,2021-01-04,2026-08-11,1407,1406,0,1,1.0,2022-01-03,YES
524708b9-981f-4c84-b76c-be8a7296c223,CLGN,NASDAQ,2021-01-04,2026-08-11,1367,875,40,532,0.9715707178393745,2022-01-03,YES
a1b40070-76aa-4074-a3f9-263079926b55,CLH,NYSE,2021-01-04,2026-08-11,1404,1404,3,3,0.997867803837953,2022-01-03,YES
a8054d3a-71e8-4ebd-96c5-5a690a448b2c,CLIK,NASDAQ,2024-10-09,2026-08-11,460,335,947,1072,0.3269367448471926,2025-10-13,YES
a93b09b7-cfd4-4349-a02b-c48102909bb0,CLIR,NASDAQ,2021-01-04,2026-08-11,1344,923,63,484,0.9552238805970149,2022-01-03,YES
debcece6-c026-48d5-a115-bbf0588c87f2,CLMB,NASDAQ,2021-01-04,2026-08-11,1269,1012,138,395,0.9019189765458422,2022-01-03,YES
e7d29342-70c9-43b6-9bd5-dd2c78ab60cd,CLMT,NASDAQ,2021-01-04,2026-08-11,1406,1403,1,4,0.9992892679459844,2022-01-03,YES
97ee59c3-5b3d-4b1a-8630-1b69896d523d,CLNE,NASDAQ,2021-01-04,2026-08-11,1407,1407,0,0,1.0,2022-01-03,YES
c3684e8e-1a5b-4d7d-be0f-050d5bbb7be2,CLNN,NASDAQ,2021-01-04,2026-08-11,1405,1326,2,81,0.9985785358919688,2022-01-03,YES
057e0c63-54b4-419d-b46a-69051a55d359,CLOV,NASDAQ,2021-01-04,2026-08-11,1407,1407,0,0,1.0,2022-01-03,YES
32194224-489b-459f-962e-43a3e9dcb335,CLPR,NYSE,2021-01-04,2026-08-11,1395,1266,12,141,0.9914712153518124,2022-01-03,YES
99e32c3b-e86e-4ecb-81c3-f610984e9632,CLPS,NASDAQ,2021-01-04,2026-08-11,1330,656,77,751,0.945273631840796,2022-01-03,YES
8ff6447b-d36f-4e7d-b59a-0065845b220a,CLPT,NASDAQ,2021-01-04,2026-08-11,1407,1405,0,2,1.0,2022-01-03,YES
d1163aa0-fa51-4504-8e6f-01681b9efe15,CLRB,NASDAQ,2021-01-04,2026-08-11,1349,1167,58,240,0.9587775408670931,2022-01-03,YES
6ef393be-d6b6-4447-80e0-5972535ab920,CLRO,NASDAQ,2021-01-04,2026-08-11,1227,753,180,654,0.8720682302771855,2022-01-03,YES
1c078c9b-28c1-4c9f-82a0-508defcff228,CLS,NYSE,2021-01-04,2026-08-11,1404,1404,3,3,0.997867803837953,2022-01-03,YES
8f33ee14-9d35-490c-b33f-6fbb2d163c13,CLSK,NASDAQ,2021-01-04,2026-08-11,1407,1406,0,1,1.0,2022-01-03,YES
8c1e5481-b834-4337-a529-8ce26ab52b7a,CLST,NASDAQ,2021-10-13,2026-08-11,1082,251,325,1156,0.7690120824449183,2022-10-18,YES
83afbbb4-32a9-4ac7-b82c-c2c17b904d78,CLVT,NYSE,2021-01-04,2026-08-11,1404,1404,3,3,0.997867803837953,2022-01-03,YES
951199e7-0a9e-4e8b-82e3-63464e114090,CLW,NYSE,2021-01-04,2026-08-11,1404,1404,3,3,0.997867803837953,2022-01-03,YES
c295ce69-262d-4407-a79c-18e5fca47738,CLWT,NASDAQ,2021-01-07,2026-08-11,1229,494,178,913,0.8734896943852167,2022-01-12,YES
e546b55a-77d5-4e6c-b588-0aeaa20bd2b3,CLX,NYSE,2021-01-04,2026-08-11,1404,1404,3,3,0.997867803837953,2022-01-03,YES
f149f43d-dea8-449f-9f05-330ca8fdcc3e,CLYM,NASDAQ,2021-08-10,2026-08-11,1253,1015,154,392,0.8905472636815921,2022-08-10,YES
9bac708f-f6f3-411a-a320-5d31f36b6a7d,CM,NYSE,2021-01-04,2026-08-11,1404,1404,3,3,0.997867803837953,2022-01-03,YES
a2ada2f0-cc3c-4218-a829-581a4d2f31d4,CMBT,NYSE,2021-01-04,2026-08-11,1404,1401,3,6,0.997867803837953,2022-01-03,YES
0d7b78ef-b2dc-428f-b869-f8dab348cd5f,CMC,NYSE,2021-01-04,2026-08-11,1404,1404,3,3,0.997867803837953,2022-01-03,YES
67dfea7b-e2e2-4d11-9851-c2cd0166b557,CMCL,AMEX,2021-01-04,2026-08-11,1369,1323,38,84,0.9729921819474058,2022-01-03,YES
9c83d23b-4587-4e06-817d-05221648a35c,CMCO,NASDAQ,2021-01-04,2026-08-11,1407,1406,0,1,1.0,2022-01-03,YES
5ddc1e60-daca-45da-b2de-f3ee597e60bc,CMCSA,NASDAQ,2021-01-04,2026-08-11,1407,1407,0,0,1.0,2022-01-03,YES
1e4c6961-a104-4629-890a-beeef429acf0,CMDB,NYSE,2025-05-07,2026-08-11,317,300,1090,1107,0.22530206112295664,2026-05-12,YES
bc05b0d9-3b5d-4530-b500-3af2accbd71e,CME,NASDAQ,2021-01-04,2026-08-11,1407,1407,0,0,1.0,2022-01-03,YES
a3e21504-59e3-4f4b-8f9c-86a569bdf842,CMG,NYSE,2021-01-04,2026-08-11,1404,1404,3,3,0.997867803837953,2022-01-03,YES
badebe9a-89a1-4579-9e94-28e11d901b16,CMI,NYSE,2021-01-04,2026-08-11,1404,1404,3,3,0.997867803837953,2022-01-03,YES
0b67a005-9b0b-4819-8cb2-996bb9b2a6ea,CMII,NASDAQ,2021-05-05,2026-08-11,156,68,1251,1339,0.11087420042643924,,NO
7b078119-8b63-46a9-a4b7-0eb9aaa825f0,CMND,NASDAQ,2022-11-15,2026-08-11,936,745,471,662,0.6652452025586354,2023-11-16,YES
b6e51e7a-ad9c-4040-8d9b-2713943fb672,CMP,NYSE,2021-01-04,2026-08-11,1404,1404,3,3,0.997867803837953,2022-01-03,YES
c75c314e-cd7e-44f5-8c82-66698aed414b,CMPR,NASDAQ,2021-01-04,2026-08-11,1407,1407,0,0,1.0,2022-01-03,YES
cbb6d1f2-1f54-4366-8cf1-12fe836e6a56,CMPS,NASDAQ,2021-01-04,2026-08-11,1407,1407,0,0,1.0,2022-01-03,YES
d2dea23e-532d-4b8d-b934-a66a191389d1,CMPX,NASDAQ,2021-11-03,2026-08-11,1191,1190,216,217,0.8464818763326226,2022-11-03,YES
3665423a-80c5-44bd-b5b6-49cf9aeca260,CMRC,NASDAQ,2021-01-04,2026-08-11,1407,1407,0,0,1.0,2022-01-03,YES
15c86db7-bc00-4cad-a92a-15a57e4144dd,CMRE,NYSE,2021-01-04,2026-08-11,1404,1404,3,3,0.997867803837953,2022-01-03,YES
cfae5876-5fd7-43ec-8daf-d583ef094a8b,CMS,NYSE,2021-01-04,2026-08-11,1404,1404,3,3,0.997867803837953,2022-01-03,YES
95a3e392-291a-44ff-826a-7baaa4907d77,CMT,AMEX,2021-01-04,2026-08-11,1293,1182,114,225,0.9189765458422174,2022-01-03,YES
e5f2986c-fad3-465d-9e79-f6ddb4f56eee,CMTL,NASDAQ,2021-01-04,2026-08-11,1407,1407,0,0,1.0,2022-01-03,YES
6635b709-b569-436c-9cc3-67eb50eb1309,CMTV,NASDAQ,2026-02-02,2026-08-11,132,109,1275,1298,0.09381663113006397,,NO
dfea8f54-02d8-44f8-8520-8b3fd845e6cb,CNA,NYSE,2021-01-04,2026-08-11,1404,1404,3,3,0.997867803837953,2022-01-03,YES
67956c95-90f3-4316-8dcf-56f8aa497dcb,CNC,NYSE,2021-01-04,2026-08-11,1404,1404,3,3,0.997867803837953,2022-01-03,YES
3fba6aea-539f-472d-87bb-f1def5029fa8,CNCK,NASDAQ,2021-10-06,2026-08-11,1067,543,340,864,0.7583511016346838,2022-10-18,YES
02d1ae5c-1c06-408a-b633-703ef47a4407,CNDT,NASDAQ,2021-01-04,2026-08-11,1407,1407,0,0,1.0,2022-01-03,YES
eb5f75ec-b262-487f-981e-fb6e20fcec69,CNET,NASDAQ,2021-01-04,2026-08-11,1316,745,91,662,0.9353233830845771,2022-01-03,YES
3b676ce1-8204-489e-9724-1e3c00337908,CNEY,NASDAQ,2021-02-05,2026-08-11,1241,986,166,421,0.8820184790334044,2022-02-04,YES
e1dd5c0c-edef-4271-be97-7adb9ce20a67,CNH,NYSE,2021-01-04,2026-08-11,1404,1404,3,3,0.997867803837953,2022-01-03,YES
33890e46-ea38-4ddb-a8e6-65346d1865ef,CNI,NYSE,2021-01-04,2026-08-11,1404,1404,3,3,0.997867803837953,2022-01-03,YES
6797e1e3-be57-4ac2-a44f-e32bc2aa8523,CNK,NYSE,2021-01-04,2026-08-11,1404,1404,3,3,0.997867803837953,2022-01-03,YES
6d22f2d9-46a6-4c3e-9793-50ee3874e076,CNL,NASDAQ,2024-07-24,2026-08-11,514,426,893,981,0.36531627576403697,2025-07-28,YES
3be5b94e-5f9d-472b-ae0c-5acc6c827808,CNM,NYSE,2021-07-23,2026-08-11,1266,1266,141,141,0.8997867803837953,2022-07-25,YES
6661d64c-f40d-46ad-a85f-d9d56d0e746d,CNMD,NYSE,2021-01-04,2026-08-11,1404,1404,3,3,0.997867803837953,2022-01-03,YES
58561d82-1557-43f5-9f84-5c722a37a056,CNNE,NYSE,2021-01-04,2026-08-11,1404,1404,3,3,0.997867803837953,2022-01-03,YES
6db93524-f41a-413b-8819-16b3c31f70ed,CNO,NYSE,2021-01-04,2026-08-11,1404,1404,3,3,0.997867803837953,2022-01-03,YES
434b7486-113a-46c1-a892-eb3995eab6c6,CNOB,NASDAQ,2021-01-04,2026-08-11,1407,1406,0,1,1.0,2022-01-03,YES
0666dd39-e7df-4e09-90e6-bd1a2b42a3c1,CNP,NYSE,2021-01-04,2026-08-11,1404,1404,3,3,0.997867803837953,2022-01-03,YES
70876274-5e8f-43cf-8f7d-5330b2eefc13,CNQ,NYSE,2021-01-04,2026-08-11,1404,1404,3,3,0.997867803837953,2022-01-03,YES
8de71863-b254-4468-a1ab-ae606c666e1a,CNR,NYSE,2021-01-04,2026-08-11,1404,1404,3,3,0.997867803837953,2022-01-03,YES
5ba6dbe0-170b-4105-b88c-fbb1618c00d9,CNS,NYSE,2021-01-04,2026-08-11,1404,1403,3,4,0.997867803837953,2022-01-03,YES
87836f4f-c19e-420d-b1e4-1d92b3c19d83,CNSP,NASDAQ,2021-01-04,2026-08-11,1344,1067,63,340,0.9552238805970149,2022-01-03,YES
59f7a4c4-4291-44e5-8ca2-db82778250df,CNSY,NASDAQ,2021-01-04,2026-08-11,1377,1208,30,199,0.9786780383795309,2022-01-03,YES
84a75920-08cf-4895-9166-03052787fc3e,CNTB,NASDAQ,2021-03-19,2026-08-11,1344,1123,63,284,0.9552238805970149,2022-03-18,YES
95ac84da-1f0b-478a-b607-3655ca9fdb02,CNTN,NASDAQ,2022-01-12,2026-08-11,1130,925,277,482,0.8031272210376688,2023-01-13,YES
c81aee60-66a2-489f-bf7e-ae7e984e14d3,CNTX,NASDAQ,2021-10-20,2026-08-11,1190,1026,217,381,0.845771144278607,2022-10-20,YES
58c9fdb9-5920-4a8d-9a10-3fe716a8370f,CNTY,NASDAQ,2021-01-04,2026-08-11,1407,1365,0,42,1.0,2022-01-03,YES
d9324058-cb80-4441-a8a4-696d3f7b5118,CNVS,NASDAQ,2021-01-04,2026-08-11,1407,1331,0,76,1.0,2022-01-03,YES
044e016d-4b8f-4656-b903-c66b102023b0,CNX,NYSE,2021-01-04,2026-08-11,1404,1404,3,3,0.997867803837953,2022-01-03,YES
49f16aa1-47d5-48a9-a5c5-9587b7cffdd9,CNXC,NASDAQ,2021-01-04,2026-08-11,1407,1407,0,0,1.0,2022-01-03,YES
ea357820-a55f-4c0b-b4bf-e9a2d90ec14a,CNXN,NASDAQ,2021-01-04,2026-08-11,1404,1392,3,15,0.997867803837953,2022-01-03,YES
b9cd1c48-e1e2-4805-b9b4-4d1d3437a3d9,CNXU,NASDAQ,2026-05-22,2026-08-11,55,50,1352,1357,0.03909026297085998,,NO
92138e4d-ec10-44e0-9e73-c86843ff1c50,COAG,NASDAQ,2026-05-01,2026-08-11,70,70,1337,1337,0.04975124378109453,,NO
dbe80def-26e2-476d-acd9-336289792265,COCH,NASDAQ,2021-05-03,2026-08-11,1095,746,312,661,0.7782515991471215,2022-05-19,YES
c7c40d5e-fe35-4e84-ba9a-7117a338055c,COCO,NASDAQ,2021-10-21,2026-08-11,1205,1205,202,202,0.8564321250888415,2022-10-21,YES
7cc92ba7-60a0-448f-b43c-3af57f15ea7a,COCP,NASDAQ,2021-01-04,2026-08-11,1369,1004,38,403,0.9729921819474058,2022-01-03,YES
103efcce-0e17-4e4e-bc12-9e5352144ef0,CODA,NASDAQ,2021-01-05,2026-08-11,1265,951,142,456,0.8990760483297797,2022-01-04,YES
447bdd9b-1457-4227-a5f9-00e7f2ff7fe8,CODI,NYSE,2021-01-04,2026-08-11,1404,1402,3,5,0.997867803837953,2022-01-03,YES
6e6dcc87-c885-4866-ae12-a642d951683d,CODX,NASDAQ,2021-01-04,2026-08-11,1407,1234,0,173,1.0,2022-01-03,YES
58173a3c-c7e1-4150-b48f-1af063a88e26,COF,NYSE,2021-01-04,2026-08-11,1404,1404,3,3,0.997867803837953,2022-01-03,YES
91c85103-d939-4573-b0dd-fc4f9c760e1c,COFS,NASDAQ,2021-01-04,2026-08-11,1217,969,190,438,0.8649609097370291,2022-01-14,YES
9b776719-e432-47ad-8dd9-6521bb2a2ae4,COGT,NASDAQ,2021-01-04,2026-08-11,1406,1406,1,1,0.9992892679459844,2022-01-03,YES
137d2955-7aca-48a4-bc08-cd01ec684f54,COHN,AMEX,2021-01-04,2026-08-11,1260,583,147,824,0.8955223880597015,2022-01-06,YES
e3e977e6-a55b-4b5f-bc0a-e2b02183d254,COHR,NYSE,2021-01-04,2026-08-11,1407,1407,0,0,1.0,2022-01-03,YES
25fd6aa7-c8a2-4d78-907d-b1303f1d1253,COHU,NASDAQ,2021-01-04,2026-08-11,1407,1407,0,0,1.0,2022-01-03,YES
1f3f7283-250d-4477-8b1e-037df55e5046,COIN,NASDAQ,2021-04-14,2026-08-11,1338,1338,69,69,0.9509594882729211,2022-04-12,YES
1299fe05-5796-4761-929c-cf0053c68f64,COKE,NASDAQ,2021-01-04,2026-08-11,1359,1289,48,118,0.9658848614072495,2022-01-03,YES
ae069058-7995-4095-98dd-202a57d672c3,COLA,NASDAQ,2025-03-20,2026-08-11,350,46,1057,1361,0.24875621890547264,,NO
18db2334-7685-4852-ae53-fe41562bc2a9,COLB,NASDAQ,2021-01-04,2026-08-11,1407,1407,0,0,1.0,2022-01-03,YES
202fe58c-6b7c-4cd2-b8e4-29e7ca3390d3,COLL,NASDAQ,2021-01-04,2026-08-11,1407,1407,0,0,1.0,2022-01-03,YES
d54e7212-aa4d-4a43-a4a9-b2194d80aa5c,COLM,NASDAQ,2021-01-04,2026-08-11,1407,1407,0,0,1.0,2022-01-03,YES
a64d9c2e-a3d1-4bbf-8d2b-39e4465d75d2,COMP,NYSE,2021-04-01,2026-08-11,1343,1343,64,64,0.9545131485429993,2022-03-31,YES
2e9a1540-4e63-4d66-b4a3-bd9d21a1a40b,CON,NYSE,2024-07-25,2026-08-11,513,513,894,894,0.3646055437100213,2025-07-29,YES
e2330668-4813-4c45-84d2-e3a94c3387f5,COO,NASDAQ,2021-01-04,2026-08-11,1404,1404,3,3,0.997867803837953,2022-01-03,YES
6539ce17-7d7b-4c2a-957a-9110f1f16f22,COOK,NYSE,2021-07-29,2026-08-11,1262,1235,145,172,0.8969438521677328,2022-07-29,YES
b11daf21-ba13-4525-acfa-165f9112f53e,COOL,NASDAQ,2021-02-19,2024-06-21,673,267,734,1140,0.4783226723525231,2022-02-17,YES
e783020e-ad51-4d77-a509-8ca4459fee0a,COOT,NASDAQ,2021-01-08,2026-08-11,1081,471,326,936,0.7683013503909026,2022-01-26,YES
705363ac-b8c6-4d0e-9c9b-a343f3103de6,COP,NYSE,2021-01-04,2026-08-11,1404,1404,3,3,0.997867803837953,2022-01-03,YES
27e924fd-a521-4d40-bf0f-c5277d2969df,COPL,NYSE,2025-06-02,2026-08-11,300,41,1107,1366,0.21321961620469082,2026-06-11,YES
5c3e3eb2-3edb-4316-aeee-0f360f18dae3,COPR,AMEX,2026-07-02,2026-08-11,28,18,1379,1389,0.01990049751243781,,NO
ca56f277-6345-49e3-889a-6a748a4f1c79,COR,NYSE,2021-01-04,2026-08-11,1404,1404,3,3,0.997867803837953,2022-01-03,YES
d442bc60-0bec-4698-81fc-d8b99a75a437,CORT,NASDAQ,2021-01-04,2026-08-11,1407,1407,0,0,1.0,2022-01-03,YES
3ea87bfa-bfe4-4629-b695-2aee123e921a,CORZ,NASDAQ,2021-04-15,2026-08-11,1018,1018,389,389,0.7235252309879175,2022-04-13,YES
b41a60d8-6f55-4b63-8cf7-230b04efb730,COSM,NASDAQ,2022-02-28,2026-08-11,1094,1006,313,401,0.7775408670931059,2023-03-01,YES
f40a8cff-75f4-450f-af56-31990eb3ddc8,COSO,NYSE,2025-07-02,2026-08-11,279,251,1128,1156,0.19829424307036247,2026-07-06,YES
1f888138-e413-4939-b16b-bdd08bb4debd,COST,NASDAQ,2021-01-04,2026-08-11,1407,1407,0,0,1.0,2022-01-03,YES
17a9685c-46c6-4ed7-8278-8b3bc5cb06fa,COTY,NYSE,2021-01-04,2026-08-11,1404,1404,3,3,0.997867803837953,2022-01-03,YES
6bde495f-5108-4e52-b7c2-403c9c0b1695,COUR,NYSE,2021-03-31,2026-08-11,1344,1344,63,63,0.9552238805970149,2022-03-30,YES
68906548-17ad-4723-a4f0-a83eb6aeadb7,COYA,NASDAQ,2022-12-29,2026-08-11,906,807,501,600,0.6439232409381663,2024-01-02,YES
143fc802-6cb5-4905-9161-dbaf899d283a,CP,NYSE,2021-01-04,2026-08-11,1404,1404,3,3,0.997867803837953,2022-01-03,YES
f62dada2-7c7c-4db3-a339-242e94f832a7,CPA,NYSE,2021-01-04,2026-08-11,1404,1404,3,3,0.997867803837953,2022-01-03,YES
0c424fbc-147c-402c-9667-c3b2a0e64d73,CPAC,NYSE,2021-01-26,2026-08-11,1155,437,252,970,0.8208955223880597,2022-03-03,YES
d9d20f68-0a16-493e-9c0c-324ec90edb6c,CPAY,NYSE,2021-01-04,2026-08-11,1404,1404,3,3,0.997867803837953,2022-01-03,YES
023dcf58-0c66-41e5-87dc-229bef3e3333,CPB,NASDAQ,2021-01-04,2026-08-11,1404,1404,3,3,0.997867803837953,2022-01-03,YES
32ac7013-15c6-4154-880d-89b3a88665c3,CPBI,NASDAQ,2023-10-20,2026-08-11,703,182,704,1225,0.4996446339729922,2024-10-22,YES
ec87a926-5908-454b-973a-787767cf4ba4,CPF,NYSE,2021-01-04,2026-08-11,1404,1403,3,4,0.997867803837953,2022-01-03,YES
5d207be9-c364-48f4-b329-362d0893854d,CPHC,NASDAQ,2021-01-06,2026-08-11,1103,308,304,1099,0.7839374555792467,2022-01-05,YES
cf18ca82-ad1e-4641-8a9f-06689b923193,CPHI,AMEX,2021-01-04,2026-08-11,1282,973,125,434,0.9111584932480455,2022-01-04,YES
0732b282-1afd-4427-9135-91702ef95868,CPIX,NASDAQ,2021-01-04,2026-08-11,1285,935,122,472,0.9132906894100924,2022-01-03,YES
13c4676b-e982-436f-b2d8-c1d2ebc07362,CPK,NYSE,2021-01-04,2026-08-11,1401,1394,6,13,0.9957356076759062,2022-01-03,YES
afa519db-258d-4db5-8b3b-963d92b896a3,CPNG,NYSE,2021-03-11,2026-08-11,1358,1358,49,49,0.9651741293532339,2022-03-10,YES
69b1564e-8220-4b8b-b550-f6e818ae91e1,CPOP,NASDAQ,2021-06-30,2026-08-11,1237,828,170,579,0.8791755508173419,2022-06-30,YES
1a703932-f39e-4c81-8814-784d505735a2,CPRI,NYSE,2021-01-04,2026-08-11,1404,1404,3,3,0.997867803837953,2022-01-03,YES
3302e560-6d33-4ad5-a429-4d573e26962c,CPRT,NASDAQ,2021-01-04,2026-08-11,1407,1407,0,0,1.0,2022-01-03,YES
62e8b9cc-bcd4-43b9-95f7-769eb4e1555e,CPS,NYSE,2021-01-04,2026-08-11,1404,1401,3,6,0.997867803837953,2022-01-03,YES
3c526bde-f7bf-4222-a304-5d574ad453d3,CPSH,NASDAQ,2021-01-04,2026-08-11,1405,1078,2,329,0.9985785358919688,2022-01-03,YES
17d926cc-649f-48db-bf8e-330c00067d95,CPSS,NASDAQ,2021-01-04,2026-08-11,1325,1061,82,346,0.9417199715707179,2022-01-03,YES
d5e8fc10-aa01-40cb-97dd-99def8a06528,CQP,NYSE,2021-01-04,2026-08-11,1407,1400,0,7,1.0,2022-01-03,YES
a2fef514-69f0-46c4-b8b9-03cdf306eb51,CR,NYSE,2021-01-04,2026-08-11,1404,1402,3,5,0.997867803837953,2022-01-03,YES
5842925b-a7dc-43b5-9be0-ee4d230609e9,CRAC,NASDAQ,2025-12-09,2026-08-11,168,32,1239,1375,0.11940298507462686,,NO
d414546c-2622-4d1a-bf12-2a68636f5a87,CRAI,NASDAQ,2021-01-04,2026-08-11,1405,1356,2,51,0.9985785358919688,2022-01-03,YES
60aa4aa2-6f8f-46b5-90c6-ae273e5eb7c8,CRAN,NASDAQ,2026-01-12,2026-08-11,146,25,1261,1382,0.10376687988628287,,NO
7ae9b536-be52-42cf-9014-b1ea6c0d82ee,CRAQ,NASDAQ,2025-07-01,2026-08-11,280,19,1127,1388,0.19900497512437812,,NO
d3d6053b-ede4-4b76-8b36-d8b42c632c9d,CRBG,NYSE,2022-09-15,2026-08-11,979,979,428,428,0.6958066808813077,2023-09-18,YES
7ca7220a-bc85-408f-8639-0ae0fd76df2e,CRBP,NASDAQ,2021-01-04,2026-08-11,1407,1326,0,81,1.0,2022-01-03,YES
5ab65396-8e4b-4088-9a69-64303d32d589,CRBU,NASDAQ,2021-07-23,2026-08-11,1268,1268,139,139,0.9012082444918266,2022-07-25,YES
73f2b152-2d85-4496-9ec6-267b4b0f60c8,CRC,NYSE,2021-01-04,2026-08-11,1404,1404,3,3,0.997867803837953,2022-01-03,YES
9af5ec24-875e-4405-992b-b26ef3f0c75c,CRCL,NYSE,2025-06-05,2026-08-11,297,297,1110,1110,0.21108742004264391,2026-06-08,YES
2ea69a99-b8c2-4025-ade5-108ad0f9706c,CRCT,NASDAQ,2021-03-25,2026-08-11,1351,1351,56,56,0.9601990049751243,2022-03-24,YES
e1a1a555-c211-4949-84d9-a7aaa683fa1b,CRDF,NASDAQ,2021-01-04,2026-08-11,1407,1384,0,23,1.0,2022-01-03,YES
b0f44359-e195-4442-a35e-61f91b1470eb,CRDL,NASDAQ,2021-08-11,2026-08-11,1215,1044,192,363,0.8635394456289979,2022-08-11,YES
73fa2018-e4b3-4956-a6d7-6c47ccdbcd83,CRDO,NASDAQ,2022-01-27,2026-08-11,1138,1138,269,269,0.8088130774697939,2023-01-30,YES
86b04a18-3bb8-42f3-9030-b95039e695b4,CRE,NASDAQ,2025-07-23,2026-08-11,265,189,1142,1218,0.18834399431414356,2026-07-24,YES
9769bdde-754c-41a4-8500-d67d03bb7909,CREX,NASDAQ,2021-01-04,2026-08-11,1320,1069,87,338,0.9381663113006397,2022-01-03,YES
a46dfa87-c344-4295-a200-a9ba3f4aa150,CRGO,NASDAQ,2021-11-18,2026-08-11,1038,886,369,521,0.7377398720682303,2022-11-23,YES
52a1e000-80f6-4c20-b14f-fc317ebe789b,CRGY,NYSE,2021-12-08,2026-08-11,1171,1171,236,236,0.8322672352523098,2022-12-08,YES
d024d41e-2c7f-46f5-90e1-eee0e5de5a0f,CRH,NYSE,2021-01-04,2026-08-11,1404,1404,3,3,0.997867803837953,2022-01-03,YES
c5b27e09-e27e-4a29-9528-428122d1f5ad,CRI,NYSE,2021-01-04,2026-08-11,1404,1404,3,3,0.997867803837953,2022-01-03,YES
8cd023b0-ae59-444b-b2f2-fe0d0ec26fc7,CRIS,NASDAQ,2021-01-04,2026-08-11,1407,1330,0,77,1.0,2022-01-03,YES
2e32b756-4399-4ce4-8aff-6065b97dc47e,CRK,NYSE,2021-01-04,2026-08-11,1404,1404,3,3,0.997867803837953,2022-01-03,YES
c8d225a2-183b-499f-886e-7aebf438331f,CRL,NYSE,2021-01-04,2026-08-11,1404,1404,3,3,0.997867803837953,2022-01-03,YES
cf80d13f-470c-4947-8593-c5e098aeba4e,CRM,NYSE,2021-01-04,2026-08-11,1404,1404,3,3,0.997867803837953,2022-01-03,YES
1bfecaf2-1feb-4365-bd86-7db604d2e9e4,CRMD,NASDAQ,2021-01-04,2026-08-11,1407,1407,0,0,1.0,2022-01-03,YES
f699ca4b-cf73-4d57-b827-611310af9c63,CRML,NASDAQ,2022-02-17,2026-08-11,1034,601,373,806,0.7348969438521677,2023-02-21,YES
b945f3e4-c60a-43c3-b5b2-3be58beab4f1,CRMT,NASDAQ,2021-01-04,2026-08-11,1402,1394,5,13,0.9964463397299218,2022-01-03,YES
0a3b1e10-2d06-4e89-a61e-89a10ac0f013,CRNC,NASDAQ,2021-01-04,2026-08-11,1407,1407,0,0,1.0,2022-01-03,YES
933daf25-dfc9-40e6-bb40-901110bdefe4,CRNT,NASDAQ,2021-01-04,2026-08-11,1407,1397,0,10,1.0,2022-01-03,YES
159bc182-46c9-4762-92fe-33c3d7051760,CRNX,NASDAQ,2021-01-04,2026-08-11,1407,1407,0,0,1.0,2022-01-03,YES
5e947a98-f3a2-4950-b0dc-d3f3696bac59,CRON,NASDAQ,2021-01-04,2026-08-11,1407,1407,0,0,1.0,2022-01-03,YES
b1cc6707-8e38-4b4f-9ecc-cc59f55a455b,CROX,NASDAQ,2021-01-04,2026-08-11,1407,1407,0,0,1.0,2022-01-03,YES
1e617dc6-0be9-4d1c-a930-e26caa890c52,CRS,NYSE,2021-01-04,2026-08-11,1404,1404,3,3,0.997867803837953,2022-01-03,YES
6462fdfd-6105-4dee-839a-2d4c88dbee56,CRSP,NASDAQ,2021-01-04,2026-08-11,1407,1406,0,1,1.0,2022-01-03,YES
4ac3537f-ae2c-42af-adce-46ce6fe68461,CRSR,NASDAQ,2021-01-04,2026-08-11,1407,1407,0,0,1.0,2022-01-03,YES
8c70a98c-9023-46bc-8b05-17f6c0e33f1d,CRTO,NASDAQ,2021-01-04,2026-08-11,1407,1406,0,1,1.0,2022-01-03,YES
01b16da0-4011-4e20-9dee-c8779202e340,CRUS,NASDAQ,2021-01-04,2026-08-11,1407,1407,0,0,1.0,2022-01-03,YES
85e40003-5a6d-440e-9198-b5aec77118fe,CRVL,NASDAQ,2021-01-04,2026-08-11,1404,1341,3,66,0.997867803837953,2022-01-03,YES
ba0dec7c-9467-4b9b-85e8-b219416b91d0,CRVO,NASDAQ,2021-01-04,2026-08-11,1375,1100,32,307,0.9772565742714996,2022-01-03,YES
1a90f944-e5f0-42cc-a74e-2eb6597ca56f,CRVS,NASDAQ,2021-01-04,2026-08-11,1399,1330,8,77,0.994314143567875,2022-01-03,YES
26226278-b62c-47ec-a1bd-cf0dbd14b420,CRWD,NASDAQ,2021-01-04,2026-08-11,1407,1407,0,0,1.0,2022-01-03,YES
e6b1d522-1e43-4036-b447-14a79767d39d,CRWS,NASDAQ,2021-01-04,2026-08-11,1249,748,158,659,0.8877043354655295,2022-01-05,YES
14809275-9fc9-4680-9621-9f6803ead799,CRWV,NASDAQ,2025-03-28,2026-08-11,344,344,1063,1063,0.24449182658137883,2026-03-31,YES
6536845a-8b8c-47b6-834c-ef826ca0d9f1,CSAI,NASDAQ,2025-01-30,2026-08-11,384,370,1023,1037,0.27292110874200426,2026-02-02,YES
ec2c6c83-06b3-4967-ae07-705a746d159d,CSBR,NASDAQ,2021-01-04,2026-08-11,1235,683,172,724,0.8777540867093105,2022-01-11,YES
9ec078b1-5167-4d3d-908c-a1e49be367f1,CSCO,NASDAQ,2021-01-04,2026-08-11,1407,1407,0,0,1.0,2022-01-03,YES
2506e58c-1f7c-42a5-9bb9-cd0fd6645fd0,CSGP,NASDAQ,2021-01-04,2026-08-11,1407,1407,0,0,1.0,2022-01-03,YES
46774e4d-d7d5-447b-9cda-c1c64799a750,CSHR,NASDAQ,2024-11-06,2026-08-11,440,194,967,1213,0.31272210376687987,2025-11-10,YES
83d777d6-71d0-411c-b892-27f81c35ec94,CSIQ,NASDAQ,2021-01-04,2026-08-11,1407,1407,0,0,1.0,2022-01-03,YES
33cbb102-9a1a-4b71-9b78-488edbb52d06,CSL,NYSE,2021-01-04,2026-08-11,1404,1404,3,3,0.997867803837953,2022-01-03,YES
91e5bc9a-f853-44fd-933b-1bc8c9b9a045,CSPI,NASDAQ,2021-01-04,2026-08-11,1186,783,221,624,0.8429282160625444,2022-01-06,YES
15d07949-38d3-494b-ba2c-843aa2cae075,CSQ,NASDAQ,2021-01-04,2026-08-11,1403,1398,4,9,0.9971570717839374,2022-01-03,YES
4a6cabb0-ccca-4036-b6d4-8bb40cb1f384,CSQR,NYSE,2026-07-16,2026-08-11,19,19,1388,1388,0.013503909026297086,,NO
4d9114b1-8314-4e9c-bd30-fcb40c04d0d7,CSR,NYSE,2021-01-04,2026-08-11,1403,1397,4,10,0.9971570717839374,2022-01-03,YES
a9311814-355c-4982-a8a8-22938b242b4f,CSTE,NASDAQ,2021-01-04,2026-08-11,1406,1381,1,26,0.9992892679459844,2022-01-03,YES
1b95b40f-600a-4a31-aeb5-0f019ecfc895,CSTL,NASDAQ,2021-01-04,2026-08-11,1407,1407,0,0,1.0,2022-01-03,YES
aeadb551-b2a5-4740-91d8-bae94707bc6c,CSTM,NYSE,2021-01-04,2026-08-11,1404,1404,3,3,0.997867803837953,2022-01-03,YES
88c6b007-772a-4b5d-89c4-1b9354028154,CSV,NYSE,2021-01-04,2026-08-11,1404,1398,3,9,0.997867803837953,2022-01-03,YES
09206e11-e66e-4d8a-87d3-dfbabb931da7,CSW,NYSE,2021-01-04,2026-08-11,1405,1397,2,10,0.9985785358919688,2022-01-03,YES
a114f6ae-554f-4b40-923e-b2ec0f8df548,CSWC,NASDAQ,2021-01-04,2026-08-11,1407,1407,0,0,1.0,2022-01-03,YES
b8dd0cc3-7658-4c38-9c06-215c3377956e,CSX,NASDAQ,2021-01-04,2026-08-11,1407,1407,0,0,1.0,2022-01-03,YES
65912f7a-c496-47ea-82d8-300c914105d9,CTAA,NASDAQ,2021-01-14,2026-08-11,83,15,1324,1392,0.058990760483297794,,NO
61f340d1-ed59-405d-ad94-8f2ec9d470ea,CTAS,NASDAQ,2021-01-04,2026-08-11,1407,1407,0,0,1.0,2022-01-03,YES
66da158e-9753-424a-b329-d06ba29ceb86,CTEV,NYSE,2021-01-04,2026-08-11,1404,1397,3,10,0.997867803837953,2022-01-03,YES
66d7ef6a-297d-469b-a8c9-ea307983d0a7,CTGO,AMEX,2021-12-07,2026-08-11,1014,833,393,574,0.720682302771855,2023-02-07,YES
db68aa1d-56d4-4816-9867-492b94952dfb,CTKB,NASDAQ,2021-07-23,2026-08-11,1268,1268,139,139,0.9012082444918266,2022-07-25,YES
adc1880f-c670-4a3c-83d1-0e5fc34e24da,CTM,AMEX,2022-10-14,2026-08-11,958,835,449,572,0.6808813077469794,2023-10-18,YES
078a772e-7661-406b-bd91-15cca3c99c5f,CTMX,NASDAQ,2021-01-04,2026-08-11,1407,1406,0,1,1.0,2022-01-03,YES
7a58f44b-6cdd-401b-b968-10544e81e967,CTNM,NASDAQ,2024-04-05,2026-08-11,589,583,818,824,0.4186211798152097,2025-04-08,YES
be4879cd-25be-4755-a24a-f110186c35cc,CTO,NYSE,2021-01-04,2026-08-11,1397,1397,10,10,0.9928926794598436,2022-01-03,YES
fb735a10-0c87-4649-94c1-b6de0fbea5ec,CTOR,NASDAQ,2022-12-09,2026-08-11,918,452,489,955,0.652452025586354,2024-09-16,YES
43ea838a-9ae1-4989-9b57-25f13f4c24cb,CTOS,NYSE,2021-01-04,2026-08-11,1404,1404,3,3,0.997867803837953,2022-01-03,YES
1ee1e1be-81f5-430c-bb09-27e9399d28cd,CTRE,NYSE,2021-01-04,2026-08-11,1407,1407,0,0,1.0,2022-01-03,YES
a342c28c-209c-4611-bbfc-4e472ad78b0d,CTRI,NYSE,2024-04-18,2026-08-11,580,580,827,827,0.41222459132906897,2025-04-22,YES
01d6b3d9-ea21-4a43-9145-24ac2bbe9f01,CTRM,NASDAQ,2021-01-04,2026-08-11,1407,1136,0,271,1.0,2022-01-03,YES
d97d9a32-bfc6-44ae-9982-9d94b6ce3ea1,CTRN,NASDAQ,2021-01-04,2026-08-11,1407,1398,0,9,1.0,2022-01-03,YES
fb566cc2-68fe-40ef-91fe-3eea9457625a,CTS,NYSE,2021-01-04,2026-08-11,1404,1404,3,3,0.997867803837953,2022-01-03,YES
1c7f101c-4c08-46e9-9f79-60ca13c07e51,CTSH,NASDAQ,2021-01-04,2026-08-11,1407,1407,0,0,1.0,2022-01-03,YES
2ae26d4d-6684-4e91-9041-1c24221965b8,CTSO,NASDAQ,2021-01-04,2026-08-11,1407,1274,0,133,1.0,2022-01-03,YES
fc0da839-9b1d-4c5e-ac1a-148c774d1c1f,CTVA,NYSE,2021-01-04,2026-08-11,1404,1404,3,3,0.997867803837953,2022-01-03,YES
c054bc09-5612-4a38-bd6c-186a038f0f98,CTW,NASDAQ,2025-08-06,2026-08-11,255,166,1152,1241,0.1812366737739872,,NO
f7dc9999-1ca6-4777-9099-c63f4c00d366,CTXR,NASDAQ,2021-01-04,2026-08-11,1405,1396,2,11,0.9985785358919688,2022-01-03,YES
8ab1afbe-7169-4035-9b1b-10a44e50a080,CUB,NASDAQ,2021-01-04,2026-08-11,598,162,809,1245,0.4250177683013504,2025-09-11,YES
024443e6-001d-414d-983a-7e5b50025969,CUBE,NYSE,2021-01-04,2026-08-11,1404,1404,3,3,0.997867803837953,2022-01-03,YES
6537ceaf-1236-47cd-b30b-dbbc10c458d1,CUBI,NYSE,2021-01-04,2026-08-11,1404,1404,3,3,0.997867803837953,2022-01-03,YES
061d0e90-7aaa-4f80-a8ff-e2bfc897970e,CUE,NASDAQ,2021-01-04,2026-08-11,1407,1385,0,22,1.0,2022-01-03,YES
9810bfb5-7184-433e-b900-d2dfd63254e0,CULP,NASDAQ,2021-01-04,2026-08-11,1354,921,53,486,0.9623312011371713,2022-01-03,YES
2f82bedf-4157-48ab-a22a-50ccf429c9e9,CUPR,NASDAQ,2025-04-10,2026-08-11,335,257,1072,1150,0.23809523809523808,2026-04-22,YES
e0a1f9fe-1e7c-4886-bb79-8e0728814c44,CURB,NYSE,2024-10-01,2026-08-11,466,466,941,941,0.3312011371712864,2025-10-03,YES
b8c09d7c-baff-402a-8970-a2aeb31803e4,CURI,NASDAQ,2021-01-04,2026-08-11,1407,1345,0,62,1.0,2022-01-03,YES
c8c9c260-d07c-4f94-9fd3-140aad5e20c3,CURR,NASDAQ,2022-01-24,2026-08-11,1034,512,373,895,0.7348969438521677,2023-02-27,YES
6aecf8c9-0231-44e0-95ba-6568827e0ddf,CURV,NYSE,2021-07-01,2026-08-11,1281,1273,126,134,0.9104477611940298,2022-07-01,YES
50ff8e4f-768d-4fff-9a9c-328ea1357978,CURX,NASDAQ,2025-08-26,2026-08-11,241,191,1166,1216,0.1712864250177683,,NO
e5be529b-df15-49de-9ecb-a779fd21685a,CUZ,NYSE,2021-01-04,2026-08-11,1404,1404,3,3,0.997867803837953,2022-01-03,YES
a80e3a05-7c2d-4fd6-a1cd-763ec10a7714,CV,NASDAQ,2025-07-02,2026-08-11,279,260,1128,1147,0.19829424307036247,2026-07-06,YES
b526619a-3e21-402f-b11b-4e033f3dffd6,CVBF,NASDAQ,2021-01-04,2026-08-11,1407,1407,0,0,1.0,2022-01-03,YES
9245b9a6-ffe1-4a4b-96c4-a72a638d363c,CVCO,NASDAQ,2021-01-04,2026-08-11,1399,1369,8,38,0.994314143567875,2022-01-03,YES
405cbd4d-c9dd-4516-a7f1-f48cd48e7454,CVE,NYSE,2021-01-04,2026-08-11,1404,1404,3,3,0.997867803837953,2022-01-03,YES
36864135-c637-4454-b226-d785418854f0,CVEO,NYSE,2021-01-04,2026-08-11,1392,1364,15,43,0.9893390191897654,2022-01-03,YES
95ccb951-67df-4156-9ccf-f003ca511a7a,CVGI,NASDAQ,2021-01-04,2026-08-11,1407,1403,0,4,1.0,2022-01-03,YES
d6cc59a6-69a4-4dd5-a3fb-f90e901f48c3,CVI,NYSE,2021-01-04,2026-08-11,1404,1404,3,3,0.997867803837953,2022-01-03,YES
f6dd2dbb-c522-45ae-bd0e-65711411c514,CVKD,NASDAQ,2023-01-20,2026-08-11,892,585,515,822,0.6339729921819474,2024-01-23,YES
bf2c1697-c582-4148-a45d-72088021a742,CVLG,NYSE,2021-01-04,2026-08-11,1407,1401,0,6,1.0,2022-01-03,YES
46d3ce24-f3d9-4895-ba1e-98f0249d16cd,CVLT,NASDAQ,2021-01-04,2026-08-11,1407,1407,0,0,1.0,2022-01-03,YES
498da177-ebff-4746-a49a-f0f9fb80dc0d,CVM,AMEX,2021-01-04,2026-08-11,1407,1381,0,26,1.0,2022-01-03,YES
8e15f85d-62ba-4836-87d7-594a22267d47,CVNA,NYSE,2021-01-04,2026-08-11,1404,1404,3,3,0.997867803837953,2022-01-03,YES
109d9733-92b0-41b4-ae7d-935fadc677dc,CVR,AMEX,2021-01-19,2026-08-11,1100,227,307,1180,0.7818052594171997,2022-04-06,YES
9e878c6b-bdb1-4142-8e08-71a0e3e26511,CVRX,NASDAQ,2021-06-30,2026-08-11,1284,1276,123,131,0.9125799573560768,2022-06-30,YES
4f4530c8-5ba0-4b16-86ec-b0ce753c5ac8,CVS,NYSE,2021-01-04,2026-08-11,1404,1404,3,3,0.997867803837953,2022-01-03,YES
87e72832-4c14-4b98-ad96-de880dd896fb,CVSA,NYSE,2021-01-04,2026-08-11,1404,1404,3,3,0.997867803837953,2022-01-03,YES
5affaac1-f63c-4faa-ba5f-afc46f4bfdba,CVU,AMEX,2022-10-06,2026-08-11,964,776,443,631,0.6851457000710732,2023-10-09,YES
acb67afb-b1f2-4851-8bb2-49b625e4f7e7,CVV,NASDAQ,2021-01-04,2026-08-11,1267,886,140,521,0.900497512437811,2022-01-03,YES
186997ab-b63c-439b-bf62-72275d1c4c27,CVX,NYSE,2021-01-04,2026-08-11,1404,1404,3,3,0.997867803837953,2022-01-03,YES
02e4a6c1-132d-41d5-ab95-c673decc7729,CW,NYSE,2021-01-04,2026-08-11,1404,1404,3,3,0.997867803837953,2022-01-03,YES
031258a0-5808-411d-bbe3-5e30a9d0c5ac,CWBC,NASDAQ,2021-01-04,2026-08-11,1394,1318,13,89,0.9907604832977968,2022-01-03,YES
d19cfa04-9620-4b19-98cc-5d34a82d20d0,CWCO,NASDAQ,2021-01-04,2026-08-11,1406,1406,1,1,0.9992892679459844,2022-01-03,YES
cc180196-c319-4fd3-8c33-a9c2f1b4970b,CWD,NASDAQ,2023-05-17,2026-08-11,811,524,596,883,0.5764036958066808,2024-05-22,YES
298509fc-5680-4b32-ae02-eb16cea24500,CWEN,NYSE,2021-01-04,2026-08-11,1404,1404,3,3,0.997867803837953,2022-01-03,YES
687edcf2-df9d-4ae2-ba5b-670c914d2541,CWH,NYSE,2021-01-04,2026-08-11,1404,1404,3,3,0.997867803837953,2022-01-03,YES
98091a3c-7806-4e19-ad12-869b863d3917,CWK,NYSE,2021-01-04,2026-08-11,1404,1404,3,3,0.997867803837953,2022-01-03,YES
2677ddfa-6df3-4bc0-a1d1-a7d5c25e34d8,CWST,NASDAQ,2021-01-04,2026-08-11,1407,1407,0,0,1.0,2022-01-03,YES
a638f594-a580-4c5a-8d70-d59dc5e04078,CWT,NYSE,2021-01-04,2026-08-11,1404,1404,3,3,0.997867803837953,2022-01-03,YES
4a00850b-b5b7-4a56-839b-84c4facf86e6,CX,NYSE,2021-01-04,2026-08-11,1404,1404,3,3,0.997867803837953,2022-01-03,YES
f0147461-13dd-485c-8fd5-cf9542fa44fa,CXAI,NASDAQ,2021-02-04,2026-08-11,1186,1055,221,352,0.8429282160625444,2022-02-18,YES
11ab3ce0-e384-48a9-832b-1fdd195b621c,CXDO,NASDAQ,2021-01-04,2026-08-11,1259,1104,148,303,0.8948116560056859,2022-01-03,YES
4a8323c8-e389-42ae-80dd-db1e74a7c9df,CXII,NASDAQ,2026-06-22,2026-08-11,36,14,1371,1393,0.0255863539445629,,NO
13983b93-4d3d-438b-918c-9e2a650c308e,CXM,NYSE,2021-06-23,2026-08-11,1287,1287,120,120,0.9147121535181236,2022-06-23,YES
fae4902e-7e5e-4135-a07d-4f5100bbc869,CXT,NYSE,2023-04-04,2026-08-11,841,841,566,566,0.59772565742715,2024-04-05,YES
917674f0-95ee-4b1b-b2be-d16ccb6040fa,CXW,NYSE,2021-01-04,2026-08-11,1404,1404,3,3,0.997867803837953,2022-01-03,YES
c2f65944-59ba-4887-bec9-59ecdcf88a02,CYAB,NASDAQ,2023-05-15,2026-08-11,813,167,594,1240,0.5778251599147122,2024-05-15,YES
49728256-228e-4516-9cc4-54d2d36b2f70,CYCN,NASDAQ,2021-01-04,2026-08-11,1389,936,18,471,0.9872068230277186,2022-01-03,YES
c03657a3-c18e-4a8d-bc89-d65d37b13404,CYCU,NASDAQ,2025-02-18,2026-08-11,372,363,1035,1044,0.26439232409381663,2026-02-19,YES
1031f3df-a59d-4545-81a1-d18371a35c94,CYD,NYSE,2021-01-04,2026-08-11,1354,1113,53,294,0.9623312011371713,2022-01-03,YES
6cb8d4d2-9f83-46d6-8366-f6ad96f0d8b6,CYH,NYSE,2021-01-04,2026-08-11,1404,1404,3,3,0.997867803837953,2022-01-03,YES
1d5e2d25-3e3e-4e02-b9b0-3d298a69f47f,CYN,NASDAQ,2021-10-20,2026-08-11,1198,1100,209,307,0.851457000710732,2022-10-20,YES
a83bd314-7932-4157-9844-409328d5b123,CYPH,NASDAQ,2021-01-04,2026-08-11,1406,1397,1,10,0.9992892679459844,2022-01-03,YES
ad1c2b45-abd2-485a-bbb0-718a7751707d,CYRX,NASDAQ,2021-01-04,2026-08-11,1407,1407,0,0,1.0,2022-01-03,YES
da9bd6e0-50b9-4910-9865-040eadda2383,CYTK,NASDAQ,2021-01-04,2026-08-11,1407,1406,0,1,1.0,2022-01-03,YES
3a5722a1-9e15-4f65-807d-7ababb7b1937,CZFS,NASDAQ,2022-06-22,2026-08-11,1020,376,387,1031,0.7249466950959488,2023-06-23,YES
1677e165-500a-4e2a-b9d2-0c8e204dd305,CZNC,NASDAQ,2021-01-04,2026-08-11,1342,1125,65,282,0.9538024164889837,2022-01-05,YES
0009164a-afa2-4b9c-aae6-571bbf12a2a9,CZR,NASDAQ,2021-01-04,2026-08-11,1407,1407,0,0,1.0,2022-01-03,YES
ad6b4f4d-a02b-4525-ac90-ead2a7903846,CZWI,NASDAQ,2021-01-04,2026-08-11,1203,749,204,658,0.8550106609808102,2022-01-19,YES
7ef3c3bc-854c-421a-a778-dc87a402f1d9,D,NYSE,2021-01-04,2026-08-11,1404,1404,3,3,0.997867803837953,2022-01-03,YES
8bbfbbea-3cb5-4046-88ff-0f6447f5e523,DAAQ,NASDAQ,2025-06-02,2026-08-11,300,90,1107,1317,0.21321961620469082,2026-06-03,YES
b1fe3f41-d073-4f4c-a406-57a0857be37e,DAC,NYSE,2021-01-04,2026-08-11,1404,1386,3,21,0.997867803837953,2022-01-03,YES
ff38923c-f604-47c8-b445-35533f93eda0,DAIC,NASDAQ,2025-06-23,2026-08-11,286,247,1121,1160,0.20326936744847193,2026-06-24,YES
374ac783-02ad-47ab-a61a-c401e42c59b4,DAIO,NASDAQ,2021-01-04,2026-08-11,1232,728,175,679,0.8756218905472637,2022-01-03,YES
8312a6d0-c723-444c-8578-377ecdd8a82e,DAKT,NASDAQ,2021-01-04,2026-08-11,1407,1407,0,0,1.0,2022-01-03,YES
2cba3bdd-3f2a-4212-b64c-7bff33ad0f39,DAL,NYSE,2021-01-04,2026-08-11,1404,1404,3,3,0.997867803837953,2022-01-03,YES
5e000c0e-5aed-42c2-8d3d-4cd98888dbc6,DAN,NYSE,2021-01-04,2026-08-11,1404,1404,3,3,0.997867803837953,2022-01-03,YES
02f97f5b-799f-4bb5-b76d-1853d1d7991e,DAR,NYSE,2021-01-04,2026-08-11,1404,1404,3,3,0.997867803837953,2022-01-03,YES
5bc2b2f6-6c95-4bd5-a196-13dae7ae4bfb,DARE,NASDAQ,2021-01-04,2026-08-11,1407,1235,0,172,1.0,2022-01-03,YES
5453d1f0-0efc-4738-b1b1-d330e5910e2f,DASH,NASDAQ,2021-01-04,2026-08-11,1404,1404,3,3,0.997867803837953,2022-01-03,YES
e9d6cee8-769e-48c8-b4c5-92f8f772732a,DAVE,NASDAQ,2021-05-26,2026-08-11,1251,1160,156,247,0.8891257995735607,2022-05-25,YES
da0420cc-dc49-4bb2-b60f-be87996fa939,DB,NYSE,2021-01-04,2026-08-11,1404,1404,3,3,0.997867803837953,2022-01-03,YES
bc9fe8b3-d59d-43eb-9018-7d3598d4f18e,DBCA,NASDAQ,2026-02-27,2026-08-11,114,24,1293,1383,0.08102345415778252,,NO
a840704f-e411-4b40-af51-cb5fdaea3a63,DBD,NYSE,2021-01-04,2026-08-11,1404,1351,3,56,0.997867803837953,2022-01-03,YES
cee3226d-ef00-4278-beec-74195ae8d760,DBGI,NASDAQ,2021-05-14,2026-08-11,1291,1036,116,371,0.9175550817341862,2022-05-17,YES
8f59c5a5-d4b1-4de4-b693-35c431d9f1fd,DBI,NYSE,2021-01-04,2026-08-11,1404,1404,3,3,0.997867803837953,2022-01-03,YES
d1b27933-1144-48df-8187-3820b26cc822,DBRG,NYSE,2021-01-04,2026-08-11,1404,1404,3,3,0.997867803837953,2022-01-03,YES
6ecd8eef-d957-4a3c-8609-d738df5249c1,DBX,NASDAQ,2021-01-04,2026-08-11,1407,1407,0,0,1.0,2022-01-03,YES
a0955508-3c7e-42a0-8919-5761eba31ae7,DC,AMEX,2022-04-05,2026-08-11,1090,1087,317,320,0.7746979388770433,2023-04-06,YES
9c65ca5d-0a80-4810-bc06-44ee098a0f87,DCBO,NASDAQ,2021-01-04,2026-08-11,1403,1394,4,13,0.9971570717839374,2022-01-03,YES
78d8a350-cb03-4bb0-9955-99fa0f8f1814,DCGO,NASDAQ,2021-01-04,2026-08-11,1305,1305,102,102,0.9275053304904051,2022-01-03,YES
15cf567e-b4bf-454c-9c0f-71d8e5ae79e8,DCH,NYSE,2021-01-04,2026-08-11,1404,1404,3,3,0.997867803837953,2022-01-03,YES
68eb4db3-cb82-4718-8b1f-2c83c56cd9b1,DCI,NYSE,2021-01-04,2026-08-11,1404,1404,3,3,0.997867803837953,2022-01-03,YES
2307af29-13f9-4287-b51d-400be1f5b821,DCO,NYSE,2021-01-04,2026-08-11,1402,1394,5,13,0.9964463397299218,2022-01-03,YES
a82f0181-4cd0-4eb7-8937-9ad0203cfc21,DCOM,NYSE,2021-01-04,2026-08-11,1407,1407,0,0,1.0,2022-01-03,YES
7ea911ce-87f2-41db-8085-edff7a71b746,DCOY,NASDAQ,2021-01-04,2026-08-11,1380,1069,27,338,0.9808102345415778,2022-01-03,YES
914ff213-1ed9-46cf-b8cf-8ba649671812,DCTH,NASDAQ,2021-01-04,2026-08-11,1328,1219,79,188,0.9438521677327647,2022-01-03,YES
f593af5d-2419-41cc-b258-97debe1c4cc1,DCX,NASDAQ,2022-01-10,2026-08-11,1033,569,374,838,0.7341862117981521,2023-05-30,YES
72b0cd73-1037-413e-a43c-12d68c760d9e,DD,NYSE,2021-01-04,2026-08-11,1404,1404,3,3,0.997867803837953,2022-01-03,YES
c6e0b2f6-c6b0-4e83-be3f-0f31f1215c8d,DDC,AMEX,2023-11-17,2026-08-11,683,566,724,841,0.48542999289267946,2024-11-19,YES
5ffee5c0-b935-4290-a092-dfd04a6d0c33,DDD,NYSE,2021-01-04,2026-08-11,1404,1404,3,3,0.997867803837953,2022-01-03,YES
c6b39785-bacd-4558-9042-bb24cb8faf56,DDI,NASDAQ,2021-08-31,2026-08-11,1177,811,230,596,0.8365316275764036,2022-09-02,YES
113d6f5b-a48f-4d20-a63f-79ea0bc88ebd,DDOG,NASDAQ,2021-01-04,2026-08-11,1407,1407,0,0,1.0,2022-01-03,YES
9c4269ea-2a6e-4283-b397-aa1f5190ae6a,DDS,NYSE,2021-01-04,2026-08-11,1404,1401,3,6,0.997867803837953,2022-01-03,YES
c00df298-9fb1-49e6-b9d9-92e3749ec5be,DE,NYSE,2021-01-04,2026-08-11,1404,1404,3,3,0.997867803837953,2022-01-03,YES
0769340c-ff9a-4d09-bb38-7d173178ffb4,DEA,NYSE,2021-01-04,2026-08-11,1404,1404,3,3,0.997867803837953,2022-01-03,YES
2cdb67a2-ffd3-48ae-ac33-9530290e7544,DEC,NYSE,2023-12-19,2026-08-11,662,660,745,747,0.4705046197583511,2024-12-19,YES
6d2708a3-edb1-46c6-858b-22b4cccea11d,DECK,NYSE,2021-01-04,2026-08-11,1404,1404,3,3,0.997867803837953,2022-01-03,YES
d83359cc-7bca-4c34-93a9-3726ac1b68f0,DEFT,NASDAQ,2025-05-12,2026-08-11,314,314,1093,1093,0.22316986496090974,2026-05-13,YES
9d4509b9-c8bf-4535-b6ab-4392d0034d3d,DEI,NYSE,2021-01-04,2026-08-11,1404,1404,3,3,0.997867803837953,2022-01-03,YES
91ee1b57-f36c-40cf-a8b7-84583daaafc9,DELL,NYSE,2021-01-04,2026-08-11,1404,1404,3,3,0.997867803837953,2022-01-03,YES
f85c0ede-3556-4d0b-9e0c-4ffc2425044d,DEO,NYSE,2021-01-04,2026-08-11,1404,1404,3,3,0.997867803837953,2022-01-03,YES
5784def5-f63f-4d43-a71d-7fa5f3eb4a84,DERM,NASDAQ,2021-11-12,2026-08-11,1156,984,251,423,0.8216062544420754,2022-12-01,YES
1a40bfe2-44a7-4965-80b7-2992216ffb25,DETX,NASDAQ,2026-04-22,2026-08-11,77,43,1330,1364,0.05472636815920398,,NO
2e248977-086c-4fee-a282-fcf497cc0dd4,DFDV,NASDAQ,2023-07-25,2026-08-11,765,587,642,820,0.5437100213219617,2024-07-26,YES
8506601d-9f2c-4b75-ace3-82f192caebfd,DFH,NYSE,2021-01-21,2026-08-11,1395,1395,12,12,0.9914712153518124,2022-01-20,YES
b807d876-5338-4bb3-b604-a67ee91dbf87,DFIN,NYSE,2021-01-04,2026-08-11,1404,1404,3,3,0.997867803837953,2022-01-03,YES
82efe6a7-35a4-40fb-99ba-2b3eaebe3b71,DFLI,NASDAQ,2021-08-24,2026-08-11,1075,1008,332,399,0.7640369580668088,2022-08-29,YES
14f01bf0-700d-403a-8dc6-f1b5f7159142,DFNS,NASDAQ,2021-01-04,2026-08-11,1080,720,327,687,0.767590618336887,2022-03-09,YES
a8455311-7022-416d-bd4b-7cdde2aa68cb,DFSC,NASDAQ,2022-12-07,2026-08-11,921,725,486,682,0.6545842217484008,2023-12-08,YES
d51f0341-e4d4-4339-80d8-bc45ab5748a5,DFTX,NASDAQ,2021-04-27,2026-08-11,1329,1329,78,78,0.9445628997867804,2022-04-26,YES
2edb3ef9-b5d8-4667-be8f-334884498ac9,DG,NYSE,2021-01-04,2026-08-11,1404,1404,3,3,0.997867803837953,2022-01-03,YES
acc52ad3-8abd-4ec4-a672-b480f3630211,DGAC,NYSE,2026-07-17,2026-08-11,18,6,1389,1401,0.01279317697228145,,NO
66311263-3919-47dc-b152-65e2ac791bb1,DGICA,NASDAQ,2021-01-04,2026-08-11,1393,1356,14,51,0.9900497512437811,2022-01-03,YES
712a2044-1c2c-4918-a9b5-9818acfab0d4,DGICB,NASDAQ,2021-02-01,2026-08-11,1020,100,387,1307,0.7249466950959488,2022-12-05,YES
28290df1-53e4-4657-a785-f57c286af657,DGII,NASDAQ,2021-01-04,2026-08-11,1407,1407,0,0,1.0,2022-01-03,YES
e113424c-aebb-4837-b56a-27ff09f802d6,DGNX,NASDAQ,2025-01-22,2026-08-11,390,348,1017,1059,0.2771855010660981,2026-01-23,YES
8cff8b3e-70a0-408a-8584-44c3670992a2,DGX,NYSE,2021-01-04,2026-08-11,1404,1404,3,3,0.997867803837953,2022-01-03,YES
c72b3dad-d7cc-4d60-86cd-b9bdffa2258b,DGXX,NASDAQ,2021-11-15,2026-08-11,1156,1005,251,402,0.8216062544420754,2022-11-15,YES
eab265b5-7be4-4b78-bdd1-e3cc4ebbaf08,DH,NASDAQ,2021-09-15,2026-08-11,1231,1231,176,176,0.8749111584932481,2022-09-15,YES
d8cb1b90-e8bd-4c75-beb3-0b2909eb9a75,DHI,NYSE,2021-01-04,2026-08-11,1404,1404,3,3,0.997867803837953,2022-01-03,YES
42f6d400-741b-4a18-ae61-73faae71e2cb,DHR,NYSE,2021-01-04,2026-08-11,1404,1404,3,3,0.997867803837953,2022-01-03,YES
81300a51-3264-4158-a483-59db108ea2d8,DHT,NYSE,2021-01-04,2026-08-11,1404,1404,3,3,0.997867803837953,2022-01-03,YES
645c8e11-c68b-4bc6-8553-43f2ff9b1fed,DHX,NYSE,2021-01-04,2026-08-11,1404,1396,3,11,0.997867803837953,2022-01-03,YES
287166cf-0069-410b-b263-ad0ace4de2af,DIBS,NASDAQ,2021-06-10,2026-08-11,1298,1291,109,116,0.9225302061122956,2022-06-09,YES
b15975f7-259f-460f-b1cb-c96442c0653c,DIN,NYSE,2021-01-04,2026-08-11,1404,1404,3,3,0.997867803837953,2022-01-03,YES
80738c2d-0aca-4642-a8a3-10728ceee3b6,DINO,NYSE,2021-01-04,2026-08-11,1404,1404,3,3,0.997867803837953,2022-01-03,YES
56288839-5e01-474f-9501-2d392fee0cf6,DIOD,NASDAQ,2021-01-04,2026-08-11,1407,1407,0,0,1.0,2022-01-03,YES
2f34c0b3-a4aa-4959-b52c-3c41b2c246c4,DIS,NYSE,2021-01-04,2026-08-11,1404,1404,3,3,0.997867803837953,2022-01-03,YES
5cde5ad5-36ac-4173-ab1c-15bacc341bb2,DIT,AMEX,2021-01-04,2026-08-11,1218,372,189,1035,0.8656716417910447,2022-01-03,YES
f90a02f0-f615-4169-9918-118dad92e814,DJCO,NASDAQ,2021-01-04,2026-08-11,1107,461,300,946,0.7867803837953091,2022-03-04,YES
b935924a-f267-4539-80df-45dab8cbdf72,DJT,NASDAQ,2021-09-30,2026-08-11,1209,1202,198,205,0.8592750533049041,2022-09-30,YES
ef8c3677-0bbf-44fe-901e-8367f0c1dc0f,DK,NYSE,2021-01-04,2026-08-11,1404,1404,3,3,0.997867803837953,2022-01-03,YES
5d1db000-cf57-4f99-a933-1acb474a81dd,DKI,NASDAQ,2025-08-11,2026-08-11,252,173,1155,1234,0.1791044776119403,,NO
0786ec39-95f5-423e-971c-dedc43c5ff87,DKL,NYSE,2021-01-04,2026-08-11,1388,1328,19,79,0.9864960909737029,2022-01-03,YES
62c0a014-19a8-405e-9c1e-a8f86422c1b0,DKNG,NASDAQ,2021-01-04,2026-08-11,1407,1407,0,0,1.0,2022-01-03,YES
0296ed19-64af-41ac-b20f-c65a8f6a5496,DKS,NYSE,2021-01-04,2026-08-11,1404,1404,3,3,0.997867803837953,2022-01-03,YES
e6b256cc-cdd0-4ef0-911f-fa26e2eca241,DLB,NYSE,2021-01-04,2026-08-11,1404,1404,3,3,0.997867803837953,2022-01-03,YES
797a8854-d7f6-4a29-ad25-44900d6d04a7,DLHC,NASDAQ,2021-01-04,2026-08-11,1324,1141,83,266,0.9410092395167022,2022-01-03,YES
998df712-c4a7-45d8-8ffd-08aa23a7f084,DLNG,NYSE,2021-01-04,2026-08-11,1327,1149,80,258,0.9431414356787491,2022-01-04,YES
f63cffc4-f063-4f32-af1a-935087126f54,DLO,NASDAQ,2021-06-03,2026-08-11,1303,1303,104,104,0.9260838663823738,2022-06-02,YES
f38f20fe-035e-4f76-accb-3a5f96f6560d,DLPN,NASDAQ,2021-01-05,2026-08-11,1391,964,16,443,0.9886282871357498,2022-01-04,YES
cf7d6b69-8d6e-4427-9491-423352c78fa5,DLTH,NASDAQ,2021-01-04,2026-08-11,1407,1382,0,25,1.0,2022-01-03,YES
d0d63992-2d20-4f63-aa62-30cf76fb3204,DLTR,NASDAQ,2021-01-04,2026-08-11,1407,1407,0,0,1.0,2022-01-03,YES
e0d70f38-dc1d-4e5f-a490-a8366b2036f1,DLX,NYSE,2021-01-04,2026-08-11,1404,1404,3,3,0.997867803837953,2022-01-03,YES
6c146aaf-9bcd-408e-91d7-af09a1e6c065,DLXY,NASDAQ,2025-07-09,2026-08-11,275,190,1132,1217,0.19545131485429992,2026-07-10,YES
0f16b28b-7b70-48b9-b5b2-0b8549d34cc1,DMAA,NASDAQ,2025-02-25,2026-08-11,367,67,1040,1340,0.26083866382373844,2026-03-16,YES
5c9b2d93-c517-414b-989c-3cef6206b207,DMAC,NASDAQ,2021-01-04,2026-08-11,1390,1263,17,144,0.9879175550817342,2022-01-03,YES
4680c3da-4256-49fa-8f9e-fecd196e8f70,DMC,NYSE,2021-01-04,2026-08-11,1404,1404,3,3,0.997867803837953,2022-01-03,YES
b6595633-84ec-4fde-8da5-5d222699ebcc,DMII,NASDAQ,2025-12-03,2026-08-11,172,48,1235,1359,0.12224591329068941,,NO
eefb1848-935f-48b1-b89c-1444e71beaeb,DMRA,NASDAQ,2021-01-04,2026-08-11,1368,1106,39,301,0.9722814498933902,2022-01-03,YES
a06d6570-a5ec-433f-916c-84827f335288,DMRC,NASDAQ,2021-01-04,2026-08-11,1407,1406,0,1,1.0,2022-01-03,YES
79e3f2b2-8d56-46b7-872c-a717d77927b5,DNA,NYSE,2021-04-19,2026-08-11,1333,1333,74,74,0.9474058280028429,2022-04-18,YES
d696e62c-8426-4a31-a4a8-339409fd31b2,DNLI,NASDAQ,2021-01-04,2026-08-11,1407,1407,0,0,1.0,2022-01-03,YES
b8ff396f-1037-43fc-8bb7-629fa794f5ab,DNMX,NASDAQ,2025-12-01,2026-08-11,174,37,1233,1370,0.12366737739872068,,NO
93e010f3-8c78-4ba2-b03f-ea686c3f7251,DNN,AMEX,2021-01-04,2026-08-11,1407,1407,0,0,1.0,2022-01-03,YES
4d5e5da4-4eb4-4b75-a2db-57a1601cb617,DNOW,NYSE,2021-01-04,2026-08-11,1404,1404,3,3,0.997867803837953,2022-01-03,YES
b81d09ae-04c6-4e3f-a8c7-cb60f0b85515,DNTH,NASDAQ,2021-01-04,2026-08-11,1407,1385,0,22,1.0,2022-01-03,YES
4d29c2a3-c62b-44bf-8339-6731b51f5910,DNUT,NASDAQ,2021-07-01,2026-08-11,1283,1283,124,124,0.9118692253020612,2022-07-01,YES
4cfb073b-88c3-4ed5-82f9-64a689aa83ed,DOC,NYSE,2021-01-04,2026-08-11,1404,1403,3,4,0.997867803837953,2022-01-03,YES
df0d964f-f9e7-4a77-a9a9-1d8fc9b2f41d,DOCN,NYSE,2021-03-24,2026-08-11,1349,1349,58,58,0.9587775408670931,2022-03-23,YES
4061b9dd-80cc-4588-890e-a6a417d12a7b,DOCS,NYSE,2021-06-24,2026-08-11,1286,1286,121,121,0.914001421464108,2022-06-24,YES
e72a7428-108a-494b-9635-ee8871ad349b,DOCU,NASDAQ,2021-01-04,2026-08-11,1407,1407,0,0,1.0,2022-01-03,YES
cc86a976-4431-4f0d-9c38-1764d67c1c27,DOGZ,NASDAQ,2021-01-04,2026-08-11,1404,1125,3,282,0.997867803837953,2022-01-03,YES
472ceae2-f4bc-4baf-9c70-a334329d30f8,DOLE,NYSE,2021-07-30,2026-08-11,1261,1261,146,146,0.8962331201137171,2022-08-01,YES
ebd05c77-13f6-4a4d-8631-e59cdce9a6aa,DOMH,NASDAQ,2021-01-04,2026-08-11,1386,1071,21,336,0.9850746268656716,2022-01-03,YES
024636b4-fcd5-481a-8064-9818607a49ac,DOMO,NASDAQ,2021-01-04,2026-08-11,1407,1407,0,0,1.0,2022-01-03,YES
1b10e51b-0651-4c20-afed-e58a86bb67c6,DOO,NASDAQ,2021-01-04,2026-08-11,1403,1401,4,6,0.9971570717839374,2022-01-03,YES
9691bc32-77c2-4592-a382-0d6fadcf47c3,DORM,NASDAQ,2021-01-04,2026-08-11,1407,1406,0,1,1.0,2022-01-03,YES
bc2605b9-978a-4fe8-a1c0-9b6532fe71f6,DOUG,NYSE,2021-12-30,2026-08-11,1156,1156,251,251,0.8216062544420754,2022-12-30,YES
3d61eb0a-68d9-4a74-9f71-57551a892a5f,DOV,NYSE,2021-01-04,2026-08-11,1404,1404,3,3,0.997867803837953,2022-01-03,YES
d59870fe-9add-43f2-960c-b2ec4f29d8d3,DOW,NYSE,2021-01-04,2026-08-11,1404,1404,3,3,0.997867803837953,2022-01-03,YES
be6c7489-e6bd-49b1-b16c-ee5c350a6a1b,DOX,NASDAQ,2021-01-04,2026-08-11,1407,1407,0,0,1.0,2022-01-03,YES
06b515f1-e828-4417-8872-8d3601bd62b5,DPC,NYSE,2026-06-25,2026-08-11,33,33,1374,1374,0.023454157782515993,,NO
c03c15b1-ed8b-4f7e-9b91-bcf3b3329b32,DPRO,NASDAQ,2021-07-30,2026-08-11,1226,1148,181,259,0.8713574982231699,2022-08-02,YES
a5328dba-e7fd-4cef-9be2-70c797900e5a,DPU,NASDAQ,2023-04-18,2026-08-11,832,521,575,886,0.5913290689410092,2024-04-18,YES
aa3236c8-f2d6-40f1-a20d-b4cc69bffae8,DPZ,NASDAQ,2021-01-04,2026-08-11,1404,1404,3,3,0.997867803837953,2022-01-03,YES
b3d253f2-33f5-476f-b2c6-48d8b42365bb,DRCT,NASDAQ,2022-02-11,2026-08-11,1114,961,293,446,0.7917555081734187,2023-02-14,YES
21c54311-748a-4c6a-9df1-8e1507bdddb1,DRD,NYSE,2021-01-04,2026-08-11,1404,1404,3,3,0.997867803837953,2022-01-03,YES
485f2384-c65d-447b-b5f5-8748f9ee966a,DRDB,NASDAQ,2025-02-05,2026-08-11,380,82,1027,1325,0.27007818052594174,2026-03-30,YES
6d1674db-168a-4407-aa65-5c4eb45c2f86,DRH,NASDAQ,2021-01-04,2026-08-11,1404,1404,3,3,0.997867803837953,2022-01-03,YES
c7b69e61-c23f-4135-a113-8f4efe3e7d6e,DRI,NYSE,2021-01-04,2026-08-11,1404,1404,3,3,0.997867803837953,2022-01-03,YES
113eeafd-ed29-4f09-9a95-459c23bda760,DRIO,NASDAQ,2021-01-04,2026-08-11,1407,1219,0,188,1.0,2022-01-03,YES
ebadebcb-493a-4caf-8482-b5b4de5f5a52,DRMA,NASDAQ,2021-08-13,2026-08-11,1206,959,201,448,0.8571428571428571,2022-08-15,YES
11ad129c-6744-47e8-b70a-e671e05f1513,DRS,NASDAQ,2021-01-04,2026-08-11,1406,1406,1,1,0.9992892679459844,2022-01-03,YES
fabb3fa5-7f8a-407f-a2c7-43ab407a8e5d,DRTS,NASDAQ,2021-03-09,2026-08-11,1247,1055,160,352,0.8862828713574982,2022-03-08,YES
d0e17e4b-72bb-47e9-8dcc-1016ab3dffa4,DRUG,NASDAQ,2021-11-08,2026-08-11,1100,804,307,603,0.7818052594171997,2022-11-08,YES
413a2a6f-0bd6-4f0c-8321-7e2ef17ad1d2,DRVN,NASDAQ,2021-01-15,2026-08-11,1398,1398,9,9,0.9936034115138592,2022-01-14,YES
faf6f037-c8d0-4f46-a87f-3be4bf546f4b,DSAC,NASDAQ,2021-01-04,2026-08-11,330,212,1077,1195,0.2345415778251599,2022-01-03,YES
cbee2ee0-3ae9-46a7-aa73-41f56960a030,DSGN,NASDAQ,2021-03-26,2026-08-11,1350,1350,57,57,0.9594882729211087,2022-03-25,YES
55affdc0-d925-43f2-83df-f3e5029d5af7,DSGR,NASDAQ,2021-01-06,2026-08-11,1306,1244,101,163,0.9282160625444208,2022-01-05,YES
2ab5534e-bc88-47fc-8b86-9487a2f3026e,DSGX,NASDAQ,2021-01-04,2026-08-11,1407,1407,0,0,1.0,2022-01-03,YES
12019df2-14d8-4942-acba-a413da92d285,DSP,NASDAQ,2021-02-10,2026-08-11,1381,1361,26,46,0.9815209665955935,2022-02-09,YES
1b277b0d-51bd-4615-bbab-d69cc69e83bc,DSS,AMEX,2021-01-04,2026-08-11,1397,918,10,489,0.9928926794598436,2022-01-03,YES
2c776761-d9c5-4ed0-915e-9ceca48e1401,DSWL,NASDAQ,2021-01-05,2026-08-11,1144,339,263,1068,0.8130774697938877,2022-01-25,YES
9d7e01c2-71a4-49aa-9607-21ca0b4c294e,DSX,NYSE,2021-01-04,2026-08-11,1404,1403,3,4,0.997867803837953,2022-01-03,YES
7586047b-693b-494a-9ae2-9890ef1e287d,DSY,NASDAQ,2023-01-12,2026-08-11,897,444,510,963,0.6375266524520256,2024-01-16,YES
ec758e9f-503a-469e-a8b0-a3f27fe99316,DT,NYSE,2021-01-04,2026-08-11,1404,1404,3,3,0.997867803837953,2022-01-03,YES
0c207440-68ea-47e6-9688-b58212d984c5,DTB,NYSE,2021-01-04,2026-08-11,1265,770,142,637,0.8990760483297797,2022-01-03,YES
faa175a1-829f-4a88-aba4-56f4bd3c151c,DTCX,NASDAQ,2024-10-29,2026-08-11,445,442,962,965,0.31627576403695806,2025-10-31,YES
9bace756-e3ad-48de-932e-4690b2960730,DTE,NYSE,2021-01-04,2026-08-11,1404,1404,3,3,0.997867803837953,2022-01-03,YES
d90cb532-1b90-44d8-b5e7-416254281122,DTG,NYSE,2021-11-29,2026-08-11,1151,911,256,496,0.8180525941719972,2022-12-01,YES
1be61b94-6235-4958-8120-cf59087e9d04,DTI,NASDAQ,2021-12-30,2026-08-11,1042,752,365,655,0.7405828002842928,2023-01-30,YES
fb835b01-2aaf-494b-93d6-ee06351033cd,DTIL,NASDAQ,2021-01-04,2026-08-11,1407,1395,0,12,1.0,2022-01-03,YES
937802b0-99e5-4320-9b0e-6910189974a2,DTK,NYSE,2025-09-22,2026-08-11,223,208,1184,1199,0.15849324804548684,,NO
b988bd04-4998-4039-8580-443adf2f7aec,DTM,NYSE,2021-07-01,2026-08-11,1281,1281,126,126,0.9104477611940298,2022-07-01,YES
295f3a90-44d7-467a-bd81-1f9c287601ed,DTSQ,NASDAQ,2024-09-16,2026-08-11,477,48,930,1359,0.3390191897654584,2025-10-03,YES
93658051-f258-4b40-b9f3-2e297e005907,DTSS,NASDAQ,2021-01-04,2026-08-11,1346,1034,61,373,0.9566453447050463,2022-01-03,YES
a32239f8-74db-4aeb-91dd-d95574eb3fc4,DTST,NASDAQ,2021-05-17,2026-08-11,1301,987,106,420,0.9246624022743426,2022-05-16,YES
f05cc96b-4270-42c0-912e-a45ebc52fe50,DTW,NYSE,2021-01-07,2026-08-11,1309,1007,98,400,0.9303482587064676,2022-01-10,YES
42f7b895-93aa-48d4-909e-6e05ad6bd2ca,DUK,NYSE,2021-01-04,2026-08-11,1404,1404,3,3,0.997867803837953,2022-01-03,YES
da7d30ce-74f6-4230-a3fe-b9b2b70193e3,DUKB,NYSE,2021-01-04,2026-08-11,1334,1012,73,395,0.9481165600568585,2022-01-03,YES
f99e160c-4b9e-4220-8b08-ab1446a669b2,DUKR,NASDAQ,2026-05-15,2026-08-11,60,47,1347,1360,0.042643923240938165,,NO
f82520ce-6029-4c86-82e4-8fc088ea5ff3,DUO,NASDAQ,2021-01-04,2026-08-11,1392,1069,15,338,0.9893390191897654,2022-01-03,YES
257baf45-5b02-4874-b744-b8de8f4c4dcb,DUOL,NASDAQ,2021-07-28,2026-08-11,1265,1265,142,142,0.8990760483297797,2022-07-28,YES
8d9edfb8-9c70-4437-b75d-9d94e12033cc,DUOT,NASDAQ,2021-01-06,2026-08-11,1168,934,239,473,0.830135039090263,2022-01-13,YES
346a2889-d23e-43fa-b883-e6d6baaee6bf,DV,NYSE,2021-04-21,2026-08-11,1331,1331,76,76,0.9459843638948117,2022-04-20,YES
31a9ec05-bf6a-4e77-8fbe-eafe432eab4a,DVA,NYSE,2021-01-04,2026-08-11,1404,1404,3,3,0.997867803837953,2022-01-03,YES
e6827f96-6a53-4c1a-a581-1002ebf85229,DVLT,NASDAQ,2021-01-04,2026-08-11,1353,1278,54,129,0.9616204690831557,2022-01-03,YES
ab42bac7-0551-47fd-8f5b-3313142cb075,DVN,NYSE,2021-01-04,2026-08-11,1404,1404,3,3,0.997867803837953,2022-01-03,YES
3df9205a-fe6b-48c0-a9be-8a3344b38801,DWSN,NASDAQ,2021-01-04,2026-08-11,1263,712,144,695,0.8976545842217484,2022-01-03,YES
2939e82a-e201-487b-9e46-eba380f1bbac,DWTX,NASDAQ,2021-01-04,2026-08-11,1292,1105,115,302,0.9182658137882018,2022-01-04,YES
431f1ff9-0f6c-4bea-8b6d-8af232a46e63,DX,NYSE,2021-01-04,2026-08-11,1404,1404,3,3,0.997867803837953,2022-01-03,YES
b93e6816-bac6-4239-b598-0850d12378df,DXC,NYSE,2021-01-04,2026-08-11,1404,1404,3,3,0.997867803837953,2022-01-03,YES
8dd538ed-bf95-4b22-a6c7-e6f01131d65d,DXCM,NASDAQ,2021-01-04,2026-08-11,1407,1407,0,0,1.0,2022-01-03,YES
3b363ae1-0dd7-446e-8003-f5305c054aa8,DXLG,NASDAQ,2021-09-08,2026-08-11,1236,1176,171,231,0.8784648187633263,2022-09-08,YES
c1488491-50bd-499b-a3e0-baa7a8b37e8b,DXPE,NASDAQ,2021-01-04,2026-08-11,1406,1405,1,2,0.9992892679459844,2022-01-03,YES
4e618c16-d875-448a-9da2-cbe95abeafc4,DXR,NASDAQ,2021-01-12,2026-08-11,1088,279,319,1128,0.7732764747690121,2022-02-04,YES
41804480-3954-4324-b090-4beb91da954b,DXST,NASDAQ,2025-01-22,2026-08-11,390,243,1017,1164,0.2771855010660981,2026-01-23,YES
8786eb25-4280-4fe0-a62e-69bb420289aa,DXYZ,NYSE,2024-03-26,2026-08-11,596,596,811,811,0.4235963041933191,2025-03-28,YES
87832558-1723-4d1c-abed-85bfcf69c336,DY,NYSE,2021-01-04,2026-08-11,1404,1404,3,3,0.997867803837953,2022-01-03,YES
b9335c7b-58de-41d3-8b37-812c13eb580b,DYAI,NASDAQ,2021-01-04,2026-08-11,1379,1027,28,380,0.9800995024875622,2022-01-03,YES
802a71f8-8f87-4eb8-b47d-f32cf9c5adf3,DYN,NASDAQ,2021-01-04,2026-08-11,1407,1407,0,0,1.0,2022-01-03,YES
1a1a0382-5442-4d95-96b9-45436c4eddb7,DYNC,NASDAQ,2024-12-09,2026-08-11,418,273,989,1134,0.2970859985785359,2025-12-11,YES
87ca1471-e582-4110-9ffc-dab2f2255a99,DYOR,NASDAQ,2025-11-20,2026-08-11,180,14,1227,1393,0.1279317697228145,,NO
501b21e6-b544-4ebd-be2d-f154abdd010a,E,NYSE,2021-01-04,2026-08-11,1405,1405,2,2,0.9985785358919688,2022-01-03,YES
b649675f-e873-4ab5-9671-c6952a51b1a0,EAF,NYSE,2021-01-04,2026-08-11,1405,1405,2,2,0.9985785358919688,2022-01-03,YES
f1dd8e69-6743-4bec-9aef-e63ed345be52,EAI,NYSE,2021-01-04,2026-08-11,1281,909,126,498,0.9104477611940298,2022-01-03,YES
79d41528-8a66-4166-b92b-7a2d1cb3d4a7,EARN,NYSE,2021-01-04,2026-08-11,1404,1388,3,19,0.997867803837953,2022-01-03,YES
1aa6ed0a-8b76-46d3-b58a-177e5d95a585,EAT,NYSE,2021-01-04,2026-08-11,1405,1405,2,2,0.9985785358919688,2022-01-03,YES
10b35642-7d26-47d1-8987-4f7a7632d273,EBAY,NASDAQ,2021-01-04,2026-08-11,1407,1407,0,0,1.0,2022-01-03,YES
f255356c-8852-4ac7-832f-d6c4d0e02b2b,EBC,NASDAQ,2021-01-04,2026-08-11,1407,1407,0,0,1.0,2022-01-03,YES
cae5bfd8-d81f-4def-943d-2ebb67974ada,EBF,NYSE,2021-01-04,2026-08-11,1405,1401,2,6,0.9985785358919688,2022-01-03,YES
38180541-a17a-4962-ab7c-e366574ad121,EBMT,NASDAQ,2021-01-06,2026-08-11,1259,942,148,465,0.8948116560056859,2022-01-06,YES
a1af2bf3-4b2f-4475-9bfa-c59417a0e8f2,EBON,NASDAQ,2021-01-04,2026-08-11,1406,853,1,554,0.9992892679459844,2022-01-03,YES
91623b4d-0cb0-4846-8d16-5b491035623e,EBS,NYSE,2021-01-04,2026-08-11,1405,1405,2,2,0.9985785358919688,2022-01-03,YES
201be41d-b887-445d-a994-14919c7e5623,EC,NYSE,2021-01-04,2026-08-11,1405,1405,2,2,0.9985785358919688,2022-01-03,YES
02bcc534-ef70-4da2-9df9-a487b1a1944b,ECBK,NASDAQ,2022-07-28,2026-08-11,1013,566,394,841,0.7199715707178393,2023-08-03,YES
63599d60-6762-40e4-a675-baefdf49cc91,ECC,NYSE,2021-01-04,2026-08-11,1404,1403,3,4,0.997867803837953,2022-01-03,YES
278d04b9-8afd-4c1c-a8f4-01e7181b808a,ECG,NYSE,2024-11-01,2026-08-11,443,443,964,964,0.3148542999289268,2025-11-05,YES
644a3939-7c9d-495e-8fcd-2399ca5f1507,ECHO,NASDAQ,2021-01-04,2026-08-11,1407,1407,0,0,1.0,2022-01-03,YES
b636b9b8-669c-4788-a0eb-ff5f6ea7f09e,ECL,NYSE,2021-01-04,2026-08-11,1405,1405,2,2,0.9985785358919688,2022-01-03,YES
c1d837e5-b11d-43a6-92c5-598d4c7d2bdf,ECO,NYSE,2023-12-12,2026-08-11,667,654,740,753,0.47405828002842926,2024-12-12,YES
ad6e1d40-17e7-4154-845c-b17f7be1ed0f,ECOR,NASDAQ,2021-01-04,2026-08-11,1381,1127,26,280,0.9815209665955935,2022-01-03,YES
c57b76be-ab96-43dc-a4e0-ce0e9281d0d8,ECPG,NASDAQ,2021-01-04,2026-08-11,1407,1407,0,0,1.0,2022-01-03,YES
2e41ecc4-e6c7-4ae5-b5fd-db603dd6e883,ECVT,NYSE,2021-01-04,2026-08-11,1405,1405,2,2,0.9985785358919688,2022-01-03,YES
dddcaf1f-9393-4166-8b84-2d375da5003b,ECX,NASDAQ,2021-04-05,2026-08-11,1131,978,276,429,0.8038379530916845,2022-04-12,YES
0cbb12ec-7e81-4329-beb1-2a35271272dc,ED,NYSE,2021-01-04,2026-08-11,1405,1405,2,2,0.9985785358919688,2022-01-03,YES
6df28871-4a98-4f27-bda2-8ffa3a829db8,EDBL,NASDAQ,2022-05-05,2026-08-11,1059,869,348,538,0.7526652452025586,2023-05-08,YES
98148bbb-993b-4eaa-8fa3-c5254fbb7416,EDHL,NASDAQ,2025-04-17,2026-08-11,330,265,1077,1142,0.2345415778251599,2026-04-22,YES
d8a8dbfb-7285-4817-aa64-2d44ffed5fef,EDIT,NASDAQ,2021-01-04,2026-08-11,1407,1407,0,0,1.0,2022-01-03,YES
4c0c3801-87e9-4966-b62f-7b2ab187af0f,EDN,NYSE,2021-01-04,2026-08-11,1264,1120,143,287,0.898365316275764,2022-01-03,YES
23751f98-1a91-4158-a856-79fe949bc6ff,EDRY,NASDAQ,2021-01-04,2026-08-11,1384,675,23,732,0.9836531627576404,2022-01-03,YES
e36f9da3-1416-4cdc-bbf5-a8bd63561310,EDSA,NASDAQ,2021-01-04,2026-08-11,1391,996,16,411,0.9886282871357498,2022-01-03,YES
201f88a5-3808-42ab-a8de-a084dea7e6ed,EDTK,NASDAQ,2021-01-04,2026-08-11,1311,611,96,796,0.9317697228144989,2022-01-03,YES
cd389875-b13c-4f1c-b0d8-ab3ff079070d,EDUC,NASDAQ,2021-01-04,2026-08-11,1279,778,128,629,0.9090262970859986,2022-01-03,YES
9cd20c56-759a-4af7-90e5-3cd37063029b,EE,NYSE,2022-04-13,2026-08-11,1085,1085,322,322,0.7711442786069652,2023-04-17,YES
bc8bd708-8acd-4e17-9045-3213419a4177,EEFT,NASDAQ,2021-01-04,2026-08-11,1406,1406,1,1,0.9992892679459844,2022-01-03,YES
0abc5c06-b9f7-40b2-ad19-27068ee0999d,EEIQ,NASDAQ,2021-03-25,2026-08-11,1245,524,162,883,0.8848614072494669,2022-03-24,YES
2ff4f624-32d5-459a-91db-42fdd64e7f8e,EFC,NYSE,2021-01-04,2026-08-11,1405,1405,2,2,0.9985785358919688,2022-01-03,YES
c76affde-e975-4e74-82a9-86fac26c3e6f,EFOI,NASDAQ,2021-01-04,2026-08-11,1360,745,47,662,0.9665955934612651,2022-01-04,YES
ebd34bdc-6fff-4555-b1d3-f3537788ae18,EFOR,NYSE,2021-01-04,2026-08-11,1404,1404,3,3,0.997867803837953,2022-01-03,YES
c178ca2b-8738-4b0f-bc24-7c666fa73129,EFSC,NASDAQ,2021-01-04,2026-08-11,1407,1407,0,0,1.0,2022-01-03,YES
c72bd5de-4113-490f-b059-cf4efe70f819,EFSI,NASDAQ,2025-02-07,2026-08-11,378,247,1029,1160,0.26865671641791045,2026-02-10,YES
4ec47f9c-a379-41f9-aab4-c27652c2067a,EFTY,NASDAQ,2025-08-08,2026-08-11,253,40,1154,1367,0.17981520966595593,,NO
1fa4e2fb-538e-4ed6-b548-f2c591f1fb5d,EFX,NYSE,2021-01-04,2026-08-11,1405,1405,2,2,0.9985785358919688,2022-01-03,YES
d70b328a-043a-4b5c-b59b-35a93d78e3c2,EFXT,NYSE,2022-10-14,2026-08-11,958,883,449,524,0.6808813077469794,2023-10-23,YES
0501755f-b8e9-4846-97ff-abbb8c8e67fe,EG,NYSE,2021-01-04,2026-08-11,1404,1404,3,3,0.997867803837953,2022-01-03,YES
fb02bb55-b516-46ef-b91d-582104460ef2,EGAN,NASDAQ,2021-01-04,2026-08-11,1407,1380,0,27,1.0,2022-01-03,YES
746bde4a-5124-4469-99c0-aaf44a231fa4,EGBN,NASDAQ,2021-01-04,2026-08-11,1407,1407,0,0,1.0,2022-01-03,YES
6be488f3-033a-47a8-a7c7-5b9fa056e52b,EGG,AMEX,2025-06-18,2026-08-11,288,147,1119,1260,0.2046908315565032,2026-06-22,YES
2575d213-f55b-4c9c-bffb-36836cae6a38,EGHA,NASDAQ,2025-06-30,2026-08-11,281,41,1126,1366,0.19971570717839374,,NO
e5f8a520-5573-4adf-b2fc-cd8189505c9a,EGHT,NASDAQ,2021-01-04,2026-08-11,1405,1405,2,2,0.9985785358919688,2022-01-03,YES
1e9bed06-c870-4b66-91b3-ff0c7d145bb9,EGO,NYSE,2021-01-04,2026-08-11,1405,1405,2,2,0.9985785358919688,2022-01-03,YES
37540e34-e6dc-4c65-abff-377b86d8ee09,EGP,NYSE,2021-01-04,2026-08-11,1405,1405,2,2,0.9985785358919688,2022-01-03,YES
fc35f4d6-823e-4161-ad56-0667a4ffe6b1,EGY,NYSE,2021-01-04,2026-08-11,1402,1402,5,5,0.9964463397299218,2022-01-03,YES
7264ae5d-6de6-44c6-8373-cd20784fdc22,EHC,NYSE,2021-01-04,2026-08-11,1405,1405,2,2,0.9985785358919688,2022-01-03,YES
9655a2c4-aab7-49e8-a12a-3012ef545f27,EHGO,NASDAQ,2024-07-02,2026-08-11,529,339,878,1068,0.3759772565742715,2025-07-07,YES
b8c60ba0-6c86-469e-b70a-9324ceae4fa0,EHLD,NASDAQ,2025-03-12,2026-08-11,354,86,1053,1321,0.2515991471215352,2026-03-20,YES
dd87b6d3-63e1-4ac4-9771-9980c920b66d,EHTH,NASDAQ,2021-01-04,2026-08-11,1407,1407,0,0,1.0,2022-01-03,YES
e59a2b5d-2db2-4681-a780-c0024f824929,EIC,NYSE,2021-01-05,2026-08-11,1213,1090,194,317,0.8621179815209666,2022-01-04,YES
9bd546cc-287e-455d-8511-7bf1da07c1fe,EIG,NYSE,2021-01-04,2026-08-11,1405,1404,2,3,0.9985785358919688,2022-01-03,YES
8a8a613b-0ecd-41bb-b9c4-72ab5d145f93,EIKN,NASDAQ,2026-02-05,2026-08-11,129,129,1278,1278,0.09168443496801706,,NO
a75f7d48-0d93-445f-9fb9-34d9160760b6,EIX,NYSE,2021-01-04,2026-08-11,1405,1405,2,2,0.9985785358919688,2022-01-03,YES
4cdbdf28-5c76-463f-bce0-23bcb2d3bb49,EL,NYSE,2021-01-04,2026-08-11,1405,1405,2,2,0.9985785358919688,2022-01-03,YES
f9dd6f91-72d7-42a5-8b7e-243eb5d44f07,ELA,AMEX,2021-01-04,2026-08-11,1319,1174,88,233,0.937455579246624,2022-01-03,YES
763f8239-e9c1-481c-be67-ea220ba6afc7,ELAB,NASDAQ,2023-11-21,2026-08-11,681,609,726,798,0.4840085287846482,2024-11-21,YES
4dcf0801-5534-49a2-b3b1-d6ceb29b78ac,ELAN,NYSE,2021-01-04,2026-08-11,1405,1405,2,2,0.9985785358919688,2022-01-03,YES
07ba2649-d379-452e-9efd-aa7e6cea2de7,ELBM,NASDAQ,2022-04-28,2026-08-11,1065,831,342,576,0.7569296375266524,2023-05-02,YES
e98f0667-4f52-48c2-977c-bc333929650e,ELDN,NASDAQ,2021-01-04,2026-08-11,1374,1245,33,162,0.976545842217484,2022-01-03,YES
1ff0ea31-bf41-4f36-a7a9-a09b3e586356,ELE,NASDAQ,2025-11-25,2026-08-11,177,177,1230,1230,0.1257995735607676,,NO
9ce7bf27-3c59-43f3-a057-0ec7fb534d05,ELF,NYSE,2021-01-04,2026-08-11,1405,1405,2,2,0.9985785358919688,2022-01-03,YES
cba2eea7-a20f-4738-8716-daf2a0433179,ELLO,AMEX,2021-01-04,2026-08-11,1095,202,312,1205,0.7782515991471215,2022-01-05,YES
422b6dc4-a869-43e8-a383-20cd0f1eaf31,ELMD,AMEX,2021-01-04,2026-08-11,1317,1112,90,295,0.9360341151385928,2022-01-03,YES
1f209c2a-c387-4508-b133-6331cd438810,ELME,NYSE,2021-01-04,2026-08-11,1404,1404,3,3,0.997867803837953,2022-01-03,YES
01500571-bdcf-460e-86b1-555f7b431458,ELMT,NASDAQ,2026-04-23,2026-08-11,76,76,1331,1331,0.05401563610518834,,NO
c8f677b0-b75e-43c1-a6b0-7ce54765afc9,ELOG,NASDAQ,2025-08-29,2026-08-11,238,85,1169,1322,0.1691542288557214,,NO
e7777b30-77ac-44cc-af8a-d1d0f8532674,ELOX,NASDAQ,2026-06-09,2026-08-11,44,34,1363,1373,0.03127221037668799,,NO
3061f11a-e61f-4d85-87f9-68af502fd34d,ELPW,NASDAQ,2023-05-01,2026-08-11,823,435,584,972,0.5849324804548686,2024-08-27,YES
35184521-b8fe-4bd9-b86c-6ff3b13fbca8,ELS,NYSE,2021-01-04,2026-08-11,1405,1405,2,2,0.9985785358919688,2022-01-03,YES
e6e88ba5-2666-4f98-9069-836bca00e291,ELTK,NASDAQ,2021-01-04,2026-08-11,1197,684,210,723,0.8507462686567164,2022-01-20,YES
d40b0e18-c9e4-48cd-a1b0-ca10c13f7c75,ELTX,NASDAQ,2021-02-05,2026-08-11,1380,1143,27,264,0.9808102345415778,2022-02-04,YES
ebd0e747-a868-465b-b2d1-491299d09b81,ELUT,NASDAQ,2021-01-04,2026-08-11,1236,952,171,455,0.8784648187633263,2022-01-07,YES
267f9ea7-eb9a-41cd-946f-5fab57943f0a,ELV,NYSE,2021-01-04,2026-08-11,1404,1404,3,3,0.997867803837953,2022-01-03,YES
74b75ee4-07f2-4d1f-8fc0-25b686d6676d,ELVA,NASDAQ,2023-07-06,2026-08-11,778,643,629,764,0.5529495380241649,2024-07-08,YES
1a282ee2-a395-41eb-a041-cd7f52844607,ELVN,NASDAQ,2021-01-04,2026-08-11,1397,1378,10,29,0.9928926794598436,2022-01-03,YES
2adb16e7-315b-4a24-85e9-1072b8bdb90f,ELVR,NASDAQ,2025-09-02,2026-08-11,237,231,1170,1176,0.16844349680170576,,NO
6b5fe7f6-115e-48c0-820d-90634ec63ebb,ELWT,NASDAQ,2025-11-05,2026-08-11,191,146,1216,1261,0.13574982231698648,,NO
f1a018e9-94a6-4b2d-8b24-28a7c3321405,EMA,NYSE,2025-05-29,2026-08-11,302,302,1105,1105,0.2146410803127221,2026-06-01,YES
05216719-8c3e-4d9a-b059-572e7044ebe6,EMAT,NASDAQ,2026-01-06,2026-08-11,150,147,1257,1260,0.10660980810234541,,NO
5600408e-875b-4ec4-8f1e-baee995e695f,EMBC,NASDAQ,2022-03-23,2026-08-11,1097,1097,310,310,0.7796730632551528,2023-03-24,YES
0cf9d955-34f7-4d17-8286-29a0aecac17f,EME,NYSE,2021-01-04,2026-08-11,1405,1405,2,2,0.9985785358919688,2022-01-03,YES
5d5021cf-9d42-4e07-a99a-35ab7b1c8e19,EMIS,NASDAQ,2025-10-23,2026-08-11,200,15,1207,1392,0.14214641080312723,,NO
abff5230-b0d4-4147-af7b-e40edc0c5280,EML,NASDAQ,2021-01-05,2026-08-11,1273,823,134,584,0.9047619047619048,2022-01-04,YES
f9c2c0a2-9f2d-44e6-a938-8ae8cefed408,EMN,NYSE,2021-01-04,2026-08-11,1405,1405,2,2,0.9985785358919688,2022-01-03,YES
9ba64492-9046-4c4a-a91e-8589af90dc10,EMP,NYSE,2021-01-06,2026-08-11,1250,665,157,742,0.8884150675195451,2022-01-05,YES
c6d9035d-44c3-4093-8aaf-245b20205c73,EMPD,NASDAQ,2021-10-06,2026-08-11,1208,1106,199,301,0.8585643212508884,2022-10-06,YES
812453a9-6ec4-4edb-a1d6-7f08a987ba23,EMR,NYSE,2021-01-04,2026-08-11,1405,1405,2,2,0.9985785358919688,2022-01-03,YES
ec6d64ac-f112-4df3-b58f-dbed9833c89a,ENB,NYSE,2021-01-04,2026-08-11,1405,1405,2,2,0.9985785358919688,2022-01-03,YES
827fee2c-f5dd-4c3c-9654-b48a2a930e99,ENGN,NASDAQ,2022-02-15,2026-08-11,1032,679,375,728,0.7334754797441365,2023-09-25,YES
2170a76a-8103-4a9c-a0c2-21806d723ed4,ENGS,NASDAQ,2025-04-01,2026-08-11,342,309,1065,1098,0.24307036247334754,2026-04-02,YES
a2f4c5d1-7a9d-49db-a940-d9d8b34e981a,ENHA,NYSE,2025-09-04,2026-08-11,235,126,1172,1281,0.1670220326936745,,NO
0b4eed39-5779-4442-919d-3c1488d9b562,ENJ,NYSE,2021-01-04,2026-08-11,1082,165,325,1242,0.7690120824449183,2022-03-02,YES
d60e368c-17cb-4cca-8e51-68bf5c6ca46b,ENLT,NASDAQ,2023-02-10,2026-08-11,877,705,530,702,0.6233120113717129,2024-02-13,YES
a086b0b8-a12e-4bc0-bde3-af36c9b71f36,ENLV,NASDAQ,2021-01-04,2026-08-11,1398,1181,9,226,0.9936034115138592,2022-01-03,YES
7cf000cd-c46f-412b-b638-485c5e7cfb90,ENO,NYSE,2021-01-06,2026-08-11,1186,445,221,962,0.8429282160625444,2022-01-28,YES
8ec0a2e1-e6f7-4a8d-8d51-8bbc30e8658e,ENOV,NYSE,2021-01-04,2026-08-11,1404,1404,3,3,0.997867803837953,2022-01-03,YES
b49cfcfc-b0f7-4bf0-aff8-a33ffe6f0073,ENPH,NASDAQ,2021-01-04,2026-08-11,1407,1407,0,0,1.0,2022-01-03,YES
6f9e7a69-5ddb-4c82-8266-b64cd40aa7da,ENR,NYSE,2021-01-04,2026-08-11,1405,1405,2,2,0.9985785358919688,2022-01-03,YES
a3fb8b98-020a-44f5-9e0d-2acf6247c8b7,ENS,NYSE,2021-01-04,2026-08-11,1405,1405,2,2,0.9985785358919688,2022-01-03,YES
7d504540-e8d1-4bb6-92e9-2410a941d18c,ENSC,NASDAQ,2021-01-06,2026-08-11,1284,1131,123,276,0.9125799573560768,2022-01-05,YES
550e050b-ac5c-4e21-bcb2-b376324df6f6,ENSG,NASDAQ,2021-01-04,2026-08-11,1407,1407,0,0,1.0,2022-01-03,YES
3ae948a2-16a2-4606-8898-756709edb882,ENTA,NASDAQ,2021-01-04,2026-08-11,1407,1407,0,0,1.0,2022-01-03,YES
c2b534bd-05d0-419c-a592-5b8934973c00,ENTG,NASDAQ,2021-01-04,2026-08-11,1407,1407,0,0,1.0,2022-01-03,YES
43b2f1f2-73d2-4d7c-b75f-195734dce1f3,ENTX,NASDAQ,2021-01-04,2026-08-11,1366,1144,41,263,0.9708599857853589,2022-01-03,YES
58dae705-c749-4f8c-aea6-bd5a5eaf30ce,ENVA,NYSE,2021-01-04,2026-08-11,1405,1404,2,3,0.9985785358919688,2022-01-03,YES
44fbd4df-716b-4729-ac5f-daec993902b7,ENVB,NASDAQ,2021-01-04,2026-08-11,1389,1136,18,271,0.9872068230277186,2022-01-03,YES
07c26160-8afc-4ff4-a063-a69ad5e72219,ENVX,NASDAQ,2021-01-07,2026-08-11,1404,1404,3,3,0.997867803837953,2022-01-06,YES
c997b367-2a67-472c-910f-d0324c599cea,EOG,NYSE,2021-01-04,2026-08-11,1405,1405,2,2,0.9985785358919688,2022-01-03,YES
02e3e79d-7cc0-41a9-acb5-23996c399525,EOLS,NASDAQ,2021-01-04,2026-08-11,1407,1407,0,0,1.0,2022-01-03,YES
0a439817-e6b6-49ff-9eab-e7df9969fbe4,EONR,AMEX,2022-04-12,2026-08-11,1031,680,376,727,0.7327647476901208,2023-09-22,YES
1905ea83-0c3a-4621-89a3-78a4bbb3dedb,EOSE,NASDAQ,2021-01-04,2026-08-11,1407,1407,0,0,1.0,2022-01-03,YES
2f4aa7f9-357b-4c58-9ce7-721975b3b22f,EP,AMEX,2022-03-08,2026-08-11,1103,947,304,460,0.7839374555792467,2023-03-09,YES
1102b5e4-cd8f-44ac-8a45-54c3f340cbe3,EPAC,NYSE,2021-01-04,2026-08-11,1404,1404,3,3,0.997867803837953,2022-01-03,YES
413cead3-b86f-4eea-b04b-c5a1942e0b07,EPAM,NYSE,2021-01-04,2026-08-11,1404,1404,3,3,0.997867803837953,2022-01-03,YES
7b36470c-e1af-499e-8fb8-8d5c316d9669,EPC,NYSE,2021-01-04,2026-08-11,1404,1404,3,3,0.997867803837953,2022-01-03,YES
6d48b812-945e-432c-b5e1-b06fa13e06cc,EPD,NYSE,2021-01-04,2026-08-11,1404,1404,3,3,0.997867803837953,2022-01-03,YES
28eebf18-0d4f-49fd-b0fd-52761ee5ed44,EPM,AMEX,2021-01-04,2026-08-11,1402,1402,5,5,0.9964463397299218,2022-01-03,YES
c7fcb3fe-92ca-495f-8628-8a6ab9bc5e83,EPOW,NASDAQ,2021-02-09,2026-08-11,1204,749,203,658,0.8557213930348259,2022-02-08,YES
db432267-e34d-47d4-be28-83ac76df4751,EPR,NYSE,2021-01-04,2026-08-11,1404,1404,3,3,0.997867803837953,2022-01-03,YES
878381be-c198-456a-b262-21c8843d3ef1,EPRX,NASDAQ,2024-04-08,2026-08-11,588,356,819,1051,0.417910447761194,2025-04-10,YES
9673e0aa-f82c-4a51-b5c1-2db35a86b441,EPSM,NASDAQ,2025-03-26,2026-08-11,346,260,1061,1147,0.2459132906894101,2026-04-06,YES
0a8048c4-2f82-450f-8a33-ebac07282c46,EPSN,NASDAQ,2021-01-04,2026-08-11,1273,1217,134,190,0.9047619047619048,2022-01-03,YES
7a72654d-84d0-4164-88e4-841d99061b73,EQ,NASDAQ,2021-01-04,2026-08-11,1370,1193,37,214,0.9737029140014215,2022-01-03,YES
3be6cfb5-0513-407c-9ca0-79a8a61241ab,EQBK,NYSE,2021-01-04,2026-08-11,1398,1369,9,38,0.9936034115138592,2022-01-03,YES
aea880db-69d6-4cc8-8473-50ee80836bc7,EQH,NYSE,2021-01-04,2026-08-11,1404,1404,3,3,0.997867803837953,2022-01-03,YES
f801bacd-b8a5-4478-8321-699c3c9984cb,EQIX,NASDAQ,2021-01-04,2026-08-11,1407,1407,0,0,1.0,2022-01-03,YES
61ab50f9-860d-45c3-bb50-f240b51ec408,EQPT,NASDAQ,2026-01-23,2026-08-11,138,138,1269,1269,0.09808102345415778,,NO
0c8a4de1-d60c-48e5-836d-8b189a005f16,EQR,NYSE,2021-01-04,2026-08-11,1404,1404,3,3,0.997867803837953,2022-01-03,YES
4d796041-1213-43e2-85bf-52dc61b47a55,EQS,NYSE,2021-01-04,2026-08-11,1186,406,221,1001,0.8429282160625444,2022-01-03,YES
c8d31660-bb30-43c2-8951-b1f740c74ef8,EQT,NYSE,2021-01-04,2026-08-11,1404,1404,3,3,0.997867803837953,2022-01-03,YES
d100124a-d409-49bf-b6bd-1b206169ea46,EQX,AMEX,2021-01-04,2026-08-11,1407,1407,0,0,1.0,2022-01-03,YES
a18e7c9f-7444-4cac-b5d2-44e7d4712e18,ERAS,NASDAQ,2021-07-16,2026-08-11,1273,1273,134,134,0.9047619047619048,2022-07-18,YES
c05daeb9-c0ba-45bf-899b-3896f5d14622,ERIE,NASDAQ,2021-01-04,2026-08-11,1407,1400,0,7,1.0,2022-01-03,YES
3bec4ebf-918a-468d-bdd2-f20552f6dac8,ERII,NASDAQ,2021-01-04,2026-08-11,1407,1407,0,0,1.0,2022-01-03,YES
1ddcc12c-da45-480b-8d6d-7eafd3181a38,ERNA,NASDAQ,2021-01-04,2026-08-11,1404,1042,3,365,0.997867803837953,2022-01-03,YES
a237b6db-38d9-4439-b77c-b2570ea4a5d8,ERO,NYSE,2021-06-16,2026-08-11,1227,1227,180,180,0.8720682302771855,2022-06-15,YES
5d8f331a-26fd-4ee0-ab04-11d6cd357ae0,EROC,NYSE,2026-06-10,2026-08-11,43,43,1364,1364,0.030561478322672354,,NO
559b039a-c6c9-4999-881a-85f787acaf76,EROK,NYSE,2026-05-14,2026-08-11,61,61,1346,1346,0.0433546552949538,,NO
136a3d7c-55a4-44c6-83d7-100ceab822f4,ES,NYSE,2021-01-04,2026-08-11,1404,1404,3,3,0.997867803837953,2022-01-03,YES
101d9531-c0c5-48cb-bf74-6dbe01546760,ESAB,NYSE,2022-04-05,2026-08-11,1091,1091,316,316,0.775408670931059,2023-04-06,YES
28ce2fd4-3bf0-4f1f-89ef-5d479402cc5f,ESCA,NASDAQ,2021-01-04,2026-08-11,1378,1039,29,368,0.9793887704335466,2022-01-04,YES
72c77c6f-375c-4b25-88f5-6b5b3b4021d7,ESE,NYSE,2021-01-04,2026-08-11,1404,1399,3,8,0.997867803837953,2022-01-03,YES
0b240d7c-80b0-4612-b01a-d87bc2b9fb38,ESEA,NASDAQ,2021-01-04,2026-08-11,1401,1234,6,173,0.9957356076759062,2022-01-03,YES
3163c451-1c13-41b1-943d-84a718f18d3f,ESI,NYSE,2021-01-04,2026-08-11,1404,1404,3,3,0.997867803837953,2022-01-03,YES
3e12f15b-52ee-4887-b260-07a12399ae8b,ESLA,NASDAQ,2021-09-24,2026-08-11,983,526,424,881,0.6986496090973703,2023-10-06,YES
1b0cfd63-32bc-4e81-931d-bf3c1b9ebd48,ESLT,NASDAQ,2021-01-04,2026-08-11,1384,1247,23,160,0.9836531627576404,2022-01-03,YES
386dcfb9-f511-473a-9f69-6e5b85451a31,ESNT,NYSE,2021-01-04,2026-08-11,1404,1404,3,3,0.997867803837953,2022-01-03,YES
47a715e2-863a-45b3-9dee-f80f62ce546d,ESOA,NASDAQ,2022-03-23,2026-08-11,1089,971,318,436,0.7739872068230277,2023-03-27,YES
09fd24bd-6703-4f2b-878b-f4f010054c56,ESP,AMEX,2021-01-04,2026-08-11,1091,593,316,814,0.775408670931059,2022-01-05,YES
79b8fb71-9065-4b99-a1cc-78f0cf34e971,ESQ,NASDAQ,2021-01-05,2026-08-11,1327,1248,80,159,0.9431414356787491,2022-01-04,YES
37dd7bbc-b3d9-4150-b42a-4dfcabb5b58e,ESTA,NASDAQ,2021-01-04,2026-08-11,1407,1407,0,0,1.0,2022-01-03,YES
463359a7-26a4-4aa0-ab6f-72a86a489c49,ESTC,NYSE,2021-01-04,2026-08-11,1404,1404,3,3,0.997867803837953,2022-01-03,YES
ab362038-0242-43fd-a35f-9328f3d70e78,ETD,NYSE,2021-01-04,2026-08-11,1404,1404,3,3,0.997867803837953,2022-01-03,YES
d4806319-2c9c-48d6-bda3-aedb0178e83b,ETN,NYSE,2021-01-04,2026-08-11,1404,1404,3,3,0.997867803837953,2022-01-03,YES
c98b4973-e66f-443a-80c4-c1e1fa5c652b,ETON,NASDAQ,2021-01-04,2026-08-11,1405,1349,2,58,0.9985785358919688,2022-01-03,YES
76b00d7e-a99d-4882-8ea1-0b8b4fb0505e,ETOR,NASDAQ,2025-05-14,2026-08-11,312,312,1095,1095,0.22174840085287847,2026-05-15,YES
c4bcff4e-c3b0-481a-a9eb-98600db2ef0a,ETR,NYSE,2021-01-04,2026-08-11,1404,1404,3,3,0.997867803837953,2022-01-03,YES
30183b54-bc92-4f51-9d95-011fa3e13cdd,ETS,NASDAQ,2025-08-21,2026-08-11,244,156,1163,1251,0.1734186211798152,,NO
4a009c9e-0c44-4716-be2d-f6863e3f816a,ETSS,NYSE,2026-06-29,2026-08-11,31,3,1376,1404,0.02203269367448472,,NO
112ff2dc-ecf1-4369-85bb-3364c94631cf,ETSY,NYSE,2021-01-04,2026-08-11,1407,1407,0,0,1.0,2022-01-03,YES
b05f62d1-7005-4e6f-8f00-8113df68dea8,EU,NASDAQ,2023-01-24,2026-08-11,890,890,517,517,0.6325515280739161,2024-01-25,YES
d3fff4ea-3efd-4186-a82b-56a988dc510d,EUDA,NASDAQ,2021-12-15,2026-08-11,1042,686,365,721,0.7405828002842928,2022-12-15,YES
d47fc5d0-d730-4746-913e-b12810c0b18b,EURK,NASDAQ,2024-09-12,2026-08-11,479,46,928,1361,0.3404406538734897,,NO
2588ff5b-0fa4-4729-b18a-d25e364b03a8,EVAC,NYSE,2025-09-11,2026-08-11,230,65,1177,1342,0.1634683724235963,,NO
57d020fb-b12e-4b9b-bc94-b22f1146cc05,EVC,NYSE,2021-01-04,2026-08-11,1404,1404,3,3,0.997867803837953,2022-01-03,YES
c923dff5-c145-41a9-9935-4a98fcf0ff6c,EVCM,NASDAQ,2021-07-01,2026-08-11,1283,1278,124,129,0.9118692253020612,2022-07-01,YES
2e287302-5e7f-4bb8-a261-4eb8fb3877b4,EVER,NASDAQ,2021-01-04,2026-08-11,1407,1407,0,0,1.0,2022-01-03,YES
de286d6b-129d-49f1-aa95-d31b64fa49f5,EVEX,NYSE,2021-01-07,2026-08-11,1325,1279,82,128,0.9417199715707179,2022-01-06,YES
35bad014-8322-4725-9939-48715ee1618a,EVGN,NASDAQ,2021-01-04,2026-08-11,1390,1104,17,303,0.9879175550817342,2022-01-03,YES
a18caa90-a447-4bae-86b7-0536ecb31976,EVGO,NASDAQ,2021-01-04,2026-08-11,1406,1406,1,1,0.9992892679459844,2022-01-03,YES
766204d2-5c01-48c8-a23b-3a847cc8bd99,EVH,NYSE,2021-01-04,2026-08-11,1404,1404,3,3,0.997867803837953,2022-01-03,YES
4ee9352c-1e8e-4101-9d4a-aa9f5d74053d,EVI,AMEX,2021-01-04,2026-08-11,1326,1057,81,350,0.9424307036247335,2022-01-03,YES
1b7fd307-e704-4f3d-b1ba-c5bcd883d04d,EVLV,NASDAQ,2021-01-04,2026-08-11,1386,1386,21,21,0.9850746268656716,2022-01-03,YES
399b0fd3-30ce-48f5-a075-090293217ebd,EVMN,NYSE,2025-11-06,2026-08-11,190,190,1217,1217,0.13503909026297087,,NO
b29f8891-d82c-415b-9813-da1df0963ab6,EVOX,NASDAQ,2025-12-04,2026-08-11,171,30,1236,1377,0.12153518123667377,,NO
bbcbb6f1-a2f4-4aae-9943-ee8b1bed11e0,EVR,NYSE,2021-01-04,2026-08-11,1404,1404,3,3,0.997867803837953,2022-01-03,YES
23b6465e-8a20-4fd8-96f9-95d1e0647fa2,EVRG,NASDAQ,2021-01-04,2026-08-11,1404,1404,3,3,0.997867803837953,2022-01-03,YES
8ca914f8-822f-43db-96c8-11c233252bba,EVTC,NYSE,2021-01-04,2026-08-11,1404,1403,3,4,0.997867803837953,2022-01-03,YES
b7c3a7bf-fd58-40dd-8538-9c6878691c80,EVTL,NYSE,2021-01-04,2026-08-11,1335,1309,72,98,0.9488272921108742,2022-01-03,YES
0ffbf7a5-d5ed-4e83-8499-2d58645e4d9c,EW,NYSE,2021-01-04,2026-08-11,1404,1404,3,3,0.997867803837953,2022-01-03,YES
5f0639ed-3b74-473d-81d9-d7eb642c1722,EWBC,NASDAQ,2021-01-04,2026-08-11,1407,1407,0,0,1.0,2022-01-03,YES
1d9bac44-bb0c-4169-b60e-d8069eb0bf0e,EWTX,NASDAQ,2021-03-26,2026-08-11,1349,1349,58,58,0.9587775408670931,2022-03-25,YES
21a5e17d-c566-4f1b-8c25-0a505ba37478,EXC,NASDAQ,2021-01-04,2026-08-11,1407,1407,0,0,1.0,2022-01-03,YES
ae7b5317-8b41-41df-b7f8-22c4de74b832,EXE,NASDAQ,2021-02-10,2026-08-11,1381,1381,26,26,0.9815209665955935,2022-02-09,YES
2dc1e22f-705f-4ad6-9c42-168259d856d0,EXEL,NASDAQ,2021-01-04,2026-08-11,1407,1407,0,0,1.0,2022-01-03,YES
6fc95556-3658-4362-be11-5076e7783557,EXFY,NASDAQ,2021-11-10,2026-08-11,1191,1191,216,216,0.8464818763326226,2022-11-10,YES
53adc2e4-2912-43be-b193-8f053c15d219,EXK,NYSE,2021-01-04,2026-08-11,1404,1404,3,3,0.997867803837953,2022-01-03,YES
384ebb42-5fb6-49a9-b9ae-44c55a173ac4,EXLS,NASDAQ,2021-01-04,2026-08-11,1407,1407,0,0,1.0,2022-01-03,YES
d1152e67-a30f-4a4b-9f47-b79532309a91,EXOD,AMEX,2024-12-19,2026-08-11,410,397,997,1010,0.2914001421464108,2025-12-23,YES
b7b0d96e-2934-4ebd-825a-19ac9e035b7f,EXOZ,NASDAQ,2024-11-13,2026-08-11,434,105,973,1302,0.30845771144278605,2025-12-11,YES
d0312523-d145-4bff-b072-691921f43f3e,EXP,NYSE,2021-01-04,2026-08-11,1404,1404,3,3,0.997867803837953,2022-01-03,YES
a4965b33-8fae-4700-a0f7-07409250f8b5,EXPD,NYSE,2021-01-04,2026-08-11,1407,1407,0,0,1.0,2022-01-03,YES
3e3bbdb0-d6a4-4db1-8fbb-133f75fd4f66,EXPE,NASDAQ,2021-01-04,2026-08-11,1407,1407,0,0,1.0,2022-01-03,YES
aaddd843-ad20-43b0-b6d2-6a156c081ee8,EXPO,NASDAQ,2021-01-04,2026-08-11,1407,1407,0,0,1.0,2022-01-03,YES
89c94077-af72-4632-9b70-55543bf76f9a,EXTR,NASDAQ,2021-01-04,2026-08-11,1407,1407,0,0,1.0,2022-01-03,YES
e873d393-f154-42ae-b9d8-85e1ab8713df,EXYN,NASDAQ,2026-05-15,2026-08-11,60,57,1347,1350,0.042643923240938165,,NO
24043742-bf48-4955-806c-aaf3596e3a0d,EYE,NASDAQ,2021-01-04,2026-08-11,1407,1407,0,0,1.0,2022-01-03,YES
dbdcd746-411e-4ddc-ba4a-cdea02f4f9af,EYPT,NASDAQ,2021-01-04,2026-08-11,1407,1407,0,0,1.0,2022-01-03,YES
10f6d2c4-0575-42c3-a3f7-6ff8f04c6d9c,EZGO,NASDAQ,2021-01-26,2026-08-11,1312,998,95,409,0.9324804548685146,2022-01-25,YES
c914f85d-ef10-4d07-ad7f-acf429514d46,EZPW,NASDAQ,2021-01-04,2026-08-11,1407,1407,0,0,1.0,2022-01-03,YES
e119e4fa-8f6d-4111-be76-197df5fce5c3,EZRA,NASDAQ,2021-02-09,2026-08-11,1321,1104,86,303,0.9388770433546553,2022-02-08,YES
1e80b378-a5e3-4727-96bf-9c64fdd4e7e2,F,NYSE,2021-01-04,2026-08-11,1404,1404,3,3,0.997867803837953,2022-01-03,YES
1cb64bec-677e-490f-9bf8-f46e531a423e,FA,NASDAQ,2021-06-23,2026-08-11,1289,1289,118,118,0.916133617626155,2022-06-23,YES
89f7edeb-a6d6-4611-a8aa-498e9713820b,FABC,NASDAQ,2021-01-04,2026-08-11,1398,1128,9,279,0.9936034115138592,2022-01-03,YES
6617eaf1-6959-4480-bf1c-6698f7d4b2d8,FAC,NASDAQ,2025-06-24,2026-08-11,285,121,1122,1286,0.2025586353944563,2026-06-25,YES
d05fb1f1-1019-4b22-b9cf-4872d5c906e3,FACT,NASDAQ,2021-05-04,2026-08-11,708,206,699,1201,0.5031982942430704,2022-06-10,YES
bde6e909-c061-4786-b6ba-38e605b583d0,FAF,NYSE,2021-01-04,2026-08-11,1404,1404,3,3,0.997867803837953,2022-01-03,YES
bb07b2ed-284a-4271-9609-9eaa86a2e188,FAMI,NASDAQ,2021-01-05,2026-08-11,1396,997,11,410,0.992181947405828,2022-01-04,YES
f93d78b0-c2ec-4d9c-bcae-ca77ebce4844,FANG,NASDAQ,2021-01-04,2026-08-11,1407,1407,0,0,1.0,2022-01-03,YES
009c65c9-8abe-49b9-b481-dfeecb67d116,FAST,NASDAQ,2021-01-04,2026-08-11,1407,1407,0,0,1.0,2022-01-03,YES
29e35278-c259-40ee-bd30-79192459b691,FATE,NASDAQ,2021-01-04,2026-08-11,1407,1407,0,0,1.0,2022-01-03,YES
ba5b2f17-b7c0-4c3d-b5c2-bdaed93cfcdd,FATN,NASDAQ,2025-04-08,2026-08-11,337,295,1070,1112,0.23951670220326937,2026-04-10,YES
1f364485-5922-46eb-9c1a-5967dd7cadd9,FBGL,NASDAQ,2025-02-06,2026-08-11,379,303,1028,1104,0.26936744847192606,2026-02-09,YES
0447314a-795c-4638-9d8f-2f6cd9d71452,FBIN,NYSE,2021-01-04,2026-08-11,1404,1404,3,3,0.997867803837953,2022-01-03,YES
e82c2519-c569-4c25-85df-68f536ad4487,FBIO,NASDAQ,2021-01-04,2026-08-11,1407,1393,0,14,1.0,2022-01-03,YES
aa8d7d7c-c030-4971-a132-4a118ff85113,FBIZ,NASDAQ,2021-01-04,2026-08-11,1350,1089,57,318,0.9594882729211087,2022-01-05,YES
b6302c94-379d-475b-910a-643238a0e570,FBK,NYSE,2021-01-04,2026-08-11,1404,1402,3,5,0.997867803837953,2022-01-03,YES
f1a362e1-752a-4a80-908c-67ea49090c12,FBLA,NASDAQ,2024-10-23,2026-08-11,450,446,957,961,0.31982942430703626,2025-10-27,YES
cbbdba13-a141-49e3-993f-fc03c3cfaa1d,FBLG,NASDAQ,2024-01-31,2026-08-11,634,615,773,792,0.4506041222459133,2025-02-03,YES
a35cca8f-5fe3-4810-9c92-d89d88977643,FBNC,NASDAQ,2021-01-04,2026-08-11,1407,1407,0,0,1.0,2022-01-03,YES
4a15e5a2-6c91-4494-8a0d-5a2427678490,FBP,NYSE,2021-01-04,2026-08-11,1404,1404,3,3,0.997867803837953,2022-01-03,YES
587c0ab5-6205-4003-8f04-a98b1348ff86,FBRX,NASDAQ,2021-01-04,2026-08-11,1406,1153,1,254,0.9992892679459844,2022-01-03,YES
6cd74e55-8770-4513-8194-46a158b2481e,FBYD,NASDAQ,2021-05-07,2026-08-11,1076,547,331,860,0.7647476901208244,2022-06-30,YES
16407b5a-5fe4-404b-856e-4941b31bc5a7,FC,NYSE,2021-01-04,2026-08-11,1404,1400,3,7,0.997867803837953,2022-01-03,YES
dfd269c1-6e7a-41d2-ad19-55b617f5512b,FCAP,NASDAQ,2021-01-20,2026-08-11,1124,362,283,1045,0.798862828713575,2022-01-19,YES
6aa6537f-7bc3-4db6-8386-1587a14f2df5,FCBC,NASDAQ,2021-01-04,2026-08-11,1389,1320,18,87,0.9872068230277186,2022-01-03,YES
3ae157c7-53a7-402d-8166-a846fbc66d49,FCBM,NYSE,2026-06-18,2026-08-11,37,36,1370,1371,0.026297085998578537,,NO
60d73724-8fc4-48e5-bf7a-00a1a19641b2,FCCO,NASDAQ,2021-01-04,2026-08-11,1303,1068,104,339,0.9260838663823738,2022-01-03,YES
20c30426-4ff2-470e-a29c-f5595d44ce54,FCEL,NASDAQ,2021-01-04,2026-08-11,1407,1407,0,0,1.0,2022-01-03,YES
bcb8614f-4350-478a-8290-35d5ddc68285,FCF,NYSE,2021-01-04,2026-08-11,1404,1404,3,3,0.997867803837953,2022-01-03,YES
a074a587-7ee7-4cb3-946a-19fdffdfd20b,FCFS,NASDAQ,2021-01-04,2026-08-11,1407,1407,0,0,1.0,2022-01-03,YES
4a021d61-a46b-416b-899b-79a032d4fdbd,FCHL,NASDAQ,2025-09-04,2026-08-11,235,193,1172,1214,0.1670220326936745,,NO
b9ea54ed-d8f6-4d20-b561-49f739560bfd,FCN,NYSE,2021-01-04,2026-08-11,1404,1404,3,3,0.997867803837953,2022-01-03,YES
ba878984-523b-41fc-b7d0-5b1b0fd179a4,FCNCA,NASDAQ,2021-01-04,2026-08-11,1402,1386,5,21,0.9964463397299218,2022-01-03,YES
9c9cf8bd-dc9b-4294-8900-29d926b48c37,FCRS,NYSE,2025-11-25,2026-08-11,177,77,1230,1330,0.1257995735607676,,NO
9f60517c-d31f-49df-bc24-4d0fd0edb688,FCUV,NASDAQ,2021-08-31,2026-08-11,1236,1005,171,402,0.8784648187633263,2022-08-31,YES
75951f3e-87ac-4f58-98f3-d4fdb649d332,FCX,NYSE,2021-01-04,2026-08-11,1404,1404,3,3,0.997867803837953,2022-01-03,YES
2fd8447c-4bca-4e58-b589-eb2e7d49ba96,FDBC,NASDAQ,2021-01-04,2026-08-11,1154,460,253,947,0.820184790334044,2022-01-06,YES
715201f1-d568-4b11-8dcc-5e82871805a6,FDMM,NASDAQ,,,0,0,1407,1407,0.0,,NO
3c18f007-c3a5-40c3-a1d2-8079c24d575b,FDMT,NASDAQ,2021-01-04,2026-08-11,1407,1407,0,0,1.0,2022-01-03,YES
4d61ebe4-a03e-4ba2-a0cd-1c59dee8d7ce,FDS,NYSE,2021-01-04,2026-08-11,1404,1404,3,3,0.997867803837953,2022-01-03,YES
9a3bfa5b-45c9-4b7e-849c-148e4d663400,FDSB,NASDAQ,2024-08-01,2026-08-11,508,211,899,1196,0.36105188343994316,2025-08-11,YES
1b609583-c880-43c2-a467-7d98fec9aedb,FDUS,NASDAQ,2021-01-04,2026-08-11,1407,1403,0,4,1.0,2022-01-03,YES
4f42e4ef-1f4c-4c7f-9a92-6a25c999031d,FDX,NYSE,2021-01-04,2026-08-11,1404,1404,3,3,0.997867803837953,2022-01-03,YES
7785f942-14e8-49e4-b554-262c05fe9649,FDXF,NYSE,2026-06-01,2026-08-11,50,50,1357,1357,0.03553660270078181,,NO
8dd27fb6-29cc-43ae-9aae-70edee0e2069,FE,NYSE,2021-01-04,2026-08-11,1404,1404,3,3,0.997867803837953,2022-01-03,YES
2c190918-c676-4a39-a44a-c75bc16cc9d8,FEAM,NASDAQ,2022-03-18,2026-08-11,1096,992,311,415,0.7789623312011372,2023-03-21,YES
ff54fa41-1363-49bf-ab12-0d0436284a2f,FEBO,NASDAQ,2023-11-30,2026-08-11,675,290,732,1117,0.47974413646055436,2024-12-03,YES
a1314a23-cd9a-490f-ba81-1b96c33860a9,FEED,NASDAQ,2021-01-04,2026-08-11,1342,1005,65,402,0.9538024164889837,2022-01-03,YES
ee16a9f1-b6f9-4e5a-86d4-c460a99e8d2d,FEIM,NASDAQ,2021-01-05,2026-08-11,1197,915,210,492,0.8507462686567164,2022-01-04,YES
befc9662-7440-4d58-b80f-d64a9c0f1df3,FELE,NASDAQ,2021-01-04,2026-08-11,1407,1407,0,0,1.0,2022-01-03,YES
65904307-3170-4a57-9f2f-0b7c0805cd24,FEMY,NASDAQ,2021-06-18,2026-08-11,1239,1084,168,323,0.8805970149253731,2022-06-22,YES
e820b17f-97ff-4ecc-b5e2-036c6f259c74,FENC,NASDAQ,2021-01-04,2026-08-11,1365,1350,42,57,0.9701492537313433,2022-01-03,YES
92657ed8-81dd-4554-b0ce-eb6d5c687f50,FER,NASDAQ,2024-05-09,2026-08-11,565,534,842,873,0.4015636105188344,2025-05-13,YES
8e3a5555-0dce-4ac2-8cf0-ff8b5b702a3f,FERA,NASDAQ,2025-04-21,2026-08-11,329,38,1078,1369,0.23383084577114427,2026-08-03,YES
655e865c-be38-4f97-9a85-72135ca8a984,FERG,NYSE,2021-03-09,2026-08-11,1328,1328,79,79,0.9438521677327647,2022-03-08,YES
81f8d43c-9cce-4143-ba0a-03a71e973be5,FET,NYSE,2021-01-04,2026-08-11,1390,1358,17,49,0.9879175550817342,2022-01-03,YES
5ad5ce3b-e8bb-4745-9e5f-043d33ec6751,FF,NYSE,2021-01-04,2026-08-11,1404,1404,3,3,0.997867803837953,2022-01-03,YES
d259061d-c7c2-4494-8ad0-0b41da45f9ce,FFAI,NASDAQ,2021-01-05,2026-08-11,1406,1406,1,1,0.9992892679459844,2022-01-04,YES
215ad439-2d8b-47ed-803d-f589c1fe20ff,FFBC,NASDAQ,2021-01-04,2026-08-11,1407,1407,0,0,1.0,2022-01-03,YES
c96d3fbe-c0c9-4489-8c5d-31c73c96fa19,FFIN,NASDAQ,2021-01-04,2026-08-11,1407,1407,0,0,1.0,2022-01-03,YES
09192535-21d6-42cf-903d-4abd88f91cad,FFIV,NASDAQ,2021-01-04,2026-08-11,1407,1407,0,0,1.0,2022-01-03,YES
7acacc04-415e-431c-9159-fb5409ea0552,FG,NYSE,2022-12-01,2026-08-11,925,924,482,483,0.6574271499644634,2023-12-04,YES
ff96b62d-b120-4921-9e43-f398b923833c,FGBI,NASDAQ,2021-01-04,2026-08-11,1247,811,160,596,0.8862828713574982,2022-01-04,YES
55dbaa60-4785-4eee-834c-fb517d5af5ba,FGI,NASDAQ,2022-01-25,2026-08-11,1117,521,290,886,0.7938877043354655,2023-01-27,YES
35c0b5d4-03fc-421d-8f78-00a1277f6614,FGII,NASDAQ,2026-03-16,2026-08-11,103,10,1304,1397,0.07320540156361052,,NO
e4c01bc9-89c5-43b2-ab85-7c78c35a6e54,FGL,NASDAQ,2024-10-23,2026-08-11,450,405,957,1002,0.31982942430703626,2025-10-27,YES
f0cd333e-cbd7-443f-a86a-0e3fe3f2a04b,FGNX,NASDAQ,2021-01-04,2026-08-11,1242,777,165,630,0.8827292110874201,2022-01-03,YES
3ccb81cf-f52c-4985-b698-6ad030d4e778,FHB,NASDAQ,2021-01-04,2026-08-11,1407,1407,0,0,1.0,2022-01-03,YES
d15362c6-77cc-4513-a703-d6efe5223c12,FHI,NYSE,2021-01-04,2026-08-11,1404,1403,3,4,0.997867803837953,2022-01-03,YES
35dafae8-7554-4f5f-97df-5806867712ec,FHN,NYSE,2021-01-04,2026-08-11,1404,1404,3,3,0.997867803837953,2022-01-03,YES
9ce6e570-c0ae-4e84-ab62-5446242bfa91,FHTX,NASDAQ,2021-01-04,2026-08-11,1400,1385,7,22,0.9950248756218906,2022-01-03,YES
f178f35a-fc0a-472f-a566-7e28519c95bc,FIBK,NASDAQ,2021-01-04,2026-08-11,1407,1407,0,0,1.0,2022-01-03,YES
9785d232-7b97-43f2-8b4b-6bfb80c0442c,FICO,NYSE,2021-01-04,2026-08-11,1404,1403,3,4,0.997867803837953,2022-01-03,YES
9b1fb1bf-43bb-4431-9b1a-e5d17369a25d,FIEE,NASDAQ,2025-06-02,2026-08-11,300,169,1107,1238,0.21321961620469082,2026-06-03,YES
1d6067de-231e-4f92-a646-34cd7299c8b5,FIG,NYSE,2025-07-31,2026-08-11,259,259,1148,1148,0.18407960199004975,2026-08-03,YES
bcae7489-ba23-428e-9e74-b3670df03553,FIGR,NASDAQ,2025-09-11,2026-08-11,230,230,1177,1177,0.1634683724235963,,NO
f356faac-5ee6-4824-9370-79464419f7ac,FIGS,NYSE,2021-05-27,2026-08-11,1305,1305,102,102,0.9275053304904051,2022-05-26,YES
c7c01fcd-bbb6-43ba-9293-3c3dcffe2fb3,FIGX,NASDAQ,2025-08-20,2026-08-11,245,15,1162,1392,0.17412935323383086,,NO
85856bba-71f5-4eb0-a1a3-91a064aa557f,FINW,NASDAQ,2021-11-19,2026-08-11,1168,781,239,626,0.830135039090263,2022-11-29,YES
4645875c-120a-4545-812d-1b18208fd04f,FIP,NASDAQ,2022-07-21,2026-08-11,1018,1018,389,389,0.7235252309879175,2023-07-24,YES
cd86ed39-216e-4e04-a3f0-9beea87fdf71,FIRY,NYSE,2021-01-04,2026-08-11,1403,1387,4,20,0.9971570717839374,2022-01-03,YES
e961359b-17b7-4d9e-a246-a6fa732a07e6,FIS,NYSE,2021-01-04,2026-08-11,1404,1404,3,3,0.997867803837953,2022-01-03,YES
76ff460e-b4fc-497c-b27f-971ff428ac56,FISI,NASDAQ,2021-01-04,2026-08-11,1400,1382,7,25,0.9950248756218906,2022-01-03,YES
e6dfe7ff-d192-493a-8625-3d3c79bc3d34,FISN,NASDAQ,2026-06-18,2026-08-11,37,37,1370,1370,0.026297085998578537,,NO
215f4297-91ff-4226-a690-c9add0ffc9ac,FISV,NASDAQ,2021-01-04,2026-08-11,1407,1407,0,0,1.0,2022-01-03,YES
94f6f5c6-861b-47fc-b208-1e7765e4a68f,FITB,NYSE,2021-01-04,2026-08-11,1407,1407,0,0,1.0,2022-01-03,YES
d7f959ac-c012-4c20-8806-e47817a89eaa,FIVE,NASDAQ,2021-01-04,2026-08-11,1407,1407,0,0,1.0,2022-01-03,YES
4786235b-cddf-438d-ab23-a75cd7163bf0,FIVN,NASDAQ,2021-01-04,2026-08-11,1407,1407,0,0,1.0,2022-01-03,YES
b56fafb4-300c-4444-a83a-876ca63e1b3c,FIX,NYSE,2021-01-04,2026-08-11,1404,1404,3,3,0.997867803837953,2022-01-03,YES
d493fbc4-afcd-45ef-bd05-56e0b0bec2d5,FIZZ,NASDAQ,2021-01-04,2026-08-11,1407,1407,0,0,1.0,2022-01-03,YES
3cba69f6-858a-4331-8afd-d0a0fbcae558,FKWL,NASDAQ,2021-03-29,2026-08-11,1243,620,164,787,0.8834399431414357,2022-03-28,YES
4f4db81f-2423-4854-83ad-9ed96bef2fcc,FLD,NASDAQ,2025-02-19,2026-08-11,371,370,1036,1037,0.263681592039801,2026-02-20,YES
fa85d280-d0fe-45db-972a-278dceb2f7ac,FLEX,NASDAQ,2021-01-04,2026-08-11,1407,1407,0,0,1.0,2022-01-03,YES
6e0c00fc-0ba7-48f7-9b1b-75b02b9887c2,FLG,NYSE,2021-01-04,2026-08-11,1404,1404,3,3,0.997867803837953,2022-01-03,YES
6aaba304-f2e2-4915-a309-dea0f9cad01f,FLGT,NASDAQ,2021-01-04,2026-08-11,1407,1407,0,0,1.0,2022-01-03,YES
1e2a3f20-3fdf-4ebb-b4ea-51d59afd8272,FLL,NASDAQ,2021-01-04,2026-08-11,1405,1402,2,5,0.9985785358919688,2022-01-03,YES
deba77f9-51f3-48bf-ac9d-c4186bec8823,FLNA,NASDAQ,2021-01-04,2026-08-11,1407,1407,0,0,1.0,2022-01-03,YES
48c2ae0d-370f-4312-85e7-aa06422bdd04,FLNC,NASDAQ,2021-10-28,2026-08-11,1200,1200,207,207,0.8528784648187633,2022-10-28,YES
83c61a92-2fe4-4b02-b6ca-5ce8ee75c1a0,FLNG,NYSE,2021-01-05,2026-08-11,1336,1336,71,71,0.9495380241648899,2022-01-04,YES
df219328-7d24-45bf-b47f-8fee953dc6a4,FLNT,NASDAQ,2021-01-04,2026-08-11,1400,1081,7,326,0.9950248756218906,2022-01-03,YES
94c14002-32b8-4232-96ba-27ef8d57b6ff,FLO,NYSE,2021-01-04,2026-08-11,1404,1404,3,3,0.997867803837953,2022-01-03,YES
113a8b93-0f8c-4201-9d80-a3f00b21cff4,FLOC,NYSE,2025-01-16,2026-08-11,393,393,1014,1014,0.279317697228145,2026-01-20,YES
421c10cd-3378-414c-b2ee-562efd426a82,FLR,NYSE,2021-01-04,2026-08-11,1404,1404,3,3,0.997867803837953,2022-01-03,YES
1810d8ad-df12-4d78-a90a-98b8769bf694,FLS,NYSE,2021-01-04,2026-08-11,1404,1404,3,3,0.997867803837953,2022-01-03,YES
4ebc17de-3948-451c-924a-fcc51c6b04bf,FLUT,NYSE,2024-01-30,2026-08-11,635,635,772,772,0.4513148542999289,2025-01-31,YES
f313a403-49fc-482f-8407-2d58d4ed5c43,FLUX,NASDAQ,2021-01-04,2026-08-11,1381,1270,26,137,0.9815209665955935,2022-01-03,YES
db4c8f34-b59c-4c26-a143-5e607afd4a1f,FLWS,NASDAQ,2021-01-04,2026-08-11,1407,1407,0,0,1.0,2022-01-03,YES
4c1d1d47-ed4f-496e-aea4-dfda1422fd9d,FLXS,NASDAQ,2021-01-04,2026-08-11,1400,1123,7,284,0.9950248756218906,2022-01-03,YES
615fb424-a499-43ba-847b-b0214e82ab49,FLY,NASDAQ,2021-01-04,2026-08-11,399,399,1008,1008,0.2835820895522388,2026-08-10,YES
450191c1-89db-49bf-b0f1-086f2e77998b,FLYE,NASDAQ,2024-06-06,2026-08-11,546,397,861,1010,0.3880597014925373,2025-06-10,YES
86984f7a-cb86-4730-add6-e47a49facd9d,FLYW,NASDAQ,2021-05-26,2026-08-11,1308,1308,99,99,0.929637526652452,2022-05-25,YES
45ad1443-332a-461a-a1d9-8ca98002fc51,FLYX,AMEX,2021-07-20,2026-08-11,1078,598,329,809,0.7661691542288557,2022-11-10,YES
bcaec46b-68c7-4775-aaf8-7b6851d21502,FLZH,NASDAQ,2021-02-16,2026-08-11,1375,1167,32,240,0.9772565742714996,2022-02-14,YES
1b32f827-e909-4014-96a7-3c98bd03d3d8,FMAC,NASDAQ,2021-01-04,2026-08-11,321,272,1086,1135,0.2281449893390192,2022-01-03,YES
1a2f40d4-ded0-4a31-ade1-02e5c276a4c1,FMAO,NASDAQ,2021-01-12,2026-08-11,1294,1004,113,403,0.9196872778962332,2022-01-11,YES
83d8dd21-b32e-4815-8f65-c66d2074d665,FMBH,NASDAQ,2021-01-04,2026-08-11,1394,1373,13,34,0.9907604832977968,2022-01-03,YES
caae509d-0797-4704-b4e5-0028c73c802c,FMC,NYSE,2021-01-04,2026-08-11,1404,1404,3,3,0.997867803837953,2022-01-03,YES
ab8e551a-524a-4f94-b89c-4fd40c00e49a,FMFC,NASDAQ,2025-06-25,2026-08-11,284,259,1123,1148,0.20184790334044064,2026-06-29,YES
87e10238-6e47-44dd-9768-d355f29378da,FMNB,NASDAQ,2021-01-04,2026-08-11,1406,1386,1,21,0.9992892679459844,2022-01-03,YES
470c02e2-a501-4aba-9a3a-7238f6fb293e,FMS,NYSE,2021-01-04,2026-08-11,1404,1404,3,3,0.997867803837953,2022-01-03,YES
306be46d-5766-4617-89ad-492490559932,FMST,NASDAQ,2023-08-23,2026-08-11,744,562,663,845,0.5287846481876333,2024-08-23,YES
3597d68f-c92d-4cf4-8054-e9c5c65a88f8,FMX,NYSE,2021-01-04,2026-08-11,1404,1404,3,3,0.997867803837953,2022-01-03,YES
efab651c-58bf-4240-a7f9-36e3c413c1c1,FN,NYSE,2021-01-04,2026-08-11,1404,1404,3,3,0.997867803837953,2022-01-03,YES
2ee87cf7-1130-463d-ad45-bcfbd7baf23f,FNB,NYSE,2021-01-04,2026-08-11,1404,1404,3,3,0.997867803837953,2022-01-03,YES
dbc1365f-703f-4dc2-82e9-37b005f17ae5,FND,NYSE,2021-01-04,2026-08-11,1404,1404,3,3,0.997867803837953,2022-01-03,YES
531fe794-77b1-40c7-91dc-6bd1d67ec2fe,FNF,NYSE,2021-01-04,2026-08-11,1404,1404,3,3,0.997867803837953,2022-01-03,YES
7876bcba-7708-4fbb-b742-1e0e64da82da,FNGR,NASDAQ,2021-12-29,2026-08-11,1105,1061,302,346,0.7853589196872779,2022-12-29,YES
0f383a2a-1d85-40d8-971b-d0668d791379,FNKO,NASDAQ,2021-01-04,2026-08-11,1407,1407,0,0,1.0,2022-01-03,YES
861b211e-a243-49fc-bbf9-08a962479659,FNLC,NASDAQ,2021-01-04,2026-08-11,1265,823,142,584,0.8990760483297797,2022-01-03,YES
bf1e70f7-430a-4a44-b4bb-416548d2eb86,FNRN,NASDAQ,2026-04-24,2026-08-11,75,75,1332,1332,0.053304904051172705,,NO
f60c0783-5b5a-4545-a29c-c96af523c18a,FNUC,NASDAQ,2021-11-19,2026-08-11,1181,1047,226,360,0.8393745557924662,2022-11-21,YES
4fbbc9d9-302f-48eb-9f6b-c7996686e31f,FNV,NYSE,2021-01-04,2026-08-11,1404,1404,3,3,0.997867803837953,2022-01-03,YES
ab6cc407-239f-4dca-9104-8420210e7f53,FNWB,NASDAQ,2021-01-04,2026-08-11,1355,1088,52,319,0.9630419331911869,2022-01-03,YES
f001798e-1d4b-4f4b-8f68-b35d1e3959a0,FNWD,NASDAQ,2021-11-04,2026-08-11,1071,407,336,1000,0.7611940298507462,2022-12-09,YES
2f93c85d-0f98-4c50-a960-cee6f084ec21,FOA,NYSE,2021-01-04,2026-08-11,1403,1334,4,73,0.9971570717839374,2022-01-03,YES
4c41ce39-0beb-4da4-81e1-9519b88e5c5e,FOFO,NASDAQ,2025-09-12,2026-08-11,229,149,1178,1258,0.16275764036958068,,NO
6998c50a-da40-4db9-a3a6-c46343a8eb5c,FOR,NYSE,2021-01-04,2026-08-11,1404,1402,3,5,0.997867803837953,2022-01-03,YES
a5780042-15a6-4702-91bb-c23eb6b0ddf4,FORM,NASDAQ,2021-01-04,2026-08-11,1407,1407,0,0,1.0,2022-01-03,YES
fb0c8bc1-5ec4-45a8-98ad-86b06ab2a95b,FORR,NASDAQ,2021-01-04,2026-08-11,1405,1401,2,6,0.9985785358919688,2022-01-03,YES
0c1b81c8-eff6-4196-a64b-ffad4b19fdea,FOSL,NASDAQ,2021-01-04,2026-08-11,1407,1405,0,2,1.0,2022-01-03,YES
7dfd4d01-f36b-479e-a94f-594ea559d1cd,FOUR,NYSE,2021-01-04,2026-08-11,1404,1404,3,3,0.997867803837953,2022-01-03,YES
7f9bc611-ddaf-42bf-9faa-48f007b275c8,FOX,NASDAQ,2021-01-04,2026-08-11,1407,1407,0,0,1.0,2022-01-03,YES
21b45a5d-50c2-46be-bbae-02f5f23f7453,FOXA,NASDAQ,2021-01-04,2026-08-11,1407,1407,0,0,1.0,2022-01-03,YES
6e4db65e-d1c6-482a-bb2f-39f8b8db5a82,FOXF,NASDAQ,2021-01-04,2026-08-11,1407,1407,0,0,1.0,2022-01-03,YES
3d44820f-f637-4743-9258-b96edab0b9dc,FOXX,NASDAQ,2022-08-11,2026-08-11,1001,275,406,1132,0.7114427860696517,2023-12-05,YES
e7d3ca8b-73e4-4435-bf86-7e896791165d,FPH,NYSE,2021-01-04,2026-08-11,1400,1352,7,55,0.9950248756218906,2022-01-03,YES
e7624767-5155-490d-a8db-970049c5b030,FPI,NYSE,2021-01-04,2026-08-11,1404,1404,3,3,0.997867803837953,2022-01-03,YES
c4f791e4-a144-435d-bcbd-3ad5cb11aedb,FPS,NYSE,2026-02-05,2026-08-11,129,129,1278,1278,0.09168443496801706,,NO
358ff472-d1cd-4b29-8fda-3534ddf79f73,FRAF,NASDAQ,2021-01-08,2026-08-11,1146,578,261,829,0.814498933901919,2022-02-04,YES
527498c7-36d0-41b4-8955-ecc0ac2683c8,FRBA,NASDAQ,2021-01-04,2026-08-11,1358,1256,49,151,0.9651741293532339,2022-01-03,YES
8ff5bdb2-cf9a-44d9-93a9-f073a25d460b,FRBT,NASDAQ,2026-06-11,2026-08-11,42,40,1365,1367,0.029850746268656716,,NO
21b61d3f-d92f-42b7-9dc9-ec4b4d1212f7,FRD,NASDAQ,2021-01-04,2026-08-11,1280,982,127,425,0.9097370291400142,2022-01-05,YES
d12a4f90-eda6-4db6-bb62-064491a975bf,FRGT,NASDAQ,2021-01-04,2026-08-11,1294,1141,113,266,0.9196872778962332,2022-01-06,YES
19efc3d8-7a81-436f-9df4-7b5af13f561c,FRHC,NASDAQ,2021-01-04,2026-08-11,1406,1387,1,20,0.9992892679459844,2022-01-03,YES
72316142-b47d-4375-851e-5887c31e196b,FRME,NASDAQ,2021-01-04,2026-08-11,1407,1407,0,0,1.0,2022-01-03,YES
014567c7-4332-4250-b891-5cc7dbc94026,FRMEP,NASDAQ,2021-01-13,2026-08-11,1040,93,367,1314,0.7391613361762616,2022-01-27,YES
406a9d60-2833-4ce8-8ae7-791e494d797f,FRMI,NASDAQ,2025-10-01,2026-08-11,216,216,1191,1191,0.1535181236673774,,NO
14402928-493d-46d1-88b2-a757df2472c5,FRMM,NASDAQ,2021-01-04,2026-08-11,1402,1261,5,146,0.9964463397299218,2022-01-03,YES
3dec27fc-74ba-4224-b254-e6a4139cf7c5,FRNM,NASDAQ,2024-06-12,2026-08-11,542,161,865,1246,0.38521677327647474,2026-01-28,YES
1b455b80-33a5-4121-b341-febe17d9aef2,FRO,NYSE,2021-01-04,2026-08-11,1404,1404,3,3,0.997867803837953,2022-01-03,YES
973a86ed-a446-4110-851c-12dc2aeb161b,FROG,NASDAQ,2021-01-04,2026-08-11,1407,1407,0,0,1.0,2022-01-03,YES
fff3def5-6c65-41bf-b274-ff498c2af3b7,FRPH,NASDAQ,2021-01-04,2026-08-11,1273,945,134,462,0.9047619047619048,2022-01-04,YES
b68ffd90-8712-4019-8e72-9b457a13420e,FRPT,NASDAQ,2021-01-04,2026-08-11,1407,1407,0,0,1.0,2022-01-03,YES
0f278fde-8fd6-470b-ac13-8f660579a6d9,FRSH,NASDAQ,2021-09-22,2026-08-11,1226,1226,181,181,0.8713574982231699,2022-09-22,YES
b5089f3c-53c6-47da-8b4d-94df0f0a8d0b,FRST,NASDAQ,2021-01-04,2026-08-11,1397,1368,10,39,0.9928926794598436,2022-01-03,YES
aaa26fe4-77d4-49fe-bd33-3b9212eefcad,FRTT,NASDAQ,2026-06-09,2026-08-11,44,35,1363,1372,0.03127221037668799,,NO
0bd99724-8f5b-4561-b019-4bc657e027d3,FRVO,NASDAQ,2026-05-13,2026-08-11,62,62,1345,1345,0.04406538734896944,,NO
a37bc098-13fe-4607-b160-54c718677f73,FSBC,NASDAQ,2021-05-05,2026-08-11,1310,1180,97,227,0.9310589907604833,2022-05-04,YES
769b7706-6b80-47c0-b25f-141dd7337567,FSBW,NASDAQ,2021-01-04,2026-08-11,1330,970,77,437,0.945273631840796,2022-01-03,YES
9c26b9e6-baaa-4667-9015-a09896da83fa,FSCO,NYSE,2022-11-14,2026-08-11,937,937,470,470,0.665955934612651,2023-11-15,YES
55e98f78-b9d9-4058-9bc5-cff5a92bcb73,FSEA,NASDAQ,2021-01-06,2026-08-11,1089,391,318,1016,0.7739872068230277,2022-01-05,YES
f1a49f12-0ae3-4ff4-9294-9f243296dd37,FSHP,NASDAQ,2024-09-17,2026-08-11,476,23,931,1384,0.3383084577114428,2026-06-15,YES
b9e17620-4841-4574-a755-9ab82c6ec0b2,FSI,AMEX,2021-01-05,2026-08-11,1267,888,140,519,0.900497512437811,2022-01-05,YES
fab4b208-2837-4a91-acd3-8ac533c08109,FSK,NYSE,2021-01-04,2026-08-11,1404,1404,3,3,0.997867803837953,2022-01-03,YES
fa06daac-c3f1-409c-bddb-d44c8293e8b3,FSLR,NASDAQ,2021-01-04,2026-08-11,1407,1407,0,0,1.0,2022-01-03,YES
c4c289ca-27bf-43bc-81fe-80f0fc319072,FSLY,NASDAQ,2021-01-04,2026-08-11,1404,1404,3,3,0.997867803837953,2022-01-03,YES
fccd5030-6729-46cd-80a8-cd269a3a8b6c,FSM,NYSE,2021-01-04,2026-08-11,1404,1404,3,3,0.997867803837953,2022-01-03,YES
7e34b64c-1121-41f0-9aa3-b0d4b397bc9e,FSP,AMEX,2021-01-04,2026-08-11,1407,1407,0,0,1.0,2022-01-03,YES
538a8560-35c9-41e1-b4a7-0be36c714101,FSS,NYSE,2021-01-04,2026-08-11,1404,1404,3,3,0.997867803837953,2022-01-03,YES
610be958-bb69-4d36-a4d1-ff61c075e760,FSTR,NASDAQ,2021-01-04,2026-08-11,1374,1259,33,148,0.976545842217484,2022-01-03,YES
64bcb5d6-c6f9-4ebd-b3e3-45986ad13261,FSUN,NASDAQ,2024-07-12,2026-08-11,522,507,885,900,0.37100213219616207,2025-07-16,YES
7c7d1a3f-329a-47ad-8ba3-ac650093c117,FSV,NASDAQ,2021-01-04,2026-08-11,1403,1401,4,6,0.9971570717839374,2022-01-03,YES
c9f9e546-3ccc-4236-b7b9-3839158b7554,FTAI,NASDAQ,2021-01-04,2026-08-11,1404,1404,3,3,0.997867803837953,2022-01-03,YES
8f281db9-ca4f-4776-8ced-f57002f99e16,FTCI,NASDAQ,2021-04-28,2026-08-11,1328,1309,79,98,0.9438521677327647,2022-04-27,YES
618a7eff-7dc3-49cb-af24-6fcdf90dd1d7,FTDR,NASDAQ,2021-01-04,2026-08-11,1407,1407,0,0,1.0,2022-01-03,YES
0071398e-75a5-4bc6-810d-2a976d0c2cac,FTEK,NASDAQ,2021-01-04,2026-08-11,1366,1099,41,308,0.9708599857853589,2022-01-03,YES
c81c531f-a76f-463d-8189-6eb3684616d8,FTFT,NASDAQ,2021-01-04,2026-08-11,1397,1025,10,382,0.9928926794598436,2022-01-03,YES
6c40d2cf-bba9-47fd-9b9b-4c874943e209,FTH,NASDAQ,2021-02-04,2026-08-11,1377,1080,30,327,0.9786780383795309,2022-02-03,YES
e1fa5a84-84e7-4ae9-b79b-669661270b90,FTHA,NASDAQ,2026-07-24,2026-08-11,13,1,1394,1406,0.00923951670220327,,NO
8af099e1-4895-4160-a360-68bdc3bed1b3,FTHM,NASDAQ,2021-01-04,2026-08-11,1397,1270,10,137,0.9928926794598436,2022-01-03,YES
3da39dd1-747d-4b23-99ab-e59c22a69ab7,FTI,NYSE,2021-01-04,2026-08-11,1404,1404,3,3,0.997867803837953,2022-01-03,YES
c87c1e6f-5e73-45da-b086-8d016f6b6303,FTK,NYSE,2021-01-04,2026-08-11,1386,1306,21,101,0.9850746268656716,2022-01-03,YES
638d8724-ee53-437e-a129-41202200a7d1,FTLF,NASDAQ,2023-09-19,2026-08-11,726,326,681,1081,0.5159914712153518,2024-09-19,YES
2b7d41ee-36a4-4c7e-b783-896568c61ed0,FTNT,NASDAQ,2021-01-04,2026-08-11,1407,1407,0,0,1.0,2022-01-03,YES
9fbcd310-e6f4-4724-a5c7-5893f0a51d36,FTRE,NASDAQ,2023-06-23,2026-08-11,786,784,621,623,0.55863539445629,2024-06-25,YES
b252717d-d3d1-4cbc-a527-a65b950ee06c,FTRK,NASDAQ,2025-05-23,2026-08-11,305,196,1102,1211,0.21677327647476902,2026-05-27,YES
9a0152cc-a0e3-428e-b4f9-be7cd11b0246,FTS,NYSE,2021-01-04,2026-08-11,1404,1404,3,3,0.997867803837953,2022-01-03,YES
9bf5e7eb-549e-4d18-9a9e-21cc126cdde1,FTV,NYSE,2021-01-04,2026-08-11,1404,1404,3,3,0.997867803837953,2022-01-03,YES
d6f0236b-7714-4cb3-b1fa-e59e648fde59,FTW,NYSE,2024-09-30,2026-08-11,467,254,940,1153,0.3319118692253021,2025-10-07,YES
26ce4bf7-a380-411b-9c13-6966a288e2e8,FUBO,NYSE,2021-01-04,2026-08-11,1404,1404,3,3,0.997867803837953,2022-01-03,YES
4ac7c944-4c57-4f12-9f6b-309d7d2969e7,FUFU,NASDAQ,2021-12-13,2026-08-11,1028,663,379,744,0.7306325515280739,2024-02-09,YES
a1d80874-38c6-40bd-b405-e002b238596b,FUL,NYSE,2021-01-04,2026-08-11,1404,1404,3,3,0.997867803837953,2022-01-03,YES
23366d90-2f64-4db6-81ef-b677447e4516,FULC,NASDAQ,2021-01-04,2026-08-11,1407,1407,0,0,1.0,2022-01-03,YES
4c2b07a5-a9a8-4b14-b5f7-200900ff1b75,FULT,NASDAQ,2021-01-04,2026-08-11,1407,1407,0,0,1.0,2022-01-03,YES
70b6c0a6-ece3-4db5-92d7-65b0ce53974a,FUN,NYSE,2021-01-04,2026-08-11,1404,1404,3,3,0.997867803837953,2022-01-03,YES
cd88935d-3fa0-4677-a228-3711548e374e,FURY,AMEX,2021-01-04,2026-08-11,1274,911,133,496,0.9054726368159204,2022-01-05,YES
9b048da3-d581-4f74-8edf-6921a070ff8d,FUSB,NASDAQ,2021-01-04,2026-08-11,1160,362,247,1045,0.8244491826581379,2022-01-10,YES
0fe2ed3e-c00c-4b47-816f-78f64df0f7f0,FUSE,NASDAQ,2025-10-23,2026-08-11,200,166,1207,1241,0.14214641080312723,,NO
43ecd1fe-5997-4b8a-aeea-5cbc05bf3e87,FVAV,NASDAQ,2026-02-26,2026-08-11,115,15,1292,1392,0.08173418621179815,,NO
f3668eac-5d4c-48a9-b83e-78ad34237e70,FVCB,NASDAQ,2021-01-04,2026-08-11,1321,1130,86,277,0.9388770433546553,2022-01-06,YES
121b2def-e426-4de0-8288-5b421de9b3b6,FVN,NASDAQ,2024-11-08,2026-08-11,438,29,969,1378,0.31130063965884863,2026-06-29,YES
5ab99c68-f1d9-404f-a7f1-ffc38e8a1ecb,FVR,NYSE,2024-10-02,2026-08-11,465,465,942,942,0.3304904051172708,2025-10-06,YES
658ea182-0d86-4184-baf9-704da1c3c396,FVRR,NYSE,2021-01-04,2026-08-11,1404,1404,3,3,0.997867803837953,2022-01-03,YES
21b25d5b-01bb-4a78-a64d-06b561f297e6,FWAC,NASDAQ,2021-05-25,2026-08-11,358,153,1049,1254,0.2544420753375977,2022-05-25,YES
67c5039e-f8b6-4738-ae48-d6154b4fa91e,FWDI,NASDAQ,2021-01-04,2026-08-11,1292,920,115,487,0.9182658137882018,2022-01-04,YES
fd360229-478e-4e25-80d5-d0380c359743,FWONA,NASDAQ,2021-01-04,2026-08-11,1407,1402,0,5,1.0,2022-01-03,YES
3f88a8ed-b315-4b67-84a7-94edd9298b68,FWONK,NASDAQ,2021-01-04,2026-08-11,1407,1407,0,0,1.0,2022-01-03,YES
319a13bc-443d-4d67-80de-ffddd666eaf4,FWRD,NASDAQ,2021-01-04,2026-08-11,1407,1407,0,0,1.0,2022-01-03,YES
523a0a22-dab6-44f4-81c2-83715a225b17,FWRG,NASDAQ,2021-10-01,2026-08-11,1219,1219,188,188,0.8663823738450604,2022-10-03,YES
9c6e52c9-4d75-4fe6-8c61-12446f86df1e,FXAC,NASDAQ,2026-07-09,2026-08-11,24,2,1383,1405,0.017057569296375266,,NO
e84bd607-815f-4918-87c9-995d96de34fd,FXHO,NASDAQ,2021-04-06,2026-08-11,1286,976,121,431,0.914001421464108,2022-04-04,YES
52c66239-c7ea-40e4-b96b-720d2b40c95b,FXNC,NASDAQ,2021-01-13,2026-08-11,1121,650,286,757,0.7967306325515281,2022-01-27,YES
1e636ad6-e4f2-4382-81f9-9f0b9303eb29,G,NYSE,2021-01-04,2026-08-11,1404,1404,3,3,0.997867803837953,2022-01-03,YES
37584fbe-6877-4d5a-b44f-c074b33d4abf,GABC,NASDAQ,2021-01-04,2026-08-11,1402,1397,5,10,0.9964463397299218,2022-01-03,YES
4e0231e2-f387-4b3c-8c76-30163429ed43,GAIA,NASDAQ,2021-01-04,2026-08-11,1385,1220,22,187,0.984363894811656,2022-01-03,YES
36b5e4e5-50ad-431f-bf47-7c8836c8e3df,GAIN,NASDAQ,2021-01-04,2026-08-11,1406,1394,1,13,0.9992892679459844,2022-01-03,YES
9a024bca-535d-41db-9bca-3ba83be53cc4,GALT,NASDAQ,2021-01-04,2026-08-11,1391,1287,16,120,0.9886282871357498,2022-01-03,YES
d41b0607-044c-481c-814e-5b841d0f5304,GAM,NYSE,2021-01-04,2026-08-11,1242,1108,165,299,0.8827292110874201,2022-01-03,YES
0382a959-55a3-4d88-8672-8ad2f31ae1cc,GAME,NASDAQ,2021-06-17,2026-08-11,1246,1082,161,325,0.8855721393034826,2022-06-16,YES
d94c0733-5d49-4d15-9f15-b675fb2b0aad,GANX,NASDAQ,2021-03-18,2026-08-11,1306,1214,101,193,0.9282160625444208,2022-03-17,YES
9e4ef521-d808-4471-b5a5-b3abd456a1f2,GAP,NYSE,2021-01-04,2026-08-11,1404,1404,3,3,0.997867803837953,2022-01-03,YES
e74817e2-aad7-4731-bc1d-f7916ea11ab3,GASS,NASDAQ,2021-01-04,2026-08-11,1323,1316,84,91,0.9402985074626866,2022-01-03,YES
5fe869da-25db-4266-9f8e-e67e914f9d94,GATX,NYSE,2021-01-04,2026-08-11,1404,1403,3,4,0.997867803837953,2022-01-03,YES
e19f9e91-8a2d-4550-abdd-c61446d6aeb1,GAU,AMEX,2021-01-04,2026-08-11,1356,1277,51,130,0.9637526652452025,2022-01-03,YES
6f9c0bf5-dc24-4a03-a417-af5d4dafbe7b,GAUZ,NASDAQ,2024-06-06,2026-08-11,546,453,861,954,0.3880597014925373,2025-06-11,YES
05f56c43-b300-4eb9-8d8c-bd621bf6753a,GBCI,NYSE,2021-01-04,2026-08-11,1406,1406,1,1,0.9992892679459844,2022-01-03,YES
f0586819-94e3-4d9b-be91-dd2553723c0e,GBDC,NASDAQ,2021-01-04,2026-08-11,1407,1407,0,0,1.0,2022-01-03,YES
8aa1e001-439a-4b2d-8dc2-515b1953f4ab,GBFH,NASDAQ,2025-04-30,2026-08-11,322,303,1085,1104,0.22885572139303484,2026-05-01,YES
ff78ebb0-609e-4cfb-98ef-3f7b818e9491,GBLI,NASDAQ,2021-01-04,2026-08-11,1201,431,206,976,0.853589196872779,2022-01-03,YES
d80ec9d7-71a9-4e56-8674-8bb43a7b7b95,GBR,AMEX,2021-01-04,2026-08-11,1379,810,28,597,0.9800995024875622,2022-01-03,YES
db9ce852-84b4-4946-ba47-a79f333ee042,GBTG,NYSE,2021-01-04,2026-08-11,1368,1366,39,41,0.9722814498933902,2022-01-03,YES
6edaf9e7-595d-411d-bb63-c19fb88e6a04,GBX,NYSE,2021-01-04,2026-08-11,1404,1404,3,3,0.997867803837953,2022-01-03,YES
7b18ce7e-7fa2-44d8-9fec-edf10677bd98,GCBC,NASDAQ,2021-01-13,2026-08-11,1208,754,199,653,0.8585643212508884,2022-01-13,YES
54c7145a-aef3-4c49-9ca6-0aee4c69c548,GCDT,AMEX,2026-01-13,2026-08-11,145,100,1262,1307,0.10305614783226724,,NO
1d3a2545-49bd-4b19-989f-d5026f32948b,GCGR,NASDAQ,2026-07-07,2026-08-11,26,2,1381,1405,0.01847903340440654,,NO
73d36150-6771-4358-8509-83647be8a635,GCL,NASDAQ,2022-04-25,2026-08-11,1027,365,380,1042,0.7299218194740583,2023-04-26,YES
3d6d4e0a-899b-4f21-9490-78f48fcd1b91,GCMG,NASDAQ,2021-01-04,2026-08-11,1407,1407,0,0,1.0,2022-01-03,YES
3793a812-b65b-4003-8ec7-95b2bf1d4878,GCO,NYSE,2021-01-04,2026-08-11,1404,1403,3,4,0.997867803837953,2022-01-03,YES
e8410432-5149-484a-b6b9-b9dd2461c7f5,GCT,NASDAQ,2022-08-18,2026-08-11,998,996,409,411,0.7093105899076049,2023-08-21,YES
a7c30e54-35c2-4ca0-a8dc-b7a68b3557bb,GCTK,NASDAQ,2021-12-20,2026-08-11,1055,693,352,714,0.749822316986496,2023-02-09,YES
a82512ba-35b1-4325-9900-02e20886c8b6,GCTS,NYSE,2021-12-27,2026-08-11,1044,677,363,730,0.7420042643923241,2022-12-27,YES
2430989b-3b12-4bff-9927-870040f8122a,GD,NYSE,2021-01-04,2026-08-11,1404,1404,3,3,0.997867803837953,2022-01-03,YES
0099ffac-ca5b-4117-b050-5390af24619c,GDDY,NYSE,2021-01-04,2026-08-11,1404,1404,3,3,0.997867803837953,2022-01-03,YES
b968e1b5-76d7-4e20-9286-584d2955957d,GDEV,NASDAQ,2021-01-06,2026-08-11,1059,409,348,998,0.7526652452025586,2022-01-05,YES
e5823bac-d88e-418c-b54e-df6c8f0b8866,GDHG,NASDAQ,2023-04-12,2026-08-11,836,597,571,810,0.5941719971570718,2024-04-12,YES
72499ea4-51c6-422b-bf97-91ce6f83d53b,GDOT,NYSE,2021-01-04,2026-08-11,1404,1404,3,3,0.997867803837953,2022-01-03,YES
ded9fc7a-c4c0-421f-9edc-85549e911631,GDRX,NASDAQ,2021-01-04,2026-08-11,1407,1407,0,0,1.0,2022-01-03,YES
64417308-56a6-4b6f-a00c-128950b5c982,GDTC,NASDAQ,2023-04-14,2026-08-11,834,327,573,1080,0.5927505330490405,2024-04-17,YES
d7ab8d1f-a8b8-43a0-9938-bdae84f8a014,GDYN,NASDAQ,2021-01-04,2026-08-11,1407,1407,0,0,1.0,2022-01-03,YES
0116ac5c-90bc-47a2-8bb4-0f4551521dc6,GE,NYSE,2021-01-04,2026-08-11,1405,1405,2,2,0.9985785358919688,2022-01-03,YES
6fd9ccb5-2c53-4520-8430-719cc96dda50,GECC,NASDAQ,2021-01-05,2026-08-11,1291,997,116,410,0.9175550817341862,2022-01-05,YES
7e8425a4-73d3-448e-9141-e1e8d7d3189b,GEF,NYSE,2021-01-04,2026-08-11,1404,1404,3,3,0.997867803837953,2022-01-03,YES
932444f9-e1ba-4a8d-be48-81b29ef0c1e0,GEG,NASDAQ,2021-01-06,2026-08-11,1242,725,165,682,0.8827292110874201,2022-01-05,YES
76875bee-ba49-437b-9d94-e4bf1277249f,GEHC,NASDAQ,2022-12-16,2026-08-11,914,913,493,494,0.6496090973702914,2023-12-19,YES
983b74a7-6c82-4947-b566-74f33d6faecc,GEL,NYSE,2021-01-04,2026-08-11,1404,1404,3,3,0.997867803837953,2022-01-03,YES
19fe9480-6462-40ed-9f84-66a0af95019b,GELS,NASDAQ,2024-10-29,2026-08-11,446,317,961,1090,0.3169864960909737,2025-10-31,YES
89815654-c60c-4b6a-ab96-80982bf4e53b,GEN,NASDAQ,2021-01-04,2026-08-11,1407,1407,0,0,1.0,2022-01-03,YES
2f58f9d2-8c0d-4eb0-a884-77db562953d9,GENB,NASDAQ,2026-02-27,2026-08-11,114,114,1293,1293,0.08102345415778252,,NO
d45ecfc3-a94d-411b-b14e-ed391998c457,GENC,AMEX,2021-01-04,2026-08-11,1291,1116,116,291,0.9175550817341862,2022-01-03,YES
00a7cca5-04e7-49ed-82f5-1b203c7e8830,GENI,NYSE,2021-01-04,2026-08-11,1404,1404,3,3,0.997867803837953,2022-01-03,YES
38cf52ac-558b-4005-a8fd-d401ffd529c3,GENK,NASDAQ,2023-06-28,2026-08-11,783,686,624,721,0.5565031982942431,2024-06-28,YES
3f04b9fa-9050-49b8-93ec-89d5dd10f18c,GEO,NYSE,2021-01-04,2026-08-11,1404,1404,3,3,0.997867803837953,2022-01-03,YES
be6db919-df86-452d-a254-da1fa25ddfe1,GEOS,NASDAQ,2021-01-04,2026-08-11,1360,1292,47,115,0.9665955934612651,2022-01-03,YES
b7dae322-f0fd-4923-a222-17127fefbd9c,GERN,NASDAQ,2021-01-04,2026-08-11,1407,1406,0,1,1.0,2022-01-03,YES
905b3e58-5a89-42f4-b97d-7170d32b78dc,GETY,NYSE,2021-01-04,2026-08-11,1351,1350,56,57,0.9601990049751243,2022-01-03,YES
fe794b59-e78a-4544-b35b-41d3cfb38f12,GEV,NYSE,2024-04-02,2026-08-11,592,592,815,815,0.4207533759772566,2025-04-03,YES
ab538748-a391-4503-a30c-6f4f7ef7cfef,GEVO,NASDAQ,2021-01-04,2026-08-11,1407,1407,0,0,1.0,2022-01-03,YES
0914a138-1bfc-4a4b-991c-040165014b3f,GFAI,NASDAQ,2021-09-29,2026-08-11,1195,1130,212,277,0.8493248045486852,2022-09-29,YES
52978fe2-efcd-4db8-882a-58cc0d3f11c9,GFF,NYSE,2021-01-04,2026-08-11,1404,1404,3,3,0.997867803837953,2022-01-03,YES
4c46caae-b4f0-4da1-999c-87e1d50cdaaf,GFL,NYSE,2021-01-04,2026-08-11,1404,1404,3,3,0.997867803837953,2022-01-03,YES
733205a2-fc8f-4c40-9ac9-b1e63ab43e81,GFR,NYSE,2021-12-23,2026-08-11,1051,750,356,657,0.7469793887704336,2023-02-15,YES
af70d056-9fbb-4df4-ad27-3977bd3a9b47,GFS,NASDAQ,2021-10-28,2026-08-11,1200,1200,207,207,0.8528784648187633,2022-10-28,YES
305e617d-96b9-4603-8c27-d17be64525c1,GFUZ,NASDAQ,2025-10-08,2026-08-11,211,149,1196,1258,0.1499644633972992,,NO
13584306-92db-4109-ba1f-65c9549d0721,GGB,NYSE,2021-01-04,2026-08-11,1404,1404,3,3,0.997867803837953,2022-01-03,YES
4ae1527b-7e8e-4b68-9553-6b575e8aa54f,GGG,NYSE,2021-01-04,2026-08-11,1404,1404,3,3,0.997867803837953,2022-01-03,YES
61fa9fa8-276c-4f67-8b5c-22763a41a7ac,GGR,NASDAQ,2021-03-01,2026-08-11,1285,1162,122,245,0.9132906894100924,2022-02-28,YES
acdb9c6e-9e6e-4abb-b9eb-e97326be26ae,GGRP,NASDAQ,2021-07-01,2026-08-11,1281,1098,126,309,0.9104477611940298,2022-07-01,YES
d009b37d-8924-4516-af7f-6c382df32d16,GH,NASDAQ,2021-01-04,2026-08-11,1407,1406,0,1,1.0,2022-01-03,YES
c388a0cb-e324-49d1-9450-2ae3cb35c73f,GHC,NYSE,2021-01-04,2026-08-11,1298,820,109,587,0.9225302061122956,2022-01-03,YES
75e0a087-d4f9-4165-acff-583abcc42b00,GHM,NYSE,2021-01-04,2026-08-11,1357,1293,50,114,0.9644633972992182,2022-01-03,YES
14dfcf80-b24e-42eb-b534-e8db3bc63373,GHRS,NASDAQ,2021-06-25,2026-08-11,1281,1250,126,157,0.9104477611940298,2022-06-27,YES
12e72f07-e07e-41e3-8eb6-c36002ced5b5,GHXI,NASDAQ,,,0,0,1407,1407,0.0,,NO
878ef9cc-d074-4250-8116-5e61de1c2ed1,GHXIW,NASDAQ,,,0,0,1407,1407,0.0,,NO
4832763f-9431-44d2-8caf-5a20761126ed,GIB,NYSE,2021-01-04,2026-08-11,1404,1401,3,6,0.997867803837953,2022-01-03,YES
780fd5f1-c4a4-4417-a98e-9aee143b42ac,GIBO,NASDAQ,2023-08-22,2026-08-11,745,281,662,1126,0.5294953802416489,2024-08-29,YES
442a933b-6266-4be9-8921-47dafe3076ad,GIC,NYSE,2021-01-04,2026-08-11,1399,1385,8,22,0.994314143567875,2022-01-03,YES
97d6f7e5-d91a-41b9-995c-709f8532f37d,GIFT,NASDAQ,2024-08-09,2026-08-11,502,321,905,1086,0.35678749111584934,2025-08-13,YES
f4c07560-3bf0-4388-8ac4-05e9c293e84c,GIGM,NASDAQ,2021-01-06,2026-08-11,1198,426,209,981,0.851457000710732,2022-01-05,YES
32786d89-9e5a-4020-bb70-201581bf7083,GIII,NASDAQ,2021-01-04,2026-08-11,1407,1407,0,0,1.0,2022-01-03,YES
77e8c2c0-eb2b-4111-b945-2952a60f5a6a,GIL,NYSE,2021-01-04,2026-08-11,1404,1404,3,3,0.997867803837953,2022-01-03,YES
aa222c8c-5f60-4b88-bc73-7aaadf424628,GILD,NASDAQ,2021-01-04,2026-08-11,1407,1407,0,0,1.0,2022-01-03,YES
28c49c83-216b-406f-a925-c520e3405282,GILT,NASDAQ,2021-01-04,2026-08-11,1407,1398,0,9,1.0,2022-01-03,YES
775f05f8-e7ef-43e5-8f7e-ebdd390bf378,GIPR,NASDAQ,2021-10-11,2026-08-11,1127,642,280,765,0.8009950248756219,2022-10-11,YES
e2fe0a11-d58e-4b4e-a847-e560fee24a94,GIS,NYSE,2021-01-04,2026-08-11,1404,1404,3,3,0.997867803837953,2022-01-03,YES
a7870e3c-135d-448d-9631-c474423624e7,GITS,NASDAQ,2023-08-01,2026-08-11,760,490,647,917,0.5401563610518835,2024-08-01,YES
a5437aca-ba45-4a72-9615-248f9da28a9a,GIW,NASDAQ,2025-10-28,2026-08-11,197,40,1210,1367,0.14001421464108033,,NO
58652af7-f0db-48c8-a4e5-538af4873efa,GIX,NASDAQ,2021-01-04,2026-08-11,203,115,1204,1292,0.14427860696517414,,NO
251a56f1-107a-4084-aaad-5bbd6f0a3b02,GJH,NYSE,2021-02-10,2026-08-11,1049,104,358,1303,0.7455579246624022,2024-09-30,YES
f7fbbb13-10ed-4f28-898e-179e34ba4d17,GJO,NYSE,2021-01-06,2026-08-11,1044,92,363,1315,0.7420042643923241,2022-06-08,YES
0c035545-19a1-4263-becb-d718e5d4939e,GJP,NYSE,2021-03-12,2026-08-11,1029,48,378,1359,0.7313432835820896,2023-09-08,YES
e4b7c105-3bcb-4471-bed5-5e96da1e7a65,GJS,NYSE,2021-02-05,2026-08-11,1016,117,391,1290,0.7221037668798863,2024-01-25,YES
843e0703-08f5-482f-8f59-f334966167d9,GJT,NYSE,2021-01-04,2026-08-11,1007,112,400,1295,0.7157071783937455,2023-02-21,YES
d1745e98-0034-42e7-9c69-050157592347,GKOS,NYSE,2021-01-04,2026-08-11,1404,1404,3,3,0.997867803837953,2022-01-03,YES
37ecce71-4bf1-44ea-8157-2bc7f4aefb1c,GL,NYSE,2021-01-04,2026-08-11,1404,1404,3,3,0.997867803837953,2022-01-03,YES
7bf0f545-7ab4-4e78-b072-d47cd693c310,GLAD,NASDAQ,2021-01-04,2026-08-11,1406,1401,1,6,0.9992892679459844,2022-01-03,YES
43fcb869-9466-4b95-99fe-edf107c485b0,GLAS,NYSE,2026-06-30,2026-08-11,30,30,1377,1377,0.021321961620469083,,NO
308c0262-e1a2-4f49-b8c5-499e8f2cbeee,GLBE,NASDAQ,2021-05-12,2026-08-11,1318,1318,89,89,0.9367448471926084,2022-05-11,YES
50c34722-d76c-4c14-80cf-e26745937ea5,GLBS,NASDAQ,2021-01-04,2026-08-11,1404,1098,3,309,0.997867803837953,2022-01-03,YES
6999555d-ad35-453f-8037-ea1ea6aa88fc,GLDG,AMEX,2021-01-04,2026-08-11,1363,1340,44,67,0.968727789623312,2022-01-03,YES
5a536121-a570-471c-ba99-b7c46f709bbf,GLE,NASDAQ,2024-09-20,2026-08-11,473,361,934,1046,0.3361762615493959,2025-09-24,YES
2272e329-e575-4e70-bd1a-e428d93d4947,GLED,NYSE,2026-04-16,2026-08-11,81,15,1326,1392,0.057569296375266525,,NO
afe52a68-441e-46d0-80f4-4fd732f9fbc9,GLIBA,NASDAQ,2025-07-11,2026-08-11,273,259,1134,1148,0.19402985074626866,2026-07-14,YES
7237f401-5107-4898-bebb-dcdebdedf4b2,GLIBK,NASDAQ,2025-07-11,2026-08-11,273,273,1134,1134,0.19402985074626866,2026-07-14,YES
6f45aaf0-99ed-463a-b2d1-21054b951c06,GLMD,NASDAQ,2021-01-04,2026-08-11,1357,989,50,418,0.9644633972992182,2022-01-03,YES
0057a3ec-495a-4396-bc42-41fc233c7ecd,GLND,NASDAQ,2025-06-12,2026-08-11,292,168,1115,1239,0.20753375977256575,2026-06-15,YES
34b75925-9254-4316-9884-1f1dbeb5b886,GLNG,NASDAQ,2021-01-04,2026-08-11,1407,1407,0,0,1.0,2022-01-03,YES
4f37e9aa-fd90-4dbe-9350-f6b1c337e359,GLOB,NYSE,2021-01-04,2026-08-11,1404,1404,3,3,0.997867803837953,2022-01-03,YES
761970ef-ce50-47c3-ba5a-7405bf581ba7,GLOO,NASDAQ,2025-11-19,2026-08-11,181,169,1226,1238,0.12864250177683015,,NO
247bd843-c9b0-4abc-bc94-162569bb9092,GLP,NYSE,2021-01-04,2026-08-11,1399,1351,8,56,0.994314143567875,2022-01-03,YES
f5a36600-cca9-408f-b8e4-a7feb73fd15a,GLPI,NASDAQ,2021-01-04,2026-08-11,1407,1407,0,0,1.0,2022-01-03,YES
85c7b469-34c8-4db9-abdb-a5bef6011615,GLRE,NASDAQ,2021-01-04,2026-08-11,1405,1394,2,13,0.9985785358919688,2022-01-03,YES
33da3ea8-2012-4b6d-a36d-134c7c1dfde0,GLSI,NASDAQ,2021-01-04,2026-08-11,1402,1291,5,116,0.9964463397299218,2022-01-03,YES
41cb00e1-cd2e-423c-baf0-f991e0393a57,GLUE,NASDAQ,2021-06-24,2026-08-11,1288,1288,119,119,0.9154228855721394,2022-06-24,YES
b3ce91f9-c7b2-4ab2-9a16-57fb17e06294,GLW,NYSE,2021-01-04,2026-08-11,1404,1404,3,3,0.997867803837953,2022-01-03,YES
fed3cec3-7c1b-4e0f-8c99-e3a33b4cf4cf,GLXG,NASDAQ,2024-09-12,2026-08-11,479,314,928,1093,0.3404406538734897,2025-09-16,YES
86328717-62d8-4520-b7de-03bc024c6ba8,GLXY,NASDAQ,2025-05-16,2026-08-11,310,310,1097,1097,0.22032693674484718,2026-05-19,YES
de5fc535-1cdd-4a57-92ba-ac58a43aed81,GM,NYSE,2021-01-04,2026-08-11,1404,1404,3,3,0.997867803837953,2022-01-03,YES
9eae922d-8d67-4c40-b6ea-faca9b092b89,GME,NYSE,2021-01-04,2026-08-11,1404,1404,3,3,0.997867803837953,2022-01-03,YES
7ff7861c-6c64-44d3-8abd-4518a662afed,GMED,NYSE,2021-01-04,2026-08-11,1404,1404,3,3,0.997867803837953,2022-01-03,YES
ecc92344-5741-40c1-b85b-fa554e628ef8,GMEX,NASDAQ,2023-08-08,2026-08-11,755,650,652,757,0.5366027007818053,2024-08-08,YES
03d94828-32d9-4d51-ae96-e2d7fae6ef2f,GMHS,NASDAQ,2023-07-07,2026-08-11,777,256,630,1151,0.5522388059701493,2024-08-16,YES
05034ead-5c4a-4d64-a597-8240669c8add,GMM,NASDAQ,2023-10-10,2026-08-11,711,489,696,918,0.5053304904051172,2024-10-10,YES
6ef1a3bf-b0d5-42f8-8e77-ed011f436ddd,GMRS,NYSE,2026-05-13,2026-08-11,62,62,1345,1345,0.04406538734896944,,NO
7951f1bb-3fce-4e32-8d09-c00dde81b5ef,GNE,NYSE,2021-01-04,2026-08-11,1360,1357,47,50,0.9665955934612651,2022-01-03,YES
9b8d8d97-dae1-4879-b816-6d7347266350,GNK,NYSE,2021-01-04,2026-08-11,1404,1404,3,3,0.997867803837953,2022-01-03,YES
b94e2aa2-2e40-4827-b660-f4d22d59c3d5,GNL,NYSE,2021-01-04,2026-08-11,1404,1404,3,3,0.997867803837953,2022-01-03,YES
4ea75663-a3a7-49e8-9d40-19bdd975b900,GNLN,NASDAQ,2021-01-04,2026-08-11,1407,1216,0,191,1.0,2022-01-03,YES
87ccc25e-9044-4dd1-95ae-307950999221,GNLX,NASDAQ,2023-01-26,2026-08-11,888,866,519,541,0.6311300639658849,2024-01-29,YES
b57879d0-4622-4a0d-bc27-c62964d7a6d9,GNPX,NASDAQ,2021-01-04,2026-08-11,1404,1281,3,126,0.997867803837953,2022-01-03,YES
d249df15-5475-4218-af2d-9d7b8fc31b73,GNRC,NYSE,2021-01-04,2026-08-11,1404,1404,3,3,0.997867803837953,2022-01-03,YES
1a64f567-1dce-4901-a09c-c7ef97b541d4,GNS,AMEX,2022-04-12,2026-08-11,1081,1052,326,355,0.7683013503909026,2023-04-14,YES
43e9e60e-6e29-4134-9661-eec1ed3956b2,GNSS,NASDAQ,2021-01-04,2026-08-11,1381,1267,26,140,0.9815209665955935,2022-01-03,YES
213c5b50-7702-46a5-b99a-46ca89ff632a,GNTX,NASDAQ,2021-01-04,2026-08-11,1407,1407,0,0,1.0,2022-01-03,YES
745eb22d-ae1c-43d5-ac34-dfb2359231b7,GNW,NYSE,2021-01-04,2026-08-11,1404,1404,3,3,0.997867803837953,2022-01-03,YES
40c0990f-da94-46a0-971f-23d05c507b67,GO,NASDAQ,2021-01-04,2026-08-11,1407,1407,0,0,1.0,2022-01-03,YES
1a2ddc4f-c324-4790-8546-dff4ee4cb411,GOAI,NASDAQ,2026-01-28,2026-08-11,135,118,1272,1289,0.09594882729211088,,NO
a620183f-d172-406a-80a0-204d1c8378a6,GOGO,NASDAQ,2021-01-04,2026-08-11,1407,1407,0,0,1.0,2022-01-03,YES
59576c8b-25c8-4a3c-8259-4467a3c4330c,GOLD,NYSE,2021-01-04,2026-08-11,1407,1407,0,0,1.0,2022-01-03,YES
5c3b7def-6871-4d48-8006-9a13b84469c6,GOLF,NYSE,2021-01-04,2026-08-11,1404,1404,3,3,0.997867803837953,2022-01-03,YES
f30d734c-2806-4d0d-b145-f9fade61432b,GOOG,NASDAQ,2021-01-04,2026-08-11,1407,1407,0,0,1.0,2022-01-03,YES
69b15845-7c63-4586-b274-1cfdfe9df3d8,GOOGL,NASDAQ,2021-01-04,2026-08-11,1407,1407,0,0,1.0,2022-01-03,YES
97b1348b-b110-4b57-9119-e1c464d93ca3,GOOS,NYSE,2021-01-04,2026-08-11,1404,1404,3,3,0.997867803837953,2022-01-03,YES
15fd0061-92f7-4a47-9149-4cedc2575e8d,GORO,AMEX,2026-07-20,2026-08-11,17,17,1390,1390,0.012082444918265814,,NO
a0e9ef74-6331-4321-b823-424530d7c354,GOSS,NASDAQ,2021-01-04,2026-08-11,1407,1407,0,0,1.0,2022-01-03,YES
83ad245b-c489-43a9-81c5-bff426bcc62c,GOVX,NASDAQ,2021-01-04,2026-08-11,1398,1322,9,85,0.9936034115138592,2022-01-03,YES
764f289b-a03b-41a8-9b99-6f4e08baf885,GP,NASDAQ,2021-01-04,2026-08-11,1406,1196,1,211,0.9992892679459844,2022-01-03,YES
d693fe84-8c59-40e9-9065-1e888349ad8b,GPAC,NASDAQ,2021-03-10,2026-08-11,730,183,677,1224,0.5188343994314144,2022-03-21,YES
f3a13518-eed8-441c-af55-7ffbf026d516,GPAT,NASDAQ,2024-07-02,2026-08-11,529,60,878,1347,0.3759772565742715,2025-07-10,YES
5ae07a68-48de-4b8e-8105-e50c47689464,GPC,NYSE,2021-01-04,2026-08-11,1404,1404,3,3,0.997867803837953,2022-01-03,YES
40e5ba89-2547-4ecf-8a49-85e74cb09a4e,GPGI,NYSE,2021-01-06,2026-08-11,1322,1322,85,85,0.9395877754086709,2022-01-05,YES
b1505d46-e64a-4338-be29-cc4ed69e4c4e,GPI,NYSE,2021-01-04,2026-08-11,1404,1402,3,5,0.997867803837953,2022-01-03,YES
5073fed7-529f-412b-826f-36b93e40ed4c,GPK,NYSE,2021-01-04,2026-08-11,1404,1404,3,3,0.997867803837953,2022-01-03,YES
2ae65e45-78f1-448b-b33d-08220c03f317,GPN,NYSE,2021-01-04,2026-08-11,1404,1404,3,3,0.997867803837953,2022-01-03,YES
fe452aad-9b15-48c8-9d7c-994658e0f4fd,GPOR,NYSE,2021-05-19,2026-08-11,1307,1307,100,100,0.9289267945984364,2022-05-18,YES
1c7c7062-02ce-470c-995d-85d4d4289055,GPRE,NASDAQ,2021-01-04,2026-08-11,1407,1407,0,0,1.0,2022-01-03,YES
2f8de4a1-2140-41a3-ab41-11267a24d49e,GPRK,NYSE,2021-01-04,2026-08-11,1404,1403,3,4,0.997867803837953,2022-01-03,YES
1a492e65-2e8d-4e88-9d87-dafb69094c58,GPRO,NASDAQ,2021-01-04,2026-08-11,1407,1407,0,0,1.0,2022-01-03,YES
25fbb251-248f-40ff-be31-e333d5cb036c,GPUS,AMEX,2023-01-03,2026-08-11,904,888,503,519,0.642501776830135,2024-01-04,YES
99e0861e-f79c-4817-a739-efb21f6aebca,GRAB,NASDAQ,2021-01-04,2026-08-11,1407,1407,0,0,1.0,2022-01-03,YES
d78ffa81-0d0f-48d3-9d02-a8743bf46cef,GRAL,NASDAQ,2024-06-12,2026-08-11,542,542,865,865,0.38521677327647474,2025-06-16,YES
60751309-463a-488a-b0e1-4df70628f17e,GRAN,NASDAQ,2025-07-01,2026-08-11,280,134,1127,1273,0.19900497512437812,2026-07-02,YES
acfa08a3-08d5-4233-b937-8578aef98c89,GRBK,NYSE,2021-01-04,2026-08-11,1406,1406,1,1,0.9992892679459844,2022-01-03,YES
598f3362-ea9b-48a2-881d-76df348e12fe,GRC,NYSE,2021-01-04,2026-08-11,1400,1373,7,34,0.9950248756218906,2022-01-03,YES
fc73642c-3634-4c11-b051-8b0ddaf436bb,GRCE,NASDAQ,2021-01-04,2026-08-11,1372,1019,35,388,0.9751243781094527,2022-01-03,YES
9149e90f-1e2c-408f-a15e-62e489bc2d29,GRDN,NYSE,2024-09-26,2026-08-11,469,469,938,938,0.3333333333333333,2025-09-30,YES
0d60237b-56f6-4255-9367-11c9dd187c53,GRDX,NASDAQ,2024-05-22,2026-08-11,556,448,851,959,0.39516702203269366,2025-05-27,YES
0d6af1a9-de0c-4a7a-a5b9-4d9d0776e4c6,GRI,NASDAQ,2021-02-10,2026-08-11,1337,1157,70,250,0.9502487562189055,2022-02-09,YES
4ac12cfe-98e2-4677-ba5e-27a49958f3a1,GRML,NASDAQ,2022-05-16,2026-08-11,979,567,428,840,0.6958066808813077,2023-09-21,YES
44ddf865-1d4c-443a-b0a4-d8304a703836,GRMN,NYSE,2021-01-04,2026-08-11,1406,1406,1,1,0.9992892679459844,2022-01-03,YES
ff105560-7c4c-4db7-b4d3-3edfb13feb7f,GRND,NYSE,2021-01-21,2026-08-11,1215,1163,192,244,0.8635394456289979,2022-02-01,YES
eaa03ede-e478-4442-8459-d5f31196fa68,GRNQ,NASDAQ,2021-01-04,2026-08-11,1372,813,35,594,0.9751243781094527,2022-01-03,YES
4f30b695-0b53-4ed2-be67-3f04b63f80e0,GRNT,NYSE,2021-01-04,2026-08-11,1255,1204,152,203,0.8919687277896233,2022-01-07,YES
359b0a57-2b3e-4d67-a91f-0f3e8123edce,GRO,AMEX,2024-11-27,2026-08-11,425,414,982,993,0.30206112295664533,2025-12-02,YES
a2085932-d5a5-48b9-8d21-e630ec59e89e,GROV,NYSE,2021-05-17,2026-08-11,1156,984,251,423,0.8216062544420754,2022-05-16,YES
e5c35b5a-b7ab-4547-ad07-d69fa0771cb5,GROW,NASDAQ,2021-01-04,2026-08-11,1395,919,12,488,0.9914712153518124,2022-01-03,YES
6f4d97bb-6400-443e-bd6a-c932e59da07a,GROY,AMEX,2021-03-09,2026-08-11,1352,1351,55,56,0.9609097370291401,2022-03-08,YES
10a416b5-8ff3-42c6-91be-6d294b816503,GRPN,NASDAQ,2021-01-04,2026-08-11,1407,1407,0,0,1.0,2022-01-03,YES
bde07412-01b6-4305-a3ab-b80dc261855e,GRRR,NASDAQ,2022-07-14,2026-08-11,1023,900,384,507,0.7270788912579957,2023-07-17,YES
ef80f809-ca09-4c12-97ac-ac7ba086597e,GRSD,NASDAQ,2021-07-23,2026-08-11,1268,1245,139,162,0.9012082444918266,2022-07-25,YES
f6b1a27a-b8a3-42af-b57b-f126dc728b6c,GRVY,NASDAQ,2021-01-04,2026-08-11,1376,1031,31,376,0.9779673063255153,2022-01-03,YES
7f0235b5-ad56-48eb-ad14-0206ff4a1a2f,GRWG,NASDAQ,2021-01-04,2026-08-11,1407,1407,0,0,1.0,2022-01-03,YES
064dd45f-7a58-452c-93f2-377f9a0cc7f2,GS,NYSE,2021-01-04,2026-08-11,1404,1404,3,3,0.997867803837953,2022-01-03,YES
1eb1926b-c63e-4cf9-87c8-da45657643fc,GSAT,NASDAQ,2021-01-04,2026-08-11,1407,1407,0,0,1.0,2022-01-03,YES
ae4d6e6f-c9b9-406d-a27c-267f4a5b5e8b,GSBC,NASDAQ,2021-01-04,2026-08-11,1401,1271,6,136,0.9957356076759062,2022-01-03,YES
1f773ec1-b023-44c6-aa72-6f14e4c849cc,GSBD,NYSE,2021-01-04,2026-08-11,1404,1404,3,3,0.997867803837953,2022-01-03,YES
a8b0d9b8-2e73-433e-9c4c-4a180d95e1ec,GSHD,NASDAQ,2021-01-04,2026-08-11,1407,1407,0,0,1.0,2022-01-03,YES
0333de98-e50c-4f0c-8b85-ae3ce909eec4,GSHR,NASDAQ,2025-05-12,2026-08-11,314,14,1093,1393,0.22316986496090974,,NO
efbb22d7-0bde-4a11-940d-16bfec11d2b4,GSIT,NASDAQ,2021-01-04,2026-08-11,1323,1202,84,205,0.9402985074626866,2022-01-03,YES
a0aff53c-6d47-4616-8c7c-8b77478b4673,GSIW,NASDAQ,2023-12-01,2026-08-11,674,467,733,940,0.47903340440653874,2024-12-03,YES
ffbfc4f9-1701-428b-be66-88a0b04cda4a,GSL,NYSE,2021-01-04,2026-08-11,1404,1404,3,3,0.997867803837953,2022-01-03,YES
f2490e70-033d-4352-8b7a-6791b11a0b48,GSM,NASDAQ,2021-01-04,2026-08-11,1407,1407,0,0,1.0,2022-01-03,YES
d8e04939-8d50-496d-8587-d22c34f5cac2,GSRF,NASDAQ,2025-10-21,2026-08-11,202,26,1205,1381,0.1435678749111585,,NO
bfb34ff5-003f-4bf5-963e-f2582181d43e,GSRV,NASDAQ,2026-07-08,2026-08-11,25,4,1382,1403,0.017768301350390904,,NO
918bb910-b007-4c90-8157-092251f7f84a,GSUN,NASDAQ,2022-06-22,2026-08-11,1037,681,370,726,0.7370291400142146,2023-06-23,YES
48f7f95b-f637-4067-838c-afaee87a2a41,GT,NASDAQ,2021-01-04,2026-08-11,1407,1407,0,0,1.0,2022-01-03,YES
288ababf-9e90-47e3-9cc7-bf4e3b736ff9,GTBP,NASDAQ,2021-02-11,2026-08-11,1380,1157,27,250,0.9808102345415778,2022-02-10,YES
c287b803-4334-42e9-82ea-71e0ae505c5d,GTE,AMEX,2021-01-04,2026-08-11,1406,1406,1,1,0.9992892679459844,2022-01-03,YES
f36b3be4-1a60-4643-9900-b0d19daec3df,GTEC,NASDAQ,2021-01-04,2026-08-11,1355,1052,52,355,0.9630419331911869,2022-01-03,YES
01e37d64-e8df-4650-9114-5df5b807804c,GTEN,NASDAQ,2025-06-26,2026-08-11,283,70,1124,1337,0.20113717128642503,2026-08-04,YES
89b67857-3a88-49a3-b901-71a3fb1f5a64,GTERA,NASDAQ,2025-07-25,2026-08-11,263,54,1144,1353,0.1869225302061123,,NO
c98d70a5-8997-4215-bd8e-6dcc5085bde4,GTES,NYSE,2021-01-04,2026-08-11,1404,1404,3,3,0.997867803837953,2022-01-03,YES
4f188e1f-1136-4624-b46d-2707e070dffd,GTIM,NASDAQ,2021-01-04,2026-08-11,1260,697,147,710,0.8955223880597015,2022-01-05,YES
331fede5-80bd-4e8c-88cb-d43cd7a656d9,GTLB,NASDAQ,2021-10-14,2026-08-11,1210,1210,197,197,0.8599857853589197,2022-10-14,YES
9af49949-bac8-480b-8cbf-d6af7fe632c9,GTM,NASDAQ,2021-01-04,2026-08-11,1407,1407,0,0,1.0,2022-01-03,YES
cbdcad03-ed81-4d3d-987d-f7aeef922911,GTN,NYSE,2021-01-04,2026-08-11,1404,1404,3,3,0.997867803837953,2022-01-03,YES
ae6ae8f6-bc61-437d-b6a0-c8b5591e960a,GTX,NASDAQ,2021-05-03,2026-08-11,1325,1325,82,82,0.9417199715707179,2022-05-02,YES
43d906e8-9de5-4af9-807d-271cb183758b,GTY,NYSE,2021-01-04,2026-08-11,1404,1404,3,3,0.997867803837953,2022-01-03,YES
ca034b12-375c-427d-b007-81b3415c3826,GUAC,NASDAQ,2026-07-29,2026-08-11,10,1,1397,1406,0.007107320540156361,,NO
d8b7a5ab-f3a3-4c84-b08e-3b164bf9ab6d,GURE,NASDAQ,2025-12-05,2026-08-11,170,67,1237,1340,0.12082444918265814,,NO
8cb3015b-5860-4157-aeba-24e8d5ffbd06,GUTS,NASDAQ,2024-02-05,2026-08-11,631,631,776,776,0.4484719260838664,2025-02-06,YES
34b68c3b-83f2-4a1a-bc20-9f121e5b51ef,GVA,NYSE,2021-01-04,2026-08-11,1404,1404,3,3,0.997867803837953,2022-01-03,YES
1a78a762-577f-4b22-9542-e843a19046b8,GVH,NASDAQ,2023-11-08,2026-08-11,690,418,717,989,0.4904051172707889,2024-11-18,YES
910f4cbf-8ccd-4eff-9f52-ad42649bde4d,GWAV,NASDAQ,2022-07-25,2026-08-11,1016,812,391,595,0.7221037668798863,2023-07-26,YES
f73ec676-9f35-49a6-9bc6-ae68eaf4aa06,GWH,NYSE,2021-01-05,2026-08-11,1356,1348,51,59,0.9637526652452025,2022-01-04,YES
d2a584ce-3b38-4a13-a660-75a591a3e540,GWRE,NYSE,2021-01-04,2026-08-11,1404,1404,3,3,0.997867803837953,2022-01-03,YES
272d54c2-76a7-4b48-9711-c3c2e3afcd98,GWRS,NASDAQ,2021-01-05,2026-08-11,1333,1155,74,252,0.9474058280028429,2022-01-04,YES
486a7ad1-ef92-4e1f-a113-3c4a04e29034,GWW,NYSE,2021-01-04,2026-08-11,1404,1404,3,3,0.997867803837953,2022-01-03,YES
5d6c1bb7-a83c-408d-bb6e-9605c11d2557,GXAI,NASDAQ,2023-02-15,2026-08-11,874,743,533,664,0.6211798152096659,2024-02-16,YES
87cd3b25-3320-48f7-a71c-0004d08eff5d,GXO,NYSE,2021-08-02,2026-08-11,1260,1260,147,147,0.8955223880597015,2022-08-02,YES
95273f63-9ca3-41f7-9f47-0878e7e61748,GYGY,NASDAQ,2026-07-30,2026-08-11,9,9,1398,1398,0.006396588486140725,,NO
2d04bb59-a37e-4176-8221-06d035bc8d81,GYRE,NASDAQ,2021-01-04,2026-08-11,1397,1347,10,60,0.9928926794598436,2022-01-03,YES
6ca171b7-45e1-4b32-b2ee-cfc63906665f,GYRO,NASDAQ,2021-04-08,2026-08-11,1038,83,369,1324,0.7377398720682303,2022-10-20,YES
ed0a51ca-3877-4ff8-b49b-ff269347c54f,H,NYSE,2021-01-04,2026-08-11,1404,1404,3,3,0.997867803837953,2022-01-03,YES
978a21d7-872c-4602-bccb-3948c44fd7fc,HACQ,NASDAQ,2026-04-09,2026-08-11,86,10,1321,1397,0.06112295664534471,,NO
fe250856-5aea-46d1-9886-ae61bcfb07b2,HAE,NYSE,2021-01-04,2026-08-11,1404,1404,3,3,0.997867803837953,2022-01-03,YES
8b5bf71d-415d-47d8-a7e6-e3f881d26066,HAFC,NASDAQ,2021-01-04,2026-08-11,1407,1406,0,1,1.0,2022-01-03,YES
efeadd56-4ed6-4393-a452-cebbc7688c26,HAFN,NYSE,2024-04-09,2026-08-11,587,587,820,820,0.4171997157071784,2025-04-10,YES
79791558-91c6-45f1-af1e-23f07873ac2d,HAIN,NASDAQ,2021-01-04,2026-08-11,1407,1407,0,0,1.0,2022-01-03,YES
14a06c29-cc38-444d-ab21-90198dc0fa18,HAL,NYSE,2021-01-04,2026-08-11,1404,1404,3,3,0.997867803837953,2022-01-03,YES
cf8c229e-a8bf-41db-acb7-0b747a79c6fa,HALO,NASDAQ,2021-01-04,2026-08-11,1407,1407,0,0,1.0,2022-01-03,YES
a371ee39-e26f-4298-bc17-5464d2ca9f54,HAO,NASDAQ,2024-01-26,2026-08-11,637,450,770,957,0.4527363184079602,2025-01-29,YES
27d21dd5-38c5-43af-a31e-1b706068687e,HAPN,NASDAQ,2021-01-04,2026-08-11,1403,1403,4,4,0.9971570717839374,2022-01-03,YES
c64ec7e1-696c-422f-bca6-240524dc0346,HAS,NASDAQ,2021-01-04,2026-08-11,1407,1407,0,0,1.0,2022-01-03,YES
2449719e-d0d3-4a77-9afe-b9d0c7cea1b0,HASI,NYSE,2021-01-04,2026-08-11,1404,1404,3,3,0.997867803837953,2022-01-03,YES
196fd0eb-3979-47f5-b588-f08b24f0b752,HAVA,NASDAQ,2025-12-17,2026-08-11,162,9,1245,1398,0.11513859275053305,,NO
1894ca0b-c932-473d-89b2-f3f7dd0f2663,HAWK,NYSE,2026-05-07,2026-08-11,66,66,1341,1341,0.046908315565031986,,NO
539e20f2-48e1-48cd-a39f-f935cddc74a1,HAYW,NYSE,2021-03-12,2026-08-11,1357,1357,50,50,0.9644633972992182,2022-03-11,YES
c4e4715c-44f9-4e5a-9663-be3b72e767b8,HBAN,NASDAQ,2021-01-04,2026-08-11,1407,1407,0,0,1.0,2022-01-03,YES
35aaed3d-592d-42bb-92d6-54210790e8cb,HBB,NYSE,2021-01-04,2026-08-11,1369,1158,38,249,0.9729921819474058,2022-01-03,YES
8685f152-f189-4bee-9e0b-d93e248e40ff,HBCP,NASDAQ,2021-01-04,2026-08-11,1346,973,61,434,0.9566453447050463,2022-01-03,YES
7c7ce967-62d5-48d9-9f78-6862ab70b18f,HBIO,NASDAQ,2021-01-04,2026-08-11,1407,1372,0,35,1.0,2022-01-03,YES
eeb5dcb3-50eb-4721-90bb-bcef09449b29,HBM,NYSE,2021-01-04,2026-08-11,1404,1404,3,3,0.997867803837953,2022-01-03,YES
97a59b1d-6a27-4f5d-958a-ec47ddb6b94c,HBNB,NASDAQ,2024-03-11,2026-08-11,607,137,800,1270,0.4314143567874911,2025-07-10,YES
e6facbc5-0ba8-4c40-843f-ef4a6d07c54c,HBNC,NASDAQ,2021-01-04,2026-08-11,1406,1406,1,1,0.9992892679459844,2022-01-03,YES
bb05f61a-daf9-4fff-9e26-e0adaf23fbb0,HBT,NASDAQ,2021-01-04,2026-08-11,1348,1240,59,167,0.9580668088130775,2022-01-04,YES
f99ee8af-9d78-4b46-9f2c-3cf6ce839ccf,HCA,NYSE,2021-01-04,2026-08-11,1404,1404,3,3,0.997867803837953,2022-01-03,YES
9e232837-6912-49b1-80cb-f50a3cda7a24,HCAC,NASDAQ,2026-01-30,2026-08-11,133,16,1274,1391,0.0945273631840796,,NO
fd8d7fd6-6614-47c8-a269-205414cc0209,HCAI,NASDAQ,2025-02-05,2026-08-11,380,260,1027,1147,0.27007818052594174,2026-02-11,YES
ba566cdb-9a39-4491-a27c-a09603a0c568,HCAT,NASDAQ,2021-01-04,2026-08-11,1407,1407,0,0,1.0,2022-01-03,YES
2035b2af-210a-4f47-9ed6-1d602019dc20,HCC,NYSE,2021-01-04,2026-08-11,1404,1404,3,3,0.997867803837953,2022-01-03,YES
d84ea886-92a1-429f-bb11-dc293432ba58,HCHL,NASDAQ,2025-06-24,2026-08-11,285,207,1122,1200,0.2025586353944563,2026-06-25,YES
45ca8604-45e7-4a65-bed0-3c28474bcdde,HCI,NYSE,2021-01-04,2026-08-11,1404,1403,3,4,0.997867803837953,2022-01-03,YES
0459a496-6a0b-4f0d-bb1a-0756457aa3af,HCIC,NASDAQ,2021-03-08,2026-08-11,467,326,940,1081,0.3319118692253021,2022-03-08,YES
f5a07021-7dad-455b-96cd-d4189d88f71e,HCKT,NASDAQ,2021-01-04,2026-08-11,1407,1406,0,1,1.0,2022-01-03,YES
7f13a923-bc77-4922-b421-8600319de7cf,HCMA,NASDAQ,2022-03-24,2026-08-11,635,93,772,1314,0.4513148542999289,2023-05-24,YES
362e71ea-0378-496e-b41f-f3abc04e07ca,HCSG,NASDAQ,2021-01-04,2026-08-11,1407,1407,0,0,1.0,2022-01-03,YES
d01b908f-3f63-4572-9f9d-4e7c830f17fc,HCTI,NASDAQ,2021-10-13,2026-08-11,1152,909,255,498,0.8187633262260128,2022-10-13,YES
8ba721f3-e278-4c49-8939-ac86fc9e8a50,HCWB,NASDAQ,2021-07-20,2026-08-11,1210,776,197,631,0.8599857853589197,2022-07-20,YES
c51c8ff7-3563-4382-bad6-b61c1c579d58,HCWC,AMEX,2024-09-16,2026-08-11,477,365,930,1042,0.3390191897654584,2025-09-18,YES
b6b1ea06-5d71-4146-be77-03f671788940,HD,NYSE,2021-01-04,2026-08-11,1404,1404,3,3,0.997867803837953,2022-01-03,YES
890ae963-1fcb-4122-9d89-1d96e5028b5d,HDB,NYSE,2021-01-04,2026-08-11,1404,1404,3,3,0.997867803837953,2022-01-03,YES
28ca6f26-3ada-41b8-b2e9-e0ce508db08e,HDRN,NASDAQ,2024-09-12,2026-08-11,479,181,928,1226,0.3404406538734897,2025-11-18,YES
a2ca7b5b-365b-4d7a-937e-ff07bfdba43a,HDSN,NASDAQ,2021-01-04,2026-08-11,1407,1407,0,0,1.0,2022-01-03,YES
d88d3dd6-14b6-460c-8dcf-f9a56f03bdcf,HE,NYSE,2021-01-04,2026-08-11,1404,1404,3,3,0.997867803837953,2022-01-03,YES
6fb0da2d-95db-4318-901c-f8ee25825b9e,HEI,NYSE,2021-01-04,2026-08-11,1404,1404,3,3,0.997867803837953,2022-01-03,YES
8e54fe74-c623-477c-bfc6-6dd6bf97efe9,HELE,NASDAQ,2021-01-04,2026-08-11,1407,1407,0,0,1.0,2022-01-03,YES
2eee4385-f1ac-4037-b880-3f82b81f10ae,HELP,NASDAQ,2021-08-05,2026-08-11,1250,1247,157,160,0.8884150675195451,2022-08-05,YES
5257556c-3a4d-4790-a747-8e7408e467e9,HESM,NYSE,2021-01-04,2026-08-11,1404,1404,3,3,0.997867803837953,2022-01-03,YES
8b6ac555-a162-49b6-97bf-50f24a5b2c39,HFBL,NASDAQ,2021-04-01,2026-08-11,1057,136,350,1271,0.7512437810945274,2022-03-31,YES
03c37766-cbda-42fd-9c37-05c46bb85846,HFFG,NASDAQ,2021-01-04,2026-08-11,1384,1264,23,143,0.9836531627576404,2022-01-03,YES
7391ac7d-a2de-48e8-8267-6ad3a51d97c2,HFWA,NASDAQ,2021-01-04,2026-08-11,1407,1406,0,1,1.0,2022-01-03,YES
51ae7cef-07e7-4b4c-816b-e3665030879a,HG,NYSE,2023-11-10,2026-08-11,688,688,719,719,0.48898365316275766,2024-11-12,YES
14764e03-f10e-4320-897c-9d79d5409305,HGBL,NASDAQ,2021-01-04,2026-08-11,1223,1024,184,383,0.8692253020611229,2022-01-03,YES
053c672d-ee2a-4344-8907-3ad4d1d1e180,HGTY,NYSE,2021-06-02,2026-08-11,1239,1226,168,181,0.8805970149253731,2022-06-01,YES
961509c4-722e-4e57-a782-b35cef2bca3b,HGV,NYSE,2021-01-04,2026-08-11,1404,1404,3,3,0.997867803837953,2022-01-03,YES
7766ba38-96af-43c4-b6b0-5fd6ff7272c6,HHH,NYSE,2021-01-04,2026-08-11,1404,1403,3,4,0.997867803837953,2022-01-03,YES
44db85f4-aca6-4446-8cb9-2faa6dacc54d,HHS,NASDAQ,2021-12-01,2026-08-11,1127,741,280,666,0.8009950248756219,2022-12-01,YES
07062ad8-c8a5-42f4-87d9-4702d579a76d,HIFS,NASDAQ,2021-01-04,2026-08-11,1110,648,297,759,0.7889125799573561,2022-04-20,YES
896c7f7e-0f23-490a-a7db-d68a269642bb,HIG,NYSE,2021-01-04,2026-08-11,1404,1404,3,3,0.997867803837953,2022-01-03,YES
cd697360-f1ce-4a5d-950f-29bb5c6cf731,HIHO,NASDAQ,2021-01-04,2026-08-11,1214,484,193,923,0.8628287135749823,2022-01-03,YES
54ec2f34-daa8-4f4c-a572-e53f2ebfcf12,HII,NYSE,2021-01-04,2026-08-11,1404,1404,3,3,0.997867803837953,2022-01-03,YES
7b97d03e-81d8-4d18-95db-835d828faa44,HIMS,NYSE,2021-01-04,2026-08-11,1404,1404,3,3,0.997867803837953,2022-01-03,YES
0c83a822-6227-4192-9257-6af87466977d,HIND,NASDAQ,2021-01-04,2026-08-11,1361,1168,46,239,0.9673063255152807,2022-01-03,YES
4c23a279-414f-4adc-b6c7-a924eb2a0ba4,HIPO,NYSE,2021-01-13,2026-08-11,1392,1388,15,19,0.9893390191897654,2022-01-12,YES
636a6442-de16-4d1c-a373-33f14ad12f27,HIT,NASDAQ,2024-12-24,2026-08-11,407,390,1000,1017,0.2892679459843639,2025-12-29,YES
a97e9e67-a0cd-4764-9934-0c251b72c045,HITI,NASDAQ,2021-06-02,2026-08-11,1290,1236,117,171,0.9168443496801706,2022-06-01,YES
7c02602a-afe0-4a02-81c4-f39ab5e15cfe,HIVE,NASDAQ,2021-07-01,2026-08-11,1283,1282,124,125,0.9118692253020612,2022-07-01,YES
167a671c-51bf-4b28-bad3-e5a85b7425a0,HIW,NYSE,2021-01-04,2026-08-11,1404,1404,3,3,0.997867803837953,2022-01-03,YES
1c1d1142-aa73-4bcb-aefd-a7e68a2e2867,HKPD,NASDAQ,2025-01-15,2026-08-11,394,246,1013,1161,0.28002842928216065,2026-01-20,YES
b93c37d4-b4b6-472a-9e64-966bfe39aa24,HL,NYSE,2021-01-04,2026-08-11,1404,1404,3,3,0.997867803837953,2022-01-03,YES
1d402214-fe23-47cc-ab78-75151d2fcc88,HLF,NYSE,2021-01-04,2026-08-11,1404,1404,3,3,0.997867803837953,2022-01-03,YES
a3d1bad4-49a3-4225-879b-8826f2b8aadc,HLI,NYSE,2021-01-04,2026-08-11,1404,1404,3,3,0.997867803837953,2022-01-03,YES
cad0b0ee-ee64-41cd-9837-ac936067884b,HLIO,NYSE,2021-01-04,2026-08-11,1405,1404,2,3,0.9985785358919688,2022-01-03,YES
bfadde62-f7f3-41cc-972e-56fb6357e080,HLIT,NASDAQ,2021-01-04,2026-08-11,1407,1407,0,0,1.0,2022-01-03,YES
6f77438b-1f71-4ce8-83ed-b74c24c5bcb0,HLLY,NYSE,2021-01-06,2026-08-11,1391,1391,16,16,0.9886282871357498,2022-01-05,YES
14ba51f3-5c47-4eec-9805-16aafa29f17e,HLMN,NASDAQ,2021-01-04,2026-08-11,1407,1407,0,0,1.0,2022-01-03,YES
d21096a6-74f9-4b78-8c09-5915650948c8,HLNE,NASDAQ,2021-01-04,2026-08-11,1407,1407,0,0,1.0,2022-01-03,YES
6f3473bf-ff62-43db-bee6-b84446e6577a,HLP,NASDAQ,2023-03-29,2026-08-11,845,551,562,856,0.6005685856432125,2024-04-02,YES
072e0811-8f84-4acc-bc3b-95761ea08dd6,HLT,NYSE,2021-01-04,2026-08-11,1404,1404,3,3,0.997867803837953,2022-01-03,YES
26f508e4-cedb-4b65-bc98-d1fd46e18f20,HLX,NYSE,2021-01-04,2026-08-11,1404,1404,3,3,0.997867803837953,2022-01-03,YES
4e73af24-0892-4dd3-b8ca-da5280f43c42,HLXC,NASDAQ,2026-01-23,2026-08-11,138,23,1269,1384,0.09808102345415778,,NO
0e214d8f-9c09-4af7-8c11-90eb60cdaba9,HMH,NASDAQ,2026-04-01,2026-08-11,91,91,1316,1316,0.06467661691542288,,NO
3595a528-7e62-4543-9894-c5e203390368,HMN,NYSE,2021-01-04,2026-08-11,1404,1404,3,3,0.997867803837953,2022-01-03,YES
81dd6c73-4678-47c5-ad36-c9f20f03bf5d,HMR,NASDAQ,2025-02-20,2026-08-11,370,299,1037,1108,0.26297085998578534,2026-02-24,YES
b638bfcc-44c7-4341-946d-0a7d8f3a7a7b,HMY,NYSE,2021-01-04,2026-08-11,1404,1404,3,3,0.997867803837953,2022-01-03,YES
8d2d1ab8-f4ac-479a-8fa2-76ef071a0add,HNGE,NYSE,2025-05-22,2026-08-11,306,306,1101,1101,0.21748400852878466,2026-05-26,YES
027bb1ed-fdec-4c85-843c-63825081ff2e,HNI,NYSE,2021-01-04,2026-08-11,1404,1404,3,3,0.997867803837953,2022-01-03,YES
b3ba020a-b9db-4a1d-9ef2-91eb3769b494,HNNA,NASDAQ,2021-01-04,2026-08-11,1172,526,235,881,0.8329779673063256,2022-01-20,YES
40471112-f1fc-42c8-a3cf-7aec0295494e,HNRG,NASDAQ,2021-01-04,2026-08-11,1395,1395,12,12,0.9914712153518124,2022-01-03,YES
a0d67eb1-f026-44b8-8b12-d461377c62fd,HNST,NASDAQ,2021-05-05,2026-08-11,1323,1323,84,84,0.9402985074626866,2022-05-04,YES
0b1ef3ea-0b77-430d-ae9b-0b6814e5b5de,HNVR,NASDAQ,2022-05-11,2026-08-11,1034,412,373,995,0.7348969438521677,2023-05-16,YES
b5c612c8-1f7a-4468-883f-f35d432ce719,HODO,NASDAQ,2025-03-06,2026-08-11,360,341,1047,1066,0.255863539445629,2026-03-09,YES
0fe37a1a-a8f8-41ae-babb-0cbd12f8baa2,HOFT,NASDAQ,2021-01-04,2026-08-11,1403,1342,4,65,0.9971570717839374,2022-01-03,YES
abedb6e6-42eb-4a23-aa05-05ce6500b503,HOG,NYSE,2021-01-04,2026-08-11,1404,1404,3,3,0.997867803837953,2022-01-03,YES
9d9064c0-bd7e-4d95-bf45-1f81ce7a5687,HOMB,NYSE,2021-01-04,2026-08-11,1406,1406,1,1,0.9992892679459844,2022-01-03,YES
4d463097-3a48-4120-a2ec-d9a4b68302a9,HON,NASDAQ,2021-01-04,2026-08-11,1406,1406,1,1,0.9992892679459844,2022-01-03,YES
9c488e0d-5ece-4791-b920-f66aa506b7ce,HONA,NASDAQ,2026-06-16,2026-08-11,39,37,1368,1370,0.02771855010660981,,NO
c6e72c57-a1a9-4e4b-a7d0-029160f8bd64,HOOD,NASDAQ,2021-07-29,2026-08-11,1264,1264,143,143,0.898365316275764,2022-07-29,YES
60afc16f-591b-466e-bcd4-407768ed03f5,HOPE,NASDAQ,2021-01-04,2026-08-11,1407,1407,0,0,1.0,2022-01-03,YES
6f599f9d-fc91-4269-af81-b60244882887,HOUR,NASDAQ,2022-01-07,2026-08-11,1139,659,268,748,0.8095238095238095,2023-01-10,YES
e6b44f6c-300f-4fe2-b0bd-ef70dea998b5,HOV,NYSE,2021-01-04,2026-08-11,1404,1377,3,30,0.997867803837953,2022-01-03,YES
e7942414-cac6-41d6-b984-fb095fbf98ac,HOVNP,NASDAQ,2021-01-06,2026-08-11,1136,412,271,995,0.8073916133617626,2022-01-05,YES
6de9748c-8c8e-42e2-a76f-366a02229bec,HOVR,NASDAQ,2023-04-03,2026-08-11,842,678,565,729,0.5984363894811656,2024-04-04,YES
10a8f062-e5db-48ff-a012-6e7bd7625dd8,HOWL,NASDAQ,2021-04-30,2026-08-11,1317,1267,90,140,0.9360341151385928,2022-04-29,YES
c989aafd-f5d1-4239-aefc-d431a8edc3e9,HP,NYSE,2021-01-04,2026-08-11,1404,1404,3,3,0.997867803837953,2022-01-03,YES
3e4a2a44-5e38-4c4d-8080-cdcd91599c3a,HPAI,NASDAQ,2021-12-07,2026-08-11,1053,294,354,1113,0.7484008528784648,2022-12-09,YES
03a4498a-78b3-4043-8dcb-2c3cf4dc352e,HPE,NYSE,2021-01-04,2026-08-11,1404,1404,3,3,0.997867803837953,2022-01-03,YES
921df7a6-7e72-490e-a6b8-2c344ffd81d0,HPK,NASDAQ,2021-01-04,2026-08-11,1376,1376,31,31,0.9779673063255153,2022-01-03,YES
afc55b44-f46d-4e62-b405-b898eb8cac0e,HPP,NYSE,2021-01-04,2026-08-11,1404,1404,3,3,0.997867803837953,2022-01-03,YES
8e341794-40b2-4509-bca8-c7b6fc49eb96,HPQ,NYSE,2021-01-04,2026-08-11,1404,1404,3,3,0.997867803837953,2022-01-03,YES
74de62e8-2a70-49c4-aa5c-5827a58aca3c,HQ,NASDAQ,2026-03-20,2026-08-11,99,94,1308,1313,0.07036247334754797,,NO
53d37ab0-a65e-4845-a492-b79225a9b7da,HQH,NYSE,2021-01-04,2026-08-11,1400,1396,7,11,0.9950248756218906,2022-01-03,YES
6635d670-8c36-4117-b0ea-5c0f1fb67a41,HQI,NASDAQ,2021-01-06,2026-08-11,1326,905,81,502,0.9424307036247335,2022-01-05,YES
7cc2e9e2-506d-45f9-9781-ee6bcc0700c3,HQL,NYSE,2021-01-04,2026-08-11,1378,1373,29,34,0.9793887704335466,2022-01-03,YES
07eb5dee-3d16-4230-901d-1b6aafa37e81,HQY,NASDAQ,2021-01-04,2026-08-11,1407,1407,0,0,1.0,2022-01-03,YES
182e27d9-b7da-46fb-a666-3f373c71ff29,HRB,NYSE,2021-01-04,2026-08-11,1404,1404,3,3,0.997867803837953,2022-01-03,YES
0be201ab-6fa1-4c1b-b211-d0113db81908,HRI,NYSE,2021-01-04,2026-08-11,1404,1403,3,4,0.997867803837953,2022-01-03,YES
9d965268-d529-4b57-b211-b544310f1b30,HRL,NYSE,2021-01-04,2026-08-11,1404,1404,3,3,0.997867803837953,2022-01-03,YES
1cc5ef65-cd24-4a3b-aae8-e837a7c6217c,HRMY,NASDAQ,2021-01-04,2026-08-11,1407,1407,0,0,1.0,2022-01-03,YES
203aecd1-b60d-40de-af17-575eba066cc0,HROW,NASDAQ,2021-01-04,2026-08-11,1405,1403,2,4,0.9985785358919688,2022-01-03,YES
d33de84a-5061-4829-af77-6ce19eee7b93,HRTG,NYSE,2021-01-04,2026-08-11,1404,1391,3,16,0.997867803837953,2022-01-03,YES
8f0d5578-d6e9-4711-bfba-26c4fd859aa4,HRTX,NASDAQ,2021-01-04,2026-08-11,1406,1406,1,1,0.9992892679459844,2022-01-03,YES
dffd147e-9b06-4bbd-839d-fd6950803490,HRZN,NASDAQ,2021-01-04,2026-08-11,1407,1406,0,1,1.0,2022-01-03,YES
0480660f-0584-4705-b421-25359177b2c9,HSBC,NYSE,2021-01-04,2026-08-11,1404,1404,3,3,0.997867803837953,2022-01-03,YES
38a74a47-d355-4cde-9476-90c3c075117b,HSCS,NASDAQ,2022-06-15,2026-08-11,1036,712,371,695,0.736318407960199,2023-06-16,YES
caa2388a-2968-40b9-87da-3a8ce0018cc6,HSDT,NASDAQ,2021-01-05,2026-08-11,1277,1025,130,382,0.9076048329779673,2022-01-04,YES
7e12e4d7-267b-4522-963a-b00e85c73e01,HSHP,NYSE,2023-04-03,2026-08-11,842,814,565,593,0.5984363894811656,2024-04-04,YES
1bb0e1f2-1967-4b8d-8f98-30af6505cc6a,HSIC,NASDAQ,2021-01-04,2026-08-11,1407,1407,0,0,1.0,2022-01-03,YES
508e3be1-7553-4a2b-8e0f-7f63f5596631,HSLV,AMEX,2026-03-11,2026-08-11,106,106,1301,1301,0.07533759772565743,,NO
8c16ddb4-4722-4c02-848d-e9f022ae0c35,HST,NASDAQ,2021-01-04,2026-08-11,1407,1407,0,0,1.0,2022-01-03,YES
7218c523-1b5e-4066-8e14-fd3514ca6550,HSTM,NASDAQ,2021-01-04,2026-08-11,1407,1406,0,1,1.0,2022-01-03,YES
d8b2fc19-67b0-4dc4-b84e-648aeced6b96,HSY,NYSE,2021-01-04,2026-08-11,1404,1404,3,3,0.997867803837953,2022-01-03,YES
3c88acea-d9f1-45e8-83b3-31ae5a69f3d9,HTB,NYSE,2021-01-04,2026-08-11,1407,1369,0,38,1.0,2022-01-03,YES
cbbb8a86-059e-4b0c-914c-e0f119a4e7cd,HTCO,NASDAQ,2021-10-12,2026-08-11,1023,670,384,737,0.7270788912579957,2022-12-15,YES
fe7cd49e-f93f-4386-8d44-09545fd7baff,HTCR,NASDAQ,2022-02-10,2026-08-11,1111,744,296,663,0.7896233120113717,2023-02-13,YES
90487c5a-7253-4881-8036-5e5fdaf43c31,HTFL,NASDAQ,2025-08-08,2026-08-11,253,253,1154,1154,0.17981520966595593,2026-08-11,YES
7cb4bbb5-a1f9-4e02-992b-8955673a4b9e,HTGC,NYSE,2021-01-04,2026-08-11,1404,1404,3,3,0.997867803837953,2022-01-03,YES
e2abc685-a5be-4cb4-a4d7-d55384343849,HTH,NYSE,2021-01-04,2026-08-11,1404,1404,3,3,0.997867803837953,2022-01-03,YES
b97899d2-e1a0-493b-83a3-3287c45a8dcd,HTLD,NASDAQ,2021-01-04,2026-08-11,1407,1407,0,0,1.0,2022-01-03,YES
a9a195b7-20cb-4641-9eeb-41544e1f3274,HTLM,NASDAQ,2024-10-01,2026-08-11,466,190,941,1217,0.3312011371712864,2025-10-06,YES
05205ab4-56e0-4998-9a89-c68589800c43,HTO,NASDAQ,2021-01-04,2026-08-11,1404,1404,3,3,0.997867803837953,2022-01-03,YES
659e0cf3-48f4-480c-a3dd-e7e3a3b6c69c,HTOO,NASDAQ,2021-01-04,2026-08-11,1399,1258,8,149,0.994314143567875,2022-01-03,YES
a4447cf9-9adb-48f2-b71d-68508c3bd7bf,HTT,NYSE,2021-01-04,2026-08-11,1403,1401,4,6,0.9971570717839374,2022-01-03,YES
efc57a39-4a41-4152-a779-04f5c67ebbd0,HTZ,NASDAQ,2021-11-09,2026-08-11,1192,1192,215,215,0.8471926083866382,2022-11-09,YES
dbed894a-1189-413b-9825-112179cd244e,HUBB,NYSE,2021-01-04,2026-08-11,1404,1404,3,3,0.997867803837953,2022-01-03,YES
94783cad-6b0a-4ebd-81a1-3dff10d3e7a0,HUBC,NASDAQ,2023-03-01,2026-08-11,865,855,542,552,0.6147832267235253,2024-03-01,YES
384d60fa-40fb-4742-8119-3d0e1a0bcf60,HUBG,NASDAQ,2021-01-04,2026-08-11,1407,1407,0,0,1.0,2022-01-03,YES
3d72d152-26f1-46de-9dcc-21133608e633,HUBS,NYSE,2021-01-04,2026-08-11,1404,1403,3,4,0.997867803837953,2022-01-03,YES
60fb3906-913b-4a94-b39d-907ddc5fefdb,HUHU,NASDAQ,2024-10-22,2026-08-11,451,268,956,1139,0.3205401563610519,2025-10-24,YES
5acb47e5-91b2-4c34-becd-a320436890d7,HUM,NYSE,2021-01-04,2026-08-11,1404,1404,3,3,0.997867803837953,2022-01-03,YES
6d33276c-5f28-4f3b-9c89-8ae4234d4277,HUMA,NASDAQ,2021-01-11,2026-08-11,1387,1387,20,20,0.9857853589196873,2022-01-10,YES
3c2bf1d7-b933-4aa3-924c-721761587b8c,HUN,NYSE,2021-01-04,2026-08-11,1404,1404,3,3,0.997867803837953,2022-01-03,YES
91f9fdf9-2904-4a4c-85c7-a0d7ac396506,HURA,NASDAQ,2021-01-04,2026-08-11,1378,1274,29,133,0.9793887704335466,2022-01-03,YES
991bfee9-c772-4be1-8f2f-ef632fe77fc2,HURC,NASDAQ,2021-01-04,2026-08-11,1358,1169,49,238,0.9651741293532339,2022-01-03,YES
7b17fe5a-6178-4361-9c41-caf5cffe8023,HURN,NASDAQ,2021-01-04,2026-08-11,1407,1405,0,2,1.0,2022-01-03,YES
8e875988-8356-4353-a0c8-c962c3e640d5,HUT,NASDAQ,2021-06-15,2026-08-11,1295,1295,112,112,0.9203980099502488,2022-06-14,YES
1fac96ba-916a-46a7-9d4b-3887a65cd85b,HUYA,NYSE,2021-01-04,2026-08-11,1404,1404,3,3,0.997867803837953,2022-01-03,YES
f02c0ff6-b795-4a01-82a2-8182affd05cc,HVII,NASDAQ,2025-02-11,2026-08-11,376,96,1031,1311,0.26723525230987916,2026-02-12,YES
37e54b72-61ea-4fb4-aa57-85733ea392ef,HVMC,NASDAQ,2025-10-08,2026-08-11,211,19,1196,1388,0.1499644633972992,,NO
a2f0b483-9841-433c-b2ec-9cf1b96c0955,HVT,NYSE,2021-01-04,2026-08-11,1404,1402,3,5,0.997867803837953,2022-01-03,YES
e24c0960-48d9-4af6-a086-308cef267807,HWBK,NASDAQ,2021-01-05,2026-08-11,1204,628,203,779,0.8557213930348259,2022-01-05,YES
9df69cac-8319-490a-90dc-bdf3284562b1,HWC,NASDAQ,2021-01-04,2026-08-11,1407,1407,0,0,1.0,2022-01-03,YES
3d0ef4b9-a15c-469a-9fd6-be7e13521eb5,HWH,NASDAQ,2022-03-24,2026-08-11,1025,500,382,907,0.728500355366027,2023-08-29,YES
56fc5b66-ec11-465b-8bba-0b3df021f21e,HWKN,NASDAQ,2021-01-04,2026-08-11,1401,1396,6,11,0.9957356076759062,2022-01-04,YES
6f9bf0b0-4114-495f-87e4-720b2db3772a,HWM,NYSE,2021-01-04,2026-08-11,1404,1404,3,3,0.997867803837953,2022-01-03,YES
675499e0-6aec-40c8-9e94-98b5ab6c0a30,HXHX,NASDAQ,2025-04-15,2026-08-11,332,237,1075,1170,0.23596304193319118,2026-04-22,YES
b46261d6-f3ae-4c1a-93f5-3696f1aad798,HXL,NYSE,2021-01-04,2026-08-11,1404,1404,3,3,0.997867803837953,2022-01-03,YES
6bced4a9-151d-4db2-bff5-6b091c82614a,HY,NYSE,2021-01-04,2026-08-11,1398,1375,9,32,0.9936034115138592,2022-01-03,YES
243c2202-b379-47b5-bb86-0550f29e83a2,HYFM,NASDAQ,2021-01-04,2026-08-11,1407,1183,0,224,1.0,2022-01-03,YES
2ad65104-fab1-422c-858d-7f5e820af78a,HYFT,NASDAQ,2021-01-04,2026-08-11,1329,1149,78,258,0.9445628997867804,2022-01-03,YES
bdd92f60-1435-4c9e-897a-462109900cda,HYLN,AMEX,2021-01-04,2026-08-11,1404,1404,3,3,0.997867803837953,2022-01-03,YES
ab5fc90d-223d-4908-9d1e-d1a19d5eab5f,HYMC,NASDAQ,2021-01-04,2026-08-11,1384,1373,23,34,0.9836531627576404,2022-01-03,YES
81a502a8-59bc-4117-b0a4-d16008fcee57,HYNE,NASDAQ,2025-12-04,2026-08-11,171,134,1236,1273,0.12153518123667377,,NO
2f51e471-0f5b-41a2-8343-3dc929d57be7,HYPD,NASDAQ,2021-01-04,2026-08-11,1400,1368,7,39,0.9950248756218906,2022-01-03,YES
de317d5c-08c4-46ba-aa2b-c82337615af1,HYPR,NASDAQ,2021-01-27,2026-08-11,1312,1217,95,190,0.9324804548685146,2022-01-26,YES
340703b5-a2f5-4497-9910-864d6526c517,HZO,NYSE,2021-01-04,2026-08-11,1404,1404,3,3,0.997867803837953,2022-01-03,YES
62fe1db7-2542-43df-8973-41d2dea87887,IACO,NASDAQ,2026-04-15,2026-08-11,82,11,1325,1396,0.05828002842928216,,NO
83509a22-b57d-4541-b2ee-9ef0c9e90aa9,IACQ,NASDAQ,2026-06-22,2026-08-11,36,4,1371,1403,0.0255863539445629,,NO
150eccc9-d174-41cc-8ec3-0184d37a95d9,IAG,NYSE,2021-01-04,2026-08-11,1404,1404,3,3,0.997867803837953,2022-01-03,YES
3e0d60d8-8bde-46f6-8ebf-3950efe109ba,IART,NASDAQ,2021-01-04,2026-08-11,1407,1407,0,0,1.0,2022-01-03,YES
f5ad39b0-6c22-4eee-8954-00f700e63dfe,IAUX,AMEX,2022-05-19,2026-08-11,1053,1034,354,373,0.7484008528784648,2023-05-22,YES
d37991fa-784b-4b14-a9c9-239d98c1ce4b,IBAC,NASDAQ,2024-05-13,2026-08-11,563,79,844,1328,0.40014214641080315,2025-06-02,YES
e5e4bdb5-3ea6-4591-92ff-f1c949c6baf1,IBCP,NASDAQ,2021-01-04,2026-08-11,1407,1396,0,11,1.0,2022-01-03,YES
1dd0b94c-7442-4030-bab1-7f8807de5a0e,IBEX,NASDAQ,2021-01-04,2026-08-11,1332,1312,75,95,0.9466950959488273,2022-01-03,YES
fc63444a-4833-4b25-8c35-75d2b6f184d7,IBG,NASDAQ,2024-09-26,2026-08-11,469,372,938,1035,0.3333333333333333,2025-09-30,YES
9e9e1eb4-750a-46e9-be96-19594e3ae0a0,IBIO,NASDAQ,2021-01-04,2026-08-11,1407,1347,0,60,1.0,2022-01-03,YES
a2d428df-103b-4db0-b0b0-6d2c826b840c,IBKR,NASDAQ,2021-01-04,2026-08-11,1407,1407,0,0,1.0,2022-01-03,YES
21d40833-6d13-4031-9af3-02f6a516d791,IBM,NYSE,2021-01-04,2026-08-11,1404,1404,3,3,0.997867803837953,2022-01-03,YES
d4c735dd-ab6a-4f96-ad59-fc2e2dbff6c9,IBN,NYSE,2021-01-04,2026-08-11,1404,1404,3,3,0.997867803837953,2022-01-03,YES
9c80f3ba-b361-4f55-ac30-1c5f8634957b,IBO,AMEX,2024-11-05,2026-08-11,441,232,966,1175,0.31343283582089554,2026-04-30,YES
433fe47d-404d-41c7-a9f5-da4121d4dbec,IBOC,NASDAQ,2021-01-04,2026-08-11,1407,1407,0,0,1.0,2022-01-03,YES
a8b4dec1-56c4-4e91-9d6d-12ef6686dbef,IBP,NYSE,2021-01-04,2026-08-11,1404,1403,3,4,0.997867803837953,2022-01-03,YES
3222baed-3cad-4c7c-9211-1403bf3df74b,IBRX,NASDAQ,2021-01-04,2026-08-11,1407,1407,0,0,1.0,2022-01-03,YES
8536ce46-9ded-45f3-805f-f103a1d1419f,IBTA,NYSE,2021-01-05,2026-08-11,592,592,815,815,0.4207533759772566,2025-04-22,YES
17377842-32df-4521-9662-387a2347c228,ICCC,NASDAQ,2021-01-06,2026-08-11,1212,638,195,769,0.8614072494669509,2022-01-05,YES
cf45f525-2abd-4b31-b0c6-b07c2f8c1da4,ICCM,NASDAQ,2021-08-26,2026-08-11,1128,915,279,492,0.8017057569296375,2022-09-01,YES
dab97681-1775-47b8-922a-d23a4e50744d,ICE,NYSE,2021-01-04,2026-08-11,1404,1404,3,3,0.997867803837953,2022-01-03,YES
13b453f0-6bdb-4222-b546-5fafc2a06581,ICFI,NASDAQ,2021-01-04,2026-08-11,1407,1405,0,2,1.0,2022-01-03,YES
6dddbb0e-15a9-418f-8f0d-e9c080d61e2b,ICHR,NASDAQ,2021-01-04,2026-08-11,1407,1407,0,0,1.0,2022-01-03,YES
0553a09c-751c-46ed-83ce-57361f86393d,ICL,NYSE,2021-01-04,2026-08-11,1404,1404,3,3,0.997867803837953,2022-01-03,YES
8a192feb-4936-48a4-89e8-99f3583716d9,ICLR,NASDAQ,2021-01-04,2026-08-11,1407,1407,0,0,1.0,2022-01-03,YES
851400f8-d968-4d40-9a19-fc3b3ef4cff1,ICMB,NASDAQ,2021-01-04,2026-08-11,1258,881,149,526,0.8941009239516702,2022-01-04,YES
d0169b9c-1b17-4af8-81db-4e50502c1f6c,ICON,NASDAQ,2024-07-12,2026-08-11,522,385,885,1022,0.37100213219616207,2025-07-16,YES
05f60d96-cdef-4525-8f38-0189fb028a64,ICU,NASDAQ,2021-03-18,2026-08-11,1093,963,314,444,0.7768301350390903,2022-03-28,YES
90d7fcbe-1555-4f31-ac76-763c51709c73,ICUI,NASDAQ,2021-01-04,2026-08-11,1407,1407,0,0,1.0,2022-01-03,YES
bcf0d0ce-a6d3-4cd0-964b-caa3365e09fc,IDA,NYSE,2021-01-04,2026-08-11,1404,1404,3,3,0.997867803837953,2022-01-03,YES
f090509f-575d-4dcc-8bd8-477abe74ad69,IDAC,NASDAQ,2026-07-09,2026-08-11,24,2,1383,1405,0.017057569296375266,,NO
cc2265ff-3f8e-4194-8a46-6572babcba4d,IDAI,NASDAQ,2022-02-03,2026-08-11,1086,885,321,522,0.7718550106609808,2023-02-15,YES
480d7cc5-cf35-42c9-9bd9-a35940b2ae67,IDCC,NASDAQ,2021-01-04,2026-08-11,1407,1407,0,0,1.0,2022-01-03,YES
65415f0f-4e97-440d-a795-25c5bf04a546,IDN,NASDAQ,2021-01-04,2026-08-11,1394,1219,13,188,0.9907604832977968,2022-01-03,YES
7e91534f-ac22-45a8-b884-889e18325475,IDR,AMEX,2022-03-11,2026-08-11,1080,851,327,556,0.767590618336887,2023-03-15,YES
a6e37e73-78fe-44f0-8bd8-5d7a0b55c5c3,IDT,NYSE,2021-01-04,2026-08-11,1404,1399,3,8,0.997867803837953,2022-01-03,YES
3988b92e-b5ee-449e-a83a-a04bbdf18cff,IDXX,NASDAQ,2021-01-04,2026-08-11,1407,1407,0,0,1.0,2022-01-03,YES
f792de6d-9633-4327-b29e-3ae13bd3ab02,IDYA,NASDAQ,2021-01-04,2026-08-11,1407,1407,0,0,1.0,2022-01-03,YES
6624ee33-4c25-495b-acb5-c9b1467a0cf0,IE,AMEX,2022-06-28,2026-08-11,1034,1034,373,373,0.7348969438521677,2023-06-29,YES
c0919bb5-4ffb-4ccd-a8bf-12faae9c7399,IEAG,NASDAQ,2026-03-12,2026-08-11,105,14,1302,1393,0.07462686567164178,,NO
92fedb4c-d069-4c47-85b4-a70614ce0d19,IEP,NASDAQ,2021-01-04,2026-08-11,1407,1407,0,0,1.0,2022-01-03,YES
23203423-565f-4c0b-bc65-cc7462a6f43e,IESC,NASDAQ,2021-01-04,2026-08-11,1402,1386,5,21,0.9964463397299218,2022-01-03,YES
f56cfba3-833e-4ed2-95cc-a8f8756664fa,IEX,NYSE,2021-01-04,2026-08-11,1404,1404,3,3,0.997867803837953,2022-01-03,YES
e2406e70-cb14-4414-ac3c-faca60013d47,IFBD,NASDAQ,2021-04-20,2026-08-11,1249,808,158,599,0.8877043354655295,2022-04-19,YES
c6c4b6a0-fd62-44b4-8e16-4dd9b31b71ba,IFF,NYSE,2021-01-04,2026-08-11,1404,1404,3,3,0.997867803837953,2022-01-03,YES
b5bc7fe2-7490-472b-972a-480e20d623dc,IFRX,NASDAQ,2021-01-04,2026-08-11,1404,1382,3,25,0.997867803837953,2022-01-03,YES
3e959eb5-2b11-46e8-a916-8ce0f839c4d9,IFS,NYSE,2021-01-04,2026-08-11,1400,1382,7,25,0.9950248756218906,2022-01-03,YES
eb32492d-a418-4650-83e6-71b457dbf775,IGAC,NASDAQ,2021-01-04,2026-08-11,520,309,887,1098,0.3695806680881308,2022-01-05,YES
1b94de92-056b-4e8a-b099-2f188eb25e9c,IGC,AMEX,2021-01-04,2026-08-11,1369,1168,38,239,0.9729921819474058,2022-01-03,YES
71b8debb-e8db-4dbd-a39b-54027b7f3435,IGIC,NASDAQ,2021-01-04,2026-08-11,1261,1211,146,196,0.8962331201137171,2022-01-03,YES
f912d405-d0dd-49ec-99ff-60a8f6e1983f,IHG,NYSE,2021-01-04,2026-08-11,1404,1403,3,4,0.997867803837953,2022-01-03,YES
d2db45b9-266e-49af-bc26-3f2faeaad410,IHRT,NASDAQ,2021-01-04,2026-08-11,1407,1407,0,0,1.0,2022-01-03,YES
c4a54fd2-e096-41f2-a109-6d588a6a996e,IHS,NYSE,2021-10-14,2026-08-11,1208,1208,199,199,0.8585643212508884,2022-10-14,YES
22e64cf8-33b7-4b0f-873a-e3f761f7d4ab,III,NASDAQ,2021-01-04,2026-08-11,1407,1392,0,15,1.0,2022-01-03,YES
99c4bf7f-be08-4ae6-8283-d7ecb38a082c,IIIN,NYSE,2021-01-04,2026-08-11,1403,1399,4,8,0.9971570717839374,2022-01-03,YES
ae995c81-adcc-452d-b35c-7f8b1709da8d,IIIV,NASDAQ,2021-01-04,2026-08-11,1407,1407,0,0,1.0,2022-01-03,YES
3add4242-dda2-4eb4-84b4-13575bfcac24,IIPR,NYSE,2021-01-04,2026-08-11,1404,1403,3,4,0.997867803837953,2022-01-03,YES
dbfa6fc5-d858-4e5d-8858-f376a557d238,IKT,NASDAQ,2021-01-04,2026-08-11,1345,1150,62,257,0.9559346126510305,2022-01-03,YES
d2b2238a-3b26-4c18-a114-a50fc62e123b,ILLR,NASDAQ,2024-10-16,2026-08-11,455,379,952,1028,0.32338308457711445,2025-10-20,YES
8bb66bc6-ef12-4416-b288-3462f6f73940,ILLU,NASDAQ,2026-05-29,2026-08-11,51,1,1356,1406,0.03624733475479744,,NO
77832354-b542-4769-b168-1ee930e2d2e9,ILMN,NASDAQ,2021-01-04,2026-08-11,1407,1407,0,0,1.0,2022-01-03,YES
2be5f802-f71f-4dd9-9c74-dd4496790ce0,IMA,NASDAQ,2021-03-26,2026-08-11,1349,1242,58,165,0.9587775408670931,2022-03-25,YES
cb808a27-c15f-42e2-b2ee-a83a35b2593f,IMAX,NYSE,2021-01-04,2026-08-11,1404,1404,3,3,0.997867803837953,2022-01-03,YES
03b42d7f-e5b7-40c5-b125-fe936734a90b,IMC,AMEX,2026-07-29,2026-08-11,10,10,1397,1397,0.007107320540156361,,NO
b477ed9a-3198-4440-9906-167fcc46b728,IMCC,NASDAQ,2021-03-01,2026-08-11,1311,955,96,452,0.9317697228144989,2022-02-28,YES
0931d5f6-e4bf-474c-b280-68b55782b25e,IMDX,NASDAQ,2021-01-04,2026-08-11,1407,1203,0,204,1.0,2022-01-03,YES
62cb96c2-39ce-4b91-8b6b-87ffb9b91a65,IMKTA,NASDAQ,2021-01-04,2026-08-11,1407,1402,0,5,1.0,2022-01-03,YES
f1810a70-b620-4f07-bc3f-40712dbd92bd,IMMR,NASDAQ,2021-01-04,2026-08-11,1407,1407,0,0,1.0,2022-01-03,YES
b3366efb-20a2-42ad-a8d3-2443b3410fb6,IMMX,NASDAQ,2021-12-16,2026-08-11,1155,1078,252,329,0.8208955223880597,2022-12-16,YES
961bc1ba-1230-4cb7-9ca5-7f95b37eb044,IMNM,NASDAQ,2021-01-05,2026-08-11,1386,1312,21,95,0.9850746268656716,2022-01-04,YES
5de2d113-b8e3-47bd-954b-d9e5ff4faa49,IMNN,NASDAQ,2021-01-04,2026-08-11,1386,1108,21,299,0.9850746268656716,2022-01-03,YES
b90ce60d-1bd2-420b-a47d-6ff05954809f,IMO,AMEX,2021-01-04,2026-08-11,1407,1407,0,0,1.0,2022-01-03,YES
5d8d5cc0-20d0-43a8-996c-16a9d95be558,IMPP,NASDAQ,2021-12-07,2026-08-11,1157,1149,250,258,0.822316986496091,2022-12-07,YES
37cf7c99-3089-4064-b145-bfb7a230a294,IMRX,NASDAQ,2021-07-30,2026-08-11,1261,1236,146,171,0.8962331201137171,2022-08-01,YES
cb30f885-3e47-4611-b373-03d07ba0aaf9,IMSR,NASDAQ,2024-10-10,2026-08-11,459,349,948,1058,0.326226012793177,2025-10-14,YES
928d0036-0697-442a-ab7c-0790aea51123,IMTE,NASDAQ,2021-01-04,2026-08-11,1399,860,8,547,0.994314143567875,2022-01-03,YES
d1cda48a-d89f-4602-82ab-f03b231422d7,IMTX,NASDAQ,2021-01-04,2026-08-11,1407,1407,0,0,1.0,2022-01-03,YES
efe422e8-0a83-4bda-9bd5-a1299b6cdfaf,IMUX,NASDAQ,2021-01-04,2026-08-11,1407,1406,0,1,1.0,2022-01-03,YES
c9772752-4a8d-4f56-b6ee-be0d6911dc2e,IMVT,NASDAQ,2021-01-04,2026-08-11,1407,1407,0,0,1.0,2022-01-03,YES
772cb526-4c77-460a-8835-5947e94c0bd9,IMXI,NASDAQ,2021-01-04,2026-08-11,1407,1407,0,0,1.0,2022-01-03,YES
0cfeeea4-612d-470e-8c46-853acddfdcdd,INAB,NASDAQ,2021-07-30,2026-08-11,1181,1025,226,382,0.8393745557924662,2022-08-05,YES
3ba0ec29-80b8-49d3-964b-5422b27d3d19,INAC,NASDAQ,2025-07-30,2026-08-11,260,24,1147,1383,0.1847903340440654,,NO
513f94f8-ef6a-4faf-be39-d27c6eb8121c,INBK,NASDAQ,2021-01-04,2026-08-11,1393,1341,14,66,0.9900497512437811,2022-01-03,YES
93031206-3c64-47df-8f54-2f6a0beec7eb,INBS,NASDAQ,2021-01-04,2026-08-11,1363,1166,44,241,0.968727789623312,2022-01-03,YES
5ef3cff6-0d4b-4643-91c2-362f372ab67a,INBX,NASDAQ,2024-05-29,2026-08-11,552,550,855,857,0.39232409381663114,2025-06-02,YES
a5e4c919-09ed-41bd-a653-416f6ef2ffc3,INCR,NASDAQ,2021-09-01,2026-08-11,1194,689,213,718,0.8486140724946695,2022-09-07,YES
460d5fb3-ed90-48a1-b0d7-276f08f617f5,INCY,NASDAQ,2021-01-04,2026-08-11,1407,1407,0,0,1.0,2022-01-03,YES
034e2e67-e61e-480b-a7f6-82a7b9ac6363,INDB,NASDAQ,2021-01-04,2026-08-11,1407,1407,0,0,1.0,2022-01-03,YES
42139007-0e89-4268-a196-feaf487aee5d,INDI,NASDAQ,2021-01-04,2026-08-11,1407,1407,0,0,1.0,2022-01-03,YES
d0b32ebc-144b-4f7b-90ad-5f3ae3de4f24,INDO,AMEX,2021-01-04,2026-08-11,1251,1193,156,214,0.8891257995735607,2022-01-03,YES
edf2858d-98ec-4c46-b87e-ebbddc0d8949,INDP,NASDAQ,2021-08-04,2026-08-11,1244,789,163,618,0.8841506751954513,2022-08-04,YES
9a94b088-e05b-4218-a017-80abb518b10b,INDV,NASDAQ,2023-06-12,2026-08-11,794,710,613,697,0.5643212508884151,2024-06-12,YES
a33b85e2-0da4-4457-a713-186151dc3fb3,INEO,NASDAQ,2025-04-28,2026-08-11,324,186,1083,1221,0.2302771855010661,2026-04-29,YES
50f6ad08-4230-4309-bca8-8547877946ea,INFQ,NYSE,2025-07-08,2026-08-11,276,246,1131,1161,0.19616204690831557,2026-07-09,YES
e10bff2e-252f-4aef-b8c2-2d1d55c22109,INFU,AMEX,2021-01-04,2026-08-11,1407,1381,0,26,1.0,2022-01-03,YES
facd63f5-5f40-42c2-befd-5a842ecb6a4a,INGM,NYSE,2024-10-24,2026-08-11,449,449,958,958,0.3191186922530206,2025-10-28,YES
74ca1612-339e-4a36-93fc-1e6d2975d6b7,INGN,NASDAQ,2021-01-04,2026-08-11,1407,1407,0,0,1.0,2022-01-03,YES
d63f9fea-b582-40db-b75f-0329224436df,INGR,NYSE,2021-01-04,2026-08-11,1404,1404,3,3,0.997867803837953,2022-01-03,YES
e73f0d0b-c852-4187-b982-5b932a5c7b83,INHD,NASDAQ,2023-12-14,2026-08-11,665,473,742,934,0.472636815920398,2024-12-16,YES
3d432774-56c6-44b4-8a5a-9f0c691bd19b,INIO,NASDAQ,2026-06-04,2026-08-11,47,47,1360,1360,0.033404406538734895,,NO
31440ac9-96e9-486c-9df5-3e5d8505f4ea,INKT,NASDAQ,2021-10-15,2026-08-11,1183,700,224,707,0.8407960199004975,2022-10-17,YES
a0365d02-461f-4273-8379-a6de0d4b6bc7,INLF,NASDAQ,2025-01-03,2026-08-11,401,285,1006,1122,0.2850035536602701,2026-01-07,YES
c60ea4e3-025e-49c5-98c4-96c59485b36f,INLX,AMEX,2022-09-09,2026-08-11,983,235,424,1172,0.6986496090973703,2023-09-12,YES
e90ebde8-adc2-4bdc-adba-5c073c28e529,INM,NASDAQ,2021-01-04,2026-08-11,1301,1078,106,329,0.9246624022743426,2022-01-03,YES
cdd902be-e094-4ac2-b777-7a33417b32bd,INMB,NASDAQ,2021-01-04,2026-08-11,1406,1375,1,32,0.9992892679459844,2022-01-03,YES
b6a619d1-c425-4f17-ad4d-f2f2024a1db0,INMD,NASDAQ,2021-01-04,2026-08-11,1407,1407,0,0,1.0,2022-01-03,YES
b00ca7c2-eebd-416e-8c49-2119cfc30e66,INN,NYSE,2021-01-04,2026-08-11,1404,1404,3,3,0.997867803837953,2022-01-03,YES
d31925e3-89b5-402b-944c-7a9ab2906f9e,INNV,NASDAQ,2021-03-04,2026-08-11,1366,1261,41,146,0.9708599857853589,2022-03-03,YES
8dee1cf3-3ea9-4a3f-ab78-d309011702cd,INO,NASDAQ,2021-01-04,2026-08-11,1407,1407,0,0,1.0,2022-01-03,YES
bba79d26-e6b2-4507-8fa7-20634072d7bf,INOD,NASDAQ,2021-01-04,2026-08-11,1391,1361,16,46,0.9886282871357498,2022-01-03,YES
b9a5d4c8-ccba-4895-be2a-64068b46a52b,INR,NYSE,2025-01-31,2026-08-11,383,383,1024,1024,0.27221037668798864,2026-02-03,YES
2ce275bf-8824-45c4-b3e2-201f39762293,INSE,NASDAQ,2021-01-04,2026-08-11,1406,1398,1,9,0.9992892679459844,2022-01-03,YES
1ca8472b-59e5-406f-99c4-227c76412961,INSG,NASDAQ,2021-01-04,2026-08-11,1407,1393,0,14,1.0,2022-01-03,YES
ca508e2e-ebcd-443a-9b9c-15aa4d3f2b53,INSM,NASDAQ,2021-01-04,2026-08-11,1407,1407,0,0,1.0,2022-01-03,YES
23056aeb-fbe7-476b-9852-5ccdb3dcbb2c,INSP,NYSE,2021-01-04,2026-08-11,1404,1404,3,3,0.997867803837953,2022-01-03,YES
2127d391-f7d2-4477-b324-582508be826f,INSW,NYSE,2021-01-04,2026-08-11,1404,1404,3,3,0.997867803837953,2022-01-03,YES
e6c2fc99-a0e9-448d-8b30-ab1e3d93e760,INTA,NASDAQ,2021-06-30,2026-08-11,1284,1284,123,123,0.9125799573560768,2022-06-30,YES
0cf42aa3-9816-4f1f-aa84-6482ac9303e9,INTC,NASDAQ,2021-01-04,2026-08-11,1407,1407,0,0,1.0,2022-01-03,YES
49da38c2-8db2-4943-adb4-e054d6d10d2a,INTG,NASDAQ,2021-01-05,2026-08-11,1096,292,311,1115,0.7789623312011372,2022-02-08,YES
2a1987e6-5d6d-47d3-b4bb-f1dc5be14e28,INTJ,NASDAQ,2024-03-20,2026-08-11,600,352,807,1055,0.42643923240938164,2025-03-24,YES
b21f2db1-711d-4601-9c6b-e86d265d8125,INTR,NASDAQ,2022-06-24,2026-08-11,1034,1027,373,380,0.7348969438521677,2023-06-27,YES
1b564109-12ed-4c6e-8613-2795d22eaa35,INTS,NASDAQ,2023-06-30,2026-08-11,781,578,626,829,0.5550817341862118,2024-07-02,YES
f052bdfa-5008-4de2-9ea3-79222ec2bb61,INTT,AMEX,2021-01-04,2026-08-11,1406,1355,1,52,0.9992892679459844,2022-01-03,YES
cd1347d7-8add-49bd-acd1-4ffde9a4081b,INTU,NASDAQ,2021-01-04,2026-08-11,1407,1407,0,0,1.0,2022-01-03,YES
09eeee32-98a1-44bd-bd31-b210cad43ec0,INTZ,NASDAQ,2021-01-04,2026-08-11,1394,1254,13,153,0.9907604832977968,2022-01-03,YES
2cffbc52-835c-4d11-898d-71489b54b863,INUV,AMEX,2021-01-04,2026-08-11,1371,1273,36,134,0.9744136460554371,2022-01-03,YES
7eb84c21-733f-474a-89f0-0fdb9c1d3f3d,INV,NASDAQ,2021-12-14,2026-08-11,1044,515,363,892,0.7420042643923241,2023-01-04,YES
53834af5-0ff8-4cd2-9ecd-f814278d442e,INVA,NASDAQ,2021-01-04,2026-08-11,1407,1406,0,1,1.0,2022-01-03,YES
b305a59e-5945-41de-bb63-8beddcdb37e0,INVE,NASDAQ,2021-01-04,2026-08-11,1407,1382,0,25,1.0,2022-01-03,YES
6d7aa93c-9c8a-414d-a1ed-4ba7154fdd11,INVH,NYSE,2021-01-04,2026-08-11,1404,1404,3,3,0.997867803837953,2022-01-03,YES
5c0c93f5-b4aa-48cf-a429-b40f62ce0960,INVX,NYSE,2021-01-04,2026-08-11,1404,1404,3,3,0.997867803837953,2022-01-03,YES
7c3cb090-c047-4999-b2ab-d275fa71f55f,INVZ,NASDAQ,2021-01-04,2026-08-11,1407,1407,0,0,1.0,2022-01-03,YES
408a06a8-2999-4f2e-8b9c-6cb1c34d1573,IOND,NASDAQ,2026-07-28,2026-08-11,11,11,1396,1396,0.007818052594171997,,NO
2e24c584-029a-46b3-9f68-5ccacfc4ed84,IONQ,NYSE,2021-01-05,2026-08-11,1403,1403,4,4,0.9971570717839374,2022-01-04,YES
0a944f49-22df-4335-9ce1-72a038cfe6c7,IONS,NASDAQ,2021-01-04,2026-08-11,1407,1407,0,0,1.0,2022-01-03,YES
10234f74-6a16-403f-8b77-dbc114e92a5b,IOR,AMEX,2021-02-09,2026-08-11,1009,77,398,1330,0.7171286425017769,2023-03-15,YES
b2f67b0c-76ea-4be2-a7a7-8d950055b5e7,IOSP,NASDAQ,2021-01-04,2026-08-11,1407,1406,0,1,1.0,2022-01-03,YES
88968dd4-f4b4-4143-830e-f5ed16a4d241,IOT,NYSE,2021-12-15,2026-08-11,1166,1166,241,241,0.8287135749822317,2022-12-15,YES
618f7853-8b76-4334-a6f1-3875c83c189b,IOTR,NASDAQ,2025-04-10,2026-08-11,335,237,1072,1170,0.23809523809523808,2026-04-15,YES
e4c0de2d-cec9-4038-a311-92a99b935209,IOVA,NASDAQ,2021-01-04,2026-08-11,1407,1407,0,0,1.0,2022-01-03,YES
d40b732c-72ca-44e0-a156-28ce00086458,IP,NYSE,2021-01-04,2026-08-11,1404,1404,3,3,0.997867803837953,2022-01-03,YES
516e7d3c-1969-4972-9a24-eca3514849fd,IPAR,NASDAQ,2021-01-04,2026-08-11,1407,1405,0,2,1.0,2022-01-03,YES
34e41c1c-a5c0-4f99-aadc-58765bfe99a1,IPCX,NASDAQ,2025-06-23,2026-08-11,286,60,1121,1347,0.20326936744847193,2026-07-22,YES
838bef01-5944-4689-8ec7-d7406e55dadb,IPDN,NASDAQ,2021-01-04,2026-08-11,1287,903,120,504,0.9147121535181236,2022-01-03,YES
428a299e-45b0-415f-855e-b75368c81c30,IPEX,NASDAQ,2025-03-18,2026-08-11,346,31,1061,1376,0.2459132906894101,,NO
50725ed5-2154-484c-99ec-a03eecec8b7e,IPFX,NASDAQ,2026-05-28,2026-08-11,52,40,1355,1367,0.03695806680881308,,NO
c36731fb-9b1b-4c84-8935-fe13bb764f72,IPGP,NASDAQ,2021-01-04,2026-08-11,1407,1407,0,0,1.0,2022-01-03,YES
33acb2e9-d2b0-4cb2-bbdf-39f792fd925d,IPI,NYSE,2021-01-04,2026-08-11,1404,1401,3,6,0.997867803837953,2022-01-03,YES
35d018b4-5260-4498-bd5d-9e1c30b2e46a,IPM,NASDAQ,2021-08-03,2026-08-11,1241,940,166,467,0.8820184790334044,2022-08-03,YES
045fc311-bc5d-481b-ab5f-d27b9f794fa3,IPSC,NASDAQ,2021-06-18,2026-08-11,1292,1288,115,119,0.9182658137882018,2022-06-17,YES
47436624-d3f0-4a1d-8c19-dc4e169c900e,IPST,NASDAQ,2024-11-22,2026-08-11,428,376,979,1031,0.30419331911869224,2025-11-26,YES
7dfad724-f35d-4d61-a732-cc0b5df95827,IPVV,NASDAQ,2026-08-03,2026-08-11,7,2,1400,1405,0.004975124378109453,,NO
27764b9f-3aca-4bee-ada4-0f188c5301b5,IPW,NASDAQ,2021-05-12,2026-08-11,1291,944,116,463,0.9175550817341862,2022-05-12,YES
a6b6cc4f-e56f-4a09-8867-7dce645880d3,IPWR,NASDAQ,2021-01-04,2026-08-11,1388,1023,19,384,0.9864960909737029,2022-01-03,YES
e1d6a510-30ca-4eb8-9e29-c91ffa566557,IQI,NYSE,2021-01-04,2026-08-11,1393,1385,14,22,0.9900497512437811,2022-01-03,YES
332a5f92-20ce-4116-80a2-e25ee3a7c69c,IQST,NASDAQ,2025-05-14,2026-08-11,312,298,1095,1109,0.22174840085287847,2026-05-15,YES
b8a3bd96-7724-467b-b044-92a6f6d84fce,IQV,NYSE,2021-01-04,2026-08-11,1404,1404,3,3,0.997867803837953,2022-01-03,YES
b33b4a2e-b930-48da-946c-568ef91f3dab,IR,NYSE,2021-01-04,2026-08-11,1404,1404,3,3,0.997867803837953,2022-01-03,YES
e2480c18-d6a3-419b-96a2-6821c3b02de3,IRAB,NYSE,2026-04-02,2026-08-11,90,3,1317,1404,0.06396588486140725,,NO
cf50479f-9982-446a-ad3f-61fa7f339971,IRD,NASDAQ,2021-01-04,2026-08-11,1407,1359,0,48,1.0,2022-01-03,YES
b5b33058-80a0-4ed8-93b6-e14e849c8b2e,IRDM,NASDAQ,2021-01-04,2026-08-11,1407,1407,0,0,1.0,2022-01-03,YES
c29c80ef-0699-4e5f-bfbd-8ef04460c0e7,IREN,NASDAQ,2021-11-17,2026-08-11,1186,1185,221,222,0.8429282160625444,2022-11-17,YES
adae1a55-9758-44ec-9e21-dac84058d17f,IRHO,NASDAQ,2026-03-10,2026-08-11,107,15,1300,1392,0.07604832977967306,,NO
0600dc31-eade-452a-b5cf-c6b58adf65c2,IRIX,NASDAQ,2021-01-04,2026-08-11,1333,956,74,451,0.9474058280028429,2022-01-03,YES
2da35038-7511-48aa-81cf-3f6c377f7c09,IRM,NYSE,2021-01-04,2026-08-11,1404,1404,3,3,0.997867803837953,2022-01-03,YES
20a32091-0978-4fba-ac84-8542944c092d,IRMD,NASDAQ,2021-01-04,2026-08-11,1378,1328,29,79,0.9793887704335466,2022-01-03,YES
616c2c48-5f8e-4f9b-9fe5-4cc80b24cda2,IRON,NASDAQ,2021-01-04,2026-08-11,1406,1386,1,21,0.9992892679459844,2022-01-03,YES
f2ec4d31-5f7d-4f49-b546-36ac6085ef6e,IRTC,NASDAQ,2021-01-04,2026-08-11,1407,1407,0,0,1.0,2022-01-03,YES
a4fd3c39-ca6f-42db-85cc-195310176cda,IRWD,NASDAQ,2021-01-04,2026-08-11,1407,1407,0,0,1.0,2022-01-03,YES
6ed6e4d4-8d36-4643-8c74-051c23d38144,ISBA,NASDAQ,2025-05-15,2026-08-11,311,201,1096,1206,0.22103766879886283,2026-05-18,YES
c6a3195d-204e-49f4-beb5-1c140a2b83c0,ISNR,NASDAQ,2026-08-05,2026-08-11,5,1,1402,1406,0.0035536602700781805,,NO
709d4488-6988-46ab-95bf-327c2163815e,ISOU,AMEX,2025-05-05,2026-08-11,319,304,1088,1103,0.2267235252309879,2026-05-06,YES
610d805d-e30b-4ac0-b6de-0f67056ec0ea,ISPC,NASDAQ,2021-06-17,2026-08-11,1270,1054,137,353,0.9026297085998578,2022-06-16,YES
4c86d987-79da-49ef-a45d-e6479c4b9580,ISPR,NASDAQ,2023-04-04,2026-08-11,841,798,566,609,0.59772565742715,2024-04-05,YES
e02df0be-fd3a-4762-b4c1-c274784bf756,ISRG,NASDAQ,2021-01-04,2026-08-11,1407,1407,0,0,1.0,2022-01-03,YES
1d3c05a1-8d22-4c24-872a-3f60d48f6382,ISSC,NASDAQ,2021-01-05,2026-08-11,1263,1124,144,283,0.8976545842217484,2022-01-07,YES
27765d55-c2b6-4c21-9f1e-9a7dd0b5f3d2,ISTR,NASDAQ,2021-01-06,2026-08-11,1320,1192,87,215,0.9381663113006397,2022-01-07,YES
ce016848-57bf-4a5d-be20-af1ac2a199f9,IT,NYSE,2021-01-04,2026-08-11,1404,1404,3,3,0.997867803837953,2022-01-03,YES
264e36ce-2214-4537-addd-c65950d99cde,ITG,NASDAQ,2026-07-01,2026-08-11,29,29,1378,1378,0.02061122956645345,,NO
3c9aedb0-331c-48e3-9baf-330ece8ad7ba,ITGR,NYSE,2021-01-04,2026-08-11,1404,1404,3,3,0.997867803837953,2022-01-03,YES
07bbef42-25bb-42ad-9243-54e3153b2e8a,ITHA,NASDAQ,2026-02-20,2026-08-11,119,4,1288,1403,0.0845771144278607,,NO
3b556148-978f-4540-a284-80681b5c5139,ITIC,NASDAQ,2021-01-04,2026-08-11,1113,405,294,1002,0.7910447761194029,2022-01-04,YES
877631b2-b4a6-4078-8d18-c06ed974128b,ITOC,NASDAQ,2024-09-05,2026-08-11,484,348,923,1059,0.34399431414356785,2025-09-09,YES
18ba88a3-42f5-4cee-9618-768dd5f6f8a6,ITP,AMEX,2021-01-04,2026-08-11,1381,926,26,481,0.9815209665955935,2022-01-03,YES
4776f18b-88f7-4526-b65b-e46865830048,ITRG,AMEX,2021-01-04,2026-08-11,1261,1068,146,339,0.8962331201137171,2022-01-04,YES
74ad36d1-f922-4a32-861a-7a9125b76ae7,ITRI,NASDAQ,2021-01-04,2026-08-11,1407,1407,0,0,1.0,2022-01-03,YES
b0d56d35-93e7-4635-8e45-721d6197a6c8,ITRN,NASDAQ,2021-01-04,2026-08-11,1403,1382,4,25,0.9971570717839374,2022-01-03,YES
25fc84d6-a836-429b-848c-ebe4733d5db3,ITT,NYSE,2021-01-04,2026-08-11,1404,1404,3,3,0.997867803837953,2022-01-03,YES
399a368e-f430-4a40-bd27-a046ea7bc0d9,ITW,NYSE,2021-01-04,2026-08-11,1404,1404,3,3,0.997867803837953,2022-01-03,YES
0c6de05f-9f9a-421e-853b-ee85b639e142,IVA,NASDAQ,2021-01-04,2026-08-11,1198,746,209,661,0.851457000710732,2022-01-14,YES
430bed5e-9f76-4c70-8ca7-197afeb1bf9a,IVDA,NASDAQ,2022-04-01,2026-08-11,1081,865,326,542,0.7683013503909026,2023-04-04,YES
75f333fc-5acf-4f91-a2f2-b598ad72db78,IVF,NASDAQ,2025-04-28,2026-08-11,324,273,1083,1134,0.2302771855010661,2026-04-29,YES
cad3102a-88ae-4686-8e2c-627ee61c6aff,IVR,NYSE,2021-01-04,2026-08-11,1404,1404,3,3,0.997867803837953,2022-01-03,YES
a5469a8d-32e3-46d8-bd3f-2a1ff5b8e6fd,IVT,NYSE,2021-10-12,2026-08-11,1210,1210,197,197,0.8599857853589197,2022-10-12,YES
2accd158-bbde-4bd3-a864-277effb54099,IVVD,NASDAQ,2021-08-06,2026-08-11,1258,1256,149,151,0.8941009239516702,2022-08-08,YES
4c95e7ec-088b-4406-b011-f3db977acb5a,IVZ,NYSE,2021-01-04,2026-08-11,1404,1404,3,3,0.997867803837953,2022-01-03,YES
82f40509-6cd6-4e02-ba68-d8fd74f2e8e4,IXHL,NASDAQ,2022-03-03,2026-08-11,1087,813,320,594,0.7725657427149965,2023-03-06,YES
a1e250bb-73ca-4adf-b60f-765350c528a1,IZEA,NASDAQ,2021-01-04,2026-08-11,1404,1203,3,204,0.997867803837953,2022-01-03,YES
a1fed325-c0f8-4bcb-8ea4-0cd595df061e,J,NYSE,2021-01-04,2026-08-11,1404,1404,3,3,0.997867803837953,2022-01-03,YES
69eef8da-097c-44ae-8ca6-f3481b367c71,JAB,NASDAQ,2026-08-06,2026-08-11,4,4,1403,1403,0.0028429282160625444,,NO
3c65ddf0-1336-462d-bd58-fa43ccec3c4a,JACK,NASDAQ,2021-01-04,2026-08-11,1407,1407,0,0,1.0,2022-01-03,YES
415fabae-3ef7-401a-9d0e-699bcdb89c59,JACS,NYSE,2025-02-05,2026-08-11,380,45,1027,1362,0.27007818052594174,2026-05-21,YES
26ee423c-9fb9-4f8d-9640-2ff59592989b,JAGU,AMEX,2026-02-10,2026-08-11,126,124,1281,1283,0.08955223880597014,,NO
2d6e9c2e-3c72-4b37-ad51-44d4f27a5f27,JAGX,NASDAQ,2021-01-04,2026-08-11,1406,1365,1,42,0.9992892679459844,2022-01-03,YES
7e8348b1-8a2d-4538-85e0-1379f5911fea,JAKK,NASDAQ,2021-01-04,2026-08-11,1407,1401,0,6,1.0,2022-01-03,YES
f8fae62d-3da8-425d-9a28-9f24e6f0be37,JAN,NYSE,2021-01-04,2026-08-11,935,753,472,654,0.6645344705046198,2022-01-04,YES
2f0c3ec2-5910-4874-949f-1bc6e8176175,JANX,NASDAQ,2021-06-11,2026-08-11,1296,1295,111,112,0.9211087420042644,2022-06-10,YES
ba364f8b-d429-4c51-9522-b7e5a8438e15,JATT,NASDAQ,2021-09-10,2026-08-11,268,63,1139,1344,0.19047619047619047,2023-01-03,YES
ad1ed09f-3d20-4826-9461-af127395b6c7,JAZZ,NASDAQ,2021-01-04,2026-08-11,1407,1407,0,0,1.0,2022-01-03,YES
781270b6-1b43-466f-b284-8d1edf450157,JBGS,NYSE,2021-01-04,2026-08-11,1404,1404,3,3,0.997867803837953,2022-01-03,YES
c201b764-a9a6-4a73-bed2-d25202fd0b62,JBHT,NASDAQ,2021-01-04,2026-08-11,1407,1407,0,0,1.0,2022-01-03,YES
0da2bd6c-2356-41da-aa2b-f464ebb514ab,JBI,NYSE,2021-01-04,2026-08-11,1404,1404,3,3,0.997867803837953,2022-01-03,YES
fccc7624-9d58-46df-a4db-5fa17180ce2d,JBIO,NASDAQ,2021-06-30,2026-08-11,1281,1272,126,135,0.9104477611940298,2022-06-30,YES
167b107a-4657-4c4d-a558-3fc3d151cf99,JBK,NYSE,2021-02-01,2026-08-11,1047,49,360,1358,0.744136460554371,,NO
ac8f1019-e8aa-4a5d-9434-97cc688bf606,JBL,NYSE,2021-01-04,2026-08-11,1404,1404,3,3,0.997867803837953,2022-01-03,YES
fd632ddd-bd92-4ad8-ba12-3b7725999570,JBLU,NASDAQ,2021-01-04,2026-08-11,1407,1407,0,0,1.0,2022-01-03,YES
86379ff3-587d-43ad-97a4-e4aab30410b4,JBS,NYSE,2025-06-13,2026-08-11,291,291,1116,1116,0.2068230277185501,2026-06-16,YES
d77c8e24-1d4a-4523-a736-b12a7e8fd531,JBSS,NASDAQ,2021-01-04,2026-08-11,1401,1388,6,19,0.9957356076759062,2022-01-03,YES
4e590014-273c-474f-940f-6af4a6d36f66,JBTM,NYSE,2021-01-04,2026-08-11,1404,1404,3,3,0.997867803837953,2022-01-03,YES
2948406e-6bb7-4aa7-9d3f-213f96dabff8,JCAP,NASDAQ,2025-06-26,2026-08-11,283,283,1124,1124,0.20113717128642503,2026-06-29,YES
aa0bfa06-96bb-4fcc-bc56-0aa8a1c0be47,JCI,NYSE,2021-01-04,2026-08-11,1404,1404,3,3,0.997867803837953,2022-01-03,YES
d03cdb94-69f6-4bf1-acbb-ef6ca41e0c93,JCTC,NASDAQ,2021-01-20,2026-08-11,1078,302,329,1105,0.7661691542288557,2022-03-03,YES
9b9898c9-0702-4f9f-9d2b-b197128578bb,JDZG,NASDAQ,2024-05-15,2026-08-11,561,373,846,1034,0.39872068230277186,2025-05-19,YES
c223b328-d800-4fbb-b5b6-23f7b9662ffe,JEF,NYSE,2021-01-04,2026-08-11,1404,1404,3,3,0.997867803837953,2022-01-03,YES
2b8ae347-3507-4cab-9c6d-f15ea16e9878,JELD,NYSE,2021-01-04,2026-08-11,1404,1404,3,3,0.997867803837953,2022-01-03,YES
0b486508-7141-4f82-af22-793a013fb70c,JEM,NASDAQ,2025-06-09,2026-08-11,295,251,1112,1156,0.20966595593461265,2026-06-11,YES
9b517d76-b1aa-4c06-b3fd-6bf7cc017287,JENA,NYSE,2025-07-24,2026-08-11,264,19,1143,1388,0.18763326226012794,2026-08-10,YES
a77b083f-465f-4c65-b5a8-12dfb0e13124,JFB,NASDAQ,2025-03-06,2026-08-11,360,281,1047,1126,0.255863539445629,2026-03-09,YES
45163e2f-0772-4a06-8439-7f2ec3b859e6,JHX,NYSE,2021-01-04,2026-08-11,1395,1391,12,16,0.9914712153518124,2022-01-03,YES
8746b0de-79ab-409c-85b7-0c9791b8be6b,JILL,NYSE,2021-01-04,2026-08-11,1388,1369,19,38,0.9864960909737029,2022-01-03,YES
f2c18222-b919-4dbf-b0e0-1b650ab791c4,JJSF,NASDAQ,2021-01-04,2026-08-11,1406,1404,1,3,0.9992892679459844,2022-01-03,YES
61d66f82-8daa-40f2-b912-087ff4fff2f5,JKHY,NASDAQ,2021-01-04,2026-08-11,1407,1407,0,0,1.0,2022-01-03,YES
e806c731-1c67-4f39-bb59-c1ee9b7d6a3b,JKS,NYSE,2021-01-04,2026-08-11,1404,1404,3,3,0.997867803837953,2022-01-03,YES
d9cf6136-c3f7-4b30-b270-9551665e46e0,JL,NASDAQ,2024-01-24,2026-08-11,639,446,768,961,0.4541577825159915,2025-01-28,YES
76caf7f8-72f4-4913-93bb-91b489585c1c,JLHL,NASDAQ,2025-06-26,2026-08-11,283,173,1124,1234,0.20113717128642503,2026-06-29,YES
e9b749dc-a900-4a14-a1fc-ceba5d8d7810,JLL,NYSE,2021-01-04,2026-08-11,1404,1404,3,3,0.997867803837953,2022-01-03,YES
1320b143-2d2c-41ae-8cb1-1577fd692d00,JMIA,NYSE,2021-01-04,2026-08-11,1404,1404,3,3,0.997867803837953,2022-01-03,YES
434db97a-dc48-4842-ae29-80b654d17791,JMKE,NYSE,2026-07-30,2026-08-11,9,9,1398,1398,0.006396588486140725,,NO
b3a39f19-e903-43f9-b60e-0094cfe4b5b5,JMSB,NASDAQ,2022-04-28,2026-08-11,1074,726,333,681,0.7633262260127932,2023-05-02,YES
ef9adcc6-6bce-452b-af5f-4a87e7f19131,JNJ,NYSE,2021-01-04,2026-08-11,1404,1404,3,3,0.997867803837953,2022-01-03,YES
6c672e35-4976-46bb-90b0-957ecfe7f9ae,JOB,AMEX,2021-01-04,2026-08-11,1381,1201,26,206,0.9815209665955935,2022-01-03,YES
2b7c2791-a531-4242-9b61-2f7bae097c79,JOBY,NYSE,2021-01-04,2026-08-11,1404,1404,3,3,0.997867803837953,2022-01-03,YES
15055c6e-6c71-4320-b1a5-d2084a3e2876,JOE,NYSE,2021-01-04,2026-08-11,1403,1403,4,4,0.9971570717839374,2022-01-03,YES
05986c65-589b-4bff-9ccb-2eede93b34c6,JOUT,NASDAQ,2021-01-04,2026-08-11,1399,1379,8,28,0.994314143567875,2022-01-03,YES
e3047683-637a-4fb2-b71d-805cd6fec95d,JPM,NYSE,2021-01-04,2026-08-11,1404,1404,3,3,0.997867803837953,2022-01-03,YES
1148a9ab-7bed-455c-9dd3-901f85eba17d,JRSH,NASDAQ,2021-01-04,2026-08-11,1222,730,185,677,0.8685145700071073,2022-01-04,YES
9f124015-ce58-4982-a5cb-c2511a0ecab5,JRVR,NASDAQ,2021-01-04,2026-08-11,1407,1407,0,0,1.0,2022-01-03,YES
ccc6d32e-3be9-4c2d-96d9-b83dd2b89bfe,JSPR,NASDAQ,2021-01-08,2026-08-11,1289,1253,118,154,0.916133617626155,2022-01-07,YES
2b50eb36-bb08-4580-b582-d9306d5a2ebd,JTAI,NASDAQ,2021-10-06,2026-08-11,1063,753,344,654,0.7555081734186212,2022-10-21,YES
a5263b86-84de-455a-a0e6-80b972f420c0,JUNS,NASDAQ,2024-12-03,2026-08-11,422,362,985,1045,0.2999289267945984,2025-12-05,YES
e4e38fa7-41f5-4965-93ce-518f6c1d7596,JVA,NASDAQ,2021-01-04,2026-08-11,1203,892,204,515,0.8550106609808102,2022-01-12,YES
d7e4dd60-bc7c-4d83-bf66-6b257a66c46d,JWEL,NASDAQ,2021-03-17,2026-08-11,1264,616,143,791,0.898365316275764,2022-03-16,YES
0ff4d3e9-3e0c-46e0-a990-2b665bf686c8,JXG,NASDAQ,2021-01-04,2026-08-11,1337,833,70,574,0.9502487562189055,2022-01-03,YES
92d8b178-2d30-4c52-8855-028e05995aa2,JXN,NYSE,2021-09-20,2026-08-11,1226,1226,181,181,0.8713574982231699,2022-09-20,YES
10866e2f-457d-4c31-9b40-bc7c14b87b01,JYD,NASDAQ,2023-04-21,2026-08-11,829,558,578,849,0.5891968727789624,2024-04-25,YES
4130944f-b2e2-450f-9ac8-c1251ec520ab,JYNT,NASDAQ,2021-01-04,2026-08-11,1407,1399,0,8,1.0,2022-01-03,YES
783cbc0c-d81c-4cbd-9836-20682b71f80d,JZXN,NASDAQ,2021-05-18,2026-08-11,1264,990,143,417,0.898365316275764,2022-05-20,YES
49a28b8d-7700-4202-b982-9df7aa7dd996,KAI,NYSE,2021-01-04,2026-08-11,1396,1391,11,16,0.992181947405828,2022-01-03,YES
af620aa7-5360-4960-afcf-c7c9f22dc9cb,KALA,NASDAQ,2021-01-04,2026-08-11,1407,1204,0,203,1.0,2022-01-03,YES
5af42719-e2e8-4e16-a02c-18bde075d694,KALU,NASDAQ,2021-01-04,2026-08-11,1407,1406,0,1,1.0,2022-01-03,YES
49dff1c8-453b-4cf0-ab9b-0742190c1242,KAPA,AMEX,2024-09-16,2026-08-11,477,413,930,994,0.3390191897654584,2025-09-18,YES
5862b08e-1136-4bf5-bafe-c89abaf5d79f,KARD,NASDAQ,2026-06-18,2026-08-11,37,37,1370,1370,0.026297085998578537,,NO
93eab3a8-9beb-4638-a3fd-1b14f7e12dd9,KARO,NASDAQ,2021-04-01,2026-08-11,1240,850,167,557,0.8813077469793887,2022-03-31,YES
934e4e6a-b0f4-4915-a7bd-1a36d12f4ffb,KAZR,NASDAQ,2025-01-23,2026-08-11,389,384,1018,1023,0.27647476901208246,2026-01-26,YES
0e90d24a-e64e-4a84-9fb7-e3af3b2a2830,KB,NYSE,2021-01-04,2026-08-11,1405,1402,2,5,0.9985785358919688,2022-01-03,YES
0705318f-96f6-468f-8c65-eef0f50f8395,KBDC,NYSE,2024-05-22,2026-08-11,556,546,851,861,0.39516702203269366,2025-05-27,YES
c012d6d7-28d0-42d9-b9f3-bdad74f30bb3,KBH,NYSE,2021-01-04,2026-08-11,1405,1405,2,2,0.9985785358919688,2022-01-03,YES
ad25ccd7-207a-4e2e-80f9-6545d0262a81,KBON,NASDAQ,2026-01-27,2026-08-11,136,22,1271,1385,0.09665955934612651,,NO
e746b8a8-ab53-4772-ba6e-c28bb03713fa,KBR,NYSE,2021-01-04,2026-08-11,1405,1405,2,2,0.9985785358919688,2022-01-03,YES
b06287d4-9b03-4e91-a042-01ed74b5b988,KBSX,NASDAQ,2022-03-18,2026-08-11,1028,271,379,1136,0.7306325515280739,2023-07-25,YES
fc138aa4-4c74-4513-9ecf-a6a135508933,KCHV,NASDAQ,2025-07-21,2026-08-11,267,30,1140,1377,0.18976545842217485,,NO
5e813282-efa0-4d64-8af8-4fed5894f3a2,KD,NYSE,2021-11-04,2026-08-11,1194,1194,213,213,0.8486140724946695,2022-11-04,YES
21de39ea-c397-43b5-aa39-2fe8dd3e11d1,KDK,NASDAQ,2023-06-15,2026-08-11,791,487,616,920,0.5621890547263682,2024-06-24,YES
88623995-d3b2-41ff-b80d-17a29c51454b,KDP,NASDAQ,2021-01-04,2026-08-11,1407,1407,0,0,1.0,2022-01-03,YES
15e1a5a6-e637-4865-9139-7584b60a3d36,KE,NASDAQ,2021-01-04,2026-08-11,1407,1406,0,1,1.0,2022-01-03,YES
9bad19f1-b293-4fbf-a685-2c7f265819a4,KEEL,NASDAQ,2021-06-21,2026-08-11,1291,1291,116,116,0.9175550817341862,2022-06-21,YES
5a5ffda2-d7aa-45c9-8a3b-68bc73bba1c1,KELYA,NASDAQ,2021-01-04,2026-08-11,1407,1407,0,0,1.0,2022-01-03,YES
15693c99-f30d-4721-82da-dd897d973d98,KELYB,NASDAQ,2021-01-06,2026-08-11,1061,78,346,1329,0.7540867093105899,2022-01-05,YES
fe1f3021-6c96-46fb-8820-28e0dae2a51b,KEN,NYSE,2021-01-04,2026-08-11,1220,712,187,695,0.8670931058990761,2022-01-03,YES
3b0307c7-3bf5-41b0-a58f-7fa7f97d6cd5,KEP,NYSE,2021-01-04,2026-08-11,1405,1401,2,6,0.9985785358919688,2022-01-03,YES
856f180d-69dc-4881-9a81-1c6921fe0dd2,KEQU,NASDAQ,2021-01-04,2026-08-11,1072,378,335,1029,0.7619047619047619,2022-02-01,YES
788c0e6b-9bfb-4a9b-9048-1ccbefd9ee96,KEX,NYSE,2021-01-04,2026-08-11,1405,1405,2,2,0.9985785358919688,2022-01-03,YES
f7623733-d5b7-4d6b-b04a-fedeed0f2e64,KEY,NYSE,2021-01-04,2026-08-11,1405,1405,2,2,0.9985785358919688,2022-01-03,YES
c12d8862-2ca2-48ca-9fdc-368bace91bd3,KEYS,NYSE,2021-01-04,2026-08-11,1405,1405,2,2,0.9985785358919688,2022-01-03,YES
82f1149e-81b8-4bd2-a253-4d5a84c5c880,KEYY,NASDAQ,2026-06-24,2026-08-11,34,5,1373,1402,0.024164889836531627,,NO
444709a9-91b1-4618-ad58-c4e025b80cd9,KFFB,NASDAQ,2021-01-11,2026-08-11,1085,228,322,1179,0.7711442786069652,2022-02-14,YES
20e5b52b-58d1-47c9-895b-16a1ac0281da,KFII,NASDAQ,2025-03-13,2026-08-11,355,59,1052,1348,0.2523098791755508,2026-08-04,YES
c78bcae7-db3e-4c8b-b4e2-51eb0db7ed27,KFRC,NYSE,2021-01-04,2026-08-11,1407,1407,0,0,1.0,2022-01-03,YES
6d6cf369-b6f5-471a-ba23-86abe78d5b91,KFY,NYSE,2021-01-04,2026-08-11,1405,1405,2,2,0.9985785358919688,2022-01-03,YES
991fc59d-10fd-43a7-9c5b-b5d5e5b19ac6,KG,NASDAQ,2021-01-04,2026-08-11,1395,1267,12,140,0.9914712153518124,2022-01-03,YES
76b615bb-4a70-44f0-b330-9524a0b05aec,KGC,NYSE,2021-01-04,2026-08-11,1405,1405,2,2,0.9985785358919688,2022-01-03,YES
acb8ce21-64ff-4ab4-8b17-68a71cc95c01,KGEI,NASDAQ,2023-10-16,2026-08-11,707,539,700,868,0.5024875621890548,2024-10-21,YES
1fcfe763-7918-41ad-8b42-f8231f026f8b,KGS,NYSE,2023-06-29,2026-08-11,782,782,625,625,0.5557924662402275,2024-07-01,YES
df014db2-72a2-4686-be56-e3cdc15efb71,KHC,NASDAQ,2021-01-04,2026-08-11,1407,1407,0,0,1.0,2022-01-03,YES
06079e7e-8dbe-46be-8467-5637b9ee2e05,KIDS,NASDAQ,2021-01-04,2026-08-11,1407,1407,0,0,1.0,2022-01-03,YES
15903e18-f4f3-4ac2-a912-285f72275367,KIDZ,NASDAQ,2025-04-07,2026-08-11,338,332,1069,1075,0.24022743425728502,2026-04-09,YES
c70c1de6-d9cd-4c77-9f72-fd8e6d889c0f,KIM,NYSE,2021-01-04,2026-08-11,1405,1405,2,2,0.9985785358919688,2022-01-03,YES
37e13856-0291-45c7-9492-4967dc8ac9a4,KINS,NASDAQ,2021-01-04,2026-08-11,1204,986,203,421,0.8557213930348259,2022-01-05,YES
d8f8c0ff-9fce-42a8-ad00-df26c49d17a0,KITT,NASDAQ,2021-08-09,2026-08-11,1063,938,344,469,0.7555081734186212,2022-08-11,YES
17f819cf-891b-478e-9ea3-cb23166c1479,KKR,NYSE,2021-01-04,2026-08-11,1405,1405,2,2,0.9985785358919688,2022-01-03,YES
c1fe01e7-c9b1-4b92-8c7a-32153021367e,KLAC,NASDAQ,2021-01-04,2026-08-11,1407,1407,0,0,1.0,2022-01-03,YES
5d943e63-2c4f-415e-8386-a8bf9259853d,KLAR,NYSE,2025-09-10,2026-08-11,231,231,1176,1176,0.16417910447761194,,NO
793b5706-d551-4105-b687-9d17720d358a,KLC,NYSE,2024-10-09,2026-08-11,460,460,947,947,0.3269367448471926,2025-10-13,YES
84156375-b72d-486f-8185-73691f5eeeef,KLIC,NASDAQ,2021-01-04,2026-08-11,1407,1407,0,0,1.0,2022-01-03,YES
f9be37d3-5784-41ff-b359-5a3fba18dafb,KLRA,NASDAQ,2026-04-17,2026-08-11,80,80,1327,1327,0.05685856432125089,,NO
f1cbc202-aef0-486e-a34d-f73391d47524,KLRS,NASDAQ,2021-01-04,2026-08-11,1406,1385,1,22,0.9992892679459844,2022-01-03,YES
a1c6d113-1e36-4780-aac9-56a74436b649,KLTR,NASDAQ,2021-07-21,2026-08-11,1270,1264,137,143,0.9026297085998578,2022-07-21,YES
bc4897fc-2514-4472-9f04-8ca5658df781,KLXE,NASDAQ,2021-01-04,2026-08-11,1406,1405,1,2,0.9992892679459844,2022-01-03,YES
5ca2cc07-2657-4769-9491-1c89b5f58a76,KMB,NASDAQ,2021-01-04,2026-08-11,1405,1405,2,2,0.9985785358919688,2022-01-03,YES
7aad1eaa-4aa0-45a0-b5bf-1bc8955d5159,KMDA,NASDAQ,2021-01-04,2026-08-11,1378,1151,29,256,0.9793887704335466,2022-01-03,YES
e47acf22-5340-477a-a3ac-020b1ed34d12,KMI,NYSE,2021-01-04,2026-08-11,1405,1405,2,2,0.9985785358919688,2022-01-03,YES
4c17fe96-93ef-471c-8cc9-d182b1e44364,KMPB,NYSE,2022-03-15,2026-08-11,1081,551,326,856,0.7683013503909026,2023-03-16,YES
5cd19496-521c-4ea9-9e1a-e843f4977aa2,KMPR,NYSE,2021-01-04,2026-08-11,1405,1404,2,3,0.9985785358919688,2022-01-03,YES
ff323d6c-97ee-4481-9f72-4c772dd14969,KMRK,NASDAQ,2025-07-16,2026-08-11,270,176,1137,1231,0.19189765458422176,2026-07-17,YES
9b7dd7c2-b1ff-44a6-a9a5-1fb21d984e3c,KMT,NYSE,2021-01-04,2026-08-11,1405,1405,2,2,0.9985785358919688,2022-01-03,YES
596ee1f0-5023-490a-88e5-90709e207b29,KMTS,NASDAQ,2025-03-06,2026-08-11,360,360,1047,1047,0.255863539445629,2026-03-09,YES
9f7c7237-c37c-435f-bd10-33fd212c3ee3,KMX,NYSE,2021-01-04,2026-08-11,1405,1405,2,2,0.9985785358919688,2022-01-03,YES
22018b91-e316-4452-936a-7145a8dc0bf6,KN,NYSE,2021-01-04,2026-08-11,1405,1405,2,2,0.9985785358919688,2022-01-03,YES
413245da-0d05-4c4f-9b1d-21cd34f66916,KNDI,NASDAQ,2021-01-04,2026-08-11,1407,1295,0,112,1.0,2022-01-03,YES
0da62724-ce45-444a-87de-b0c50409f2f1,KNF,NYSE,2023-06-01,2026-08-11,801,801,606,606,0.5692963752665245,2024-06-03,YES
fdc6d308-3d7c-4ab2-89c6-3ef17f853667,KNOP,NYSE,2021-01-04,2026-08-11,1405,1389,2,18,0.9985785358919688,2022-01-03,YES
da2b8b3a-c2ab-4109-8b03-aa8f6aff0500,KNRX,AMEX,2025-09-29,2026-08-11,218,141,1189,1266,0.15493958777540867,,NO
b644de4d-d367-4b21-b569-0e1067e7a300,KNSA,NASDAQ,2021-01-04,2026-08-11,1407,1407,0,0,1.0,2022-01-03,YES
bcd2d502-9faf-464b-9716-433869a0e9dc,KNSL,NYSE,2021-01-04,2026-08-11,1406,1405,1,2,0.9992892679459844,2022-01-03,YES
b67cf34c-c836-4bb2-9422-dbe3ae79f410,KNTK,NYSE,2021-01-04,2026-08-11,1407,1407,0,0,1.0,2022-01-03,YES
ec96b970-0e83-4eb1-9aac-183be96be5e2,KNX,NYSE,2021-01-04,2026-08-11,1405,1405,2,2,0.9985785358919688,2022-01-03,YES
3795cafe-fd54-4f66-a31e-66774be875ca,KO,NYSE,2021-01-04,2026-08-11,1405,1405,2,2,0.9985785358919688,2022-01-03,YES
16f7805d-842a-43ec-9bf0-6b8946dc8722,KOD,NASDAQ,2021-01-04,2026-08-11,1407,1407,0,0,1.0,2022-01-03,YES
ba8a3cc0-3c9c-4a3f-bf1f-100796b5efe9,KODK,NYSE,2021-01-04,2026-08-11,1405,1405,2,2,0.9985785358919688,2022-01-03,YES
9a85fdc3-1cbe-4b17-951c-80c699f2e185,KOF,NYSE,2021-01-04,2026-08-11,1405,1405,2,2,0.9985785358919688,2022-01-03,YES
d5084921-17bb-4564-97ae-dcaf62e0008f,KOP,NYSE,2021-01-04,2026-08-11,1405,1404,2,3,0.9985785358919688,2022-01-03,YES
fe05d10c-6360-4c3c-8754-7b4869e317bb,KOPN,NASDAQ,2021-01-04,2026-08-11,1407,1406,0,1,1.0,2022-01-03,YES
7fca6821-c898-42e8-a46e-32cc8e94aa07,KOS,NYSE,2021-01-04,2026-08-11,1405,1405,2,2,0.9985785358919688,2022-01-03,YES
af53f860-3fef-407b-b6dc-d9c0868aa7ec,KOSS,NASDAQ,2021-01-04,2026-08-11,1397,1167,10,240,0.9928926794598436,2022-01-03,YES
3eecc658-51b8-4186-b864-3cda93c51cfc,KOYN,NASDAQ,2025-09-24,2026-08-11,221,45,1186,1362,0.15707178393745558,,NO
2904cc51-625f-4054-b8f7-25ae295e2a4a,KPET,NYSE,2026-07-20,2026-08-11,17,1,1390,1406,0.012082444918265814,,NO
898b7123-bc5c-4d48-8537-959d6a3afb58,KPLT,NASDAQ,2021-01-04,2026-08-11,1407,1110,0,297,1.0,2022-01-03,YES
3087771c-0fd1-413e-8d51-734b96b32e1c,KPRX,NASDAQ,2021-01-04,2026-08-11,1306,1032,101,375,0.9282160625444208,2022-01-03,YES
874dc95f-027a-4bcd-af26-c643d5a14a60,KPTI,NASDAQ,2021-01-04,2026-08-11,1407,1406,0,1,1.0,2022-01-03,YES
e54335e7-7483-46e5-8410-2dfff00e98bb,KR,NYSE,2021-01-04,2026-08-11,1405,1405,2,2,0.9985785358919688,2022-01-03,YES
2dc7bf14-477d-4f4b-9a14-965f8b5ca72f,KRAQ,NASDAQ,2026-03-20,2026-08-11,99,19,1308,1388,0.07036247334754797,,NO
ee5f9d3e-9376-4886-88e7-d1059b9aed4f,KRC,NYSE,2021-01-04,2026-08-11,1404,1404,3,3,0.997867803837953,2022-01-03,YES
f22e6675-515c-4e01-b23d-a33e0fe37518,KRMD,NASDAQ,2021-01-04,2026-08-11,1383,1315,24,92,0.9829424307036247,2022-01-03,YES
8f2eceea-958f-471b-b478-675f1ee87d42,KRMN,NYSE,2025-02-13,2026-08-11,374,374,1033,1033,0.2658137882018479,2026-02-17,YES
aabff37e-a5a0-425c-83cc-7bddd4a2c57e,KRNT,NASDAQ,2021-01-04,2026-08-11,1407,1407,0,0,1.0,2022-01-03,YES
677f75e5-6806-4cc2-9026-02c7cefd5c35,KRNY,NASDAQ,2021-01-04,2026-08-11,1407,1406,0,1,1.0,2022-01-03,YES
db94c240-af25-45d4-8ac7-30aa5b37476c,KRO,NYSE,2021-01-04,2026-08-11,1404,1404,3,3,0.997867803837953,2022-01-03,YES
f6fd9b27-a7f1-4015-9cce-803baef833dd,KROS,NASDAQ,2021-01-04,2026-08-11,1407,1407,0,0,1.0,2022-01-03,YES
985e9e35-1c72-413c-8cd5-544f95a3cab8,KRRO,NASDAQ,2021-01-04,2026-08-11,1406,1352,1,55,0.9992892679459844,2022-01-03,YES
90312567-5859-46d8-bed7-513306872db4,KRSP,NYSE,2025-12-02,2026-08-11,173,32,1234,1375,0.12295664534470505,,NO
c22437ea-d8ef-499e-92e1-a675ab9d47e0,KRT,NASDAQ,2021-04-15,2026-08-11,1271,1155,136,252,0.9033404406538735,2022-04-14,YES
8ad724a7-0934-4398-b9f2-4792cfb70064,KRUS,NASDAQ,2021-01-04,2026-08-11,1407,1406,0,1,1.0,2022-01-03,YES
8d3aceaa-6bef-4de3-8df8-4e545db4284c,KRYS,NASDAQ,2021-01-04,2026-08-11,1407,1407,0,0,1.0,2022-01-03,YES
1847895f-56be-4247-86b2-93907d461f56,KSCP,NASDAQ,2022-01-27,2026-08-11,1137,1133,270,274,0.8081023454157783,2023-01-30,YES
9b1af094-e55e-4e3d-88c8-f32028f47463,KSPI,NASDAQ,2024-01-19,2026-08-11,642,642,765,765,0.4562899786780384,2025-01-22,YES
31cffb44-7b1b-40e0-8c79-b17bb2508d09,KSS,NYSE,2021-01-04,2026-08-11,1404,1404,3,3,0.997867803837953,2022-01-03,YES
2743bcd4-56e0-4918-ae6b-02cdc3aa42ce,KT,NYSE,2021-01-04,2026-08-11,1404,1404,3,3,0.997867803837953,2022-01-03,YES
d6830f33-ad2a-4899-b80b-9189a52503cb,KTB,NYSE,2021-01-04,2026-08-11,1404,1404,3,3,0.997867803837953,2022-01-03,YES
c90d7064-3ec2-4b8e-a56c-09c75290f1f2,KTCC,NASDAQ,2021-01-04,2026-08-11,1216,766,191,641,0.8642501776830135,2022-01-04,YES
0bfb5651-93a7-48e4-81db-2c08804bc12f,KTN,NYSE,2021-01-04,2026-08-11,1080,188,327,1219,0.767590618336887,2022-01-27,YES
85c35b15-daed-4b8a-8d9d-3840fd338040,KTOS,NASDAQ,2021-01-04,2026-08-11,1407,1407,0,0,1.0,2022-01-03,YES
4c3bf80d-3352-4017-906d-6aaa0b24e8be,KTTA,NASDAQ,2021-09-15,2026-08-11,1217,867,190,540,0.8649609097370291,2022-09-15,YES
0ee2ffe5-a1f7-437e-a05f-7602eb02956e,KTWO,NASDAQ,2026-03-02,2026-08-11,113,14,1294,1393,0.08031272210376687,,NO
e3f64f48-a7c1-4d1d-9aa8-a0cb9559fb23,KULR,AMEX,2021-06-07,2026-08-11,1298,1288,109,119,0.9225302061122956,2022-06-06,YES
913c977c-f358-4c53-afb9-25e46c357cda,KURA,NASDAQ,2021-01-04,2026-08-11,1407,1407,0,0,1.0,2022-01-03,YES
0b2275f0-7b09-44ad-8dd1-09fb34da24e1,KUST,NASDAQ,2021-01-04,2026-08-11,1385,1101,22,306,0.984363894811656,2022-01-03,YES
99ea9cbd-20db-48fe-b4bb-cb439902f336,KVHI,NASDAQ,2021-01-04,2026-08-11,1403,1354,4,53,0.9971570717839374,2022-01-03,YES
3bded6a8-55f6-40d0-8157-1d2eb50cf7d8,KVUE,NYSE,2023-05-04,2026-08-11,820,820,587,587,0.5828002842928216,2024-05-06,YES
c9f2f890-b758-4caa-8668-43124658a1a9,KVYO,NYSE,2023-09-20,2026-08-11,725,725,682,682,0.5152807391613362,2024-09-20,YES
75f21abd-f2d2-4a4f-b5d8-ec2b7e64b4cd,KWM,NASDAQ,2025-05-14,2026-08-11,312,294,1095,1113,0.22174840085287847,2026-05-15,YES
e5f67d3c-bcf0-42e3-89bf-1b2bf62afff7,KWR,NYSE,2021-01-04,2026-08-11,1404,1396,3,11,0.997867803837953,2022-01-03,YES
941866a1-f4a6-422d-9d5e-f47bcb8f0404,KWY,NYSE,2021-01-08,2026-08-11,1178,1055,229,352,0.8372423596304194,2022-01-10,YES
e2766724-e3f6-406a-a77e-5981e50cc752,KXIN,NASDAQ,2021-01-04,2026-08-11,1381,1141,26,266,0.9815209665955935,2022-01-03,YES
c361a1c5-121b-47e2-a5d3-9ea0bf8769de,KYIV,NASDAQ,2024-12-11,2026-08-11,416,396,991,1011,0.2956645344705046,2025-12-15,YES
70b34555-9d80-48f4-9033-b077d6c29211,KYMR,NASDAQ,2021-01-04,2026-08-11,1407,1407,0,0,1.0,2022-01-03,YES
aaf98699-d8e3-4d4d-ad40-23c052341a03,KYNB,NASDAQ,2021-01-04,2026-08-11,1405,1284,2,123,0.9985785358919688,2022-01-03,YES
7f3f326d-e77d-40de-b81b-278a53e9298a,KYTX,NASDAQ,2024-02-08,2026-08-11,628,628,779,779,0.4463397299218195,2025-02-11,YES
225a5e8a-938e-4a95-8bcb-3989a3df618d,L,NYSE,2021-01-04,2026-08-11,1404,1404,3,3,0.997867803837953,2022-01-03,YES
3b0180b3-2ce7-484a-b476-4c7bdc84774c,LAB,NASDAQ,2021-01-04,2026-08-11,1407,1407,0,0,1.0,2022-01-03,YES
a0d0904f-128d-4ddc-b484-00fea3b101f3,LABT,NASDAQ,2026-04-23,2026-08-11,76,65,1331,1342,0.05401563610518834,,NO
419a161e-b276-46f7-ae25-104543ba3857,LAC,NYSE,2021-01-04,2026-08-11,1404,1404,3,3,0.997867803837953,2022-01-03,YES
6fa57c3a-218a-423c-8b52-ef5f24ea7ac9,LAD,NYSE,2021-01-04,2026-08-11,1404,1404,3,3,0.997867803837953,2022-01-03,YES
e13a5e00-2167-4808-ba89-a693c36b7631,LADR,NYSE,2021-01-04,2026-08-11,1404,1404,3,3,0.997867803837953,2022-01-03,YES
9b812cef-e3c0-4009-b913-1dc1ce6cfdda,LAES,NASDAQ,2023-05-23,2026-08-11,807,753,600,654,0.5735607675906184,2024-05-23,YES
3868ce40-3d4a-4122-a5c0-460879fea929,LAFA,NASDAQ,2025-12-03,2026-08-11,172,11,1235,1396,0.12224591329068941,,NO
6e578ba3-3dfa-4544-b16c-d5214cf35acf,LAKE,NASDAQ,2021-01-04,2026-08-11,1402,1337,5,70,0.9964463397299218,2022-01-03,YES
894d3520-38ec-4ddb-bec6-0fe29d6d49a8,LAMR,NASDAQ,2021-01-04,2026-08-11,1407,1407,0,0,1.0,2022-01-03,YES
03618a01-7ae4-4f00-9f4c-88255f379f33,LAND,NASDAQ,2021-01-04,2026-08-11,1407,1404,0,3,1.0,2022-01-03,YES
36572373-6e7f-40bc-a8c3-39079905b24c,LANV,NYSE,2021-03-19,2026-08-11,1168,752,239,655,0.830135039090263,2022-03-28,YES
b7572ad0-4344-43b2-b1de-f4b9c5cb8a7a,LAR,NYSE,2023-10-04,2026-08-11,715,715,692,692,0.5081734186211798,2024-10-04,YES
f4eeab16-4ab8-4bc5-b3e9-a66566b41cc7,LARK,NASDAQ,2021-01-04,2026-08-11,1171,463,236,944,0.8322672352523098,2022-01-03,YES
075635d2-19c9-4f15-8ba8-b771e466ae34,LASE,NASDAQ,2022-09-30,2026-08-11,968,855,439,552,0.6879886282871357,2023-10-06,YES
4439c567-4395-4560-9f4b-c8bc10af458b,LASR,NASDAQ,2021-01-04,2026-08-11,1407,1407,0,0,1.0,2022-01-03,YES
a3044205-eab1-4e25-aa94-d6d4cabef972,LATA,NASDAQ,2025-11-11,2026-08-11,187,12,1220,1395,0.13290689410092396,,NO
c7c1a5a9-a2bc-4a34-bacd-602b77bc14e9,LAUR,NASDAQ,2021-01-04,2026-08-11,1407,1407,0,0,1.0,2022-01-03,YES
060d6a9d-d93c-4aa1-9239-d86b0edaeb69,LAW,NYSE,2021-07-21,2026-08-11,1268,1266,139,141,0.9012082444918266,2022-07-21,YES
4fd5d4dd-adff-4c9c-8632-ffdbe0cf2dc8,LAZ,NYSE,2021-01-04,2026-08-11,1404,1404,3,3,0.997867803837953,2022-01-03,YES
8cadb013-c8fa-4d40-aed3-6d8e2137ad83,LB,NYSE,2021-01-04,2026-08-11,676,676,731,731,0.48045486851457003,2025-07-02,YES
dae7b171-9d2f-4f5a-b0d9-69c8a4f19b61,LBGJ,NASDAQ,2024-10-23,2026-08-11,450,275,957,1132,0.31982942430703626,2025-10-27,YES
b8f3bef6-dce2-4192-b8a1-1a0e66eb36f9,LBRDA,NASDAQ,2021-01-04,2026-08-11,1407,1401,0,6,1.0,2022-01-03,YES
f249c073-a9e2-4e65-b800-a072d6334648,LBRDK,NASDAQ,2021-01-04,2026-08-11,1407,1407,0,0,1.0,2022-01-03,YES
fa938495-578a-467e-bd19-42688bc1a836,LBRT,NYSE,2021-01-04,2026-08-11,1404,1404,3,3,0.997867803837953,2022-01-03,YES
c4bd92f4-a7c7-4241-8595-bf79c3b22f25,LBRX,NASDAQ,2025-09-11,2026-08-11,230,230,1177,1177,0.1634683724235963,,NO
c9413826-13a8-4e01-9710-7a0c4b9f8027,LBTYA,NASDAQ,2021-01-04,2026-08-11,1407,1407,0,0,1.0,2022-01-03,YES
a0760d08-1161-4032-89ee-0c3a19b7f18b,LBTYB,NASDAQ,2021-04-01,2026-08-11,1013,47,394,1360,0.7199715707178393,2026-08-04,YES
aa00f0a5-4d01-4543-baab-59076d3f1725,LBTYK,NASDAQ,2021-01-04,2026-08-11,1407,1407,0,0,1.0,2022-01-03,YES
e75bde32-93b1-4823-8bff-db19bd5e6cab,LCCC,NASDAQ,2025-06-24,2026-08-11,285,14,1122,1393,0.2025586353944563,2026-06-25,YES
fd3fce23-26ce-4097-b3e6-90409a74f922,LCFY,NASDAQ,2022-03-25,2026-08-11,1073,433,334,974,0.7626154939587776,2023-03-31,YES
e14d5c2a-adfd-4634-bedc-77c40bd50794,LCID,NASDAQ,2021-01-04,2026-08-11,1406,1406,1,1,0.9992892679459844,2022-01-03,YES
6ee4dfdb-b917-4f5b-b09d-26de27774fdf,LCII,NYSE,2021-01-04,2026-08-11,1403,1403,4,4,0.9971570717839374,2022-01-03,YES
c337e66b-fb27-4ec4-9b26-58b8e708b2c3,LCLN,NYSE,2026-05-20,2026-08-11,57,57,1350,1350,0.04051172707889126,,NO
b771c92b-747a-4709-b421-ddb075be4c48,LCNB,NASDAQ,2021-01-04,2026-08-11,1375,1100,32,307,0.9772565742714996,2022-01-03,YES
3e407c53-5b7b-47a2-beef-40f8ad510945,LCTX,AMEX,2021-01-04,2026-08-11,1407,1407,0,0,1.0,2022-01-03,YES
8a7ae607-8a14-4653-91d3-50482a802ee0,LCUT,NASDAQ,2021-01-04,2026-08-11,1395,1338,12,69,0.9914712153518124,2022-01-03,YES
72eb4b5e-fbd0-46aa-a641-349f5c71c575,LDI,NYSE,2021-02-11,2026-08-11,1376,1372,31,35,0.9779673063255153,2022-02-10,YES
0baeabb2-12ac-4751-af09-fcb671f498a7,LDOS,NYSE,2021-01-04,2026-08-11,1404,1404,3,3,0.997867803837953,2022-01-03,YES
0eac32ea-9666-4a31-afef-d372e2a0a3b2,LE,NASDAQ,2021-01-04,2026-08-11,1407,1399,0,8,1.0,2022-01-03,YES
d4bb6e80-1510-480a-9246-04f7f2b1d25c,LEA,NYSE,2021-01-04,2026-08-11,1404,1404,3,3,0.997867803837953,2022-01-03,YES
63a2761d-d466-4aec-ac30-73e7fd76c57f,LECO,NASDAQ,2021-01-04,2026-08-11,1407,1407,0,0,1.0,2022-01-03,YES
4a5588cf-92af-4add-8063-946741b5074a,LEDS,NASDAQ,2021-01-05,2026-08-11,1389,914,18,493,0.9872068230277186,2022-01-04,YES
b68b1164-87fd-4544-95ef-0b41077f6ffe,LEE,NASDAQ,2021-01-04,2026-08-11,1386,997,21,410,0.9850746268656716,2022-01-03,YES
2a225d7c-e665-49b5-8b56-e60a3dbdad8b,LEG,NYSE,2021-01-04,2026-08-11,1404,1404,3,3,0.997867803837953,2022-01-03,YES
d3c3b85c-6a47-4f19-83b7-327b762d61e6,LEGH,NASDAQ,2021-01-04,2026-08-11,1390,1379,17,28,0.9879175550817342,2022-01-03,YES
2c7a5c78-57a8-463a-8528-2af8884b6ce7,LEGO,AMEX,2021-03-05,2026-08-11,236,154,1171,1253,0.1677327647476901,,NO
95ae860b-4cf1-4dfe-9159-9bd4cd3c7915,LEN,NYSE,2021-01-04,2026-08-11,1404,1404,3,3,0.997867803837953,2022-01-03,YES
e7b0131d-e062-4e76-807f-035d787d6f74,LENZ,NASDAQ,2021-06-25,2026-08-11,1287,1277,120,130,0.9147121535181236,2022-06-27,YES
580d6367-8a0a-4d72-b0e8-bcef75e74cac,LEO,NYSE,2021-01-04,2026-08-11,1359,1356,48,51,0.9658848614072495,2022-01-03,YES
ca55bdfb-f7a6-426b-99ed-f6bb295a7891,LESL,NASDAQ,2021-01-04,2026-08-11,1407,1403,0,4,1.0,2022-01-03,YES
4a354dc4-d9d6-4048-bc18-cc42ab71fbbf,LEU,NYSE,2021-01-04,2026-08-11,1407,1406,0,1,1.0,2022-01-03,YES
3e9d58e3-5aab-4c7a-b84a-ca22057e89c6,LEVI,NYSE,2021-01-04,2026-08-11,1404,1404,3,3,0.997867803837953,2022-01-03,YES
0cd4cd90-39bf-44e8-9a14-97e4aaf324fd,LEXX,NASDAQ,2021-01-12,2026-08-11,1359,1123,48,284,0.9658848614072495,2022-01-11,YES
c37ea57c-29b1-49f0-a781-0c8b038185f8,LFAC,NASDAQ,2021-01-04,2026-08-11,434,66,973,1341,0.30845771144278605,2023-03-13,YES
fd36010f-e1bb-4095-83fe-7008e19e217d,LFCR,NASDAQ,2021-01-04,2026-08-11,1407,1407,0,0,1.0,2022-01-03,YES
5994e90d-bde3-49f7-a0a5-f8f0662e80f8,LFMD,NASDAQ,2021-01-04,2026-08-11,1407,1349,0,58,1.0,2022-01-03,YES
fa6d3190-1232-49e0-b3d9-5da3ccfe2551,LFST,NASDAQ,2021-06-10,2026-08-11,1298,1298,109,109,0.9225302061122956,2022-06-09,YES
52883a44-85a4-43a7-a2a9-95e766915ffa,LFTO,NASDAQ,2026-06-04,2026-08-11,47,47,1360,1360,0.033404406538734895,,NO
b6e11923-2fed-4aad-b30f-483da2ca16a0,LFUS,NASDAQ,2021-01-04,2026-08-11,1407,1405,0,2,1.0,2022-01-03,YES
606d8399-7cf9-496f-ae5f-312e937412d9,LFVN,NASDAQ,2021-01-04,2026-08-11,1375,1266,32,141,0.9772565742714996,2022-01-03,YES
810ab7f1-aecf-4c92-bda4-837289725f56,LFWD,NASDAQ,2021-01-04,2026-08-11,1397,1234,10,173,0.9928926794598436,2022-01-03,YES
0eb5db3d-9c60-42ce-a4a5-f02baebc0e54,LGCL,NASDAQ,2024-03-05,2026-08-11,611,429,796,978,0.43425728500355365,2025-03-07,YES
6e80d343-8788-49ff-a04e-6a5dfd26cf46,LGCY,AMEX,2024-09-26,2026-08-11,469,454,938,953,0.3333333333333333,2025-09-30,YES
7cb30db4-a774-40bf-be54-b683a8dcf12d,LGIH,NASDAQ,2021-01-04,2026-08-11,1407,1407,0,0,1.0,2022-01-03,YES
fc870857-f3f2-4053-a23e-478bff864f25,LGL,AMEX,2021-01-07,2026-08-11,1169,433,238,974,0.8308457711442786,2022-01-06,YES
1537c36b-91aa-41ac-9d15-124d1c2174d4,LGN,NASDAQ,2025-09-12,2026-08-11,229,229,1178,1178,0.16275764036958068,,NO
2da6a09c-79a9-421d-b530-4420a60bb7b4,LGND,NASDAQ,2021-01-04,2026-08-11,1407,1405,0,2,1.0,2022-01-03,YES
032f8c20-b508-4955-be36-deef62b6fe6a,LGO,NASDAQ,2021-04-19,2026-08-11,1332,1210,75,197,0.9466950959488273,2022-04-18,YES
74250bb0-1b3f-47e2-9190-dd04ed9e40e9,LGPS,AMEX,2025-03-25,2026-08-11,347,203,1060,1204,0.24662402274342574,2026-04-10,YES
4d24c9ef-e251-461f-b251-92d7416b0078,LGVN,NASDAQ,2021-02-12,2026-08-11,1356,1249,51,158,0.9637526652452025,2022-02-11,YES
ba597ea4-0f8c-4738-8f41-bfc97d76bc71,LH,NYSE,2021-01-04,2026-08-11,1404,1404,3,3,0.997867803837953,2022-01-03,YES
2189f313-e6df-4a1b-90c2-9952636821e9,LHAI,NASDAQ,2025-07-24,2026-08-11,264,251,1143,1156,0.18763326226012794,2026-07-27,YES
b5f60079-ea48-4e8b-a3c8-628b063042a9,LHSW,NASDAQ,2025-04-03,2026-08-11,340,305,1067,1102,0.24164889836531628,2026-04-07,YES
ac11bc30-2788-40f7-9c87-e24734d4dfd9,LHX,NYSE,2021-01-04,2026-08-11,1404,1404,3,3,0.997867803837953,2022-01-03,YES
70bf4f35-9469-40f4-91ef-46d6c12bb570,LICN,NASDAQ,2023-02-06,2026-08-11,881,621,526,786,0.6261549395877755,2024-02-07,YES
709cbf77-9aca-4861-9790-a7743eb55136,LIDR,NASDAQ,2021-01-12,2026-08-11,1393,1353,14,54,0.9900497512437811,2022-01-11,YES
7371d27e-0883-4e5b-a58d-83a6f23dd941,LIEN,NASDAQ,2022-02-04,2026-08-11,1045,552,362,855,0.7427149964463398,2023-02-10,YES
86ce7c4c-da32-43b0-a6e2-92d597d5b07c,LIF,NASDAQ,2024-06-06,2026-08-11,546,546,861,861,0.3880597014925373,2025-06-10,YES
3f8d8eb3-b510-4d03-91b6-45243174921e,LIFE,NASDAQ,2021-01-04,2026-08-11,991,980,416,427,0.7043354655294953,2022-01-03,YES
93b14f86-b2ed-4d2b-ad69-490922938b5f,LII,NYSE,2021-01-04,2026-08-11,1404,1404,3,3,0.997867803837953,2022-01-03,YES
23b60737-312f-4ecc-be7b-6b374efb2864,LILA,NASDAQ,2021-01-04,2026-08-11,1407,1406,0,1,1.0,2022-01-03,YES
01e8c5fe-7811-4928-9b70-b733ef249b6b,LILAK,NASDAQ,2021-01-04,2026-08-11,1407,1407,0,0,1.0,2022-01-03,YES
1c942bd2-8c14-48f5-9d9c-913d7718abfa,LIME,NASDAQ,2026-07-01,2026-08-11,29,29,1378,1378,0.02061122956645345,,NO
93b4ad7b-d7db-430e-a1a3-861838cc31c7,LIMN,NASDAQ,2025-05-01,2026-08-11,321,295,1086,1112,0.2281449893390192,2026-05-04,YES
cbf869d9-873b-426a-bdea-37e0bc4250f9,LIN,NASDAQ,2021-01-04,2026-08-11,1404,1404,3,3,0.997867803837953,2022-01-03,YES
e137ac38-0f63-4e33-9a76-cba054c484b8,LINC,NASDAQ,2021-01-04,2026-08-11,1406,1399,1,8,0.9992892679459844,2022-01-03,YES
b25ba0bb-dd02-4ba7-ade0-6daad0c46b03,LIND,NASDAQ,2021-01-04,2026-08-11,1407,1407,0,0,1.0,2022-01-03,YES
7bc6c5f7-8099-4582-8382-82570a96817d,LINE,NASDAQ,2024-07-25,2026-08-11,513,513,894,894,0.3646055437100213,2025-07-29,YES
a2294c6c-92b4-437a-978a-2736ab0f000f,LINK,NASDAQ,2021-03-25,2026-08-11,1117,498,290,909,0.7938877043354655,2022-03-24,YES
597c4980-1692-4a47-9c9d-5a136c3414a4,LION,NYSE,2021-12-14,2026-08-11,704,598,703,809,0.5003553660270078,2023-03-07,YES
d8fb06d8-e9dc-4b93-bcde-e151e0fc0dce,LIQT,NASDAQ,2021-01-04,2026-08-11,1390,849,17,558,0.9879175550817342,2022-01-03,YES
363b9094-c5ae-4899-bbc0-f94b27c87a6e,LITE,NASDAQ,2021-01-04,2026-08-11,1407,1407,0,0,1.0,2022-01-03,YES
9bc1849f-8b28-448d-bfbf-406db5784186,LITS,NASDAQ,2021-01-04,2026-08-11,1407,1192,0,215,1.0,2022-01-03,YES
8844dfa6-217a-4e43-99dd-8be03a90b822,LIVE,NASDAQ,2021-01-04,2026-08-11,1314,616,93,791,0.9339019189765458,2022-01-03,YES
f2d0ea22-d99c-4dd7-a400-8df752c5a3f6,LIVN,NASDAQ,2021-01-04,2026-08-11,1407,1407,0,0,1.0,2022-01-03,YES
b7942d6b-49c6-43e4-b27c-1bc1f0fac881,LKFN,NASDAQ,2021-01-04,2026-08-11,1407,1406,0,1,1.0,2022-01-03,YES
e88363a4-d92a-42a2-bc42-eb7ecce50374,LKQ,NASDAQ,2021-01-04,2026-08-11,1407,1407,0,0,1.0,2022-01-03,YES
da177bf8-d635-47c4-8c9e-03a7cccffa2a,LKSP,NASDAQ,2025-11-06,2026-08-11,190,20,1217,1387,0.13503909026297087,,NO
87266a27-1b34-47bd-b236-bd3a9f59b138,LLY,NYSE,2021-01-04,2026-08-11,1404,1404,3,3,0.997867803837953,2022-01-03,YES
133df508-9b09-4d86-af98-4241ea462175,LLYVA,NASDAQ,2023-08-04,2026-08-11,757,754,650,653,0.5380241648898365,2024-08-06,YES
bd860450-8138-4f8c-9fd9-ace7c93ebead,LLYVK,NASDAQ,2023-08-04,2026-08-11,757,756,650,651,0.5380241648898365,2024-08-06,YES
ebdbd98f-3d9d-4078-b0f3-60cccd8b8668,LMAT,NASDAQ,2021-01-04,2026-08-11,1407,1405,0,2,1.0,2022-01-03,YES
354328e0-7e2a-44ef-ad1a-26e9823a0931,LMB,NASDAQ,2021-01-04,2026-08-11,1376,1353,31,54,0.9779673063255153,2022-01-03,YES
8dbd0128-3043-443e-bf1b-32f7723fcc3a,LMND,NYSE,2021-01-04,2026-08-11,1404,1404,3,3,0.997867803837953,2022-01-03,YES
7360cef4-4723-422b-a25f-3ebcbba710bd,LMNR,NASDAQ,2021-01-04,2026-08-11,1380,1352,27,55,0.9808102345415778,2022-01-03,YES
c358cd0f-f716-4440-b78e-346a2d697d72,LMRI,NASDAQ,2025-12-11,2026-08-11,166,166,1241,1241,0.11798152096659559,,NO
6ae1929e-adcd-4de1-9647-25763c8a4548,LMT,NYSE,2021-01-04,2026-08-11,1404,1404,3,3,0.997867803837953,2022-01-03,YES
18193d66-667f-47fa-9c99-5ea1d5364698,LNAI,NASDAQ,2021-01-04,2026-08-11,1404,1349,3,58,0.997867803837953,2022-01-03,YES
e134e1a0-2111-410e-89bf-588f9d5f9976,LNC,NYSE,2021-01-04,2026-08-11,1404,1404,3,3,0.997867803837953,2022-01-03,YES
c731eec4-3d78-4f6f-a55b-c1cfdf426273,LND,NYSE,2021-01-06,2026-08-11,1221,1047,186,360,0.8678038379530917,2022-01-07,YES
d9263a3c-194d-48b2-b272-13fc42aa2bdd,LNG,NYSE,2021-01-04,2026-08-11,1407,1407,0,0,1.0,2022-01-03,YES
990a11dd-c348-45a5-a3bb-e57638589f5a,LNKS,NASDAQ,2024-12-05,2026-08-11,420,281,987,1126,0.29850746268656714,2025-12-12,YES
8875583b-6fb1-4afc-bc9d-f00fae3fc8e2,LNN,NYSE,2021-01-04,2026-08-11,1399,1388,8,19,0.994314143567875,2022-01-03,YES
352fdb30-348f-41c9-b04b-6c888c335df9,LNSR,NASDAQ,2021-01-04,2026-08-11,1255,987,152,420,0.8919687277896233,2022-01-05,YES
ceec46e0-7a0d-41cf-9e65-0faf0a9e92a4,LNT,NASDAQ,2021-01-04,2026-08-11,1407,1407,0,0,1.0,2022-01-03,YES
4b39fd62-acb0-4a60-bed5-76cd5aecd83d,LNTH,NASDAQ,2021-01-04,2026-08-11,1407,1407,0,0,1.0,2022-01-03,YES
8d8f498a-1b6d-42c3-95b6-02ad6838b2b3,LNZA,NASDAQ,2021-09-29,2026-08-11,1066,866,341,541,0.757640369580668,2022-10-28,YES
e1d0ed3a-6cea-4746-9bb2-4c83acec6a3a,LOAN,NASDAQ,2021-01-11,2026-08-11,1247,699,160,708,0.8862828713574982,2022-01-10,YES
d5d90575-ecdd-47a2-9936-36e75c26fc2b,LOAR,NYSE,2024-04-25,2026-08-11,575,575,832,832,0.40867093105899077,2025-04-29,YES
5170a914-07e2-4282-98d5-0aead7c9c623,LOB,NYSE,2021-01-04,2026-08-11,1407,1407,0,0,1.0,2022-01-03,YES
f4105769-f25d-485c-b0fd-56022839a31c,LOBO,NASDAQ,2024-03-21,2026-08-11,599,371,808,1036,0.425728500355366,2025-03-25,YES
ea6a45d4-5b1a-43e4-9777-3f91106e1524,LOCL,NYSE,2021-06-18,2026-08-11,1243,861,164,546,0.8834399431414357,2022-06-17,YES
df46565a-e37e-4795-a67a-2c38f0f9a72e,LOCO,NASDAQ,2021-01-04,2026-08-11,1407,1407,0,0,1.0,2022-01-03,YES
cb6552f7-1765-4bed-83bb-66ca83430334,LODE,AMEX,2021-01-04,2026-08-11,1402,1379,5,28,0.9964463397299218,2022-01-03,YES
4215890b-ed78-497b-a960-8873a53d9e94,LOGI,NASDAQ,2021-01-04,2026-08-11,1407,1407,0,0,1.0,2022-01-03,YES
fc30d394-db4e-458d-a015-24dc0ae8ccbe,LONA,NASDAQ,2021-01-04,2026-08-11,1407,1316,0,91,1.0,2022-01-03,YES
e6dd8779-020e-4b07-a28d-1e7c85a6047c,LOOP,NASDAQ,2021-01-04,2026-08-11,1407,1171,0,236,1.0,2022-01-03,YES
4a0e7e84-0377-438d-b0e2-3067d4583de1,LOPE,NASDAQ,2021-01-04,2026-08-11,1407,1407,0,0,1.0,2022-01-03,YES
c29d49f1-0859-4c2b-88c6-b1f066027594,LOVE,NASDAQ,2021-01-04,2026-08-11,1407,1407,0,0,1.0,2022-01-03,YES
a6ffe329-5ea3-4bb8-b58a-06ed1432dd50,LOW,NYSE,2021-01-04,2026-08-11,1404,1404,3,3,0.997867803837953,2022-01-03,YES
c6f51c9f-898c-48c3-8060-c044c38dfafd,LPA,AMEX,2021-03-30,2026-08-11,1133,544,274,863,0.8052594171997157,2022-03-30,YES
f117e236-db62-452e-ab43-9896c8848ca2,LPAA,NASDAQ,2024-09-03,2026-08-11,486,65,921,1342,0.34541577825159914,2026-05-19,YES
9001d912-84c4-4d98-8db7-12947c212479,LPBB,NASDAQ,2024-12-03,2026-08-11,422,57,985,1350,0.2999289267945984,2026-04-20,YES
44f1bbbc-3221-4b34-a304-6e952624c01a,LPCN,NASDAQ,2021-01-04,2026-08-11,1402,1046,5,361,0.9964463397299218,2022-01-03,YES
1200b0a3-e887-4c30-9cb3-fef4499b34a8,LPCV,NASDAQ,2026-06-30,2026-08-11,30,5,1377,1402,0.021321961620469083,,NO
833761ad-c6f0-462c-aa69-a412b082665c,LPG,NYSE,2021-01-04,2026-08-11,1404,1404,3,3,0.997867803837953,2022-01-03,YES
22215c5c-900e-4f0a-a5ed-2b054d666163,LPL,NYSE,2021-01-04,2026-08-11,1404,1399,3,8,0.997867803837953,2022-01-03,YES
d832044a-f4ff-4cb9-8a80-5afcf404854d,LPLA,NASDAQ,2021-01-04,2026-08-11,1407,1407,0,0,1.0,2022-01-03,YES
ff1d7b02-a249-4b3f-8909-1003cbeaa094,LPSN,NASDAQ,2021-01-04,2026-08-11,1407,1407,0,0,1.0,2022-01-03,YES
5fe04dea-6e7c-4223-8e76-195990345838,LPTH,NASDAQ,2021-01-04,2026-08-11,1381,1194,26,213,0.9815209665955935,2022-01-03,YES
0ef02023-3903-4383-a028-c0d79990cf6e,LPX,NYSE,2021-01-04,2026-08-11,1404,1404,3,3,0.997867803837953,2022-01-03,YES
7ab2e30f-10d5-415d-9be3-bf7be7ac4f2c,LQDA,NASDAQ,2021-01-04,2026-08-11,1405,1405,2,2,0.9985785358919688,2022-01-03,YES
bd18b1ce-f3ad-4810-8642-a912148f81d3,LQDT,NASDAQ,2021-01-04,2026-08-11,1407,1405,0,2,1.0,2022-01-03,YES
3ae976ac-6d14-4c4f-b02d-e83813f8a829,LRCX,NASDAQ,2021-01-04,2026-08-11,1407,1407,0,0,1.0,2022-01-03,YES
9eea0000-8c0e-498b-b7c3-a13d612a5677,LRHC,NASDAQ,2023-10-10,2026-08-11,711,554,696,853,0.5053304904051172,2024-10-10,YES
21980b90-5083-42f2-974a-273f101b65c4,LRMR,NASDAQ,2021-01-04,2026-08-11,1385,1370,22,37,0.984363894811656,2022-01-03,YES
6ea2ccda-2516-448f-93a9-c5106af3497e,LRN,NYSE,2021-01-04,2026-08-11,1404,1404,3,3,0.997867803837953,2022-01-03,YES
463732dc-7fc1-4130-b753-0f159bd41ded,LSAK,NASDAQ,2021-01-04,2026-08-11,1393,1175,14,232,0.9900497512437811,2022-01-03,YES
7faddfc5-db2a-48ee-b8b2-eee987b7d3b5,LSBK,NASDAQ,2021-01-27,2026-08-11,1053,223,354,1184,0.7484008528784648,2022-05-06,YES
b342d8dd-3483-43f3-9f9b-2591a14ef2aa,LSCC,NASDAQ,2021-01-04,2026-08-11,1407,1407,0,0,1.0,2022-01-03,YES
9bda42d2-b586-44a8-a317-d61c50726d2e,LSE,NASDAQ,2024-12-19,2026-08-11,410,148,997,1259,0.2914001421464108,2025-12-26,YES
90d56464-95e4-4d1e-849f-7520864df60f,LSF,AMEX,2021-01-04,2026-08-11,1398,1120,9,287,0.9936034115138592,2022-01-03,YES
e9020dce-cb23-4d8b-93f8-0ea0a284c6ad,LSPD,NYSE,2021-01-04,2026-08-11,1404,1404,3,3,0.997867803837953,2022-01-03,YES
9eba0a9f-fb58-49d6-a4b2-f34e432dd214,LSTA,NASDAQ,2021-01-04,2026-08-11,1375,955,32,452,0.9772565742714996,2022-01-03,YES
f4e23fbd-0a1c-4afc-95c4-1b0806e57db7,LSTR,NASDAQ,2021-01-04,2026-08-11,1407,1407,0,0,1.0,2022-01-03,YES
13d52645-b42f-47a6-bb26-8b9c846110dc,LTBR,NASDAQ,2021-01-04,2026-08-11,1396,1325,11,82,0.992181947405828,2022-01-03,YES
ee5a82ce-d612-439f-a759-48e82dc44eda,LTC,NYSE,2021-01-04,2026-08-11,1404,1404,3,3,0.997867803837953,2022-01-03,YES
8d333a68-d30e-4824-896b-32229493f365,LTGO,NASDAQ,2026-08-07,2026-08-11,3,3,1404,1404,0.0021321961620469083,,NO
67d62f5e-3e5b-401d-846b-4f3b12b96ff8,LTGR,NASDAQ,2026-07-29,2026-08-11,10,2,1397,1405,0.007107320540156361,,NO
a51c8055-abb7-4811-987e-fe6f37bee1a3,LTH,NYSE,2021-10-07,2026-08-11,1213,1213,194,194,0.8621179815209666,2022-10-07,YES
ab752969-ad0d-4951-a994-0032a9a3608e,LTRN,NASDAQ,2021-01-04,2026-08-11,1376,1211,31,196,0.9779673063255153,2022-01-03,YES
6efeace4-00e7-46de-8f55-97126edb8ce3,LTRX,NASDAQ,2021-01-04,2026-08-11,1405,1401,2,6,0.9985785358919688,2022-01-03,YES
0f76d183-2139-4f61-a6bf-fdf1da4739fb,LUCD,NASDAQ,2021-10-14,2026-08-11,1210,1137,197,270,0.8599857853589197,2022-10-14,YES
0a48213f-2757-4c18-a97a-60597730cd1b,LUCK,NYSE,2021-05-03,2026-08-11,1253,1252,154,155,0.8905472636815921,2022-05-02,YES
4c644992-ff5d-4d88-81c1-adb06e9e632d,LUCY,NASDAQ,2022-08-15,2026-08-11,1001,807,406,600,0.7114427860696517,2023-08-16,YES
45e4fb9b-bfb8-466c-a2e9-9386ea82f49c,LUD,AMEX,2025-02-27,2026-08-11,365,195,1042,1212,0.2594171997157072,2026-03-03,YES
31aa3cfa-8925-4cbc-98bc-74f411b7f17c,LULU,NASDAQ,2021-01-04,2026-08-11,1407,1407,0,0,1.0,2022-01-03,YES
8c71bd01-e130-4c85-90b5-abef440c2029,LUMN,NYSE,2021-01-04,2026-08-11,1404,1404,3,3,0.997867803837953,2022-01-03,YES
25855545-dc3a-4487-b680-303ec357aec3,LUNG,NASDAQ,2021-01-04,2026-08-11,1407,1407,0,0,1.0,2022-01-03,YES
16469f6e-6337-4d2c-9e28-82a376b9df63,LUNR,NASDAQ,2021-11-22,2026-08-11,1039,932,368,475,0.738450604122246,2022-11-29,YES
e930cf4f-6b04-4a7e-85e6-ad1b01cd3c17,LUV,NYSE,2021-01-04,2026-08-11,1404,1404,3,3,0.997867803837953,2022-01-03,YES
c3691aac-4cd3-4e39-bde2-f79915b0e89a,LVLU,NASDAQ,2021-11-11,2026-08-11,1190,923,217,484,0.845771144278607,2022-11-11,YES
f4e9b985-2c13-46bf-b146-cf7a60f386b8,LVO,NASDAQ,2021-01-04,2026-08-11,1407,1390,0,17,1.0,2022-01-03,YES
612794e4-dbcc-4814-8ea2-3aa1e47523e3,LVS,NYSE,2021-01-04,2026-08-11,1404,1404,3,3,0.997867803837953,2022-01-03,YES
ca7ffb77-7311-446a-8959-d468e72cf913,LVWR,NYSE,2021-01-04,2026-08-11,1287,1093,120,314,0.9147121535181236,2022-01-05,YES
4a26c57e-00aa-46b5-8b42-a8f9a8abeb90,LW,NYSE,2021-01-04,2026-08-11,1404,1404,3,3,0.997867803837953,2022-01-03,YES
ce9c0be4-ee5a-4d47-93ca-0d7e308c421c,LWAC,NASDAQ,2021-03-02,2026-08-11,284,65,1123,1342,0.20184790334044064,,NO
67afe992-1fb9-4c18-adc9-bd6782075f8b,LWAY,NASDAQ,2021-01-04,2026-08-11,1248,1055,159,352,0.8869936034115139,2022-01-11,YES
9fb9cc95-ca03-4a5a-9db5-593fd7d7fb2f,LWLG,NASDAQ,2021-09-01,2026-08-11,1239,1239,168,168,0.8805970149253731,2022-09-01,YES
aad436c2-d898-4d1e-95b0-633441a54a1e,LXEO,NASDAQ,2023-11-03,2026-08-11,693,693,714,714,0.4925373134328358,2024-11-05,YES
598da8a4-ac40-43ae-9c77-623ffbbecad2,LXFR,NYSE,2021-01-04,2026-08-11,1403,1402,4,5,0.9971570717839374,2022-01-03,YES
99643182-51f6-48c0-b2ad-bcc5c498df2d,LXRX,NASDAQ,2021-01-04,2026-08-11,1407,1406,0,1,1.0,2022-01-03,YES
74e2934a-c93d-4685-93cf-f59ed507e8d0,LXU,NYSE,2021-01-04,2026-08-11,1404,1404,3,3,0.997867803837953,2022-01-03,YES
ef918bdf-cce8-4282-b7f4-ac24b881f7e3,LYB,NYSE,2021-01-04,2026-08-11,1404,1404,3,3,0.997867803837953,2022-01-03,YES
dd1b411b-e510-4174-80b2-ae86c9e4236f,LYEL,NASDAQ,2021-06-17,2026-08-11,1293,1275,114,132,0.9189765458422174,2022-06-16,YES
c2363fcb-1ee8-4e46-8ab0-36fd4ab5f89a,LYFT,NASDAQ,2021-01-04,2026-08-11,1407,1407,0,0,1.0,2022-01-03,YES
33e71bb8-7dfb-446c-9e5a-44e9d7eba86e,LYG,NYSE,2021-01-04,2026-08-11,1404,1404,3,3,0.997867803837953,2022-01-03,YES
ec1d980c-2898-43f3-a8cb-684e7cefc94c,LYTS,NASDAQ,2021-01-04,2026-08-11,1402,1399,5,8,0.9964463397299218,2022-01-03,YES
b9f7677c-965f-4074-b87b-cea5c848b6ce,LYV,NYSE,2021-01-04,2026-08-11,1404,1404,3,3,0.997867803837953,2022-01-03,YES
9aa49aa4-08ba-4d1d-9e8e-3f71ea85ba40,LZ,NASDAQ,2021-06-30,2026-08-11,1284,1284,123,123,0.9125799573560768,2022-06-30,YES
d42287ec-4303-42ac-bb34-f2452289aa1c,LZB,NYSE,2021-01-04,2026-08-11,1404,1404,3,3,0.997867803837953,2022-01-03,YES
d9a95183-f130-42fe-bc1a-32fbb1cc2e1d,LZM,NYSE,2021-12-15,2026-08-11,1054,846,353,561,0.7491115849324804,2023-01-17,YES
60ff7d80-efb4-4262-966b-d09210607a4d,LZMH,NASDAQ,2025-02-27,2026-08-11,365,325,1042,1082,0.2594171997157072,2026-03-05,YES
b3001dcc-4903-413c-b91a-985feacf5284,M,NYSE,2021-01-04,2026-08-11,1404,1404,3,3,0.997867803837953,2022-01-03,YES
2140998d-7f62-46f2-a9b2-e44350bd4807,MA,NYSE,2021-01-04,2026-08-11,1404,1404,3,3,0.997867803837953,2022-01-03,YES
43c10351-9d2c-40cd-879a-9aaa21d5db01,MAA,NYSE,2021-01-04,2026-08-11,1404,1404,3,3,0.997867803837953,2022-01-03,YES
a64c4fbd-0a32-48b2-9c3e-374598ca8453,MAAS,NASDAQ,2021-01-04,2026-08-11,1202,549,205,858,0.8542999289267946,2022-01-03,YES
e926c442-e591-4dff-9bcf-fd75f11f3b39,MAC,NYSE,2021-01-04,2026-08-11,1404,1404,3,3,0.997867803837953,2022-01-03,YES
cba11b8e-d784-4785-88cd-ec30e936022e,MACI,NASDAQ,2024-08-08,2026-08-11,503,69,904,1338,0.35749822316986496,2026-02-25,YES
75e50dc3-14f3-4b42-b818-be75efec47a9,MAGH,NASDAQ,2025-08-12,2026-08-11,251,64,1156,1343,0.17839374555792467,,NO
7d9ecdd5-0e37-4955-928a-e9dc2f5450ec,MAGN,NYSE,2021-01-04,2026-08-11,1404,1404,3,3,0.997867803837953,2022-01-03,YES
1f6f4908-3e43-45c6-b53f-2191873c5849,MAIA,AMEX,2022-07-28,2026-08-11,1013,914,394,493,0.7199715707178393,2023-07-31,YES
27155f8a-2e13-4098-a54b-d63ac819aa9c,MAIN,NYSE,2021-01-04,2026-08-11,1404,1404,3,3,0.997867803837953,2022-01-03,YES
24fde560-2d1a-46fd-9500-b81983709d5d,MAIR,NYSE,2026-04-16,2026-08-11,81,81,1326,1326,0.057569296375266525,,NO
05bca643-9646-4f52-b437-9bd8f85a86ac,MAKO,NASDAQ,2026-03-30,2026-08-11,93,93,1314,1314,0.06609808102345416,,NO
916db47f-36fe-480c-93c1-b9682d7a180f,MAMA,NASDAQ,2021-07-15,2026-08-11,1186,1086,221,321,0.8429282160625444,2022-07-15,YES
f0f99492-a8ae-478a-aa94-5836924f1f06,MAMK,NASDAQ,2025-07-07,2026-08-11,277,69,1130,1338,0.1968727789623312,,NO
b4103c68-7fc5-4d44-9c71-c05013210afc,MAN,NYSE,2021-01-04,2026-08-11,1404,1404,3,3,0.997867803837953,2022-01-03,YES
f93e648a-4295-4338-952c-0325642f39fd,MANE,NYSE,2026-02-04,2026-08-11,130,130,1277,1277,0.0923951670220327,,NO
6007d5bb-953b-4910-89c1-aa87ae9e75c9,MANH,NASDAQ,2021-01-04,2026-08-11,1407,1407,0,0,1.0,2022-01-03,YES
bd10e4a3-a39d-4726-91cd-8b4d68a635ab,MAR,NASDAQ,2021-01-04,2026-08-11,1407,1407,0,0,1.0,2022-01-03,YES
1fb76b76-ae65-4f8c-8c36-0789ee062686,MARA,NASDAQ,2021-01-04,2026-08-11,1407,1407,0,0,1.0,2022-01-03,YES
3d9e6406-e27a-4c27-a898-ab1670650b5a,MAS,NYSE,2021-01-04,2026-08-11,1404,1404,3,3,0.997867803837953,2022-01-03,YES
d50b3022-2cdd-4df8-b9c0-64b982b91d7e,MASK,NASDAQ,2025-01-08,2026-08-11,398,321,1009,1086,0.2828713574982232,2026-01-12,YES
02cdb176-f60a-4c59-a9d5-a7b4c0de689d,MASS,NASDAQ,2021-01-04,2026-08-11,1407,1407,0,0,1.0,2022-01-03,YES
8ace7574-1e55-48d9-bf01-90f4d0f9589d,MAT,NASDAQ,2021-01-04,2026-08-11,1407,1407,0,0,1.0,2022-01-03,YES
d5bff490-7634-4ce5-a611-da663d3150d6,MATH,NASDAQ,2021-01-04,2026-08-11,1253,820,154,587,0.8905472636815921,2022-01-03,YES
2eea33c1-0cc8-43ff-8343-03254911f6c0,MATV,NYSE,2021-01-04,2026-08-11,1404,1404,3,3,0.997867803837953,2022-01-03,YES
093571ba-140a-43f9-9d5d-78f93090c7dd,MATW,NASDAQ,2021-01-04,2026-08-11,1406,1406,1,1,0.9992892679459844,2022-01-03,YES
949922e8-b577-4d30-832e-a825ab3366e5,MATX,NYSE,2021-01-04,2026-08-11,1404,1404,3,3,0.997867803837953,2022-01-03,YES
4920b347-6f8c-4eaf-a1db-6fbb43355080,MAX,NYSE,2021-01-04,2026-08-11,1404,1403,3,4,0.997867803837953,2022-01-03,YES
e21e0230-cb7f-4270-bb97-e64104eff51e,MAYS,NASDAQ,2021-04-05,2026-08-11,1067,76,340,1331,0.7583511016346838,2022-10-10,YES
d0488b94-1f74-4481-a21f-942ac4f8fd08,MAZE,NASDAQ,2025-01-31,2026-08-11,383,383,1024,1024,0.27221037668798864,2026-02-03,YES
96760f7d-42e9-4adb-b487-4b054a1d095f,MB,NASDAQ,2025-04-10,2026-08-11,335,130,1072,1277,0.23809523809523808,2026-04-14,YES
f660a555-f5a4-49ea-b84c-e49acae3226b,MBAI,NASDAQ,2021-01-04,2026-08-11,1391,1044,16,363,0.9886282871357498,2022-01-03,YES
732a4d48-fabb-41f9-ba12-9a4d567f5aed,MBBC,NASDAQ,2025-04-23,2026-08-11,327,44,1080,1363,0.232409381663113,2026-05-01,YES
54fa66a5-59dd-4890-bc34-9162b4a1ab86,MBC,NYSE,2022-12-15,2026-08-11,915,915,492,492,0.650319829424307,2023-12-18,YES
6599ec87-8b9e-41cd-90d7-30dffc56dcfb,MBGL,NYSE,2026-07-01,2026-08-11,29,29,1378,1378,0.02061122956645345,,NO
2357d45b-2c16-4528-87b9-ffc70350ad89,MBI,NYSE,2021-01-04,2026-08-11,1404,1404,3,3,0.997867803837953,2022-01-03,YES
75c9e191-bf26-4eed-891a-b9c862189c96,MBIN,NASDAQ,2021-01-04,2026-08-11,1405,1401,2,6,0.9985785358919688,2022-01-03,YES
49cfb8b4-da75-4f4b-87a0-1cbe254e78c6,MBIO,NASDAQ,2021-01-04,2026-08-11,1407,1232,0,175,1.0,2022-01-03,YES
b8fd95b0-1fe7-467e-a7b7-024007f5985a,MBLY,NASDAQ,2022-10-26,2026-08-11,950,950,457,457,0.6751954513148543,2023-10-27,YES
6ea1fb90-3000-409c-b89a-3aa93faa3d9a,MBOT,NASDAQ,2021-01-04,2026-08-11,1324,1155,83,252,0.9410092395167022,2022-01-03,YES
41651fc8-de64-4dff-b008-d2a69e583226,MBRX,NASDAQ,2021-01-04,2026-08-11,1355,1141,52,266,0.9630419331911869,2022-01-03,YES
48198be6-e748-4223-9963-d4ec37b4cd34,MBUU,NASDAQ,2021-01-04,2026-08-11,1407,1407,0,0,1.0,2022-01-03,YES
ef22e011-89ac-4f19-a4a0-0c1586ac87fb,MBVI,NASDAQ,2025-10-22,2026-08-11,201,38,1206,1369,0.14285714285714285,,NO
4b8662bc-f1f6-4958-a69b-b4310a3bcb1d,MBWM,NASDAQ,2021-01-04,2026-08-11,1407,1375,0,32,1.0,2022-01-03,YES
403cfc4f-4a5f-41bc-9d68-0a772fc10ec4,MBX,NASDAQ,2024-09-13,2026-08-11,478,478,929,929,0.33972992181947403,2025-09-17,YES
36e8b3ed-d182-4bbf-9226-9d9953fb4cd7,MC,NYSE,2021-01-04,2026-08-11,1404,1404,3,3,0.997867803837953,2022-01-03,YES
0e5b7d26-925d-4af5-9147-ded98ff091ee,MCAH,NASDAQ,2026-06-23,2026-08-11,35,3,1372,1404,0.024875621890547265,,NO
ea808fd1-5fc9-4469-8381-bdbca956175c,MCB,NYSE,2021-01-04,2026-08-11,1402,1394,5,13,0.9964463397299218,2022-01-03,YES
38c3ac8f-3cfe-4445-ada9-12ced351f727,MCBS,NASDAQ,2021-01-04,2026-08-11,1346,1191,61,216,0.9566453447050463,2022-01-03,YES
e077638f-a5c9-47e4-a7ce-2bfabf5ff698,MCD,NYSE,2021-01-04,2026-08-11,1404,1404,3,3,0.997867803837953,2022-01-03,YES
b53c468d-a121-43ca-9525-752aa0a17979,MCFT,NASDAQ,2021-01-04,2026-08-11,1407,1406,0,1,1.0,2022-01-03,YES
5f80a6ef-ff8c-4b25-8cbe-da3825229a7f,MCGA,NASDAQ,2025-07-29,2026-08-11,261,145,1146,1262,0.18550106609808104,2026-08-05,YES
c922ea94-ea6f-4516-ab7c-57648886cdab,MCHB,NASDAQ,2021-01-04,2026-08-11,1407,1405,0,2,1.0,2022-01-03,YES
edc751a9-e628-40bd-9498-23ad7918269e,MCHP,NASDAQ,2021-01-04,2026-08-11,1407,1407,0,0,1.0,2022-01-03,YES
7c13725b-880d-4e58-8ec4-a95feee89221,MCHX,NASDAQ,2021-01-04,2026-08-11,1331,970,76,437,0.9459843638948117,2022-01-03,YES
19303380-7930-4280-bffe-b8add2a9c67a,MCI,NYSE,2021-01-04,2026-08-11,1263,1042,144,365,0.8976545842217484,2022-01-04,YES
73706fa6-f7b8-4919-9381-ff7377a56726,MCK,NYSE,2021-01-04,2026-08-11,1404,1404,3,3,0.997867803837953,2022-01-03,YES
7ad52094-7cc2-4ed8-b324-69731dfaa79a,MCO,NYSE,2021-01-04,2026-08-11,1404,1404,3,3,0.997867803837953,2022-01-03,YES
a6cead96-28ee-4b91-bc76-dd172034101e,MCRB,NASDAQ,2021-01-04,2026-08-11,1407,1398,0,9,1.0,2022-01-03,YES
bac0c94e-42af-44c3-b60a-ede8f7342a8d,MCRI,NASDAQ,2021-01-04,2026-08-11,1406,1397,1,10,0.9992892679459844,2022-01-03,YES
a61054c4-abca-4df1-9167-cc67f4811de5,MCRP,AMEX,2025-03-07,2026-08-11,359,333,1048,1074,0.25515280739161333,2026-03-10,YES
8bcf25ab-a209-4bd5-b309-7c669f7d8d8b,MCS,NYSE,2021-01-04,2026-08-11,1404,1404,3,3,0.997867803837953,2022-01-03,YES
a556c17f-e9f6-44be-8f6c-399325816a10,MCY,NYSE,2021-01-04,2026-08-11,1404,1404,3,3,0.997867803837953,2022-01-03,YES
1f42101a-e67c-4930-9673-af331ab04d8f,MD,NYSE,2021-01-04,2026-08-11,1404,1404,3,3,0.997867803837953,2022-01-03,YES
22e8c9ca-0954-44ef-962d-461304053d32,MDAI,NASDAQ,2021-04-22,2026-08-11,1124,911,283,496,0.798862828713575,2022-04-21,YES
036f74ce-5de5-4718-bc41-1f89caba4388,MDB,NASDAQ,2021-01-04,2026-08-11,1407,1407,0,0,1.0,2022-01-03,YES
7cea5a11-5d26-4b0f-b2bc-c0adfc3f3d00,MDBH,NASDAQ,2023-09-21,2026-08-11,724,180,683,1227,0.5145700071073206,2024-09-24,YES
7d2340a7-d6e9-4cf8-a6c6-64a9f69ee1ee,MDCX,NASDAQ,2024-11-14,2026-08-11,434,394,973,1013,0.30845771144278605,2025-11-18,YES
7556ca4d-fe04-4a24-aebc-57857390efcb,MDGL,NASDAQ,2021-01-04,2026-08-11,1407,1407,0,0,1.0,2022-01-03,YES
abc8f93b-8f15-4018-b86a-c98b2d1dca4c,MDIA,NASDAQ,2021-01-04,2026-08-11,1307,855,100,552,0.9289267945984364,2022-01-03,YES
60b7dff9-83ce-4253-b1cd-1cc803f64441,MDLN,NASDAQ,2025-12-17,2026-08-11,162,162,1245,1245,0.11513859275053305,,NO
705ec4dc-73b9-42fc-8b17-d4e13c31cfae,MDLZ,NASDAQ,2021-01-04,2026-08-11,1407,1407,0,0,1.0,2022-01-03,YES
13178e77-fcc6-420e-87c7-0fefdd4f8f90,MDRR,NASDAQ,2021-01-05,2026-08-11,1312,486,95,921,0.9324804548685146,2022-01-04,YES
1fc2849e-26d5-4f49-add6-2f913ded54c9,MDT,NYSE,2021-01-04,2026-08-11,1404,1404,3,3,0.997867803837953,2022-01-03,YES
0beedfed-afb1-44ec-937e-54c27e389b8a,MDU,NYSE,2021-01-04,2026-08-11,1404,1404,3,3,0.997867803837953,2022-01-03,YES
b718126c-1adb-4bd3-b158-c536d135f004,MDWD,NASDAQ,2021-01-04,2026-08-11,1360,1268,47,139,0.9665955934612651,2022-01-03,YES
66cfd4ad-a301-48b1-b01e-00efaed819f3,MDXG,NASDAQ,2021-01-04,2026-08-11,1407,1407,0,0,1.0,2022-01-03,YES
de88739b-7cbf-4078-98b8-becaf573a253,MDXH,NASDAQ,2021-11-04,2026-08-11,1069,898,338,509,0.759772565742715,2023-03-24,YES
1b4bc930-738d-4499-82f6-296dd3001130,MEC,NYSE,2021-01-05,2026-08-11,1390,1376,17,31,0.9879175550817342,2022-01-04,YES
4ee83ece-3624-4cbb-aa23-d5b9b31a1776,MED,NYSE,2021-01-04,2026-08-11,1404,1404,3,3,0.997867803837953,2022-01-03,YES
66c81369-ee1f-48a4-a247-c1bcfaa4f899,MEDP,NASDAQ,2021-01-04,2026-08-11,1407,1407,0,0,1.0,2022-01-03,YES
7e91c061-10f8-497a-8060-c7bbce7827fe,MEDS,NASDAQ,2025-02-21,2026-08-11,369,358,1038,1049,0.2622601279317697,2026-02-24,YES
99fa49fd-6b3c-4534-9873-40e91d2f6222,MEI,NYSE,2021-01-04,2026-08-11,1404,1404,3,3,0.997867803837953,2022-01-03,YES
c85841d1-e05b-4f3c-9e9c-cc8fd3949fbb,MELI,NASDAQ,2021-01-04,2026-08-11,1407,1407,0,0,1.0,2022-01-03,YES
688c8206-b8ca-4f0a-9fa2-168679a1d436,MENS,NASDAQ,2025-06-17,2026-08-11,289,269,1118,1138,0.20540156361051884,2026-06-18,YES
f75fe926-f70c-41bb-84e5-61dcb5729b2b,MEOH,NASDAQ,2021-01-04,2026-08-11,1407,1407,0,0,1.0,2022-01-03,YES
be3df889-1ca5-48c7-ae9e-692d67c0bdf4,MERC,NASDAQ,2021-01-04,2026-08-11,1407,1407,0,0,1.0,2022-01-03,YES
2768c799-8bc6-471e-9372-845cc8071792,MESH,NASDAQ,2026-02-04,2026-08-11,130,18,1277,1389,0.0923951670220327,,NO
00e5cd6a-c370-4d72-86d2-fef5353aa17a,MET,NYSE,2021-01-04,2026-08-11,1404,1404,3,3,0.997867803837953,2022-01-03,YES
fc6a5dcd-4a70-4b8d-b64f-d83a6dae9ba4,META,NASDAQ,2021-01-04,2026-08-11,1407,1407,0,0,1.0,2022-01-03,YES
daa66444-131b-4a32-94a8-7d8529a3160e,METC,NASDAQ,2021-01-04,2026-08-11,1402,1402,5,5,0.9964463397299218,2022-01-03,YES
101c0db7-7f70-42d7-b471-0a3c746fbb5e,METCB,NASDAQ,2023-06-21,2026-08-11,788,699,619,708,0.5600568585643213,2024-06-21,YES
916ea01f-d961-4119-b06a-d907e3f2c469,MEVO,NASDAQ,2026-02-19,2026-08-11,120,12,1287,1395,0.08528784648187633,,NO
510bdd19-9378-442a-bd4e-fcf4c6889b0f,MF,NASDAQ,2024-03-28,2026-08-11,594,353,813,1054,0.42217484008528783,2025-04-09,YES
ec02b646-c160-4331-b9ea-9df8d96345f9,MFA,NYSE,2021-01-04,2026-08-11,1404,1404,3,3,0.997867803837953,2022-01-03,YES
27492d33-4e39-4fd0-9150-e23cba3a7b4d,MFAN,NYSE,2024-01-24,2026-08-11,639,333,768,1074,0.4541577825159915,2025-01-29,YES
bdf4f6e4-5bd4-4ddf-9c39-6f7a6bb7a718,MFC,NYSE,2021-01-04,2026-08-11,1404,1404,3,3,0.997867803837953,2022-01-03,YES
b3542f1a-d38e-4a38-9f62-bfec9c8de9ec,MFI,NASDAQ,2024-04-22,2026-08-11,578,346,829,1061,0.4108031272210377,2025-04-24,YES
3b747c7b-dda8-4ccd-bb55-e53d0510aaa7,MFIC,NASDAQ,2021-01-04,2026-08-11,1407,1405,0,2,1.0,2022-01-03,YES
2f882aeb-d086-428b-8b36-41106f742ae2,MFIN,NASDAQ,2021-01-04,2026-08-11,1332,1300,75,107,0.9466950959488273,2022-01-03,YES
e2a9b32f-92c0-4e92-b94b-75be72e506ad,MFP,NASDAQ,2026-07-01,2026-08-11,29,29,1378,1378,0.02061122956645345,,NO
432051b2-b010-4c4a-8e90-c4242b481721,MG,NYSE,2021-01-04,2026-08-11,1403,1376,4,31,0.9971570717839374,2022-01-03,YES
d7f79bc8-e346-48fd-b9b9-01663d958c37,MGA,NYSE,2021-01-04,2026-08-11,1404,1404,3,3,0.997867803837953,2022-01-03,YES
9d2a2624-518d-4815-9bcc-cf4c2324e362,MGEE,NASDAQ,2021-01-04,2026-08-11,1406,1401,1,6,0.9992892679459844,2022-01-03,YES
1c5a7e3d-fa1a-410b-825c-26fd6ef5ba08,MGIH,NASDAQ,2023-04-04,2026-08-11,841,449,566,958,0.59772565742715,2024-04-05,YES
97bc0a28-a580-4dd4-a335-f75606811738,MGLD,AMEX,2022-03-11,2026-08-11,1079,309,328,1098,0.7668798862828714,2023-03-21,YES
4eca36dd-edaf-4d57-a0cd-5ddce8c27679,MGM,NYSE,2021-01-04,2026-08-11,1404,1404,3,3,0.997867803837953,2022-01-03,YES
e7f006b6-f379-4c4d-8b6f-e8199bb3f0da,MGN,NASDAQ,2025-09-26,2026-08-11,219,181,1188,1226,0.15565031982942432,,NO
63107c75-e53d-4119-9f68-694ee0b1bf3a,MGNI,NASDAQ,2021-01-04,2026-08-11,1407,1407,0,0,1.0,2022-01-03,YES
9c23f334-78a7-47e0-82b7-e8f61e907678,MGNX,NASDAQ,2021-01-04,2026-08-11,1407,1407,0,0,1.0,2022-01-03,YES
1ef246b6-4662-4197-83ec-eb0f6edb960d,MGPI,NASDAQ,2021-01-04,2026-08-11,1407,1407,0,0,1.0,2022-01-03,YES
3a8a5d92-24b1-4bdd-b52b-6fa4674c6448,MGRC,NASDAQ,2021-01-04,2026-08-11,1407,1405,0,2,1.0,2022-01-03,YES
9b473002-bc6e-44e3-a122-a2148b650fee,MGRT,NASDAQ,2025-07-16,2026-08-11,270,128,1137,1279,0.19189765458422176,2026-07-17,YES
8e74d272-5b5f-4a75-b846-60fd69200b7c,MGRX,NASDAQ,2023-03-22,2026-08-11,850,769,557,638,0.6041222459132907,2024-03-22,YES
0dd74470-bb09-4b40-a9a1-cf8f072a0b8f,MGTX,NASDAQ,2021-01-04,2026-08-11,1407,1407,0,0,1.0,2022-01-03,YES
ed4869b7-a17f-4d16-a7a9-a0612a98bcd2,MGX,NASDAQ,2024-02-09,2026-08-11,627,623,780,784,0.44562899786780386,2025-02-12,YES
9767ecdd-7500-45a5-af5c-5f196547dfc7,MGY,NYSE,2021-01-04,2026-08-11,1404,1404,3,3,0.997867803837953,2022-01-03,YES
091ea868-04e0-41f6-9bc7-28067b3f8435,MGYR,NASDAQ,2021-01-04,2026-08-11,1112,397,295,1010,0.7903340440653873,2022-01-03,YES
308176c9-a9db-4e53-af64-71151dc784d1,MH,NYSE,2025-07-24,2026-08-11,264,264,1143,1143,0.18763326226012794,2026-07-27,YES
3e64918b-9286-41c1-be86-2a454c8aef58,MHH,AMEX,2021-01-04,2026-08-11,1311,809,96,598,0.9317697228144989,2022-01-04,YES
4cbfe1d7-edee-4f6e-b496-ae0b374f0939,MHK,NYSE,2021-01-04,2026-08-11,1404,1404,3,3,0.997867803837953,2022-01-03,YES
6f7dc697-277e-41e8-a2a3-7a5e6a1009d4,MHLA,NYSE,2021-01-04,2026-08-11,1123,228,284,1179,0.7981520966595593,2022-01-18,YES
8bfdb048-8f27-43af-b853-4b16b0a4d5fe,MHNC,NYSE,2021-01-04,2026-08-11,1153,375,254,1032,0.8194740582800284,2022-01-03,YES
a1a4ce8f-e801-404f-a374-3e4b7d43765b,MHO,NYSE,2021-01-04,2026-08-11,1404,1404,3,3,0.997867803837953,2022-01-03,YES
df60086c-a549-4dae-93c2-62bbfb8b979a,MI,AMEX,2021-01-04,2026-08-11,1388,935,19,472,0.9864960909737029,2022-01-03,YES
467b7a6a-2ee1-463d-a5f4-28572bb4a4ea,MIAX,NYSE,2025-08-14,2026-08-11,249,249,1158,1158,0.17697228144989338,,NO
b69f5ff7-fc9d-4877-b72b-1772db674116,MICC,NYSE,2025-12-08,2026-08-11,169,169,1238,1238,0.12011371712864251,,NO
b3b6be3c-a802-4048-9753-f8f612a4b9eb,MIDD,NASDAQ,2021-01-04,2026-08-11,1407,1407,0,0,1.0,2022-01-03,YES
529b36d8-4784-478e-81d8-d8fa4f787c25,MIMI,NASDAQ,2025-01-10,2026-08-11,397,354,1010,1053,0.28216062544420756,2026-01-13,YES
77fc42f9-73d2-4449-bfe7-66e07d5df404,MIND,NASDAQ,2021-01-05,2026-08-11,1260,942,147,465,0.8955223880597015,2022-01-05,YES
71e1b887-a499-4604-b0c6-42cd6ee239ce,MINE,AMEX,2026-01-27,2026-08-11,136,93,1271,1314,0.09665955934612651,,NO
c632a4c6-354b-4d24-b464-5c1f4787b888,MIR,NYSE,2021-01-04,2026-08-11,1404,1404,3,3,0.997867803837953,2022-01-03,YES
6ecbe717-4535-4369-b330-68e4f1ca12be,MIRA,NASDAQ,2023-08-03,2026-08-11,758,635,649,772,0.5387348969438521,2024-08-06,YES
f2f9bcce-66e0-4c22-80fa-2cb2950124fd,MIRM,NASDAQ,2021-01-04,2026-08-11,1407,1407,0,0,1.0,2022-01-03,YES
e034e619-6f5d-4c5e-a757-9006285f9b2a,MIST,NASDAQ,2021-01-04,2026-08-11,1360,1343,47,64,0.9665955934612651,2022-01-03,YES
accfe4f9-2016-42ed-9220-13c75b6ef715,MITK,NASDAQ,2021-01-04,2026-08-11,1407,1407,0,0,1.0,2022-01-03,YES
bc7c5bb1-89c3-4fd6-a013-1ffff0365eb1,MITQ,AMEX,2021-07-08,2026-08-11,1234,750,173,657,0.8770433546552949,2022-07-08,YES
45c52e44-2c57-4886-9ec0-be254b4a8590,MKC,NYSE,2021-01-04,2026-08-11,1404,1404,3,3,0.997867803837953,2022-01-03,YES
3295670d-29b3-4e8e-816c-39cb1db521bb,MKDW,NASDAQ,2023-03-28,2026-08-11,846,411,561,996,0.6012793176972282,2024-05-31,YES
5e21acde-2fc3-45c0-8fb3-4d20e0738299,MKL,NYSE,2021-01-04,2026-08-11,1404,1404,3,3,0.997867803837953,2022-01-03,YES
7ef4518d-2052-40b5-96a0-bbcac5d7d284,MKLY,NASDAQ,2025-10-08,2026-08-11,211,27,1196,1380,0.1499644633972992,,NO
29644816-8d50-4530-89df-4d77719dce22,MKSI,NASDAQ,2021-01-04,2026-08-11,1407,1407,0,0,1.0,2022-01-03,YES
31fc9f74-ee3d-4545-b859-d3c4f60be2fb,MKTW,NASDAQ,2021-07-22,2026-08-11,1269,1011,138,396,0.9019189765458422,2022-07-22,YES
c9ba3fb3-4daf-4f43-981e-ef531850a6bd,MKTX,NASDAQ,2021-01-04,2026-08-11,1407,1407,0,0,1.0,2022-01-03,YES
b6a4caf5-2bd9-416a-8b5c-1d2a826ba3c4,MKZR,NASDAQ,2024-11-11,2026-08-11,437,236,970,1171,0.31058990760483296,2025-11-17,YES
05eb8b2b-e2c0-425a-b18f-f7e33310b83b,MLAA,NASDAQ,2026-03-19,2026-08-11,100,40,1307,1367,0.07107320540156362,,NO
f5362f5c-cfe2-4e96-8213-60beb7b8867d,MLAB,NASDAQ,2021-01-04,2026-08-11,1378,1336,29,71,0.9793887704335466,2022-01-03,YES
5f667cf4-6008-44d6-93bf-b205f5a6a412,MLCI,NASDAQ,2025-09-15,2026-08-11,228,203,1179,1204,0.16204690831556504,,NO
8f24d532-a90c-4a03-a591-5317acce0475,MLEC,NASDAQ,2023-01-03,2026-08-11,904,402,503,1005,0.642501776830135,2024-01-04,YES
1220182c-5641-4168-b2f2-3df7423c7267,MLI,NYSE,2021-01-04,2026-08-11,1404,1404,3,3,0.997867803837953,2022-01-03,YES
109975ad-e1a0-4de9-9390-a2d7fd7fd57b,MLKN,NASDAQ,2021-01-04,2026-08-11,1406,1406,1,1,0.9992892679459844,2022-01-03,YES
154033d6-32bc-43e0-8344-9a07e54e7c32,MLM,NYSE,2021-01-04,2026-08-11,1404,1403,3,4,0.997867803837953,2022-01-03,YES
fdbf75e0-eafb-4b1c-a63f-cf0ac1955fb2,MLP,NYSE,2021-01-04,2026-08-11,1217,782,190,625,0.8649609097370291,2022-01-05,YES
a36963e7-4830-4187-a9cc-66fa61b3f433,MLR,NYSE,2021-01-04,2026-08-11,1400,1369,7,38,0.9950248756218906,2022-01-04,YES
67707692-13bd-4864-b5a4-1aea9d1db387,MLSS,AMEX,2021-01-04,2026-08-11,1392,1115,15,292,0.9893390191897654,2022-01-03,YES
386a1103-6a02-4edb-ba1c-c27e58e44229,MLTX,NASDAQ,2021-01-04,2026-08-11,1200,1173,207,234,0.8528784648187633,2022-01-13,YES
8f188951-067a-45c7-ba11-2fe54438f59d,MLYS,NASDAQ,2023-02-10,2026-08-11,877,876,530,531,0.6233120113717129,2024-02-13,YES
489ff7f4-05da-4b66-870f-43d5aecb26be,MMA,AMEX,2024-03-28,2026-08-11,594,464,813,943,0.42217484008528783,2025-04-01,YES
3bbbec3a-7744-4ee9-a4f0-fd7adeea6265,MMED,NASDAQ,2026-03-06,2026-08-11,109,109,1298,1298,0.07746979388770434,,NO
1c654754-2f63-464f-bfa2-22b2aa90517b,MMI,NYSE,2021-01-04,2026-08-11,1404,1404,3,3,0.997867803837953,2022-01-03,YES
6b9a9239-f132-42e7-ba22-edac0fba39d4,MMLP,NASDAQ,2021-01-04,2026-08-11,1368,1170,39,237,0.9722814498933902,2022-01-03,YES
b7f45fa8-7969-4ad9-ad77-775880b14278,MMM,NYSE,2021-01-04,2026-08-11,1404,1404,3,3,0.997867803837953,2022-01-03,YES
69b78dfb-166b-4039-be92-78ded2ab247f,MMS,NYSE,2021-01-04,2026-08-11,1404,1404,3,3,0.997867803837953,2022-01-03,YES
7272d97a-978d-44dd-ae0b-854e6eb9cc90,MMSI,NASDAQ,2021-01-04,2026-08-11,1407,1407,0,0,1.0,2022-01-03,YES
447d6e10-23d1-43ce-8107-0e152b53dcf5,MMTX,NASDAQ,2025-12-22,2026-08-11,159,15,1248,1392,0.11300639658848614,,NO
64347090-cd04-42f3-bb4c-7e8b705a2a59,MMYT,NASDAQ,2021-01-04,2026-08-11,1407,1407,0,0,1.0,2022-01-03,YES
9afb686b-9ace-41d1-8cb1-4a0931ae60dd,MNDO,NASDAQ,2021-01-07,2026-08-11,1184,634,223,773,0.8415067519545132,2022-01-07,YES
f29bfd4f-152d-4a44-a463-c28f75ce95a1,MNDR,NASDAQ,2024-04-10,2026-08-11,586,480,821,927,0.4164889836531628,2025-04-14,YES
6204f95e-6b36-4b10-a215-65f689afabec,MNDY,NASDAQ,2021-06-10,2026-08-11,1297,1297,110,110,0.92181947405828,2022-06-09,YES
d1bc5ab2-61a6-44c6-bf8b-02a6d5779077,MNKD,NASDAQ,2021-01-04,2026-08-11,1407,1407,0,0,1.0,2022-01-03,YES
8252871e-b545-4f02-9786-aac649fda257,MNOV,NASDAQ,2021-01-04,2026-08-11,1387,913,20,494,0.9857853589196873,2022-01-03,YES
a7ceff4d-8411-4d09-80d0-9cc97c33cff2,MNPR,NASDAQ,2021-01-04,2026-08-11,1230,964,177,443,0.8742004264392325,2022-01-10,YES
520cbcfe-0bd8-479e-9f57-aacadd2bd3c2,MNRO,NASDAQ,2021-01-04,2026-08-11,1407,1407,0,0,1.0,2022-01-03,YES
32fa0464-83db-4acf-b10c-38049d71a8da,MNSB,NASDAQ,2021-01-05,2026-08-11,1226,961,181,446,0.8713574982231699,2022-01-05,YES
63595036-ec71-4cd5-9979-4997252d23f6,MNST,NASDAQ,2021-01-04,2026-08-11,1407,1407,0,0,1.0,2022-01-03,YES
69521252-ae55-4f2d-90b6-1b91ae4a0092,MNTK,NASDAQ,2021-01-22,2026-08-11,1386,1386,21,21,0.9850746268656716,2022-01-21,YES
a6e3fc7c-d674-4cc7-859e-3d0b8a86a315,MNTN,NYSE,2022-01-14,2026-08-11,1044,465,363,942,0.7420042643923241,2023-03-14,YES
fb5265df-ba56-4139-b4c0-49f43c673adb,MNTS,NASDAQ,2021-01-04,2026-08-11,1407,1388,0,19,1.0,2022-01-03,YES
d7e95c1d-7711-40ff-8588-c95990ca8854,MNY,NASDAQ,2021-01-04,2026-08-11,1392,1078,15,329,0.9893390191897654,2022-01-03,YES
4eb91cfa-4f8b-4df5-acb7-2f3434fa283f,MO,NYSE,2021-01-04,2026-08-11,1404,1404,3,3,0.997867803837953,2022-01-03,YES
afdc011e-15cc-42c8-854c-39247010598e,MOB,NASDAQ,2022-08-25,2026-08-11,993,816,414,591,0.7057569296375267,2023-08-28,YES
1f9b3504-7189-4c1d-a037-85895812043c,MOBI,NASDAQ,2026-05-08,2026-08-11,65,64,1342,1343,0.04619758351101635,,NO
29f60067-ae9b-4fa6-9beb-ea6ea8954aa7,MOBX,NASDAQ,2021-08-16,2026-08-11,1055,686,352,721,0.749822316986496,2022-08-19,YES
2dd3d33c-2225-4649-bd79-ef983e57dbcd,MOD,NYSE,2021-01-04,2026-08-11,1404,1404,3,3,0.997867803837953,2022-01-03,YES
150c4f0e-e38d-4b93-8003-2f23543a522e,MODD,NASDAQ,2022-02-11,2026-08-11,1106,801,301,606,0.7860696517412935,2023-03-07,YES
20906700-9350-4d6e-a7cb-4b5068c0063e,MOH,NYSE,2021-01-04,2026-08-11,1404,1404,3,3,0.997867803837953,2022-01-03,YES
faf007ee-a339-448f-a134-27c9c12cb401,MORN,NASDAQ,2021-01-04,2026-08-11,1407,1406,0,1,1.0,2022-01-03,YES
6c285ed0-024c-47f7-9e2a-8fb08e6913ac,MOS,NYSE,2021-01-04,2026-08-11,1404,1404,3,3,0.997867803837953,2022-01-03,YES
02f92d8b-0522-459a-9431-51ff7e1868f8,MOV,NYSE,2021-01-04,2026-08-11,1404,1403,3,4,0.997867803837953,2022-01-03,YES
822c5e77-76f6-43c8-9b7e-6b267eb288ea,MOVE,NASDAQ,2021-03-23,2026-08-11,1246,913,161,494,0.8855721393034826,2022-03-22,YES
afc802b1-db28-4af2-8ebe-c25f868361c7,MP,NYSE,2021-01-04,2026-08-11,1404,1404,3,3,0.997867803837953,2022-01-03,YES
d361dc10-ac8f-4c2a-9090-f2b5297e888a,MPAA,NASDAQ,2021-01-04,2026-08-11,1407,1404,0,3,1.0,2022-01-03,YES
2ed6a5a3-c634-4830-b78b-d134a22da92c,MPB,NASDAQ,2021-01-05,2026-08-11,1354,1302,53,105,0.9623312011371713,2022-01-04,YES
639306f2-59d8-46e0-95e7-0fe917d34f13,MPC,NYSE,2021-01-04,2026-08-11,1404,1404,3,3,0.997867803837953,2022-01-03,YES
9b974048-4fc3-4478-9f1d-bd7f685d83fd,MPLT,NASDAQ,2025-10-27,2026-08-11,198,198,1209,1209,0.14072494669509594,,NO
664a0bfd-263e-4109-b0a1-e9ee2564026b,MPLX,NYSE,2021-01-04,2026-08-11,1404,1404,3,3,0.997867803837953,2022-01-03,YES
1c63b5c6-8bc9-4e99-8b67-42bf046ea636,MPTI,AMEX,2022-10-10,2026-08-11,962,712,445,695,0.6837242359630419,2023-10-12,YES
b5fa5b51-d044-403c-b2c8-d27e51ba44c6,MPU,AMEX,2021-01-04,2026-08-11,1376,1171,31,236,0.9779673063255153,2022-01-03,YES
281706cb-0882-4af0-9d2b-b42c86ef815f,MPV,NYSE,2021-01-04,2026-08-11,1219,754,188,653,0.8663823738450604,2022-01-03,YES
de7edaf4-bc7f-44fc-87d9-27b52406ccc6,MPWR,NASDAQ,2021-01-04,2026-08-11,1407,1407,0,0,1.0,2022-01-03,YES
3f47deca-0b6d-4dd6-994b-acd99e123a57,MQ,NASDAQ,2021-06-09,2026-08-11,1299,1299,108,108,0.9232409381663113,2022-06-08,YES
eb540d94-a956-4b51-85d9-c7ffd9ad4ff3,MRAM,NASDAQ,2021-01-04,2026-08-11,1407,1403,0,4,1.0,2022-01-03,YES
9d8523c6-a835-4c70-be0d-3c2b11762368,MRBK,NASDAQ,2021-01-04,2026-08-11,1321,1133,86,274,0.9388770433546553,2022-01-03,YES
2ce5c133-afda-488f-90f2-529c118f551e,MRCY,NASDAQ,2021-01-04,2026-08-11,1407,1407,0,0,1.0,2022-01-03,YES
0c8eace0-409b-4cc5-89d2-16117c802965,MRDN,NASDAQ,2022-03-17,2026-08-11,1094,931,313,476,0.7775408670931059,2023-03-21,YES
0d56791f-7395-40fa-853b-7b852bd9a7bf,MRK,NYSE,2021-01-04,2026-08-11,1404,1404,3,3,0.997867803837953,2022-01-03,YES
d9bb28f9-c270-4daa-904a-80d07a281d8f,MRKR,NASDAQ,2021-01-05,2026-08-11,1384,1130,23,277,0.9836531627576404,2022-01-04,YES
29695ff5-c2b4-4207-8681-5bd361ad0451,MRLN,NASDAQ,2024-12-02,2026-08-11,423,252,984,1155,0.3006396588486141,2025-12-04,YES
b02df0cc-0a0a-4ecb-8e92-201b1044ea21,MRNA,NASDAQ,2021-01-04,2026-08-11,1407,1407,0,0,1.0,2022-01-03,YES
e01ab8f9-0a0d-468a-b4aa-4928e53c0298,MRNO,NASDAQ,2022-03-24,2026-08-11,1011,314,396,1093,0.7185501066098081,2023-05-24,YES
6f5f1061-030a-40f4-925d-4a0435b9ff0c,MRP,NYSE,2025-02-07,2026-08-11,378,377,1029,1030,0.26865671641791045,2026-02-10,YES
219700d3-c988-4d18-b38d-6a3be1156833,MRSH,NYSE,2021-01-04,2026-08-11,1404,1404,3,3,0.997867803837953,2022-01-03,YES
dba872da-4e1d-4bf9-8553-f99a4ef398d4,MRT,AMEX,2021-09-01,2026-08-11,1055,719,352,688,0.749822316986496,2023-08-01,YES
430eaf00-8448-4351-9b15-bba7df2250bc,MRTN,NASDAQ,2021-01-04,2026-08-11,1407,1407,0,0,1.0,2022-01-03,YES
0e967a96-2a81-4eaf-91cc-83d5cce69717,MRVI,NASDAQ,2021-01-04,2026-08-11,1407,1407,0,0,1.0,2022-01-03,YES
723c21be-11af-4450-9b64-20346a6905fc,MRVL,NASDAQ,2021-01-04,2026-08-11,1407,1407,0,0,1.0,2022-01-03,YES
cb7ef791-39aa-490a-98e5-9bb4105ecb70,MRX,NASDAQ,2024-04-25,2026-08-11,575,575,832,832,0.40867093105899077,2025-04-29,YES
1c2f8701-b8cb-40b6-902a-1e9a6a0c7bcf,MS,NYSE,2021-01-04,2026-08-11,1404,1404,3,3,0.997867803837953,2022-01-03,YES
44f56e42-6f52-4177-8f67-ee3981dca051,MSA,NYSE,2021-01-04,2026-08-11,1404,1404,3,3,0.997867803837953,2022-01-03,YES
0872557a-28f0-44e9-80db-ac9f921ada0c,MSAI,NASDAQ,2021-11-17,2026-08-11,1060,619,347,788,0.7533759772565742,2022-11-17,YES
d4662f45-0d9d-43fb-bec6-137f43eaa473,MSBI,NASDAQ,2021-01-04,2026-08-11,1405,1397,2,10,0.9985785358919688,2022-01-03,YES
0ef68826-b0f7-45b8-b273-8251f7133f0a,MSCI,NYSE,2021-01-04,2026-08-11,1404,1404,3,3,0.997867803837953,2022-01-03,YES
e29ff415-e898-4899-bcc7-3e16b3d6770d,MSEX,NASDAQ,2021-01-04,2026-08-11,1407,1406,0,1,1.0,2022-01-03,YES
b6d1aa75-5c9c-4353-a305-9e2caa1925ab,MSFT,NASDAQ,2021-01-04,2026-08-11,1407,1407,0,0,1.0,2022-01-03,YES
73138b99-7451-4cda-8e77-e0f23e460606,MSGE,NYSE,2021-01-04,2026-08-11,1404,1403,3,4,0.997867803837953,2022-01-03,YES
1553511a-a92a-45ad-ad20-cb3a48d9d289,MSGM,NASDAQ,2021-01-13,2026-08-11,1280,915,127,492,0.9097370291400142,2022-01-12,YES
2d2f348b-f191-4841-b089-8b041539a973,MSGS,NYSE,2021-01-04,2026-08-11,1404,1401,3,6,0.997867803837953,2022-01-03,YES
ea052aa0-c7eb-4256-bf90-287d07cfe7b0,MSGY,NASDAQ,2025-07-08,2026-08-11,276,236,1131,1171,0.19616204690831557,2026-07-09,YES
dc8a1979-4f40-4e60-bc92-686687c28c43,MSI,NYSE,2021-01-04,2026-08-11,1404,1404,3,3,0.997867803837953,2022-01-03,YES
b45903b2-8fad-4e38-ab0b-ab85872d2460,MSLE,NASDAQ,2026-02-06,2026-08-11,128,119,1279,1288,0.09097370291400142,,NO
0442557b-22bb-486a-a0ff-324efadd31ce,MSM,NYSE,2021-01-04,2026-08-11,1404,1404,3,3,0.997867803837953,2022-01-03,YES
f9178cb5-fef4-4651-b85e-46eb015dc2e3,MSN,AMEX,2021-01-04,2026-08-11,1187,429,220,978,0.84363894811656,2022-01-03,YES
f697c679-44b8-402c-981d-c4f338f8b295,MSS,NASDAQ,2023-10-05,2026-08-11,714,537,693,870,0.5074626865671642,2024-10-07,YES
a9be5ee1-9ac7-4dbc-a09e-bb4ba98a3a19,MSTR,NASDAQ,2021-01-04,2026-08-11,1407,1407,0,0,1.0,2022-01-03,YES
cb84773e-f3e0-41f1-b0e6-cb94b0e8041a,MT,NYSE,2021-01-04,2026-08-11,1404,1404,3,3,0.997867803837953,2022-01-03,YES
97ae307b-9a9e-428f-b9e1-7f8b6e9cf214,MTA,AMEX,2021-01-04,2026-08-11,1407,1401,0,6,1.0,2022-01-03,YES
8f99ffe2-6288-4b34-8422-2211fe7c1002,MTAL,NYSE,2021-10-07,2026-08-11,1096,646,311,761,0.7789623312011372,2022-11-03,YES
c116ed61-e58f-45af-8b63-499fac4d0cab,MTB,NYSE,2021-01-04,2026-08-11,1404,1404,3,3,0.997867803837953,2022-01-03,YES
a1fbe189-e7eb-4b79-9cfe-b40142a62d47,MTC,NASDAQ,2021-01-04,2026-08-11,1276,1061,131,346,0.9068941009239516,2022-01-03,YES
3ea63016-3f73-4588-b047-0efcfda49a65,MTCH,NASDAQ,2021-01-04,2026-08-11,1407,1407,0,0,1.0,2022-01-03,YES
51fa61cb-6769-4e6e-b721-69348ce359f5,MTD,NYSE,2021-01-04,2026-08-11,1403,1402,4,5,0.9971570717839374,2022-01-03,YES
2f00ea44-09ec-47cf-8bd5-63db689b8a88,MTDR,NYSE,2021-01-04,2026-08-11,1404,1404,3,3,0.997867803837953,2022-01-03,YES
f4ff697b-3d89-40ae-98b3-683d84f1f2eb,MTEK,NASDAQ,2022-02-02,2026-08-11,1107,722,300,685,0.7867803837953091,2023-02-03,YES
9af55a98-f484-496c-8be6-a9ef8e10bcc9,MTEN,NASDAQ,2024-04-19,2026-08-11,579,475,828,932,0.4115138592750533,2025-04-23,YES
e3c5cf37-1a5f-4715-81c2-560053ade4b9,MTEX,NASDAQ,2021-01-04,2026-08-11,1158,284,249,1123,0.8230277185501066,2022-01-05,YES
4f61fde7-8106-4dd6-b743-9f9cb5fc536a,MTG,NYSE,2021-01-04,2026-08-11,1404,1404,3,3,0.997867803837953,2022-01-03,YES
dd4e21ef-a943-44a8-8abd-d0f885315a04,MTH,NYSE,2021-01-04,2026-08-11,1404,1404,3,3,0.997867803837953,2022-01-03,YES
9ea58b64-61a9-4cc9-a9c7-79bc675046ed,MTN,NYSE,2021-01-04,2026-08-11,1404,1404,3,3,0.997867803837953,2022-01-03,YES
e9684e82-2eea-4ea0-b2c3-0cd7727dc256,MTNB,AMEX,2021-01-04,2026-08-11,1397,1220,10,187,0.9928926794598436,2022-01-03,YES
81f6445e-2742-49a6-a4ac-d2d4daf470b0,MTNE,NYSE,2026-06-24,2026-08-11,34,3,1373,1404,0.024164889836531627,,NO
b712acfe-2481-47ae-8151-c3e1b71c7c0d,MTRN,NYSE,2021-01-04,2026-08-11,1404,1403,3,4,0.997867803837953,2022-01-03,YES
136eaaf2-e300-4d73-89b6-3bd53c849427,MTRX,NASDAQ,2021-01-04,2026-08-11,1407,1406,0,1,1.0,2022-01-03,YES
6fde6f4a-e547-4017-827e-27f4acb57051,MTSI,NASDAQ,2021-01-04,2026-08-11,1407,1407,0,0,1.0,2022-01-03,YES
e0d11184-3777-4c56-a02a-23af4941d968,MTUS,NYSE,2021-01-04,2026-08-11,1404,1404,3,3,0.997867803837953,2022-01-03,YES
023a88f5-b932-4634-b156-db9d23ce1130,MTVA,NASDAQ,2021-01-04,2026-08-11,1347,1132,60,275,0.9573560767590619,2022-01-03,YES
173c7a34-03e0-4526-8bac-ea620dd62a94,MTW,NYSE,2021-01-04,2026-08-11,1404,1404,3,3,0.997867803837953,2022-01-03,YES
9df788ca-be1d-49d0-b6bc-ac097225e021,MTX,NYSE,2021-01-04,2026-08-11,1404,1404,3,3,0.997867803837953,2022-01-03,YES
210c962e-3846-4468-bb99-67905302a7dd,MTZ,NYSE,2021-01-04,2026-08-11,1404,1404,3,3,0.997867803837953,2022-01-03,YES
1ef18995-5094-4f62-a5c5-e00168611152,MU,NASDAQ,2021-01-04,2026-08-11,1407,1407,0,0,1.0,2022-01-03,YES
4d57b5dc-1a3e-4fd1-aa38-f1a78dbfd4dc,MUFG,NYSE,2021-01-04,2026-08-11,1404,1404,3,3,0.997867803837953,2022-01-03,YES
c8bdb36f-320f-45ff-98ca-7e9cd364e770,MUR,NYSE,2021-01-04,2026-08-11,1404,1404,3,3,0.997867803837953,2022-01-03,YES
f6e58946-f57b-44a7-a79f-aa8f198aed92,MUSA,NYSE,2021-01-04,2026-08-11,1404,1404,3,3,0.997867803837953,2022-01-03,YES
892ef813-19c1-4aa9-95db-057149920fbc,MUX,NYSE,2021-01-04,2026-08-11,1404,1404,3,3,0.997867803837953,2022-01-03,YES
c567b70f-f1a0-4f41-b520-b6c7371a1f94,MUZE,NASDAQ,2026-03-24,2026-08-11,97,4,1310,1403,0.0689410092395167,,NO
2087d49d-c32d-471b-aa01-b2f24facef14,MVBF,NASDAQ,2021-01-04,2026-08-11,1380,1266,27,141,0.9808102345415778,2022-01-03,YES
c8307780-ffc2-4b90-b968-c37194b797ab,MVIS,NASDAQ,2021-01-04,2026-08-11,1407,1407,0,0,1.0,2022-01-03,YES
f226d845-d61f-4679-905c-f11dd5521fdf,MVST,NASDAQ,2021-01-04,2026-08-11,1407,1407,0,0,1.0,2022-01-03,YES
c682a9d5-50b2-40e2-9d25-1f570d432be0,MWA,NYSE,2021-01-04,2026-08-11,1404,1404,3,3,0.997867803837953,2022-01-03,YES
2f01248e-889a-4f31-8781-64b8cbe42da5,MWG,AMEX,2023-04-03,2026-08-11,842,480,565,927,0.5984363894811656,2024-04-05,YES
461d75aa-16ef-4060-acba-e5537483e949,MWH,NASDAQ,2026-02-11,2026-08-11,125,125,1282,1282,0.08884150675195451,,NO
2752a64c-859e-45fd-ba54-67b3a293f79c,MWYN,NASDAQ,2025-03-13,2026-08-11,355,264,1052,1143,0.2523098791755508,2026-03-16,YES
0f2c9f32-3747-4d46-ae63-0feef7bc92d0,MX,NYSE,2021-01-04,2026-08-11,1404,1404,3,3,0.997867803837953,2022-01-03,YES
1ad02411-21a6-4b97-9243-97c0b23b3668,MXC,AMEX,2021-01-04,2026-08-11,1326,547,81,860,0.9424307036247335,2022-01-03,YES
02e8137a-0d9c-471b-b3df-04dd11746481,MXCT,NASDAQ,2021-07-30,2026-08-11,1263,1263,144,144,0.8976545842217484,2022-08-01,YES
8057a280-5ebc-414e-bf77-c2771c4d481b,MXL,NASDAQ,2021-01-04,2026-08-11,1405,1405,2,2,0.9985785358919688,2022-01-03,YES
330241f1-acc8-4027-9462-8d9b4b65c5de,MYE,NYSE,2021-01-04,2026-08-11,1404,1404,3,3,0.997867803837953,2022-01-03,YES
eec1dab5-9117-4230-8023-6edd035b5f1f,MYFW,NASDAQ,2021-01-05,2026-08-11,1324,1106,83,301,0.9410092395167022,2022-01-04,YES
3fe018b1-9625-4860-bc43-77b474a65493,MYGN,NASDAQ,2021-01-04,2026-08-11,1407,1407,0,0,1.0,2022-01-03,YES
b632cda9-2c95-4905-a721-33af03796ee5,MYO,AMEX,2021-01-04,2026-08-11,1340,1264,67,143,0.9523809523809523,2022-01-03,YES
60e1c237-0ebf-4cd5-9803-a89e8e0a6afc,MYPS,NASDAQ,2021-01-06,2026-08-11,1397,1395,10,12,0.9928926794598436,2022-01-05,YES
b1cebeea-565e-48d5-80f1-1f78e6289ccb,MYRG,NASDAQ,2021-01-04,2026-08-11,1407,1406,0,1,1.0,2022-01-03,YES
6dc8d920-017a-47d0-a387-79811269a309,MYSE,NASDAQ,2021-08-13,2026-08-11,1245,968,162,439,0.8848614072494669,2022-08-15,YES
e1df1175-7704-462b-8676-30c5cf70be17,MYSZ,NASDAQ,2021-01-04,2026-08-11,1316,988,91,419,0.9353233830845771,2022-01-03,YES
e32b4d92-cc03-4aff-ad04-92f34af05b79,MYX,NASDAQ,2026-05-15,2026-08-11,60,4,1347,1403,0.042643923240938165,,NO
d6c7e261-a7ae-4bab-96d7-d06794628891,MZTI,NASDAQ,2021-01-04,2026-08-11,1407,1406,0,1,1.0,2022-01-03,YES
539f5813-258a-431d-b60a-bf89f007127c,MZYX,NYSE,2026-04-29,2026-08-11,72,11,1335,1396,0.0511727078891258,,NO
358b20cc-ffee-436b-b14b-2a966edf7281,NA,NASDAQ,2022-07-12,2026-08-11,1025,671,382,736,0.728500355366027,2023-07-13,YES
97001799-19ab-49dc-ab33-e1b03499128a,NABL,NYSE,2021-07-20,2026-08-11,1269,1269,138,138,0.9019189765458422,2022-07-20,YES
05c97d28-4bc5-4bd9-a1ad-740124d943d7,NAGE,NASDAQ,2021-01-04,2026-08-11,1407,1378,0,29,1.0,2022-01-03,YES
3539c730-a202-4476-b461-d6c63cbd72df,NAII,NASDAQ,2021-01-04,2026-08-11,1279,590,128,817,0.9090262970859986,2022-01-03,YES
ab25443b-64a4-417f-8143-19528ba101b2,NAK,AMEX,2021-01-04,2026-08-11,1405,1393,2,14,0.9985785358919688,2022-01-03,YES
087b8b6e-c5ad-4ee1-a5b4-1bad900e8369,NAKA,NASDAQ,2024-05-31,2026-08-11,550,510,857,897,0.39090262970859985,2025-06-04,YES
220e728d-c486-4f95-822c-f2f3420533d7,NAMM,NASDAQ,2025-06-06,2026-08-11,296,289,1111,1118,0.2103766879886283,2026-06-09,YES
ee52021c-8a8f-4b2c-a158-5684c8033727,NAMS,NASDAQ,2021-02-10,2026-08-11,1111,1029,296,378,0.7896233120113717,2022-03-02,YES
31c69a25-f499-4aee-a206-f833fa03c2ff,NAT,NYSE,2021-01-04,2026-08-11,1404,1404,3,3,0.997867803837953,2022-01-03,YES
b987b007-a8c8-454c-a26e-fb6e43df0dee,NATH,NASDAQ,2021-01-05,2026-08-11,1235,610,172,797,0.8777540867093105,2022-01-18,YES
b4ca886b-7281-4616-87c9-bcd42a7bc6f2,NATL,NYSE,2023-10-17,2026-08-11,706,706,701,701,0.501776830135039,2024-10-17,YES
8ecd9502-2042-4132-ae9f-32e16246988e,NATR,NASDAQ,2021-01-04,2026-08-11,1402,1350,5,57,0.9964463397299218,2022-01-03,YES
0f0d0890-c9a0-436d-bf8d-5c2447be2dad,NAUT,NASDAQ,2021-01-04,2026-08-11,1400,1365,7,42,0.9950248756218906,2022-01-03,YES
7d211797-f58f-49c9-87af-3270b2892651,NAVI,NASDAQ,2021-01-04,2026-08-11,1407,1407,0,0,1.0,2022-01-03,YES
8f7e317a-bd89-484f-8712-4607f5aec0cf,NAVN,NASDAQ,2025-10-30,2026-08-11,195,195,1212,1212,0.13859275053304904,,NO
de7da493-b3fd-485d-bd98-ec2dc20f04f5,NB,NASDAQ,2023-03-21,2026-08-11,851,818,556,589,0.6048329779673063,2024-03-21,YES
558aaa53-cf76-4c38-8305-e62d13125c1b,NBBK,NASDAQ,2023-12-28,2026-08-11,656,655,751,752,0.4662402274342573,2024-12-30,YES
5a2c3ee1-32a0-474f-aa24-aee4561ad773,NBHC,NYSE,2021-01-04,2026-08-11,1404,1404,3,3,0.997867803837953,2022-01-03,YES
44d23ccc-a7b5-4cfd-968d-590a6274f43b,NBIS,NASDAQ,2021-01-04,2026-08-11,742,742,665,665,0.527363184079602,2022-01-03,YES
d91660bb-2c4d-482a-9822-3a0b2641fb7f,NBIX,NASDAQ,2021-01-04,2026-08-11,1407,1407,0,0,1.0,2022-01-03,YES
22f09c69-a444-485e-9aa2-8293fbda6a25,NBN,NASDAQ,2021-01-04,2026-08-11,1389,1295,18,112,0.9872068230277186,2022-01-03,YES
1efc48ee-fb18-43a9-a5dc-03399c579a6c,NBR,NYSE,2021-01-04,2026-08-11,1404,1404,3,3,0.997867803837953,2022-01-03,YES
f359daf1-581f-4719-81f6-65eda6809931,NBRG,NASDAQ,2026-03-25,2026-08-11,96,11,1311,1396,0.06823027718550106,,NO
4cf919fe-3f5b-48e8-81c0-5e497b38f2c6,NBTB,NASDAQ,2021-01-04,2026-08-11,1407,1407,0,0,1.0,2022-01-03,YES
d8b849e4-8f30-4b3b-b7f9-742e9e2e0271,NC,NYSE,2021-01-04,2026-08-11,1310,816,97,591,0.9310589907604833,2022-01-03,YES
a918a58e-5477-42c4-b634-63a99c531576,NCDL,NYSE,2024-01-25,2026-08-11,638,633,769,774,0.4534470504619758,2025-01-28,YES
7e41b08f-1570-4265-98ba-9142e8abf831,NCEL,NASDAQ,2021-01-29,2026-08-11,1285,968,122,439,0.9132906894100924,2022-01-28,YES
c065ccfe-d87b-4481-b5ed-2728b63fbb7e,NCEW,NASDAQ,2024-12-18,2026-08-11,411,218,996,1189,0.2921108742004264,2025-12-23,YES
c40f9637-f9b3-410a-acb9-5583f2fdc12e,NCI,NASDAQ,2024-04-23,2026-08-11,577,410,830,997,0.410092395167022,2025-04-29,YES
bebc9c1c-42c2-4b3a-9481-a5fd3deab931,NCL,AMEX,2023-10-19,2026-08-11,704,531,703,876,0.5003553660270078,2024-10-22,YES
81f61b55-adee-402e-87d4-7b49579e2338,NCLH,NYSE,2021-01-04,2026-08-11,1404,1404,3,3,0.997867803837953,2022-01-03,YES
613340c5-3c3d-4d28-b002-f660240eff8a,NCMI,NASDAQ,2021-01-04,2026-08-11,1407,1407,0,0,1.0,2022-01-03,YES
c211e223-bd0a-4575-b654-9794a746e22d,NCNO,NASDAQ,2021-01-04,2026-08-11,1407,1407,0,0,1.0,2022-01-03,YES
68d4ef53-e551-49fb-abf7-9181a68392df,NCO,NASDAQ,2026-08-03,2026-08-11,7,2,1400,1405,0.004975124378109453,,NO
0ebaeb19-0cb9-4974-a77b-fe2ac78ae6d4,NCPL,NASDAQ,2022-07-13,2026-08-11,1024,839,383,568,0.7277896233120114,2023-07-14,YES
634005cf-4fef-4fd6-a80a-240f3615a8d2,NCRA,NASDAQ,2022-08-11,2026-08-11,1003,446,404,961,0.7128642501776831,2023-08-21,YES
960429ad-b3c2-4580-840b-944ead00e9c1,NCSM,NASDAQ,2021-01-06,2026-08-11,1145,425,262,982,0.8137882018479033,2022-01-06,YES
b27d5f3f-8e64-4a76-8a66-e1125b50666a,NCT,NASDAQ,2025-03-28,2026-08-11,344,261,1063,1146,0.24449182658137883,2026-03-31,YES
a6214715-8260-44f2-bd71-7fa032e7b244,NCTY,NASDAQ,2021-01-04,2026-08-11,1407,1203,0,204,1.0,2022-01-03,YES
cd5c9e8e-df7c-435b-b301-c75eae954069,NDAQ,NASDAQ,2021-01-04,2026-08-11,1407,1407,0,0,1.0,2022-01-03,YES
b3081855-8fa3-4a27-b82e-99b7dd558d46,NDLS,NASDAQ,2021-01-04,2026-08-11,1407,1375,0,32,1.0,2022-01-03,YES
cf6cfbcf-c0cb-483d-acd7-febed4427c04,NDRA,NASDAQ,2021-01-04,2026-08-11,1371,1017,36,390,0.9744136460554371,2022-01-03,YES
4df3f2ef-4d3d-4c9e-a7ca-d69919e79a43,NDSN,NASDAQ,2021-01-04,2026-08-11,1407,1406,0,1,1.0,2022-01-03,YES
62a035d0-64d0-4f2b-9d43-bd71ba7f5cb2,NE,NYSE,2021-06-10,2026-08-11,1296,1296,111,111,0.9211087420042644,2022-06-09,YES
0d329200-357b-45f2-8f7c-7406ce821d0f,NECB,NASDAQ,2021-07-13,2026-08-11,1259,1189,148,218,0.8948116560056859,2022-07-13,YES
ac20a75d-5bb4-4d10-96e8-f5e58e730139,NEE,NYSE,2021-01-04,2026-08-11,1404,1404,3,3,0.997867803837953,2022-01-03,YES
1d3114f2-7503-4f26-8cde-4b2421e94b5e,NEGG,NASDAQ,2021-01-04,2026-08-11,1407,1376,0,31,1.0,2022-01-03,YES
96da6121-b5ab-4f8b-bb53-60ae53cb5ed3,NEM,NYSE,2021-01-04,2026-08-11,1404,1404,3,3,0.997867803837953,2022-01-03,YES
98255227-0ec4-400b-b9f7-1b46e619775c,NEN,AMEX,2021-01-05,2026-08-11,1011,82,396,1325,0.7185501066098081,2022-02-08,YES
c3831c2d-2dd0-46de-926b-5dc6e9803536,NEO,NASDAQ,2021-01-04,2026-08-11,1407,1407,0,0,1.0,2022-01-03,YES
f0d82351-d454-44a1-8324-00f13a575d92,NEOG,NASDAQ,2021-01-04,2026-08-11,1407,1407,0,0,1.0,2022-01-03,YES
1d29014f-2b17-4a16-bb0f-528c14e2e0f8,NEON,NASDAQ,2021-01-04,2026-08-11,1350,1256,57,151,0.9594882729211087,2022-01-03,YES
03cd87e7-3e32-45c3-9e67-51b1bdc16620,NEOV,NASDAQ,2022-07-28,2026-08-11,1013,879,394,528,0.7199715707178393,2023-07-31,YES
4a6b2c90-857b-4db6-9709-169e31b00fe7,NEPH,NASDAQ,2021-01-05,2026-08-11,1166,563,241,844,0.8287135749822317,2022-01-28,YES
64e127ba-b00a-4831-ade8-6a09138099ec,NERV,NASDAQ,2021-01-04,2026-08-11,1379,1084,28,323,0.9800995024875622,2022-01-03,YES
e849d955-b948-4d49-becb-cca3950289ef,NESR,NASDAQ,2021-01-04,2026-08-11,1407,1033,0,374,1.0,2022-01-03,YES
230eb69c-58ed-4fcf-a5e8-540db323d34c,NET,NYSE,2021-01-04,2026-08-11,1404,1404,3,3,0.997867803837953,2022-01-03,YES
6ed59488-8868-4029-ac55-baa6f1445a2a,NEU,NYSE,2021-01-04,2026-08-11,1394,1280,13,127,0.9907604832977968,2022-01-03,YES
196049e2-50ea-4715-bf9b-6b5cc03e6130,NEUP,NASDAQ,2021-12-16,2026-08-11,1060,702,347,705,0.7533759772565742,2022-12-19,YES
bd9dd6ea-2f34-43b6-a7f1-35023b2650bc,NEWP,AMEX,2021-05-24,2026-08-11,1251,1209,156,198,0.8891257995735607,2022-05-23,YES
8683eb57-a28e-432b-855b-2bb5876ff7d2,NEWT,NASDAQ,2021-01-04,2026-08-11,1407,1406,0,1,1.0,2022-01-03,YES
817a76fe-adea-41cf-9316-cfb69b0d0cba,NEXA,NYSE,2021-01-04,2026-08-11,1403,1302,4,105,0.9971570717839374,2022-01-03,YES
fbe4f0f0-90c6-4b7b-b3ab-42f5975734fa,NEXM,NASDAQ,2025-07-16,2026-08-11,270,207,1137,1200,0.19189765458422176,2026-07-28,YES
015263c3-1ca4-4d3d-b64d-851fedcee07d,NEXN,NASDAQ,2024-01-10,2026-08-11,648,615,759,792,0.4605543710021322,2025-01-13,YES
a4db30b7-0b79-48c2-ac39-6bd6747cc891,NEXR,NASDAQ,2022-08-26,2026-08-11,992,773,415,634,0.7050461975835111,2023-08-31,YES
d705c2cf-1997-454c-a121-643ae14813bf,NEXT,NASDAQ,2021-01-04,2026-08-11,1407,1407,0,0,1.0,2022-01-03,YES
66f51685-b423-4c45-8207-985d249c8ccc,NFE,NASDAQ,2021-01-04,2026-08-11,1407,1407,0,0,1.0,2022-01-03,YES
b5bf0336-dae2-49b3-b3b2-cc5599065e38,NFG,NYSE,2021-01-04,2026-08-11,1404,1404,3,3,0.997867803837953,2022-01-03,YES
9d48ba8f-3749-4bbb-9fa5-2409862252fe,NFGC,AMEX,2021-10-01,2026-08-11,1209,1203,198,204,0.8592750533049041,2022-10-03,YES
bb2a26c0-4c77-4801-8afc-82e8142ac7b8,NFLX,NASDAQ,2021-01-04,2026-08-11,1407,1407,0,0,1.0,2022-01-03,YES
837de957-3933-43b7-a188-be04b3da92ee,NG,AMEX,2021-01-04,2026-08-11,1407,1407,0,0,1.0,2022-01-03,YES
a4da8f48-e4ba-4d0e-9062-320a78315093,NGEN,NASDAQ,2026-01-08,2026-08-11,148,147,1259,1260,0.10518834399431415,,NO
406e1717-5f0f-4e8e-b990-719c6ba62d25,NGG,NYSE,2021-01-04,2026-08-11,1404,1404,3,3,0.997867803837953,2022-01-03,YES
99ef65f3-265d-429f-a981-57184a279344,NGL,NYSE,2021-01-04,2026-08-11,1404,1389,3,18,0.997867803837953,2022-01-03,YES
acc99fc8-778f-4bce-91f7-66d2cb3cf4d8,NGNE,NASDAQ,2021-01-04,2026-08-11,1407,1355,0,52,1.0,2022-01-03,YES
a82fc714-7528-4f3e-be24-6e730dd51559,NGS,NYSE,2021-01-04,2026-08-11,1365,1308,42,99,0.9701492537313433,2022-01-03,YES
62111973-5fbd-431a-94b2-e679c56abc87,NGVC,NYSE,2021-01-04,2026-08-11,1403,1364,4,43,0.9971570717839374,2022-01-03,YES
d5ada945-2b0d-485d-a096-a9eede26dc60,NGVT,NYSE,2021-01-04,2026-08-11,1404,1404,3,3,0.997867803837953,2022-01-03,YES
1b2219fd-f38a-4221-8d65-adda5b42f6ca,NHC,AMEX,2021-01-04,2026-08-11,1396,1365,11,42,0.992181947405828,2022-01-03,YES
8b7dcd59-3ce2-4845-9ba2-02a79d8cd30f,NHI,NYSE,2021-01-04,2026-08-11,1404,1404,3,3,0.997867803837953,2022-01-03,YES
74dab2cb-6d71-418d-ab52-eeb1a07cea04,NHIC,NASDAQ,2021-01-04,2026-08-11,653,237,754,1170,0.4641080312722104,2022-03-30,YES
cbf0d35e-4adc-45cb-a8ed-ebc842eefb9f,NHIV,NASDAQ,2026-07-06,2026-08-11,27,6,1380,1401,0.019189765458422176,,NO
8a2d21ea-ca4e-41aa-9135-67e8fc4b03b6,NHP,NASDAQ,2026-04-22,2026-08-11,77,77,1330,1330,0.05472636815920398,,NO
afca2f68-dde3-4c28-baa0-26f8002d9ca5,NHTC,NASDAQ,2021-01-04,2026-08-11,1252,763,155,644,0.8898365316275764,2022-01-03,YES
11c19425-9801-44b2-aabb-b1871d1aaef9,NI,NYSE,2021-01-04,2026-08-11,1404,1404,3,3,0.997867803837953,2022-01-03,YES
8edc618d-a470-4ade-a136-ce6ba14414b8,NIC,NYSE,2021-01-04,2026-08-11,1403,1328,4,79,0.9971570717839374,2022-01-03,YES
0aaaa1b9-1e61-4000-b52e-da2ac7db6db5,NIKI,NASDAQ,2021-01-04,2026-08-11,1354,849,53,558,0.9623312011371713,2022-01-03,YES
78882d98-8045-434f-a2df-b4f05607feb8,NINE,AMEX,2021-01-04,2026-08-11,1385,1327,22,80,0.984363894811656,2022-01-03,YES
b1439545-6c1b-4c8d-8049-f3a1507c172f,NIQ,NYSE,2021-01-04,2026-08-11,718,656,689,751,0.5103056147832267,2022-01-06,YES
57d688db-b554-4159-82c3-cd8e8295f819,NIVF,NASDAQ,2022-03-18,2026-08-11,964,551,443,856,0.6851457000710732,2024-08-09,YES
e957e7d6-f131-4d48-bb87-e3f55fde75bb,NIXX,NASDAQ,2021-06-30,2026-08-11,1249,1000,158,407,0.8877043354655295,2022-06-30,YES
27baf56f-40c3-43c6-882b-f20819e1fde1,NJR,NYSE,2021-01-04,2026-08-11,1404,1404,3,3,0.997867803837953,2022-01-03,YES
db00f7c3-19bb-42b6-9beb-79e92487f99e,NKE,NYSE,2021-01-04,2026-08-11,1404,1404,3,3,0.997867803837953,2022-01-03,YES
79c35844-9384-48ce-9ea3-97673ecf13bb,NKLR,NASDAQ,2024-12-19,2026-08-11,410,333,997,1074,0.2914001421464108,2025-12-23,YES
4fec4c0b-2235-41d1-a610-f5199f2859df,NKSH,NASDAQ,2021-01-05,2026-08-11,1251,842,156,565,0.8891257995735607,2022-01-13,YES
c6d9de2b-42c2-423e-89cb-3cb88fa85ef8,NKTR,NASDAQ,2021-01-04,2026-08-11,1407,1407,0,0,1.0,2022-01-03,YES
2f28a9c3-963a-439e-a2c2-8db263deb576,NKTX,NASDAQ,2021-01-04,2026-08-11,1407,1407,0,0,1.0,2022-01-03,YES
ebeb45eb-2d4f-4aed-b282-470b60dd053e,NL,NYSE,2021-01-06,2026-08-11,1279,972,128,435,0.9090262970859986,2022-01-05,YES
5ed3a44e-50c1-4035-8be3-b47d196d97de,NLOP,NYSE,2023-11-02,2026-08-11,694,688,713,719,0.49324804548685147,2024-11-04,YES
2e587c4b-dc14-4b16-a260-a999bf566546,NLY,NYSE,2021-01-04,2026-08-11,1404,1404,3,3,0.997867803837953,2022-01-03,YES
244673c9-1049-4402-beb9-969c38b9bed3,NMAD,NASDAQ,2021-01-06,2026-08-11,1306,910,101,497,0.9282160625444208,2022-01-05,YES
a3849cce-3b6a-4a19-b356-df8f00d7bb10,NMAX,NYSE,2025-03-31,2026-08-11,343,343,1064,1064,0.24378109452736318,2026-04-01,YES
9c61d3b6-1ae3-457d-b39c-ae269cf2aa3f,NMFC,NASDAQ,2021-01-04,2026-08-11,1407,1407,0,0,1.0,2022-01-03,YES
f775d6c4-cd8d-4926-8f87-97d335e05ea5,NMG,NYSE,2021-05-25,2026-08-11,1291,1114,116,293,0.9175550817341862,2022-05-24,YES
17155aa8-5e6f-4090-8320-0c8762d8e4d1,NMI,NYSE,2021-01-06,2026-08-11,1190,834,217,573,0.845771144278607,2022-01-05,YES
0cced405-5f54-45c8-b7d2-3d448d31fb46,NMIH,NASDAQ,2021-01-04,2026-08-11,1407,1407,0,0,1.0,2022-01-03,YES
0069c7a6-e1cc-47fe-b4e1-0d96f3a496d8,NMM,NYSE,2021-01-04,2026-08-11,1404,1392,3,15,0.997867803837953,2022-01-03,YES
99614ade-f06b-4a64-a7ef-c9badf7140ed,NMP,NASDAQ,2025-09-04,2026-08-11,235,34,1172,1373,0.1670220326936745,,NO
cb191c40-c58b-4d97-82f2-f484dbbcc9b4,NMR,NYSE,2021-01-04,2026-08-11,1404,1404,3,3,0.997867803837953,2022-01-03,YES
14fff5fa-01ca-4095-961a-ed863e195d78,NMRA,NASDAQ,2023-09-15,2026-08-11,728,728,679,679,0.5174129353233831,2024-09-17,YES
50bb3961-1ad3-4ce9-bcc4-900638283ffc,NMRK,NASDAQ,2021-01-04,2026-08-11,1407,1407,0,0,1.0,2022-01-03,YES
ae1c2ad2-37ca-4528-88f1-2b35abf156d7,NMTC,NASDAQ,2021-06-02,2026-08-11,1209,983,198,424,0.8592750533049041,2022-06-01,YES
2f7ba74e-4b37-405c-b9b4-8fe91e10f489,NN,NASDAQ,2021-01-12,2026-08-11,1317,1317,90,90,0.9360341151385928,2022-01-11,YES
bc10faf1-8cab-4cff-b9a6-03bd0b0c9e64,NNBR,NASDAQ,2021-01-04,2026-08-11,1407,1392,0,15,1.0,2022-01-03,YES
a4afb6df-1ec3-4746-be55-7e08f1b12cb3,NNE,NASDAQ,2024-05-08,2026-08-11,566,566,841,841,0.40227434257285005,2025-05-12,YES
b9e6c126-a83b-4402-b361-4e9df55a9276,NNI,NYSE,2021-01-04,2026-08-11,1404,1352,3,55,0.997867803837953,2022-01-03,YES
46ed2855-4f8f-4bf4-82ec-dbd76a42f632,NNN,NYSE,2021-01-04,2026-08-11,1404,1404,3,3,0.997867803837953,2022-01-03,YES
c3bea9bf-7b4f-4cc7-b536-062c928284df,NNNN,NASDAQ,2025-02-19,2026-08-11,371,249,1036,1158,0.263681592039801,2026-02-24,YES
dd794f31-19b8-4451-ba01-77d8846ce75a,NNOX,NASDAQ,2021-01-04,2026-08-11,1407,1407,0,0,1.0,2022-01-03,YES
ffca8ec3-23c8-4999-95ad-a5bdca2d173c,NNVC,AMEX,2021-01-04,2026-08-11,1364,1117,43,290,0.9694385216773277,2022-01-03,YES
9c9c192d-6a2b-497f-994c-930948eecfa3,NOA,NYSE,2021-01-04,2026-08-11,1398,1368,9,39,0.9936034115138592,2022-01-03,YES
02deac19-d59b-4b15-ae55-a375e182bffd,NOC,NYSE,2021-01-04,2026-08-11,1404,1404,3,3,0.997867803837953,2022-01-03,YES
af4bbd3b-1a92-42e6-811f-194aa23f1149,NODK,NASDAQ,2021-01-04,2026-08-11,1184,700,223,707,0.8415067519545132,2022-01-03,YES
6a9a5ac2-db92-4d3e-8585-39fc0b2d8a87,NOEM,NASDAQ,2025-01-17,2026-08-11,392,18,1015,1389,0.27860696517412936,2026-03-09,YES
5d940750-b2df-42e3-9172-de00e15d7459,NOG,NYSE,2021-01-04,2026-08-11,1406,1406,1,1,0.9992892679459844,2022-01-03,YES
53f4d07f-dfcc-48d5-bb73-d8a4bab76a10,NOK,NYSE,2021-01-04,2026-08-11,1404,1404,3,3,0.997867803837953,2022-01-03,YES
760d387e-c44b-49a4-bf54-0cd7ed13ae8e,NOMA,NASDAQ,2025-10-31,2026-08-11,194,78,1213,1329,0.1378820184790334,,NO
c7dddb24-c2dd-42cf-85cb-ec95dfa7bb71,NOMD,NYSE,2021-01-04,2026-08-11,1404,1404,3,3,0.997867803837953,2022-01-03,YES
42bb557d-cb3b-4279-951e-610937fe1a98,NOV,NYSE,2021-01-04,2026-08-11,1404,1404,3,3,0.997867803837953,2022-01-03,YES
8dfa079c-9d79-4eb0-a0bb-cace40b5b3e4,NOVT,NASDAQ,2021-01-04,2026-08-11,1407,1406,0,1,1.0,2022-01-03,YES
0ec9e18b-6dc2-43f7-a956-8d07bac7c08b,NOW,NYSE,2021-01-04,2026-08-11,1404,1404,3,3,0.997867803837953,2022-01-03,YES
c91a442d-b90b-4c47-8451-0de76e6dc63e,NP,NYSE,2021-01-04,2026-08-11,591,591,816,816,0.4200426439232409,2022-01-03,YES
12fa2502-3047-40cd-bfad-71c025a041c8,NPAC,NASDAQ,2025-06-18,2026-08-11,288,43,1119,1364,0.2046908315565032,,NO
ace35936-d8f0-4785-9251-c2554e13e325,NPB,NYSE,2025-02-14,2026-08-11,373,372,1034,1035,0.26510305614783225,2026-02-18,YES
594f9e43-ee03-4ee0-87af-58b7acec4516,NPCE,NASDAQ,2021-04-22,2026-08-11,1326,1225,81,182,0.9424307036247335,2022-04-21,YES
fed829f7-0c05-49a9-a696-00215c29bd71,NPK,NYSE,2021-01-05,2026-08-11,1365,1223,42,184,0.9701492537313433,2022-01-04,YES
abbb3707-4254-4e43-aea1-ab8ae56c9e8e,NPKI,NYSE,2021-01-04,2026-08-11,1404,1404,3,3,0.997867803837953,2022-01-03,YES
afea4a52-f1d5-40fd-87e3-d2e77b6471e0,NPO,NYSE,2021-01-04,2026-08-11,1404,1400,3,7,0.997867803837953,2022-01-03,YES
c1f8d23d-dc66-4d88-badd-82f15081943a,NPT,NASDAQ,2025-10-22,2026-08-11,201,133,1206,1274,0.14285714285714285,,NO
4ee07edb-213a-4133-a995-02ea1cdcd111,NPWR,NYSE,2021-08-13,2026-08-11,1132,1049,275,358,0.8045486851457001,2022-09-02,YES
365cc684-c279-4148-8baf-b9ccf43cdffb,NRC,NASDAQ,2021-01-04,2026-08-11,1399,1383,8,24,0.994314143567875,2022-01-03,YES
7cb39d2e-c074-4a43-b4b3-b474c6d406d3,NRDS,NASDAQ,2021-11-04,2026-08-11,1195,1195,212,212,0.8493248045486852,2022-11-04,YES
6aabed26-db5c-4633-bc76-ad8b17d7f60b,NRDY,NYSE,2021-01-04,2026-08-11,1401,1400,6,7,0.9957356076759062,2022-01-03,YES
db7d91f1-2886-404e-b9d3-e721c4de7fd7,NREF,NYSE,2021-01-04,2026-08-11,1395,1345,12,62,0.9914712153518124,2022-01-03,YES
0181e333-c29a-4f7f-94f4-64884b17934a,NRG,NYSE,2021-01-04,2026-08-11,1404,1404,3,3,0.997867803837953,2022-01-03,YES
b4c465a5-8d3c-460f-8ced-823454d2d8b1,NRGV,NYSE,2021-03-31,2026-08-11,1262,1262,145,145,0.8969438521677328,2022-03-30,YES
806f1ef6-322c-4330-964d-733a0dd5946e,NRIM,NASDAQ,2021-01-04,2026-08-11,1349,1179,58,228,0.9587775408670931,2022-01-03,YES
34908d5b-2ebd-4c8b-899f-41753b204bca,NRIX,NASDAQ,2021-01-04,2026-08-11,1407,1407,0,0,1.0,2022-01-03,YES
3cb802a1-4950-4587-9010-ef52a1b9825f,NRP,NYSE,2021-01-04,2026-08-11,1327,1049,80,358,0.9431414356787491,2022-01-03,YES
4e96516f-bea7-4f2b-80a9-f2db1f3148ab,NRSN,NASDAQ,2021-12-09,2026-08-11,1137,917,270,490,0.8081023454157783,2022-12-12,YES
9f0a79a6-0a9c-42a0-b772-0e3a71fb6ca3,NRXP,NASDAQ,2021-01-04,2026-08-11,1394,1344,13,63,0.9907604832977968,2022-01-03,YES
5897bf98-975f-4e21-bcd3-263f16987215,NRXS,AMEX,2023-08-09,2026-08-11,754,566,653,841,0.5358919687277897,2024-08-21,YES
477b4ce8-cdd7-48b8-9c40-e64e37bbeadd,NSC,NYSE,2021-01-04,2026-08-11,1404,1404,3,3,0.997867803837953,2022-01-03,YES
74c0839d-1350-4801-842f-5f79b0d9a49a,NSIT,NASDAQ,2021-01-04,2026-08-11,1407,1407,0,0,1.0,2022-01-03,YES
385fdf86-0f9f-4968-bb75-722221768259,NSLR,NASDAQ,2021-01-04,2026-08-11,1407,1380,0,27,1.0,2022-01-03,YES
7d4e7c9b-d63f-41f7-b019-536b1d26c860,NSP,NYSE,2021-01-04,2026-08-11,1404,1404,3,3,0.997867803837953,2022-01-03,YES
b8b94562-7003-4951-b13c-7a5001a22596,NSPR,NASDAQ,2021-01-04,2026-08-11,1340,1000,67,407,0.9523809523809523,2022-01-03,YES
bc6cac44-5cb9-4d75-82c2-65716033cb1d,NSRX,AMEX,2025-08-13,2026-08-11,250,110,1157,1297,0.17768301350390903,,NO
0c43a879-a117-4509-9949-0237ac9a985b,NSSC,NASDAQ,2021-01-04,2026-08-11,1405,1404,2,3,0.9985785358919688,2022-01-03,YES
c1285dfa-6ef1-4687-90f1-bc1d159ba461,NSTS,NASDAQ,2022-01-19,2026-08-11,1087,300,320,1107,0.7725657427149965,2023-01-23,YES
d27f575e-5f9e-4e33-8bab-1cee178e9229,NSYS,NASDAQ,2021-01-04,2026-08-11,1160,457,247,950,0.8244491826581379,2022-02-23,YES
d37df28f-5646-48c8-99cc-4d0c9a5ec9ff,NTAP,NASDAQ,2021-01-04,2026-08-11,1407,1407,0,0,1.0,2022-01-03,YES
9afd255c-0a23-4a6e-ad4f-8f8ed0d67a63,NTB,NYSE,2021-01-04,2026-08-11,1404,1404,3,3,0.997867803837953,2022-01-03,YES
cb47fb01-c05f-4fc4-9f33-f40fdcd8a31b,NTCL,NASDAQ,2024-12-13,2026-08-11,414,337,993,1070,0.2942430703624733,2025-12-17,YES
07fa554b-397a-4e4c-921f-7403a5ed1ab5,NTCT,NASDAQ,2021-01-04,2026-08-11,1407,1407,0,0,1.0,2022-01-03,YES
6422b4cb-260d-43e2-9f1d-be97fdbcf806,NTGR,NASDAQ,2021-01-04,2026-08-11,1407,1407,0,0,1.0,2022-01-03,YES
963795ca-ba40-4cb2-87c2-4b8711704007,NTHI,NASDAQ,2025-03-26,2026-08-11,346,315,1061,1092,0.2459132906894101,2026-03-30,YES
c28b13e8-d9d5-49d9-b604-07d829c5b7f9,NTIC,NASDAQ,2021-01-05,2026-08-11,1282,913,125,494,0.9111584932480455,2022-01-04,YES
d323f83f-8b66-45cc-91aa-3330fb341c03,NTIP,AMEX,2021-01-04,2026-08-11,1227,668,180,739,0.8720682302771855,2022-01-06,YES
961e4631-0f65-4c2b-ae87-8a5f20b847be,NTLA,NASDAQ,2021-01-04,2026-08-11,1407,1407,0,0,1.0,2022-01-03,YES
7f650278-f2c3-4d99-816c-b895b7ad6801,NTNX,NASDAQ,2021-01-04,2026-08-11,1407,1407,0,0,1.0,2022-01-03,YES
1d81b9d7-57b8-4322-88f6-b39ae6089431,NTR,NYSE,2021-01-04,2026-08-11,1404,1404,3,3,0.997867803837953,2022-01-03,YES
acdc828b-f33a-40e9-a5e4-863d813e897c,NTRA,NASDAQ,2021-01-04,2026-08-11,1407,1407,0,0,1.0,2022-01-03,YES
ff551b55-0ff5-4d60-a5b6-aa52b2ef51ef,NTRB,NASDAQ,2021-10-01,2026-08-11,1188,695,219,712,0.8443496801705757,2022-10-03,YES
3949c415-36bf-4f30-b351-38406d51e768,NTRP,NASDAQ,2021-01-04,2026-08-11,1334,961,73,446,0.9481165600568585,2022-01-03,YES
f554d644-9196-4a9f-b285-7aab233163dd,NTSK,NASDAQ,2025-09-18,2026-08-11,225,225,1182,1182,0.15991471215351813,,NO
699ffffd-de06-4dcc-920f-cc1fe6ee4d03,NTST,NYSE,2021-01-04,2026-08-11,1404,1404,3,3,0.997867803837953,2022-01-03,YES
b7659ba7-23b5-47fd-9803-06f100f8e424,NTWK,NASDAQ,2021-01-07,2026-08-11,1215,727,192,680,0.8635394456289979,2022-01-06,YES
ceb524f1-af3c-48f0-904e-5e4c3fd47a13,NTWO,NASDAQ,2024-12-27,2026-08-11,405,26,1002,1381,0.2878464818763326,2026-02-04,YES
522bb1ad-a004-4b47-b273-a317b04ac953,NTZ,NYSE,2021-01-05,2026-08-11,1208,424,199,983,0.8585643212508884,2022-01-05,YES
329787c2-5f4f-4e4a-a740-24c8ceb1487f,NU,NYSE,2021-12-09,2026-08-11,1170,1170,237,237,0.8315565031982942,2022-12-09,YES
dc14c8d0-1bad-4da0-aa4d-4b74ca1cfd98,NUAI,NASDAQ,2022-01-11,2026-08-11,1036,538,371,869,0.736318407960199,2023-01-12,YES
8a0cdb85-96c9-4353-8c66-80465dbdf08e,NUCL,NASDAQ,2026-02-25,2026-08-11,116,116,1291,1291,0.0824449182658138,,NO
3c3a99ab-4500-4f14-8f23-50a01d3019b1,NUE,NYSE,2021-01-04,2026-08-11,1404,1404,3,3,0.997867803837953,2022-01-03,YES
d3357f20-2566-4b9d-a709-c3ab4e549457,NUS,NYSE,2021-01-04,2026-08-11,1404,1404,3,3,0.997867803837953,2022-01-03,YES
d5282b6f-f73c-420a-a1c8-3573d386774f,NUTX,NASDAQ,2022-04-04,2026-08-11,1092,1045,315,362,0.7761194029850746,2023-04-05,YES
95b9816c-c514-49eb-b66f-adc1317bd7f2,NUVB,NYSE,2021-01-04,2026-08-11,1404,1404,3,3,0.997867803837953,2022-01-03,YES
17c6d64a-56ca-44f3-ac93-88efa0c9f46a,NUWE,NASDAQ,2021-01-04,2026-08-11,1341,1184,66,223,0.9530916844349681,2022-01-03,YES
8e7ea51b-e6df-4986-afc1-b4ddff8d8bf2,NVA,AMEX,2024-07-24,2026-08-11,514,387,893,1020,0.36531627576403697,2025-08-07,YES
f8ef4e04-4d2f-4ed3-8092-1228904e63aa,NVAX,NASDAQ,2021-01-04,2026-08-11,1406,1406,1,1,0.9992892679459844,2022-01-03,YES
c3990139-c184-4d3a-b013-915a72370a19,NVCR,NASDAQ,2021-01-04,2026-08-11,1407,1407,0,0,1.0,2022-01-03,YES
ffb15cee-a7e7-4607-873f-4cdbb42dc336,NVCT,NASDAQ,2022-02-04,2026-08-11,1113,993,294,414,0.7910447761194029,2023-02-07,YES
4ce9353c-66d1-46c2-898f-fce867ab0247,NVDA,NASDAQ,2021-01-04,2026-08-11,1407,1407,0,0,1.0,2022-01-03,YES
1529b346-3eba-4e9f-b2f6-66a30cc2180b,NVEC,NASDAQ,2021-01-04,2026-08-11,1382,1211,25,196,0.9822316986496091,2022-01-03,YES
57bbe2b7-1701-4a9b-9efe-ae575fb9fba4,NVGS,NYSE,2021-01-04,2026-08-11,1403,1400,4,7,0.9971570717839374,2022-01-03,YES
01d6384f-8466-479e-8401-4188829edba5,NVMI,NASDAQ,2021-01-04,2026-08-11,1407,1407,0,0,1.0,2022-01-03,YES
0cf4cdbf-d5d8-4c77-a3cc-a362db9cc8de,NVNI,NASDAQ,2022-01-03,2026-08-11,1040,546,367,861,0.7391613361762616,2023-02-23,YES
773f48a3-828c-42a3-97f6-fd43e81864e7,NVNO,NASDAQ,2021-01-04,2026-08-11,1370,1132,37,275,0.9737029140014215,2022-01-03,YES
5b308e57-62f3-47b8-afec-1ea0e3a6e536,NVO,NYSE,2021-01-04,2026-08-11,1404,1404,3,3,0.997867803837953,2022-01-03,YES
6521415f-8f5c-48be-ab46-c854cd21c7b7,NVR,NYSE,2021-01-04,2026-08-11,1404,1404,3,3,0.997867803837953,2022-01-03,YES
f2df2be3-8ae8-43bb-a689-2e48827d6c6e,NVRI,NYSE,2023-06-20,2026-08-11,789,788,618,619,0.5607675906183369,2024-06-20,YES
0e0a8d50-17fe-44ce-b4ab-839cd5e63c4b,NVS,NYSE,2021-01-04,2026-08-11,1404,1404,3,3,0.997867803837953,2022-01-03,YES
3e9b6a2e-d865-4aeb-8079-e78e5c13ef88,NVST,NYSE,2021-01-04,2026-08-11,1404,1404,3,3,0.997867803837953,2022-01-03,YES
a763ff7a-3c2c-4b50-9d38-1e1a0572fe4e,NVT,NYSE,2021-01-04,2026-08-11,1404,1404,3,3,0.997867803837953,2022-01-03,YES
c246693f-d7ef-449d-b026-9962de4d5d79,NVTS,NASDAQ,2021-01-25,2026-08-11,1373,1373,34,34,0.9758351101634684,2022-01-24,YES
0028955c-3312-4a68-93d7-4844704e43be,NVX,NASDAQ,2022-02-03,2026-08-11,1098,949,309,458,0.7803837953091685,2023-02-09,YES
e03b1b60-24c5-4919-85bd-317ebd51bc51,NWAX,NYSE,2026-02-02,2026-08-11,132,60,1275,1347,0.09381663113006397,,NO
282297b5-6f2b-4495-94ab-3c501a5be4f8,NWBI,NASDAQ,2021-01-04,2026-08-11,1407,1407,0,0,1.0,2022-01-03,YES
70d9de11-ff81-41a8-919a-34a1d9327a22,NWE,NASDAQ,2021-01-04,2026-08-11,1407,1407,0,0,1.0,2022-01-03,YES
4d49936b-a693-4e7f-bcde-66c7c554cdf2,NWFL,NASDAQ,2021-01-07,2026-08-11,1206,766,201,641,0.8571428571428571,2022-02-04,YES
51dc5fc6-c891-4293-a435-f09ca03dcfc4,NWL,NASDAQ,2021-01-04,2026-08-11,1407,1407,0,0,1.0,2022-01-03,YES
c1decd0c-a5ab-48c8-8d81-b70ffe14cae7,NWN,NYSE,2021-01-04,2026-08-11,1404,1403,3,4,0.997867803837953,2022-01-03,YES
b27f5d64-bc81-4a28-b37d-395877defa2c,NWPX,NASDAQ,2021-01-04,2026-08-11,1404,1382,3,25,0.997867803837953,2022-01-03,YES
fb93dfd6-4573-4fc6-bab7-a92a9595169d,NWS,NASDAQ,2021-01-04,2026-08-11,1407,1407,0,0,1.0,2022-01-03,YES
1c91c0bd-8d13-40ef-9dd4-73593564f4af,NWSA,NASDAQ,2021-01-04,2026-08-11,1407,1407,0,0,1.0,2022-01-03,YES
0ee3c657-e499-45aa-85d3-73d228e3abbb,NWTG,NASDAQ,2023-08-15,2026-08-11,750,540,657,867,0.5330490405117271,2024-08-15,YES
ab17bb6e-8245-46fc-93c0-e4b9cd959f08,NX,NYSE,2021-01-04,2026-08-11,1404,1403,3,4,0.997867803837953,2022-01-03,YES
db0be401-d854-47f0-9485-7389581f2d92,NXB,AMEX,2025-11-13,2026-08-11,185,131,1222,1276,0.13148542999289267,,NO
34b40c9a-e999-48dd-8c35-013ae93471f7,NXDR,NYSE,2021-03-24,2026-08-11,1320,1320,87,87,0.9381663113006397,2022-03-23,YES
5b8dec9e-e5c5-4f2a-8efd-1c6a7c7c8aa4,NXE,NYSE,2021-01-04,2026-08-11,1406,1406,1,1,0.9992892679459844,2022-01-03,YES
780f7f99-31d7-43b1-b64e-86742f33ff6b,NXGL,NASDAQ,2021-12-22,2026-08-11,1118,755,289,652,0.7945984363894811,2023-01-03,YES
f566dda4-776b-4131-af53-1272d0d38b14,NXL,NASDAQ,2022-09-16,2026-08-11,978,714,429,693,0.6950959488272921,2023-09-19,YES
f83152f7-52b2-499c-8c35-eb3e78c634a5,NXP,NYSE,2021-01-04,2026-08-11,1313,1278,94,129,0.9331911869225302,2022-01-03,YES
840703bb-88cd-4cac-9acd-91eba330dc8a,NXPI,NASDAQ,2021-01-04,2026-08-11,1407,1407,0,0,1.0,2022-01-03,YES
49549479-18eb-426a-b6c9-6f944ac86a20,NXPL,NASDAQ,2021-05-28,2026-08-11,1241,771,166,636,0.8820184790334044,2022-05-27,YES
0c6730bb-5d7d-491b-8a80-2144619c383e,NXST,NASDAQ,2021-01-04,2026-08-11,1407,1407,0,0,1.0,2022-01-03,YES
3cb3c13d-625a-4762-981d-5fd1c4d64bea,NXT,NASDAQ,2023-02-09,2026-08-11,878,878,529,529,0.6240227434257285,2024-02-12,YES
5dc3fec2-6a08-451f-8ab3-3e8c540fd8db,NXTC,NASDAQ,2021-01-04,2026-08-11,1407,1202,0,205,1.0,2022-01-03,YES
dcc57082-12aa-45f5-b671-1bbcae42aed9,NXTS,NASDAQ,2021-05-14,2026-08-11,1196,862,211,545,0.8500355366027008,2022-05-13,YES
aa72040c-ce50-43ec-b5d1-a5ae4e765c9f,NXXT,NASDAQ,2021-09-15,2026-08-11,1186,815,221,592,0.8429282160625444,2022-09-19,YES
09052202-079a-4294-818b-fabe3c8122a4,NYAX,NASDAQ,2022-09-21,2026-08-11,975,271,432,1136,0.6929637526652452,2023-10-18,YES
bc0a0c35-5270-4668-812e-37727e1f83cf,NYC,NYSE,2021-01-04,2026-08-11,1340,584,67,823,0.9523809523809523,2022-01-03,YES
b5f4f9e0-89e5-4d5a-a7cf-70503212c958,NYT,NYSE,2021-01-04,2026-08-11,1404,1404,3,3,0.997867803837953,2022-01-03,YES
c2444028-3bc7-4d18-882c-72bb97a0cb2f,NYXH,NASDAQ,2021-07-02,2026-08-11,1098,727,309,680,0.7803837953091685,2022-07-12,YES
c1de0f49-b6d3-4636-ab9b-5aed83596918,O,NYSE,2021-01-04,2026-08-11,1404,1404,3,3,0.997867803837953,2022-01-03,YES
75829c51-335d-40fd-9f08-b88745e0bec4,OABI,NASDAQ,2021-10-04,2026-08-11,1071,1018,336,389,0.7611940298507462,2022-10-27,YES
ebd5d222-fdd4-4b74-965a-07f7471dac59,OACC,NASDAQ,2025-01-07,2026-08-11,399,83,1008,1324,0.2835820895522388,2026-01-09,YES
69ee147e-dea7-4778-a45b-6e4ce5aaf46f,OBA,NASDAQ,2025-08-20,2026-08-11,245,23,1162,1384,0.17412935323383086,,NO
a3733cbb-5944-4042-bede-f6f1b2922940,OBAI,NASDAQ,2026-02-04,2026-08-11,130,127,1277,1280,0.0923951670220327,,NO
938824ca-ee88-4266-be02-fa6974124fd7,OBDC,NYSE,2021-01-04,2026-08-11,1404,1404,3,3,0.997867803837953,2022-01-03,YES
411f8bc0-6206-4639-a8a4-6cd8438e01d4,OBE,AMEX,2022-01-31,2026-08-11,1134,1134,273,273,0.8059701492537313,2023-02-01,YES
cf920078-aafd-4734-9940-4ca43b248287,OBIO,NASDAQ,2021-01-04,2026-08-11,1221,1069,186,338,0.8678038379530917,2022-01-03,YES
f7bead63-c829-416b-8016-987146e4b851,OBK,NYSE,2021-01-04,2026-08-11,1407,1404,0,3,1.0,2022-01-03,YES
79a6de45-9eb3-48a3-ab0e-a09786d4bd3f,OBT,NASDAQ,2021-08-05,2026-08-11,1053,639,354,768,0.7484008528784648,2022-09-14,YES
7957212f-c451-41b1-af05-37d978f47d14,OBX,NASDAQ,2026-08-04,2026-08-11,6,5,1401,1402,0.0042643923240938165,,NO
04f109fb-bdcb-4460-acf2-ee367dcd8623,OC,NYSE,2021-01-04,2026-08-11,1404,1404,3,3,0.997867803837953,2022-01-03,YES
da941ba9-d6d1-47eb-aacf-e8d2e34abd34,OCAC,NYSE,2026-08-04,2026-08-11,6,3,1401,1404,0.0042643923240938165,,NO
3a405c78-7ba6-4d8f-8c27-e271dded55b2,OCC,NASDAQ,2021-01-05,2026-08-11,1165,631,242,776,0.828002842928216,2022-01-07,YES
0802297d-3364-4d6d-a073-00b518828545,OCCI,NASDAQ,2021-01-04,2026-08-11,1379,1342,28,65,0.9800995024875622,2022-01-03,YES
55084ecd-8d39-4d53-8cef-8f7dca27be41,OCFC,NASDAQ,2021-01-04,2026-08-11,1407,1407,0,0,1.0,2022-01-03,YES
4b41f02c-0c0d-445b-9333-60a8f684d920,OCG,NASDAQ,2021-01-04,2026-08-11,1407,843,0,564,1.0,2022-01-03,YES
3e59f0bd-a197-4e69-995a-733be53ecb0f,OCGN,NASDAQ,2021-01-04,2026-08-11,1407,1407,0,0,1.0,2022-01-03,YES
f8864bac-914f-4a70-9432-78929c6c9702,OCS,NASDAQ,2021-05-19,2026-08-11,1043,785,364,622,0.7412935323383084,2023-03-28,YES
a7fe3e00-67ed-4e49-b59b-72e0b9c1bd23,OCSL,NASDAQ,2021-01-04,2026-08-11,1407,1405,0,2,1.0,2022-01-03,YES
551ec9fa-0095-4f28-b608-ee209299427f,OCTV,NASDAQ,2026-05-22,2026-08-11,55,55,1352,1352,0.03909026297085998,,NO
cced93be-0b40-4037-9fbd-f265c6105945,OCUL,NASDAQ,2021-01-04,2026-08-11,1407,1407,0,0,1.0,2022-01-03,YES
20c8dbe7-970f-46f0-a100-d3ea64e33fea,ODC,NYSE,2021-01-06,2026-08-11,1302,1076,105,331,0.9253731343283582,2022-01-05,YES
26e41251-71f4-420b-98e0-1326abb350df,ODD,NASDAQ,2023-07-19,2026-08-11,769,769,638,638,0.5465529495380241,2024-07-19,YES
5e255d55-471d-45fc-ad7a-65c904018bf2,ODFL,NASDAQ,2021-01-04,2026-08-11,1407,1407,0,0,1.0,2022-01-03,YES
da8444d6-8765-4487-a9bb-240c29f444cc,ODTX,NASDAQ,2026-05-08,2026-08-11,65,65,1342,1342,0.04619758351101635,,NO
0b79548b-9514-414f-b6e8-488ac05c0c08,ODYS,NASDAQ,2025-02-11,2026-08-11,376,166,1031,1241,0.26723525230987916,2026-02-13,YES
2a2195b3-3db2-4ada-b28b-5f12f19e709c,OEC,NYSE,2021-01-04,2026-08-11,1404,1404,3,3,0.997867803837953,2022-01-03,YES
0e07422b-daba-4400-a2a5-0d554741f72d,OESX,NASDAQ,2021-01-04,2026-08-11,1407,1085,0,322,1.0,2022-01-03,YES
1e719899-e073-497f-993f-b4e273812360,OFAL,NASDAQ,2025-05-21,2026-08-11,307,247,1100,1160,0.21819474058280028,2026-05-22,YES
ea06fd7f-4518-4ce1-b264-12536dc5a536,OFG,NYSE,2021-01-04,2026-08-11,1404,1404,3,3,0.997867803837953,2022-01-03,YES
42de56b2-7666-47e6-a5d1-b493181bc175,OFIX,NASDAQ,2021-01-04,2026-08-11,1407,1407,0,0,1.0,2022-01-03,YES
15d335a0-6710-41da-99a6-42e90401108e,OFLX,NASDAQ,2021-01-05,2026-08-11,1255,905,152,502,0.8919687277896233,2022-01-04,YES
571eb574-e517-4fab-8b37-ffec036e88e0,OFRM,NYSE,2026-02-06,2026-08-11,128,128,1279,1279,0.09097370291400142,,NO
baaf1c8e-6fdb-43e0-94f0-27abece9986e,OFS,NASDAQ,2021-01-04,2026-08-11,1361,1267,46,140,0.9673063255152807,2022-01-04,YES
a278fef7-75c9-4e38-8833-b188fff597a5,OGC,NYSE,2026-04-07,2026-08-11,88,88,1319,1319,0.06254442075337598,,NO
708130a6-61e6-4f12-a13e-787801f5a281,OGE,NYSE,2021-01-04,2026-08-11,1404,1404,3,3,0.997867803837953,2022-01-03,YES
a9091a6d-10fa-4737-8fad-6a69e16af016,OGEN,AMEX,2021-01-04,2026-08-11,1380,1028,27,379,0.9808102345415778,2022-01-03,YES
936325ae-4cb6-456a-8bb8-9f67ea890de3,OGG,NYSE,2022-05-31,2026-08-11,1046,961,361,446,0.7434257285003554,2023-06-02,YES
f625371e-2082-4b3e-964c-ac1020941943,OGI,NASDAQ,2021-01-04,2026-08-11,1407,1402,0,5,1.0,2022-01-03,YES
9dc36a49-27bc-4b88-86e3-8b95c55f057b,OGN,NYSE,2021-06-03,2026-08-11,1301,1301,106,106,0.9246624022743426,2022-06-02,YES
30de9dc7-ee13-4849-8e70-740cb2c519a9,OGS,NYSE,2021-01-04,2026-08-11,1404,1404,3,3,0.997867803837953,2022-01-03,YES
f4ff5949-1488-47d5-8328-d83380071d39,OHAC,NASDAQ,2026-06-05,2026-08-11,46,5,1361,1402,0.032693674484719264,,NO
ef2093b7-a53a-4d89-bfcf-5cd6dcc8e124,OHI,NYSE,2021-01-04,2026-08-11,1404,1404,3,3,0.997867803837953,2022-01-03,YES
fb03bbe0-d35e-4b21-8900-6a343c853f72,OI,NYSE,2021-01-04,2026-08-11,1404,1404,3,3,0.997867803837953,2022-01-03,YES
bf26b4b8-3f9e-492d-bfc7-11ecbb3b5838,OII,NYSE,2021-01-04,2026-08-11,1404,1404,3,3,0.997867803837953,2022-01-03,YES
3f986882-903c-46c7-aff3-811f1b5f401e,OIM,NASDAQ,2026-03-10,2026-08-11,107,9,1300,1398,0.07604832977967306,,NO
a486ae8a-0648-4027-9e8d-9149812be80b,OIO,NASDAQ,2023-08-04,2026-08-11,757,409,650,998,0.5380241648898365,2024-08-06,YES
0e15d869-f6b3-4679-a5a3-b6ef744b75cb,OIS,NYSE,2021-01-04,2026-08-11,1404,1404,3,3,0.997867803837953,2022-01-03,YES
1b3dea47-c70a-4a67-8c2d-a2007d06d8cd,OKE,NYSE,2021-01-04,2026-08-11,1404,1404,3,3,0.997867803837953,2022-01-03,YES
db1fa611-b4eb-4644-bc78-e9dce334218f,OKLO,NYSE,2021-07-08,2026-08-11,1119,922,288,485,0.7953091684434968,2022-07-08,YES
e20a4d5c-1e69-4bf2-9849-ca749343a03e,OKTA,NASDAQ,2021-01-04,2026-08-11,1407,1407,0,0,1.0,2022-01-03,YES
aaaf4cef-8789-4776-8695-f7791d351b2e,OKUR,NASDAQ,2021-04-09,2026-08-11,1325,1265,82,142,0.9417199715707179,2022-04-07,YES
a106f303-b079-459a-acc2-70b4e93f1f1a,OKYO,NASDAQ,2022-05-17,2026-08-11,1039,689,368,718,0.738450604122246,2023-05-19,YES
ba7c65c8-4cb3-4abc-aed9-dbcf138e3124,OLB,NASDAQ,2021-01-04,2026-08-11,1379,989,28,418,0.9800995024875622,2022-01-03,YES
ab971d03-5c44-49a4-894a-266e484c0c80,OLED,NASDAQ,2021-01-04,2026-08-11,1407,1407,0,0,1.0,2022-01-03,YES
2a933f90-95bf-4e5b-a635-de7f9f483dc5,OLLI,NASDAQ,2021-01-04,2026-08-11,1407,1407,0,0,1.0,2022-01-03,YES
dbee8159-25ae-40e5-9b77-f118b8f877e5,OLMA,NASDAQ,2021-01-04,2026-08-11,1407,1407,0,0,1.0,2022-01-03,YES
3cce78ff-60db-4d8b-af8b-5b27db3c7d34,OLN,NYSE,2021-01-04,2026-08-11,1404,1404,3,3,0.997867803837953,2022-01-03,YES
6eef89bb-6bd5-4e13-ae99-0d7d5cea7aa1,OLOX,NASDAQ,2021-01-04,2026-08-11,1379,1147,28,260,0.9800995024875622,2022-01-03,YES
b4a68094-1486-4786-a6f6-d6b2d9f43e0d,OLP,NYSE,2021-01-04,2026-08-11,1403,1362,4,45,0.9971570717839374,2022-01-03,YES
6da4771d-4eb8-4767-b59d-ee5c49b428e9,OM,NASDAQ,2021-01-04,2026-08-11,1407,1407,0,0,1.0,2022-01-03,YES
1f80b3e7-c5a9-41c1-90e8-454620f6c568,OMC,NYSE,2021-01-04,2026-08-11,1404,1404,3,3,0.997867803837953,2022-01-03,YES
2671f9ac-e6f2-447f-95d1-6557b61e03c9,OMCL,NASDAQ,2021-01-04,2026-08-11,1407,1407,0,0,1.0,2022-01-03,YES
36831b67-e787-499b-aedb-5580f025043f,OMDA,NASDAQ,2025-06-06,2026-08-11,296,296,1111,1111,0.2103766879886283,2026-06-09,YES
988449f9-045a-48fb-a840-45085ab8ef2b,OMER,NASDAQ,2021-01-04,2026-08-11,1407,1407,0,0,1.0,2022-01-03,YES
e5f0d858-4a29-4224-a86b-c6139269aff2,OMEX,NASDAQ,2021-01-04,2026-08-11,1259,1171,148,236,0.8948116560056859,2022-01-03,YES
3a6370ab-1eb2-4a26-9824-28f46e4012a6,OMF,NYSE,2021-01-04,2026-08-11,1404,1404,3,3,0.997867803837953,2022-01-03,YES
0f9deade-5218-425b-8fca-bb9694d8b3f4,OMSE,NASDAQ,2025-05-13,2026-08-11,313,223,1094,1184,0.2224591329068941,2026-05-18,YES
b56defb4-e3f6-4756-ba80-143862d2dda1,ON,NASDAQ,2021-01-04,2026-08-11,1407,1407,0,0,1.0,2022-01-03,YES
eacb0b87-d3d2-4a2f-86e9-2386956bc388,ONB,NASDAQ,2021-01-04,2026-08-11,1407,1407,0,0,1.0,2022-01-03,YES
d2ea4d4d-df03-43f7-b49c-add52855d60a,ONCH,NASDAQ,2025-09-18,2026-08-11,225,34,1182,1373,0.15991471215351813,,NO
def7b033-3bd1-4785-9ab4-691c653d2f28,ONCO,NASDAQ,2022-02-18,2026-08-11,1106,970,301,437,0.7860696517412935,2023-02-22,YES
e86f4732-f71e-4287-a0d4-cd6f16f74e38,ONCY,NASDAQ,2021-01-04,2026-08-11,1363,1290,44,117,0.968727789623312,2022-01-03,YES
44f79a8d-24b2-46f5-979b-7b4c522fdc09,ONDS,NASDAQ,2021-01-04,2026-08-11,1407,1395,0,12,1.0,2022-01-03,YES
750f826b-d00f-4641-b4e6-c3b9322ec803,ONEG,NASDAQ,2024-12-31,2026-08-11,403,322,1004,1085,0.28642501776830137,2026-01-05,YES
ff56653a-6401-4883-b26f-e1dddc471fc5,ONEW,NASDAQ,2021-01-04,2026-08-11,1407,1407,0,0,1.0,2022-01-03,YES
747ae215-bd7b-4716-82b8-34beef3c30a1,ONFO,NASDAQ,2022-08-26,2026-08-11,992,577,415,830,0.7050461975835111,2023-08-29,YES
bdf46b03-3446-4f3b-adf3-057b817d25f9,ONIT,NYSE,2021-01-04,2026-08-11,1401,1269,6,138,0.9957356076759062,2022-01-03,YES
62fe1aa9-9df1-46cf-ad8f-7fc006917ab7,ONL,NYSE,2021-11-15,2026-08-11,1187,1187,220,220,0.84363894811656,2022-11-15,YES
eb1149ea-b1e1-4803-b94f-4d1e49d1e24e,ONMD,NASDAQ,2021-06-28,2026-08-11,1069,686,338,721,0.759772565742715,2022-07-28,YES
4488c26a-517c-46ac-b7f6-1f2c194d8ae5,ONON,NYSE,2021-09-15,2026-08-11,1229,1229,178,178,0.8734896943852167,2022-09-15,YES
057aaf85-8f5e-4169-8c14-7452232b32e0,ONT,NYSE,2021-01-04,2026-08-11,1404,1404,3,3,0.997867803837953,2022-01-03,YES
55915b08-afb5-44fe-8668-821f8eb1ed34,ONTO,NYSE,2021-01-04,2026-08-11,1404,1404,3,3,0.997867803837953,2022-01-03,YES
c785bb01-5ba5-486b-8c55-3001f18d5b9d,OOMA,NYSE,2021-01-04,2026-08-11,1402,1389,5,18,0.9964463397299218,2022-01-03,YES
4ccad142-333c-49d6-9aa1-07abc3a2920a,OPAD,NYSE,2021-01-04,2026-08-11,1395,1334,12,73,0.9914712153518124,2022-01-03,YES
d916b8e8-baf4-4fb4-8dd9-fa847fbf0a15,OPAL,NASDAQ,2021-06-01,2026-08-11,1157,1125,250,282,0.822316986496091,2022-05-31,YES
0501d389-3f98-46c1-935d-c9f9522a68aa,OPBK,NASDAQ,2021-01-04,2026-08-11,1361,1296,46,111,0.9673063255152807,2022-01-03,YES
cd70f6e8-290f-45b9-b92b-522a76b2a801,OPCH,NASDAQ,2021-01-04,2026-08-11,1407,1407,0,0,1.0,2022-01-03,YES
49e57e97-4bc0-4612-ab0b-9fdff513ea61,OPEN,NASDAQ,2021-01-04,2026-08-11,1407,1407,0,0,1.0,2022-01-03,YES
6223a803-74cc-4d1b-bee3-8f07571197c0,OPFI,NYSE,2021-01-04,2026-08-11,1402,1379,5,28,0.9964463397299218,2022-01-03,YES
3abd41b9-018e-4fe6-8fb5-875bee074f81,OPHC,AMEX,2021-01-04,2026-08-11,1238,633,169,774,0.8798862828713575,2022-01-03,YES
9c3ede6e-e1ad-4472-98c7-4b6317b7e6f1,OPK,NASDAQ,2021-01-04,2026-08-11,1407,1407,0,0,1.0,2022-01-03,YES
c3335ce9-edb7-4c64-8682-5125dc86cc27,OPLN,NYSE,2021-01-04,2026-08-11,1405,1405,2,2,0.9985785358919688,2022-01-03,YES
c85bca95-1666-4271-8084-35d23c150b28,OPRT,NASDAQ,2021-01-04,2026-08-11,1405,1405,2,2,0.9985785358919688,2022-01-03,YES
927d3d19-414a-49ef-a0c3-08d8205508dd,OPRX,NASDAQ,2021-01-04,2026-08-11,1407,1407,0,0,1.0,2022-01-03,YES
c5f8a4ae-e573-4548-8ead-ced81a655b7c,OPTH,NASDAQ,2026-05-20,2026-08-11,57,49,1350,1358,0.04051172707889126,,NO
dc2f61a1-58b7-4c89-bfaa-86ef0af932a9,OPTT,AMEX,2021-01-04,2026-08-11,1400,1319,7,88,0.9950248756218906,2022-01-03,YES
60aec580-1a4c-41c3-bef5-ee769f0167bc,OPTU,NYSE,2021-01-04,2026-08-11,1404,1404,3,3,0.997867803837953,2022-01-03,YES
d2cc9028-6d9d-4ddd-9347-4ffb1779a691,OPTX,NASDAQ,2022-01-26,2026-08-11,1026,614,381,793,0.7292110874200426,2023-01-27,YES
b5233e3f-6f70-4e21-af97-cc749024214a,OPXS,NASDAQ,2023-03-16,2026-08-11,854,525,553,882,0.6069651741293532,2024-03-18,YES
50942665-f5d0-40ff-9762-33f0eab96dc4,OPY,NYSE,2021-01-04,2026-08-11,1404,1323,3,84,0.997867803837953,2022-01-03,YES
a3e188e7-01cd-44ad-857e-681056a0f597,OR,NYSE,2021-01-04,2026-08-11,1404,1404,3,3,0.997867803837953,2022-01-03,YES
d1c0c059-88e4-4df3-8644-16561fd7bf4f,ORA,NYSE,2021-01-04,2026-08-11,1404,1404,3,3,0.997867803837953,2022-01-03,YES
54e93589-156e-4524-b6c2-803b5c72b47b,ORBS,NASDAQ,2022-06-02,2026-08-11,1032,855,375,552,0.7334754797441365,2023-06-05,YES
3c5b1ff4-b45b-4157-9502-b43c79a8cecb,ORC,NYSE,2021-01-04,2026-08-11,1404,1404,3,3,0.997867803837953,2022-01-03,YES
27982558-2464-4daf-bb2f-b3b728659884,ORCL,NYSE,2021-01-04,2026-08-11,1404,1404,3,3,0.997867803837953,2022-01-03,YES
17bc9e63-5541-462d-8144-0e934ed5c44c,ORGO,NASDAQ,2021-01-04,2026-08-11,1407,1407,0,0,1.0,2022-01-03,YES
f0d65653-693b-4dd0-8434-2a846bdcba8d,ORI,NYSE,2021-01-04,2026-08-11,1404,1404,3,3,0.997867803837953,2022-01-03,YES
37e600ea-cef4-46af-b8a4-a0d595c1d2a6,ORIC,NASDAQ,2021-01-04,2026-08-11,1407,1404,0,3,1.0,2022-01-03,YES
933b0e2b-3b72-49b6-bb66-94aa1607f361,ORIO,NASDAQ,2021-01-04,2026-08-11,1401,1189,6,218,0.9957356076759062,2022-01-03,YES
57ec7c23-2032-47af-af03-c8cf96b54b25,ORIQ,NASDAQ,2025-09-17,2026-08-11,226,6,1181,1401,0.16062544420753375,,NO
09f97b60-6adb-441c-8356-228bcb65abaa,ORKA,NASDAQ,2021-01-04,2026-08-11,1389,1188,18,219,0.9872068230277186,2022-01-03,YES
b84cd74f-5210-4984-8878-4186f533ab52,ORKT,NASDAQ,2024-07-25,2026-08-11,513,350,894,1057,0.3646055437100213,2025-07-30,YES
c73e2c28-af3f-4f5d-b550-a56b567ed47c,ORLY,NASDAQ,2021-01-04,2026-08-11,1407,1407,0,0,1.0,2022-01-03,YES
581f6554-7ad0-43c1-b06f-c2a29f013a98,ORMP,NASDAQ,2021-01-04,2026-08-11,1407,1373,0,34,1.0,2022-01-03,YES
7cf5c15d-4275-4633-9339-6c9aeeef3a06,ORN,NYSE,2021-01-04,2026-08-11,1399,1353,8,54,0.994314143567875,2022-01-03,YES
788095f1-2504-4bd3-b502-90bd2f4dece6,ORRF,NASDAQ,2021-01-04,2026-08-11,1338,1219,69,188,0.9509594882729211,2022-01-04,YES
9255e41c-888e-48bd-97cc-92eb6fd2894f,OSBC,NASDAQ,2021-01-04,2026-08-11,1407,1406,0,1,1.0,2022-01-03,YES
3a09892d-5876-40d0-8b58-ee54a52cb39d,OSCR,NYSE,2021-03-03,2026-08-11,1365,1365,42,42,0.9701492537313433,2022-03-02,YES
61f5c7f3-31f9-49d8-9cec-d761806c0609,OSG,NYSE,2021-01-04,2026-08-11,1403,1403,4,4,0.9971570717839374,2022-01-03,YES
48acdacd-8fec-469e-9f2f-ba45603d768e,OSIS,NASDAQ,2021-01-04,2026-08-11,1407,1405,0,2,1.0,2022-01-03,YES
bae82bb3-5ce7-49cc-9816-4599d55fb29a,OSK,NYSE,2021-01-04,2026-08-11,1404,1404,3,3,0.997867803837953,2022-01-03,YES
b0b710b6-7aae-421f-b3a4-b18ee6eeb6c5,OSPN,NASDAQ,2021-01-04,2026-08-11,1407,1407,0,0,1.0,2022-01-03,YES
5622565e-8e4b-49c1-9936-84a9ce8babbe,OSRH,NASDAQ,2023-03-28,2026-08-11,846,407,561,1000,0.6012793176972282,2024-05-07,YES
871cca3d-eb11-439c-9de0-cd15e0f663f1,OSS,NASDAQ,2021-01-04,2026-08-11,1376,1185,31,222,0.9779673063255153,2022-01-03,YES
628d5996-4238-46a8-a62e-ea138f498ab0,OSTX,AMEX,2024-08-01,2026-08-11,508,495,899,912,0.36105188343994316,2025-08-05,YES
35161b25-6126-484a-9efe-33ebc423b22d,OSUR,NASDAQ,2021-01-04,2026-08-11,1407,1407,0,0,1.0,2022-01-03,YES
72ad27c2-d943-4846-a9b9-44815a7feab1,OSW,NASDAQ,2021-01-04,2026-08-11,1407,1407,0,0,1.0,2022-01-03,YES
46fb494e-414e-4679-9ae3-122f3368cd1f,OTAI,NYSE,2026-07-08,2026-08-11,25,9,1382,1398,0.017768301350390904,,NO
6dd3bfea-7f52-4b0f-8d5f-72cc259a8638,OTEX,NASDAQ,2021-01-04,2026-08-11,1407,1407,0,0,1.0,2022-01-03,YES
f7bf81c2-8ff8-4727-8063-67dce25f896e,OTF,NYSE,2025-06-12,2026-08-11,292,285,1115,1122,0.20753375977256575,2026-06-15,YES
1c50622c-ae14-4172-9561-2e785fd6d9ce,OTGA,NASDAQ,2025-11-06,2026-08-11,190,31,1217,1376,0.13503909026297087,,NO
0af9c045-b1d4-4f26-9847-cf5c6f5984af,OTIS,NYSE,2021-01-04,2026-08-11,1404,1404,3,3,0.997867803837953,2022-01-03,YES
a2cb3c2d-4965-4c35-9004-e591a718d67c,OTLK,NASDAQ,2021-01-04,2026-08-11,1407,1407,0,0,1.0,2022-01-03,YES
a1dbcc7d-ba56-486a-b53f-0402e526660f,OTTR,NASDAQ,2021-01-04,2026-08-11,1407,1407,0,0,1.0,2022-01-03,YES
02afaf0c-ecc0-4608-961b-1f1b06a14ae6,OUST,NASDAQ,2021-01-04,2026-08-11,1404,1403,3,4,0.997867803837953,2022-01-03,YES
8d04ca7a-03a4-4ab2-aa32-312af500efff,OUT,NYSE,2021-01-04,2026-08-11,1404,1404,3,3,0.997867803837953,2022-01-03,YES
425777de-52cc-4b88-aa9e-42b57718444e,OVBC,NASDAQ,2021-01-06,2026-08-11,1140,445,267,962,0.8102345415778252,2022-01-12,YES
2e3f9747-cd99-48a1-aac7-1b2c49cf84d5,OVID,NASDAQ,2021-01-04,2026-08-11,1407,1391,0,16,1.0,2022-01-03,YES
5ea5cf1f-955e-42c8-a25c-9b7097c2c0e8,OVLY,NASDAQ,2021-01-05,2026-08-11,1191,726,216,681,0.8464818763326226,2022-01-07,YES
6a8e775c-1cf3-48bf-a3d1-3ceabcbf0a44,OVV,NYSE,2021-01-04,2026-08-11,1404,1404,3,3,0.997867803837953,2022-01-03,YES
c8fbe576-d266-412d-baa7-07b175a7775d,OWL,NYSE,2021-01-04,2026-08-11,1401,1401,6,6,0.9957356076759062,2022-01-03,YES
ddcdbe52-9b27-43bc-b344-50dc150867de,OWLS,NASDAQ,2025-10-17,2026-08-11,204,180,1203,1227,0.14498933901918976,,NO
38390f65-76a5-4691-b382-9ade62d1ae9a,OWLT,NYSE,2021-01-05,2026-08-11,1393,1222,14,185,0.9900497512437811,2022-01-04,YES
20c4ae72-2aee-450b-9bd6-334f5296a848,OXBR,NASDAQ,2021-01-04,2026-08-11,1355,846,52,561,0.9630419331911869,2022-01-03,YES
8d82dc29-e338-4127-a6f1-f863379eb8da,OXLC,NASDAQ,2021-01-04,2026-08-11,1407,1407,0,0,1.0,2022-01-03,YES
19cf4bdc-9150-4e55-bac8-75b1deecbb2f,OXM,NYSE,2021-01-04,2026-08-11,1404,1404,3,3,0.997867803837953,2022-01-03,YES
874aa359-87fa-4343-b784-71d852dfb46c,OXSQ,NASDAQ,2021-01-04,2026-08-11,1406,1389,1,18,0.9992892679459844,2022-01-03,YES
11833dec-6549-48bf-ae48-17a25c3a9788,OXY,NYSE,2021-01-04,2026-08-11,1404,1404,3,3,0.997867803837953,2022-01-03,YES
b9e2845d-c8aa-4172-a687-19ed8366d3c9,OYSE,NASDAQ,2025-07-11,2026-08-11,273,28,1134,1379,0.19402985074626866,,NO
100fbee2-d75c-4902-afea-54d80508fe22,OZK,NASDAQ,2021-01-04,2026-08-11,1407,1407,0,0,1.0,2022-01-03,YES
b6d3094d-6c62-4e9e-853c-640fc24dd1c3,P,NYSE,2021-01-04,2026-08-11,1404,1404,3,3,0.997867803837953,2022-01-03,YES
c5aff4fd-a9b2-4e67-aafd-b54cd3990ad7,PAAC,NASDAQ,2026-06-30,2026-08-11,30,1,1377,1406,0.021321961620469083,,NO
2cc0044f-edcc-49f4-b1c6-f1b861a5c19c,PAAS,NYSE,2021-01-04,2026-08-11,1407,1407,0,0,1.0,2022-01-03,YES
f6ec3dc8-8c8d-4a7c-bf1f-192de207eb1a,PAC,NYSE,2021-01-04,2026-08-11,1402,1385,5,22,0.9964463397299218,2022-01-03,YES
cdf92f8c-cd8c-4843-a904-1feb22ae7794,PACB,NASDAQ,2021-01-04,2026-08-11,1407,1407,0,0,1.0,2022-01-03,YES
bdab2a22-633a-46e5-99e8-56d305542085,PACH,NASDAQ,2025-08-18,2026-08-11,247,29,1160,1378,0.17555081734186212,,NO
c9b2fba0-76eb-48af-aa66-1bb06a0ea806,PACK,NYSE,2021-01-04,2026-08-11,1404,1404,3,3,0.997867803837953,2022-01-03,YES
7aae5b49-a032-4632-bf90-d93ede05ac8c,PACS,NYSE,2024-04-11,2026-08-11,585,585,822,822,0.4157782515991471,2025-04-14,YES
f358bddb-690a-4259-87c9-32ff8ed63455,PAG,NYSE,2021-01-04,2026-08-11,1404,1404,3,3,0.997867803837953,2022-01-03,YES
ef5116b9-61b2-4c09-8401-a424a786612c,PAGS,NYSE,2021-01-04,2026-08-11,1404,1404,3,3,0.997867803837953,2022-01-03,YES
ce10c6e4-fdae-45ec-8d43-d08b331f68c5,PAHC,NASDAQ,2021-01-04,2026-08-11,1407,1407,0,0,1.0,2022-01-03,YES
96056939-3889-4ddd-8e61-8986e3a62056,PAII,NYSE,2025-09-11,2026-08-11,230,30,1177,1377,0.1634683724235963,,NO
b5ddceef-9b83-4eb6-a6ad-be6425183582,PAL,NASDAQ,2024-05-09,2026-08-11,565,564,842,843,0.4015636105188344,2025-05-13,YES
0f2ace78-4c29-41cf-a957-a86fc351b428,PALI,NASDAQ,2021-01-04,2026-08-11,1372,1247,35,160,0.9751243781094527,2022-01-03,YES
4ec4fdf1-6a97-44a8-a302-82bb4fa904e6,PALO,NASDAQ,2026-05-18,2026-08-11,59,2,1348,1405,0.04193319118692253,,NO
dcfe0042-f38b-475e-9aa2-03c6e84a704e,PAM,NYSE,2021-01-04,2026-08-11,1404,1403,3,4,0.997867803837953,2022-01-03,YES
0b7dd947-5d9e-459e-9f48-6ba90c1cf460,PAMT,NASDAQ,2021-01-04,2026-08-11,1320,928,87,479,0.9381663113006397,2022-01-03,YES
3d27906b-960f-4ca3-8fc6-ce4e814e0f0f,PANL,NASDAQ,2021-01-06,2026-08-11,1394,1391,13,16,0.9907604832977968,2022-01-05,YES
ba1cc326-cf8d-4d7c-a49e-8b413555f3d0,PANW,NASDAQ,2021-01-04,2026-08-11,1406,1406,1,1,0.9992892679459844,2022-01-03,YES
2c108b0d-cbea-4e9a-8f88-0e073c24fab8,PAPL,AMEX,2025-07-22,2026-08-11,266,209,1141,1198,0.1890547263681592,2026-07-27,YES
7f1498a3-85cf-4fa0-a46b-05c9b82b74e4,PAR,NYSE,2021-01-04,2026-08-11,1404,1404,3,3,0.997867803837953,2022-01-03,YES
7776741c-2bad-4f2f-9d4a-be51f1f6c6d4,PARA,NASDAQ,2021-02-12,2026-08-11,1108,780,299,627,0.7874911158493249,2022-02-24,YES
0609d66b-e084-406e-ac20-75e8bdbbb05d,PARK,NASDAQ,2025-12-03,2026-08-11,172,118,1235,1289,0.12224591329068941,,NO
c63c9498-1bde-42de-a916-6895c9cbfc17,PARR,NYSE,2021-01-04,2026-08-11,1404,1404,3,3,0.997867803837953,2022-01-03,YES
dd1bd19e-5209-4d73-b6d9-93a28b141415,PASG,NASDAQ,2021-01-04,2026-08-11,1407,1296,0,111,1.0,2022-01-03,YES
fd364151-fca0-405a-80fb-fd9f9b814d40,PASW,NASDAQ,2025-07-18,2026-08-11,268,217,1139,1190,0.19047619047619047,2026-07-21,YES
b839dd23-cd51-4d0f-8352-7a14b517391c,PATH,NYSE,2021-04-21,2026-08-11,1331,1331,76,76,0.9459843638948117,2022-04-20,YES
15df1440-69f9-4a4f-801e-446320a2e83b,PATK,NASDAQ,2021-01-04,2026-08-11,1407,1406,0,1,1.0,2022-01-03,YES
149cf9c4-9663-43e1-80bb-b992a3871487,PAVM,NASDAQ,2021-01-04,2026-08-11,1407,1240,0,167,1.0,2022-01-03,YES
12da68dd-20ae-4cb3-a13d-8009a26523de,PAVS,NASDAQ,2021-01-04,2026-08-11,1285,719,122,688,0.9132906894100924,2022-01-03,YES
950df00d-311b-46ac-8342-e590b5699548,PAX,NASDAQ,2021-01-22,2026-08-11,1394,1394,13,13,0.9907604832977968,2022-01-21,YES
973077af-3788-4c75-9ea0-9987e337f564,PAY,NYSE,2021-05-26,2026-08-11,1306,1305,101,102,0.9282160625444208,2022-05-25,YES
8324782d-4e19-40f8-a484-5e9a2ce764c6,PAYC,NYSE,2021-01-04,2026-08-11,1404,1404,3,3,0.997867803837953,2022-01-03,YES
03eb3433-9c96-427a-ad22-f8d8386b5342,PAYO,NASDAQ,2021-01-04,2026-08-11,1407,1407,0,0,1.0,2022-01-03,YES
7104e04b-605e-4c45-aac2-d98c443f7bd5,PAYP,NASDAQ,2026-03-12,2026-08-11,105,105,1302,1302,0.07462686567164178,,NO
7259f191-12b0-4ad1-840e-272a722f5512,PAYS,NASDAQ,2021-01-04,2026-08-11,1399,1379,8,28,0.994314143567875,2022-01-03,YES
aaaaa8a6-79b2-4090-95df-45276d1f4d74,PAYX,NASDAQ,2021-01-04,2026-08-11,1407,1407,0,0,1.0,2022-01-03,YES
08387f7c-daad-4568-a553-bef8bdc19f68,PB,NYSE,2021-01-04,2026-08-11,1404,1404,3,3,0.997867803837953,2022-01-03,YES
56125588-caa3-496f-a795-6757ba4e94b3,PBA,NYSE,2021-01-04,2026-08-11,1404,1404,3,3,0.997867803837953,2022-01-03,YES
44abccae-bdca-467a-82bb-8631e5afbfa9,PBAM,NASDAQ,2026-07-30,2026-08-11,9,6,1398,1401,0.006396588486140725,,NO
a0cdf5bf-72a4-4bf7-8146-51362db57aaf,PBF,NYSE,2021-01-04,2026-08-11,1404,1404,3,3,0.997867803837953,2022-01-03,YES
363e6f38-4386-44cb-aa2b-833f58dcb9cc,PBFS,NASDAQ,2021-01-12,2026-08-11,1194,697,213,710,0.8486140724946695,2022-01-13,YES
a9dd3cc7-848a-474f-8d29-f68ad5a8067a,PBH,NYSE,2021-01-04,2026-08-11,1404,1404,3,3,0.997867803837953,2022-01-03,YES
9aee2845-e9cc-4449-b8e4-9f227ba20e2f,PBHC,NASDAQ,2021-01-05,2026-08-11,1072,227,335,1180,0.7619047619047619,2022-04-12,YES
79eec0e1-03f4-4c2c-b3d6-2c0d5f26c332,PBI,NYSE,2021-01-04,2026-08-11,1404,1404,3,3,0.997867803837953,2022-01-03,YES
76a141ca-3ebe-48a8-a4f8-f55c1d94ead5,PBK,NASDAQ,2024-04-09,2026-08-11,587,507,820,900,0.4171997157071784,2025-04-10,YES
320da422-fa8f-4335-b311-7fb79f5bfd7c,PBLS,NASDAQ,2026-06-10,2026-08-11,43,43,1364,1364,0.030561478322672354,,NO
5bffc294-69b4-4cd9-9951-e57b652addb8,PBM,NASDAQ,2021-12-20,2026-08-11,1044,622,363,785,0.7420042643923241,2022-12-21,YES
df753e68-85d3-4f17-b648-f02c6528eb81,PBYI,NASDAQ,2021-01-04,2026-08-11,1407,1406,0,1,1.0,2022-01-03,YES
dd8050d0-8c14-4da5-98dd-d27cefb32c2a,PC,NASDAQ,2024-09-25,2026-08-11,470,179,937,1228,0.334044065387349,2025-10-02,YES
b79388cf-ba5d-4276-888a-024a2bc3cb25,PCAP,NASDAQ,2025-07-16,2026-08-11,270,79,1137,1328,0.19189765458422176,2026-08-04,YES
29e34616-a842-4a30-908c-32eddd0c7e23,PCAR,NASDAQ,2021-01-04,2026-08-11,1407,1407,0,0,1.0,2022-01-03,YES
3abd7b26-1192-457e-8ddb-80efa829416e,PCB,NASDAQ,2021-01-04,2026-08-11,1393,1226,14,181,0.9900497512437811,2022-01-03,YES
664ebe22-dc75-49a3-b36b-e524f9ef167d,PCG,NYSE,2021-01-04,2026-08-11,1404,1404,3,3,0.997867803837953,2022-01-03,YES
48af2491-2bf4-4d9a-bbcf-1bd81f534667,PCOR,NYSE,2021-05-20,2026-08-11,1310,1310,97,97,0.9310589907604833,2022-05-19,YES
e91804a7-ff16-44b7-bc77-6b9c78f33ccd,PCRX,NASDAQ,2021-01-04,2026-08-11,1407,1407,0,0,1.0,2022-01-03,YES
d5b99212-4d33-4cc3-8c1d-049819efc9c9,PCSA,NASDAQ,2021-01-04,2026-08-11,1292,1044,115,363,0.9182658137882018,2022-01-04,YES
29cb494e-9522-4175-a6bd-ad7e18c0dc8b,PCT,NASDAQ,2021-01-04,2026-08-11,1407,1407,0,0,1.0,2022-01-03,YES
a4ddca47-4ea1-4d6c-a786-25eabe23c4bc,PCTY,NASDAQ,2021-01-04,2026-08-11,1407,1407,0,0,1.0,2022-01-03,YES
e616864f-0319-4f6a-ab95-7495960cbe72,PCVX,NASDAQ,2021-01-04,2026-08-11,1406,1406,1,1,0.9992892679459844,2022-01-03,YES
405f93c3-13b2-4e65-b3b8-1a325376b086,PCYO,NASDAQ,2021-01-04,2026-08-11,1407,1368,0,39,1.0,2022-01-03,YES
b86009cf-b589-42f6-90e7-9519217d58f4,PD,NYSE,2021-01-04,2026-08-11,1404,1404,3,3,0.997867803837953,2022-01-03,YES
a6cdd973-7777-43b8-98b5-ac6c8cd4d442,PDCC,NYSE,2024-07-18,2026-08-11,518,90,889,1317,0.3681592039800995,2025-07-25,YES
b68092eb-6293-4f7f-9b96-0965f02159f9,PDEX,NASDAQ,2021-01-04,2026-08-11,1277,832,130,575,0.9076048329779673,2022-01-03,YES
96e14b06-1ab7-4a40-87c6-1dd26a8e487c,PDFS,NASDAQ,2021-01-04,2026-08-11,1406,1406,1,1,0.9992892679459844,2022-01-03,YES
3fe8ddd1-c1c4-4bdf-83bd-43bb72c36010,PDLB,NASDAQ,2021-01-06,2026-08-11,1235,1130,172,277,0.8777540867093105,2022-01-07,YES
df117615-0a62-47ee-b25b-7d6aa282d015,PDS,NYSE,2021-01-04,2026-08-11,1387,1370,20,37,0.9857853589196873,2022-01-03,YES
af90f22a-41a6-4c08-8b90-dc6e06e5bcf4,PDSB,NASDAQ,2021-01-04,2026-08-11,1407,1403,0,4,1.0,2022-01-03,YES
67b091f8-17b3-4fd0-a9fb-cfa7c6a7e13c,PDYN,NASDAQ,2021-03-10,2026-08-11,1322,1304,85,103,0.9395877754086709,2022-03-09,YES
324166e1-e5cc-4aae-99a5-e129132dc542,PEBK,NASDAQ,2021-01-04,2026-08-11,1183,662,224,745,0.8407960199004975,2022-01-03,YES
0d75cdfe-878d-4ee4-9249-bcfba33ecf12,PEBO,NASDAQ,2021-01-04,2026-08-11,1407,1404,0,3,1.0,2022-01-03,YES
a314dee9-f4cd-4631-9bb5-8101bf295334,PECE,NASDAQ,2026-06-04,2026-08-11,47,11,1360,1396,0.033404406538734895,,NO
03edbcd3-0771-42b6-ba1c-a7fa644828dc,PECO,NASDAQ,2021-07-15,2026-08-11,1274,1274,133,133,0.9054726368159204,2022-07-15,YES
66521774-82c8-4be8-ad59-02f0bd4bcc31,PED,AMEX,2021-01-04,2026-08-11,1356,1113,51,294,0.9637526652452025,2022-01-03,YES
7f712a83-dc6a-4d5d-bf2a-c52705a06905,PEG,NYSE,2021-01-04,2026-08-11,1404,1404,3,3,0.997867803837953,2022-01-03,YES
9f54d72f-f84b-46e1-a071-600d5520e70d,PEGA,NASDAQ,2021-01-04,2026-08-11,1407,1407,0,0,1.0,2022-01-03,YES
00716b5f-6882-4ee2-bae3-b6e8772aac89,PEN,NYSE,2021-01-04,2026-08-11,1404,1404,3,3,0.997867803837953,2022-01-03,YES
e2646200-493e-4a35-ac01-923390948eff,PENG,NASDAQ,2021-01-04,2026-08-11,1407,1407,0,0,1.0,2022-01-03,YES
02ee28f8-d7a5-41ef-b212-a66d8dd85c4d,PENN,NASDAQ,2021-01-04,2026-08-11,1407,1407,0,0,1.0,2022-01-03,YES
7b7466c4-5066-4e3e-80e6-8da1c835ce56,PEP,NASDAQ,2021-01-04,2026-08-11,1407,1407,0,0,1.0,2022-01-03,YES
a3845c18-fb86-4a95-b366-ded7cd311ff6,PEPG,NASDAQ,2022-05-06,2026-08-11,1069,1036,338,371,0.759772565742715,2023-05-09,YES
13ed87b5-e59c-47c4-ad4b-42cf285d2663,PERF,NYSE,2021-03-01,2026-08-11,1175,863,232,544,0.8351101634683724,2022-03-10,YES
e13f9934-305b-4dec-ae19-d6f3a3a27b0b,PERI,NASDAQ,2021-01-04,2026-08-11,1407,1407,0,0,1.0,2022-01-03,YES
15edcbac-db9e-4083-bf9a-8a2e394ac09a,PESI,NASDAQ,2021-01-04,2026-08-11,1204,1135,203,272,0.8557213930348259,2022-01-11,YES
cf31c02f-9bef-46d4-861b-65efc4f41ce6,PETS,NASDAQ,2021-01-04,2026-08-11,1407,1406,0,1,1.0,2022-01-03,YES
bada4f36-deac-4959-be7d-d4c6b2aad4b9,PETZ,NASDAQ,2021-01-06,2026-08-11,1369,767,38,640,0.9729921819474058,2022-01-05,YES
0be07e96-4583-4fb2-b0d3-0836b731d28a,PEW,NYSE,2023-07-20,2026-08-11,768,486,639,921,0.5458422174840085,2025-01-14,YES
9cdc1084-f70e-42cd-9098-3607f77e4565,PFAI,NASDAQ,2025-04-22,2026-08-11,328,123,1079,1284,0.23312011371712865,2026-05-01,YES
b0940983-b0c6-42f1-97d5-b1b580e4431b,PFE,NYSE,2021-01-04,2026-08-11,1404,1404,3,3,0.997867803837953,2022-01-03,YES
c14764ba-7985-420b-af3b-8d3b7c848f8a,PFG,NASDAQ,2021-01-04,2026-08-11,1407,1407,0,0,1.0,2022-01-03,YES
8bc5e5ed-52db-4067-a3a2-c9165f0342e8,PFGC,NYSE,2021-01-04,2026-08-11,1404,1404,3,3,0.997867803837953,2022-01-03,YES
8867d3e6-5bf0-46b1-ad32-ebd41304faa6,PFIS,NASDAQ,2021-01-05,2026-08-11,1243,803,164,604,0.8834399431414357,2022-01-04,YES
d972baf0-ecf2-41ce-b5f4-6e20146f4ac2,PFLT,NYSE,2021-01-04,2026-08-11,1406,1404,1,3,0.9992892679459844,2022-01-03,YES
cffdd5bd-bbd9-4e8a-bce7-59606a91d056,PFS,NYSE,2021-01-04,2026-08-11,1404,1404,3,3,0.997867803837953,2022-01-03,YES
54219e28-f198-4f4a-9415-5850f4ed987a,PFSA,NASDAQ,2025-07-14,2026-08-11,272,262,1135,1145,0.19331911869225302,2026-07-15,YES
bbb97a23-3d58-4eae-82c9-2360e9fb6ee1,PFSI,NYSE,2021-01-04,2026-08-11,1404,1404,3,3,0.997867803837953,2022-01-03,YES
15d9fcd0-9db5-45c8-8b9a-974fbfca96f7,PFX,NASDAQ,2021-01-04,2026-08-11,1160,252,247,1155,0.8244491826581379,2022-01-03,YES
f81a406b-a53c-4ea5-ab05-6fb92bfc6bd7,PG,NYSE,2021-01-04,2026-08-11,1404,1404,3,3,0.997867803837953,2022-01-03,YES
c4400f09-70d9-49ca-81a9-7964823940ec,PGAC,NASDAQ,2025-02-03,2026-08-11,271,28,1136,1379,0.19260838663823737,2026-03-11,YES
c8d9ce77-5f56-40f7-ab4c-61fd83896a2a,PGC,NASDAQ,2021-01-04,2026-08-11,1405,1402,2,5,0.9985785358919688,2022-01-03,YES
801aba0d-27f8-4103-a818-3e2680aa870e,PGEN,NASDAQ,2021-01-04,2026-08-11,1407,1407,0,0,1.0,2022-01-03,YES
dd3d25a7-cad0-4757-b46f-c096de164261,PGNY,NASDAQ,2021-01-04,2026-08-11,1407,1407,0,0,1.0,2022-01-03,YES
7e23958d-28fe-4f5e-acb0-159831a769ed,PGR,NYSE,2021-01-04,2026-08-11,1404,1404,3,3,0.997867803837953,2022-01-03,YES
c41bbf4b-f1a2-4b60-b450-18942b6e1585,PGY,NASDAQ,2021-04-30,2026-08-11,1196,1196,211,211,0.8500355366027008,2022-06-09,YES
44de3ac7-fd5e-4c49-99ae-561246d323f5,PH,NYSE,2021-01-04,2026-08-11,1404,1404,3,3,0.997867803837953,2022-01-03,YES
6351b2af-0abe-4116-9ddd-2d95cf4ee758,PHAT,NASDAQ,2021-01-04,2026-08-11,1407,1407,0,0,1.0,2022-01-03,YES
e0d5813f-0b8d-405d-96d6-9c023cdafcb3,PHG,NYSE,2021-01-04,2026-08-11,1404,1404,3,3,0.997867803837953,2022-01-03,YES
07c6de71-bef0-4451-b4b1-03f839511e6e,PHGE,AMEX,2021-01-05,2026-08-11,1263,1013,144,394,0.8976545842217484,2022-01-04,YES
c4519eda-db2b-4f9c-b16e-406d44eb31eb,PHI,NYSE,2021-01-04,2026-08-11,1403,1367,4,40,0.9971570717839374,2022-01-03,YES
f407699d-48a0-4a5a-829f-eb6eda65e735,PHIN,NYSE,2023-07-05,2026-08-11,779,779,628,628,0.5536602700781805,2024-07-05,YES
a09588cf-c0ca-4379-862e-108b01946ec1,PHIO,NASDAQ,2021-01-04,2026-08-11,1375,1158,32,249,0.9772565742714996,2022-01-03,YES
96f6e02d-e110-40c7-bff6-ade1c0e451c4,PHM,NYSE,2021-01-04,2026-08-11,1404,1404,3,3,0.997867803837953,2022-01-03,YES
194213b1-2cec-447f-bfa3-2c454d18d97e,PHOE,NASDAQ,2025-04-25,2026-08-11,325,136,1082,1271,0.23098791755508175,2026-04-28,YES
983b203e-d4c7-4ed8-a95d-48b14a9c05e9,PHR,NYSE,2021-01-04,2026-08-11,1404,1404,3,3,0.997867803837953,2022-01-03,YES
9e50ab3d-19c9-41f2-a51d-b283184d27a9,PHUN,NASDAQ,2021-01-04,2026-08-11,1406,1404,1,3,0.9992892679459844,2022-01-03,YES
0923ed33-b7fc-4a47-b2d4-759b8f8ff6e2,PHVS,NASDAQ,2021-02-05,2026-08-11,1243,1101,164,306,0.8834399431414357,2022-02-07,YES
2688f677-5114-4fa9-959a-702daeace8e7,PI,NASDAQ,2021-01-04,2026-08-11,1407,1407,0,0,1.0,2022-01-03,YES
69fd4d63-13db-4e13-9b4f-fe7bde317d9a,PICS,NASDAQ,2026-01-29,2026-08-11,134,134,1273,1273,0.09523809523809523,,NO
1d3bfca6-26ff-4046-b68f-cac9dc305652,PII,NYSE,2021-01-04,2026-08-11,1404,1404,3,3,0.997867803837953,2022-01-03,YES
abd106cb-6429-45a7-ab1e-a01118a778be,PIII,NASDAQ,2021-04-08,2026-08-11,1264,1088,143,319,0.898365316275764,2022-04-06,YES
e034f73f-5a8c-40af-8ed4-d4aed89f3740,PINS,NYSE,2021-01-04,2026-08-11,1404,1404,3,3,0.997867803837953,2022-01-03,YES
3442cdf0-2237-448f-aef9-4ae0462b71aa,PIPR,NYSE,2021-01-04,2026-08-11,1404,1401,3,6,0.997867803837953,2022-01-03,YES
45f62602-b428-4f6d-9ee4-37b6f49231d6,PJT,NYSE,2021-01-04,2026-08-11,1404,1403,3,4,0.997867803837953,2022-01-03,YES
9baf708b-2e8b-435e-b593-e55c09f064ed,PK,NYSE,2021-01-04,2026-08-11,1404,1404,3,3,0.997867803837953,2022-01-03,YES
0ca804b0-dde0-472c-aac2-23658d005326,PKBK,NASDAQ,2021-01-04,2026-08-11,1319,1101,88,306,0.937455579246624,2022-01-03,YES
054ba776-952d-4b97-9e45-c5550aa70ecf,PKE,NYSE,2021-01-04,2026-08-11,1402,1385,5,22,0.9964463397299218,2022-01-03,YES
42682c03-86b5-452b-8711-01ec96295840,PKG,NYSE,2021-01-04,2026-08-11,1404,1404,3,3,0.997867803837953,2022-01-03,YES
0d860a4e-7f4f-4e5f-b3f8-81707bf52b1a,PKOH,NASDAQ,2021-01-04,2026-08-11,1396,1266,11,141,0.992181947405828,2022-01-03,YES
971c1192-ed1a-4160-98f1-a3156907efb7,PL,NYSE,2021-04-26,2026-08-11,1281,1281,126,126,0.9104477611940298,2022-04-25,YES
058766e0-2d90-4ca8-89a8-a636bf6ba26a,PLAB,NASDAQ,2021-01-04,2026-08-11,1407,1407,0,0,1.0,2022-01-03,YES
fea1ad1b-29a9-4c1e-9408-bf19d22548ec,PLAG,AMEX,2021-01-04,2026-08-11,1183,642,224,765,0.8407960199004975,2022-01-04,YES
59129dcd-afa2-4d54-acc9-a7351aa9583d,PLAY,NASDAQ,2021-01-04,2026-08-11,1407,1407,0,0,1.0,2022-01-03,YES
73e7996f-5ebf-4333-8026-8442be6a3c9b,PLBC,NASDAQ,2021-01-07,2026-08-11,1285,812,122,595,0.9132906894100924,2022-01-06,YES
587e8d88-2e03-453b-bb3b-55cbc24a8c0d,PLBL,NASDAQ,2024-08-19,2026-08-11,496,155,911,1252,0.35252309879175553,2025-08-21,YES
fa415cb8-920b-4d6c-b261-35ec5d71b560,PLBY,NASDAQ,2021-01-04,2026-08-11,1407,1405,0,2,1.0,2022-01-03,YES
02eb2dfe-5fd8-4878-9bbb-fb14ba301885,PLCE,NASDAQ,2021-01-04,2026-08-11,1407,1407,0,0,1.0,2022-01-03,YES
04280620-69bd-486b-aabc-7f9edcd6b697,PLCI,NASDAQ,,,0,0,1407,1407,0.0,,NO
32d00bae-5f6a-4712-9c18-3a007524fa3f,PLD,NYSE,2021-01-04,2026-08-11,1404,1404,3,3,0.997867803837953,2022-01-03,YES
782184c3-92b4-48d9-be88-c70578490a2f,PLG,AMEX,2021-01-04,2026-08-11,1399,1331,8,76,0.994314143567875,2022-01-03,YES
4f95eca9-961a-47fe-9dfe-3f1a02db2cb4,PLGO,NYSE,2023-06-29,2026-08-11,782,782,625,625,0.5557924662402275,2024-07-01,YES
e119012b-c21f-4de5-940d-cd2b0faf46a2,PLMK,NASDAQ,2025-01-31,2026-08-11,383,50,1024,1357,0.27221037668798864,2026-02-12,YES
a2503d4d-ea03-4075-a8a8-478f3e99534e,PLMR,NASDAQ,2021-01-04,2026-08-11,1407,1407,0,0,1.0,2022-01-03,YES
74e0f638-544d-4b93-b9d8-f0aa378f2e53,PLNT,NYSE,2021-01-04,2026-08-11,1404,1404,3,3,0.997867803837953,2022-01-03,YES
46a70080-648f-4f1b-b601-553a6c917856,PLOW,NYSE,2021-01-04,2026-08-11,1404,1404,3,3,0.997867803837953,2022-01-03,YES
e646e169-7e44-4b47-b665-26ea801eb0dd,PLRX,NASDAQ,2021-01-04,2026-08-11,1407,1407,0,0,1.0,2022-01-03,YES
cc4bf76f-08f4-4baf-a90f-eba85140dd25,PLRZ,NASDAQ,2024-10-29,2026-08-11,446,364,961,1043,0.3169864960909737,2025-10-31,YES
c919e896-8ac4-4bd3-a6c6-837ef687d7f0,PLSE,NASDAQ,2021-01-04,2026-08-11,1405,1386,2,21,0.9985785358919688,2022-01-03,YES
7571f9fa-3f05-4e9f-b95a-d75ce5ced3ee,PLSM,NASDAQ,2026-01-23,2026-08-11,138,47,1269,1360,0.09808102345415778,,NO
effcbe01-4d87-4ed8-a0ab-cfd16412df4a,PLTK,NASDAQ,2021-01-15,2026-08-11,1398,1398,9,9,0.9936034115138592,2022-01-14,YES
80e04a93-e1a8-4503-ab61-2ef1992650b4,PLTR,NASDAQ,2021-01-04,2026-08-11,1404,1404,3,3,0.997867803837953,2022-01-03,YES
c0702cbf-917d-4a82-ae80-2389ad02a7b0,PLTS,NASDAQ,2025-09-19,2026-08-11,224,11,1183,1396,0.15920398009950248,,NO
559320e3-acf7-4952-ac95-bff7910c6a6a,PLUG,NASDAQ,2021-01-04,2026-08-11,1407,1407,0,0,1.0,2022-01-03,YES
94ea830f-cd5c-48d4-b23b-b8e6a1d0a619,PLUN,NYSE,2026-06-26,2026-08-11,32,4,1375,1403,0.022743425728500355,,NO
f76fde8b-0e92-4655-ac8a-9e82e60d88b3,PLUR,NASDAQ,2021-01-04,2026-08-11,1394,871,13,536,0.9907604832977968,2022-01-03,YES
16d20cfc-bc1c-44ee-876e-a6b29dca0e59,PLUS,NASDAQ,2021-01-04,2026-08-11,1407,1407,0,0,1.0,2022-01-03,YES
94c64076-c297-48ad-9109-f98353ecf4e7,PLUT,NASDAQ,2025-02-05,2026-08-11,380,163,1027,1244,0.27007818052594174,2026-02-20,YES
d22569e0-7d06-4185-8075-37f291d82035,PLX,AMEX,2021-01-04,2026-08-11,1385,1344,22,63,0.984363894811656,2022-01-03,YES
59537ab5-0662-4705-854b-525e64e115e0,PLXS,NASDAQ,2021-01-04,2026-08-11,1407,1406,0,1,1.0,2022-01-03,YES
84f359d0-7278-40b7-915b-3c3e8c888a7e,PLYX,NASDAQ,2026-02-02,2026-08-11,132,129,1275,1278,0.09381663113006397,,NO
b19c4863-d517-4472-9236-8864e50dfa3e,PM,NYSE,2021-01-04,2026-08-11,1404,1404,3,3,0.997867803837953,2022-01-03,YES
50cf87e6-37f7-47cf-b09c-e5fe984ba18e,PMA,NASDAQ,2024-11-22,2026-08-11,427,281,980,1126,0.3034825870646766,2025-11-26,YES
e603799e-25ab-4880-9342-3eb23578d17e,PMAX,NASDAQ,2024-09-05,2026-08-11,484,365,923,1042,0.34399431414356785,2025-09-09,YES
2238aacd-ffdc-410b-8411-7010b870fcaf,PMCB,NASDAQ,2021-08-10,2026-08-11,1247,871,160,536,0.8862828713574982,2022-08-10,YES
3edc7062-a331-447a-98e6-49eb2457bb02,PMEC,NASDAQ,2023-10-10,2026-08-11,711,435,696,972,0.5053304904051172,2024-10-10,YES
ffa3809d-5b82-496c-be51-3bc2a1de19aa,PMI,AMEX,2025-08-29,2026-08-11,238,231,1169,1176,0.1691542288557214,,NO
5825b72f-4317-44c1-bc05-35213ce3f99a,PMN,NASDAQ,2022-07-12,2026-08-11,1025,562,382,845,0.728500355366027,2023-09-08,YES
b3af2080-c90f-4cef-8430-ff8fa837ca06,PMTR,NASDAQ,2025-06-20,2026-08-11,287,77,1120,1330,0.20398009950248755,2026-08-10,YES
573db69a-12a3-4ea9-b4f8-e28e29e37500,PMTS,NASDAQ,2021-08-06,2026-08-11,1219,1083,188,324,0.8663823738450604,2022-08-08,YES
9e702020-0516-4d51-bb4f-2ce11f97c196,PMVP,NASDAQ,2021-01-04,2026-08-11,1407,1403,0,4,1.0,2022-01-03,YES
d9f522b1-78a0-42ff-8b22-bcaabb46dfbb,PN,NASDAQ,2025-03-04,2026-08-11,362,239,1045,1168,0.2572850035536603,2026-03-05,YES
86b69f40-a53b-48b0-81ca-1e237c90d6e8,PNBK,NASDAQ,2021-01-05,2026-08-11,1105,623,302,784,0.7853589196872779,2022-02-15,YES
07c40f17-3f00-4792-9262-9fc21c73e9b4,PNC,NYSE,2021-01-04,2026-08-11,1404,1404,3,3,0.997867803837953,2022-01-03,YES
f760e259-c8d9-4ab4-be85-c5b2e1ac9a03,PNFP,NYSE,2021-01-04,2026-08-11,1407,1407,0,0,1.0,2022-01-03,YES
ae8f6253-60cf-4be6-a73f-3b76bbc6d28f,PNNT,NYSE,2021-01-04,2026-08-11,1407,1406,0,1,1.0,2022-01-03,YES
c212e219-b17d-4ff1-99dd-30e3896122a3,PNR,NYSE,2021-01-04,2026-08-11,1404,1404,3,3,0.997867803837953,2022-01-03,YES
89b1dd2a-9541-4e95-bc09-53e94b6563ad,PNRG,NASDAQ,2021-01-08,2026-08-11,1144,515,263,892,0.8130774697938877,2022-02-07,YES
02f1c946-388e-4479-8a4f-0346af21846b,PNTG,NASDAQ,2021-01-04,2026-08-11,1407,1406,0,1,1.0,2022-01-03,YES
faae2345-5020-4dd1-aa4f-e1ac3f6419ba,PNW,NYSE,2021-01-04,2026-08-11,1404,1404,3,3,0.997867803837953,2022-01-03,YES
1aa4a5bb-685a-4d4e-82e0-cedf80347c25,POAS,AMEX,2025-11-13,2026-08-11,185,176,1222,1231,0.13148542999289267,,NO
b7baf483-1c05-4946-8c0a-22dc7cebfdc4,POCI,NASDAQ,2022-11-16,2026-08-11,935,328,472,1079,0.6645344705046198,2023-11-17,YES
3a6042bc-a049-4c8a-a3d0-c8c296b5f8ee,PODC,NASDAQ,2023-09-08,2026-08-11,733,572,674,835,0.5209665955934613,2024-09-10,YES
e82d6760-0cbc-4838-87e3-4df6dce97721,PODD,NASDAQ,2021-01-04,2026-08-11,1407,1407,0,0,1.0,2022-01-03,YES
bea38c94-9dfd-445e-9178-9c0825a689b5,POET,NASDAQ,2022-03-15,2026-08-11,1062,854,345,553,0.7547974413646056,2023-03-17,YES
e0dd8a18-4867-4381-a34b-cf9b28c2f138,POLA,NASDAQ,2021-01-04,2026-08-11,1402,1102,5,305,0.9964463397299218,2022-01-03,YES
4caa6194-02f4-4633-8c3f-e1ba2dddb990,POLE,NASDAQ,2024-11-01,2026-08-11,443,76,964,1331,0.3148542999289268,2026-04-24,YES
9961284e-3899-4bae-a7ad-b6f8896a14fa,PONO,NASDAQ,2021-10-14,2026-08-11,247,71,1160,1336,0.17555081734186212,2023-02-21,YES
0bf792f8-1b0c-4f2f-867c-3748d0f8d132,POOL,NASDAQ,2021-01-04,2026-08-11,1407,1407,0,0,1.0,2022-01-03,YES
7faa3846-5f48-4abb-92b7-caf8624e6a41,POR,NYSE,2021-01-04,2026-08-11,1404,1404,3,3,0.997867803837953,2022-01-03,YES
967cec46-3eba-48eb-b500-ee855e9ec3e7,POST,NYSE,2021-01-04,2026-08-11,1404,1404,3,3,0.997867803837953,2022-01-03,YES
34c663ab-dc65-455c-b75b-d0498c3e38db,POWI,NASDAQ,2021-01-04,2026-08-11,1407,1406,0,1,1.0,2022-01-03,YES
da1660a6-c8ae-48d3-aaed-3d3e3144bacd,POWL,NASDAQ,2021-01-04,2026-08-11,1406,1402,1,5,0.9992892679459844,2022-01-03,YES
6d276333-167e-48d6-ba15-e42448c2d777,POWW,NASDAQ,2021-01-04,2026-08-11,1407,1407,0,0,1.0,2022-01-03,YES
3fd81c80-931c-4666-ab6a-d43b76db2907,PPC,NASDAQ,2021-01-04,2026-08-11,1407,1407,0,0,1.0,2022-01-03,YES
9a6fefc2-c278-49f5-a75c-90cfd7475916,PPCB,NASDAQ,2025-08-15,2026-08-11,248,206,1159,1201,0.17626154939587776,,NO
6d4f3b18-4f02-4a06-9d3d-9dadcc9bce1b,PPG,NYSE,2021-01-04,2026-08-11,1404,1404,3,3,0.997867803837953,2022-01-03,YES
2648a730-a069-4b91-9b64-c4e18e364730,PPHC,NASDAQ,2026-01-28,2026-08-11,135,133,1272,1274,0.09594882729211088,,NO
9263f0ea-11b6-4a29-9d71-f15e8c2cc22f,PPIH,NASDAQ,2021-01-04,2026-08-11,1208,833,199,574,0.8585643212508884,2022-01-10,YES
2ebe177b-c523-4c1f-9276-8f0759a67a52,PPL,NYSE,2021-01-04,2026-08-11,1404,1404,3,3,0.997867803837953,2022-01-03,YES
ace5d04c-1982-4038-97cf-a2038f06b9d2,PPLI,NASDAQ,2021-01-04,2026-08-11,1407,1407,0,0,1.0,2022-01-03,YES
8403af93-446a-4ddb-83d3-f5c10e4e1309,PPSI,NASDAQ,2021-01-04,2026-08-11,1365,1289,42,118,0.9701492537313433,2022-01-03,YES
7e8eaa12-65ea-48cc-8cc7-5d17a97ac63c,PPTA,NASDAQ,2021-02-19,2026-08-11,1366,1337,41,70,0.9708599857853589,2022-02-17,YES
fc8a7a13-519c-43e5-9d86-469d4dbf07f2,PR,NYSE,2021-01-04,2026-08-11,1407,1407,0,0,1.0,2022-01-03,YES
fc4d2034-b8a5-49bc-8fb6-9e11526b102c,PRAA,NASDAQ,2021-01-04,2026-08-11,1407,1407,0,0,1.0,2022-01-03,YES
606f2fc5-e9a8-450d-8c7e-6935433fbbbd,PRAX,NASDAQ,2021-01-04,2026-08-11,1407,1407,0,0,1.0,2022-01-03,YES
c8f0b5ae-4c95-44ff-962d-70905b264364,PRCH,NASDAQ,2021-01-04,2026-08-11,1407,1407,0,0,1.0,2022-01-03,YES
9c52dbcc-f933-4e3d-9e59-83ee93f97c01,PRCT,NASDAQ,2021-09-15,2026-08-11,1231,1231,176,176,0.8749111584932481,2022-09-15,YES
cd958ecb-8191-4597-9675-40ee0ca2c5aa,PRDO,NASDAQ,2021-01-04,2026-08-11,1407,1407,0,0,1.0,2022-01-03,YES
26dc5e7e-0439-47de-8d36-4d59d693dda3,PRE,NASDAQ,2021-07-22,2026-08-11,1205,923,202,484,0.8564321250888415,2022-07-22,YES
6c18b126-ab4d-4bc5-b17c-2e83e2fec226,PRFX,NASDAQ,2021-01-04,2026-08-11,1306,949,101,458,0.9282160625444208,2022-01-04,YES
a7b92ef6-7e41-4a3c-b31f-94beb358e0a1,PRG,NYSE,2021-01-04,2026-08-11,1404,1404,3,3,0.997867803837953,2022-01-03,YES
838e28ad-faa5-4e1a-82fd-cf1af221acb6,PRGO,NYSE,2021-01-04,2026-08-11,1404,1404,3,3,0.997867803837953,2022-01-03,YES
da07291c-14d7-4d5e-873b-cff2c1817c1b,PRGS,NASDAQ,2021-01-04,2026-08-11,1407,1407,0,0,1.0,2022-01-03,YES
81c6faaf-bb56-48cd-87e3-33a1c5b1ac76,PRHI,NASDAQ,2021-01-04,2026-08-11,1189,418,218,989,0.8450604122245914,2022-01-05,YES
edf22f8a-e40f-48ba-af2c-d4272f66acf4,PRI,NYSE,2021-01-04,2026-08-11,1404,1404,3,3,0.997867803837953,2022-01-03,YES
78af8bc4-5dae-42d2-a802-7f6f9dfc2a9c,PRIM,NYSE,2021-01-04,2026-08-11,1407,1407,0,0,1.0,2022-01-03,YES
ed3bbe59-67c0-4c3f-a31a-11a81a8da6ce,PRK,AMEX,2021-01-04,2026-08-11,1392,1343,15,64,0.9893390191897654,2022-01-03,YES
91a16ebb-93ff-42fc-bd85-574365fe5024,PRLB,NYSE,2021-01-04,2026-08-11,1404,1404,3,3,0.997867803837953,2022-01-03,YES
4289ad07-43d5-4c9d-82a9-676bdce0facb,PRLD,NASDAQ,2021-01-04,2026-08-11,1407,1377,0,30,1.0,2022-01-03,YES
edf05727-debb-42e3-a5b7-28dba2b69350,PRM,NYSE,2021-11-09,2026-08-11,1191,1191,216,216,0.8464818763326226,2022-11-09,YES
4b8be62f-0475-4474-b263-77e6a631788d,PRMB,NYSE,2021-01-04,2026-08-11,1404,1404,3,3,0.997867803837953,2022-01-03,YES
badc472d-332e-4300-8639-e50641afe2fe,PRME,NASDAQ,2022-10-20,2026-08-11,954,954,453,453,0.6780383795309168,2023-10-23,YES
da413ec8-34e5-4401-95d0-2ae2fa0efc0a,PROF,NASDAQ,2021-01-04,2026-08-11,1399,1256,8,151,0.994314143567875,2022-01-03,YES
9fc2d9ee-9891-41f8-9e1b-00f87f5a8da3,PROK,NASDAQ,2021-06-30,2026-08-11,1176,1162,231,245,0.835820895522388,2022-06-30,YES
810f7b7b-d908-457c-ac35-b53e652da71d,PROP,NASDAQ,2023-12-29,2026-08-11,655,627,752,780,0.46552949538024163,2024-12-31,YES
db300067-7fbb-4cb0-a8c3-5825435bcecf,PROV,NASDAQ,2021-01-04,2026-08-11,1204,518,203,889,0.8557213930348259,2022-01-03,YES
11156cad-b44e-4203-a61e-f826eb0ac1ac,PRPL,NASDAQ,2021-01-04,2026-08-11,1407,1397,0,10,1.0,2022-01-03,YES
65b937be-5986-4bfc-aca0-5fe22c35ff2f,PRPO,NASDAQ,2021-01-04,2026-08-11,1364,771,43,636,0.9694385216773277,2022-01-03,YES
5dd93aa7-aab8-46c7-917d-84d40321cac6,PRQR,NASDAQ,2021-01-04,2026-08-11,1407,1396,0,11,1.0,2022-01-03,YES
e61f6b53-17b1-4c09-8cd6-a19866f28f8c,PRSO,NASDAQ,2021-01-05,2026-08-11,1371,1177,36,230,0.9744136460554371,2022-01-04,YES
6d44c821-82f6-4245-8dd0-c12cd6e85654,PRSU,NYSE,2021-01-04,2026-08-11,1404,1402,3,5,0.997867803837953,2022-01-03,YES
e2841ddb-d2ef-4ea9-80cf-cba37cc03d45,PRTA,NASDAQ,2021-01-04,2026-08-11,1407,1407,0,0,1.0,2022-01-03,YES
8ba1e1fe-e294-4b72-bc95-4531fa649041,PRTH,NASDAQ,2021-01-04,2026-08-11,1343,1181,64,226,0.9545131485429993,2022-01-03,YES
37a09470-04d4-49d5-b344-4dcca1d05b0d,PRTS,NASDAQ,2021-01-04,2026-08-11,1407,1391,0,16,1.0,2022-01-03,YES
830538b2-f315-42e8-a9d6-1b12e539c5ff,PRU,NYSE,2021-01-04,2026-08-11,1404,1404,3,3,0.997867803837953,2022-01-03,YES
70523e6d-2080-4e14-b5ee-727606670c0d,PRVA,NASDAQ,2021-04-29,2026-08-11,1327,1327,80,80,0.9431414356787491,2022-04-28,YES
9da8ea7a-1ad3-4d68-82c9-d8fb489f86f2,PRZO,NASDAQ,2023-07-27,2026-08-11,763,720,644,687,0.5422885572139303,2024-07-29,YES
f7a003f6-b2a4-43be-a812-44ece17e57a5,PS,NYSE,2021-01-04,2026-08-11,135,135,1272,1272,0.09594882729211088,,NO
5df9640c-c98a-4bd8-b5c5-2f2afc8a8a26,PSA,NYSE,2021-01-04,2026-08-11,1404,1403,3,4,0.997867803837953,2022-01-03,YES
9632b7e0-8dc5-4eaa-8780-cac97fd294af,PSBD,NYSE,2024-01-18,2026-08-11,643,597,764,810,0.457000710732054,2025-01-21,YES
7e6b8fe4-7538-4a3d-bb3e-174662c61185,PSEC,NASDAQ,2021-01-04,2026-08-11,1407,1407,0,0,1.0,2022-01-03,YES
0c72fc61-c5e8-4549-8065-380aa352e4fe,PSFE,NYSE,2021-01-04,2026-08-11,1404,1404,3,3,0.997867803837953,2022-01-03,YES
fd2db8f1-26cc-480b-80b5-48284db02f8b,PSHG,NASDAQ,2021-01-04,2026-08-11,1284,1112,123,295,0.9125799573560768,2022-01-10,YES
c7f770dd-e873-4278-af49-82651cb1b4d9,PSIG,NASDAQ,2024-07-19,2026-08-11,517,357,890,1050,0.3674484719260839,2025-07-24,YES
0004a7d2-fbc3-4572-bf98-e4402ada0752,PSIX,NASDAQ,2024-12-26,2026-08-11,406,406,1001,1001,0.2885572139303483,2025-12-30,YES
5b47111b-5e0d-4adc-929c-3efae02f747e,PSKY,NASDAQ,2025-08-07,2026-08-11,254,254,1153,1153,0.18052594171997158,2026-08-10,YES
36afd10a-d31f-4bb3-a8fb-4daadd1da68d,PSMT,NASDAQ,2021-01-04,2026-08-11,1407,1407,0,0,1.0,2022-01-03,YES
b8ecf383-5df1-4026-a111-3f987c24b9da,PSN,NYSE,2021-01-04,2026-08-11,1404,1404,3,3,0.997867803837953,2022-01-03,YES
efe79176-979a-47a6-a50b-ddaae1a91086,PSNL,NASDAQ,2021-01-04,2026-08-11,1407,1405,0,2,1.0,2022-01-03,YES
bde3837c-ab44-4631-a1cc-c868c21e7376,PSO,NYSE,2021-01-04,2026-08-11,1404,1404,3,3,0.997867803837953,2022-01-03,YES
0e16ee81-2d52-4ecc-8f22-457ddca14261,PSQH,NYSE,2021-07-14,2026-08-11,1077,924,330,483,0.7654584221748401,2022-11-29,YES
0fed0e32-00ce-4929-85d0-94313864e23d,PSUS,NYSE,2026-04-29,2026-08-11,72,72,1335,1335,0.0511727078891258,,NO
7655b60d-17f3-4c09-88ec-88feb585487a,PSX,NYSE,2021-01-04,2026-08-11,1404,1404,3,3,0.997867803837953,2022-01-03,YES
acdcad78-ca1a-4eba-8756-dfaff38909c5,PTAC,NASDAQ,2026-07-28,2026-08-11,11,3,1396,1404,0.007818052594171997,,NO
24a89c84-6175-465b-ac54-789c3fd8a47b,PTC,NASDAQ,2021-01-04,2026-08-11,1407,1407,0,0,1.0,2022-01-03,YES
c9f2f1e7-1589-4ab0-a245-f114e2e36592,PTCT,NASDAQ,2021-01-04,2026-08-11,1407,1407,0,0,1.0,2022-01-03,YES
14236793-3bad-4c2c-ae90-e67bc4beec9f,PTEN,NASDAQ,2021-01-04,2026-08-11,1407,1407,0,0,1.0,2022-01-03,YES
ff832841-a00c-4206-9d36-361f610eb0b7,PTGX,NASDAQ,2021-01-04,2026-08-11,1407,1407,0,0,1.0,2022-01-03,YES
b3f65446-dea9-47ef-afef-a9b08a488263,PTHS,AMEX,2024-02-16,2026-08-11,620,406,787,1001,0.44065387348969437,2025-02-20,YES
5a15a79b-5333-4fe4-8a1b-d09a6ce7481f,PTLE,NASDAQ,2024-10-16,2026-08-11,455,369,952,1038,0.32338308457711445,2025-10-20,YES
36fbaea1-fc3a-4fe8-8865-0b622bdf759a,PTLO,NASDAQ,2021-10-21,2026-08-11,1205,1205,202,202,0.8564321250888415,2022-10-21,YES
cd1812da-5e16-4b0c-b126-9e5930054985,PTN,NASDAQ,2025-11-12,2026-08-11,186,117,1221,1290,0.13219616204690832,,NO
c2b0c75b-8adb-49a2-83c1-99237d1b10a1,PTON,NASDAQ,2021-01-04,2026-08-11,1407,1407,0,0,1.0,2022-01-03,YES
f35ba1de-0c9b-4330-b774-837e48794f37,PTOR,NASDAQ,2026-03-17,2026-08-11,102,19,1305,1388,0.07249466950959488,,NO
38607ce7-05c7-4144-95e3-ddc3073502eb,PTRN,NASDAQ,2025-09-19,2026-08-11,224,224,1183,1183,0.15920398009950248,,NO
023d4da7-28bf-4aa0-bfbc-9865ebb021de,PUBM,NASDAQ,2021-01-04,2026-08-11,1407,1407,0,0,1.0,2022-01-03,YES
626b9110-299f-4d27-826a-c06c04c328f4,PULM,NASDAQ,2021-01-04,2026-08-11,1342,815,65,592,0.9538024164889837,2022-01-03,YES
f7ca51e9-2d21-4df0-9060-680e7a8d6423,PUMP,NYSE,2021-01-04,2026-08-11,1404,1404,3,3,0.997867803837953,2022-01-03,YES
b036b331-b930-42cb-b25e-c9904d340c5d,PURR,NASDAQ,2025-12-03,2026-08-11,172,172,1235,1235,0.12224591329068941,,NO
7d81503f-17e6-4333-bf06-fda9b22cf08b,PUSA,NASDAQ,2025-02-12,2026-08-11,375,336,1032,1071,0.26652452025586354,2026-02-13,YES
8be37e67-c564-40c2-b62c-3c2ea63bd8e0,PVH,NYSE,2021-01-04,2026-08-11,1404,1404,3,3,0.997867803837953,2022-01-03,YES
e5673602-9576-4bf0-9299-ed308aae38f3,PVLA,NASDAQ,2021-01-04,2026-08-11,1406,1290,1,117,0.9992892679459844,2022-01-03,YES
f63d3326-f39b-4ad8-8b57-5b5e2d8ced37,PW,AMEX,2021-01-04,2026-08-11,1372,802,35,605,0.9751243781094527,2022-01-03,YES
3ce1ac59-90cb-4212-882c-bd08b5e861e2,PWCM,NASDAQ,2021-01-04,2026-08-11,1374,1172,33,235,0.976545842217484,2022-01-03,YES
a48ff43f-0979-4e14-b78b-5cc51711f56b,PWP,NASDAQ,2021-01-04,2026-08-11,1403,1403,4,4,0.9971570717839374,2022-01-03,YES
922c81b2-d99a-4a7f-bf54-6ebd6f8305bd,PWR,NYSE,2021-01-04,2026-08-11,1404,1404,3,3,0.997867803837953,2022-01-03,YES
8d0809fc-f4f9-4ae6-bd21-ba1c115a3643,PWRL,NASDAQ,2026-05-27,2026-08-11,53,53,1354,1354,0.037668798862828715,,NO
0f1c3162-9d93-4ca4-bf90-f4933fa7a035,PXED,NYSE,2025-10-09,2026-08-11,210,210,1197,1197,0.14925373134328357,,NO
f6f7a369-2b4a-4b6c-a2dd-9f9bcdf8db9b,PXLW,NASDAQ,2021-01-04,2026-08-11,1407,1345,0,62,1.0,2022-01-03,YES
534949a2-8395-402e-a364-6889f3c83b18,PXS,NASDAQ,2021-01-04,2026-08-11,1320,1096,87,311,0.9381663113006397,2022-01-03,YES
6aee09a2-f730-4a26-b099-c0452a70d7ce,PYPD,NASDAQ,2021-01-04,2026-08-11,1306,895,101,512,0.9282160625444208,2022-01-03,YES
24cbba8c-831b-44e2-8503-dd0c2ed7af8f,PYPL,NASDAQ,2021-01-04,2026-08-11,1407,1407,0,0,1.0,2022-01-03,YES
0feb008f-5526-40f2-84c7-54b9370e8ea1,PYT,NYSE,2021-01-06,2026-08-11,1033,71,374,1336,0.7341862117981521,,NO
66d0e81c-8cd8-4ae5-92f5-52219df0ba08,PYXS,NASDAQ,2021-10-08,2026-08-11,1212,1183,195,224,0.8614072494669509,2022-10-10,YES
c1a2f048-48e4-44cb-a242-f0eec8585418,PZG,AMEX,2021-01-04,2026-08-11,1270,1068,137,339,0.9026297085998578,2022-01-05,YES
ae3c41ee-1a6e-4667-b350-a2349b6f18bf,PZZA,NASDAQ,2021-01-04,2026-08-11,1407,1407,0,0,1.0,2022-01-03,YES
f29e53f4-5072-4e11-82e8-8e50318031ab,Q,NYSE,2025-11-03,2026-08-11,193,193,1214,1214,0.13717128642501777,,NO
2b5f909f-722a-4c73-8193-eb29d6bea1d8,QADR,NASDAQ,2026-05-20,2026-08-11,57,5,1350,1402,0.04051172707889126,,NO
874fd311-b46a-42a4-b98e-e57ee1bff8d3,QBTS,NASDAQ,2021-01-04,2026-08-11,1334,1326,73,81,0.9481165600568585,2022-01-03,YES
fdee1652-fa43-4885-9d40-00695ff3f6f5,QCLS,NASDAQ,2021-01-04,2026-08-11,1394,1302,13,105,0.9907604832977968,2022-01-03,YES
39be1334-06b6-4df2-a2f1-b21b942628d0,QCOM,NASDAQ,2021-01-04,2026-08-11,1407,1407,0,0,1.0,2022-01-03,YES
dbbf498a-cac8-4e5f-8192-fccd450f4921,QCRH,NASDAQ,2021-01-04,2026-08-11,1406,1400,1,7,0.9992892679459844,2022-01-03,YES
5ee9ca32-800e-4ce5-aed7-d60ec3e1ed49,QDEL,NASDAQ,2021-01-04,2026-08-11,1407,1407,0,0,1.0,2022-01-03,YES
d4dfa29a-6091-4384-a962-b01831500296,QETA,NASDAQ,2023-11-30,2026-08-11,675,46,732,1361,0.47974413646055436,2026-01-16,YES
d3e3947f-336e-4677-9998-98144b4bcc25,QGEN,NYSE,2021-01-04,2026-08-11,1404,1404,3,3,0.997867803837953,2022-01-03,YES
b491ad8c-bf94-4845-ac37-b8732bff3762,QH,NASDAQ,2021-01-04,2026-08-11,1278,862,129,545,0.908315565031983,2022-01-03,YES
28a67e04-2248-4faa-aa97-158aa1722801,QLEP,NYSE,2026-06-25,2026-08-11,33,9,1374,1398,0.023454157782515993,,NO
502c4822-97ec-4ff7-a6b4-e74049fca872,QLYS,NASDAQ,2021-01-04,2026-08-11,1407,1406,0,1,1.0,2022-01-03,YES
92e98e1e-81c5-42a4-a6d0-ad673a170c5e,QMCO,NASDAQ,2021-01-04,2026-08-11,1407,1363,0,44,1.0,2022-01-03,YES
cb724a9c-8ce1-43c5-8bfc-3e9ca7aafc41,QMLS,NASDAQ,2026-07-16,2026-08-11,19,19,1388,1388,0.013503909026297086,,NO
f8556000-921e-451b-b301-f0e6b4653147,QNC,AMEX,2026-02-24,2026-08-11,117,116,1290,1291,0.08315565031982942,,NO
861b3115-2e18-4546-9af2-e85d58151e4c,QNCX,NASDAQ,2021-01-04,2026-08-11,1407,1331,0,76,1.0,2022-01-03,YES
15148ba9-5abf-4d6a-83e6-afa13be1847b,QNME,NASDAQ,2024-06-28,2026-08-11,531,308,876,1099,0.3773987206823028,2025-07-11,YES
7b2915d7-e828-41aa-86e0-66812efd8d1f,QNST,NASDAQ,2021-01-04,2026-08-11,1407,1407,0,0,1.0,2022-01-03,YES
ee21afc1-bc6f-420e-85c8-6bca7677c865,QNT,NASDAQ,2026-06-04,2026-08-11,47,47,1360,1360,0.033404406538734895,,NO
265f206a-3e68-42c3-8ded-47778d587bbc,QNTM,NASDAQ,2021-01-04,2026-08-11,1315,1075,92,332,0.9346126510305615,2022-01-03,YES
51ac4547-a483-498d-9a66-a5611ea749ac,QRED,NYSE,2026-05-11,2026-08-11,64,6,1343,1401,0.04548685145700071,,NO
eb88f68a-1f3f-434b-a2fc-eb8d2ee1b65a,QRHC,NASDAQ,2021-01-14,2026-08-11,1358,1247,49,160,0.9651741293532339,2022-01-13,YES
92ea9433-cf8d-432f-b04b-79cc81a905e6,QRVO,NASDAQ,2021-01-04,2026-08-11,1407,1407,0,0,1.0,2022-01-03,YES
41aa24f9-a58f-486e-9318-02d1427723e2,QS,NASDAQ,2021-01-04,2026-08-11,1404,1404,3,3,0.997867803837953,2022-01-03,YES
8f5001a4-daef-4e93-aae2-18dcc6e4a4c1,QSEA,NASDAQ,2025-05-13,2026-08-11,313,21,1094,1386,0.2224591329068941,2026-07-01,YES
7cd2431b-d0cc-4064-bba2-2dc109949d98,QSI,NASDAQ,2021-01-22,2026-08-11,1383,1383,24,24,0.9829424307036247,2022-01-21,YES
0a720620-4074-49a1-bc68-24874d348160,QSR,NYSE,2021-01-04,2026-08-11,1404,1404,3,3,0.997867803837953,2022-01-03,YES
1fbde590-3048-4176-9bcb-a683ed3db444,QTEX,NASDAQ,2021-07-14,2026-08-11,1248,1003,159,404,0.8869936034115139,2022-07-14,YES
6d9fa59f-8ffb-449a-b6ce-e0c283ba501f,QTI,NASDAQ,2024-03-05,2026-08-11,360,284,1047,1123,0.255863539445629,,NO
9338a610-7189-4389-a79e-6f5f479e86e5,QTRX,NASDAQ,2021-01-04,2026-08-11,1407,1407,0,0,1.0,2022-01-03,YES
7afcfa08-4193-469c-bc74-839744d8a932,QTTB,NASDAQ,2021-01-04,2026-08-11,1407,1383,0,24,1.0,2022-01-03,YES
afccb614-b728-4e61-bde5-e55bc321ec84,QTWO,NYSE,2021-01-04,2026-08-11,1404,1404,3,3,0.997867803837953,2022-01-03,YES
5764eaba-c17f-4ac1-bbcc-412adc05a83a,QUAD,NYSE,2021-01-04,2026-08-11,1404,1399,3,8,0.997867803837953,2022-01-03,YES
e2cded07-b2c4-4f28-8c57-ad6ca9927d94,QUBT,NASDAQ,2021-07-15,2026-08-11,1266,1254,141,153,0.8997867803837953,2022-07-15,YES
0364d14f-b200-4b22-95a7-cb7b98d29f29,QUCY,NASDAQ,2021-11-05,2026-08-11,1174,1011,233,396,0.8343994314143568,2022-11-11,YES
0b06bc1c-c480-432a-9be2-a57690c12ee2,QUIK,NASDAQ,2021-01-04,2026-08-11,1361,1259,46,148,0.9673063255152807,2022-01-03,YES
84c6f999-6e4e-4d6e-a23f-be6d3729944a,QUMS,NASDAQ,2025-10-03,2026-08-11,214,18,1193,1389,0.15209665955934612,,NO
418c3d5f-3ff8-4d03-aec3-7a683bddf8d5,QURE,NASDAQ,2021-01-04,2026-08-11,1407,1407,0,0,1.0,2022-01-03,YES
466d39ec-0320-49ac-9fcd-1947c2b1c9d5,QVCG,NASDAQ,2026-08-10,2026-08-11,2,2,1405,1405,0.0014214641080312722,,NO
51383d1b-db97-439c-a986-e61fd91eacda,QXL,NASDAQ,2025-06-05,2026-08-11,296,208,1111,1199,0.2103766879886283,2026-06-08,YES
5ff120be-9b7a-4367-b344-cf85ff3c5bc0,QXO,NYSE,2021-01-04,2026-08-11,1367,1125,40,282,0.9715707178393745,2022-01-03,YES
b40d7c44-e15b-4dcd-8f2f-e0494c6c3af9,R,NYSE,2021-01-04,2026-08-11,1404,1404,3,3,0.997867803837953,2022-01-03,YES
5c19eebe-0942-48d3-b19f-7a824055276a,RAC,NYSE,2025-04-21,2026-08-11,329,37,1078,1370,0.23383084577114427,,NO
a9e86d45-6aa3-4c06-aaa8-b90e77b3c851,RACC,NASDAQ,2026-05-20,2026-08-11,57,23,1350,1384,0.04051172707889126,,NO
45bda7b9-849d-4922-84cd-04f1a9b5ce9c,RACD,NASDAQ,2026-07-13,2026-08-11,22,3,1385,1404,0.015636105188343994,,NO
3705f91a-d9d3-49b5-9a29-3dc1143324c1,RACE,NYSE,2021-01-04,2026-08-11,1404,1404,3,3,0.997867803837953,2022-01-03,YES
32f05938-81db-43eb-a301-0cfa0e553a8a,RAIL,NASDAQ,2021-01-04,2026-08-11,1407,1215,0,192,1.0,2022-01-03,YES
f4d4c54b-1cef-4518-aae0-cc9229dc9021,RAIN,NASDAQ,2021-04-23,2026-08-11,1326,907,81,500,0.9424307036247335,2022-04-22,YES
48ba402f-1e4d-441b-bc0a-567219c2165c,RAL,NYSE,2025-06-30,2026-08-11,281,281,1126,1126,0.19971570717839374,2026-07-01,YES
35ec4cb7-f557-47e7-b1c4-f6baee27de3e,RAMP,NYSE,2021-01-04,2026-08-11,1404,1404,3,3,0.997867803837953,2022-01-03,YES
43880ac2-fd40-4904-9533-b5c054b05088,RAND,NASDAQ,2021-01-05,2026-08-11,1071,179,336,1228,0.7611940298507462,2022-04-11,YES
537f5256-6830-40d0-840c-979c86f622c9,RANG,NASDAQ,2025-01-15,2026-08-11,394,28,1013,1379,0.28002842928216065,,NO
12e5ec65-9356-4c0f-842e-f05b79ccb965,RANI,NASDAQ,2021-07-30,2026-08-11,1256,1203,151,204,0.892679459843639,2022-08-01,YES
b2acbe04-a596-4825-82e0-ed321dca5528,RAPP,NASDAQ,2024-06-07,2026-08-11,545,544,862,863,0.38734896943852165,2025-06-11,YES
dbfe9fe7-b5af-4458-8346-5ff1040635e5,RARE,NASDAQ,2021-01-04,2026-08-11,1407,1407,0,0,1.0,2022-01-03,YES
f830275e-e0a2-43b6-a03b-3c8a0206fc50,RAVE,NASDAQ,2021-01-05,2026-08-11,1288,917,119,490,0.9154228855721394,2022-01-05,YES
26880b3e-5cbe-419f-af89-710d9da9579a,RAY,NASDAQ,2024-05-15,2026-08-11,561,418,846,989,0.39872068230277186,2025-05-19,YES
2198644e-b4a2-4730-98f8-36ae54014711,RAYA,NASDAQ,2022-12-14,2026-08-11,916,469,491,938,0.6510305614783227,2023-12-15,YES
a21642b0-d1d5-4c81-8ed7-ae121c9fa729,RBA,NYSE,2021-01-04,2026-08-11,1404,1404,3,3,0.997867803837953,2022-01-03,YES
bfa7b3db-6801-4fe4-8b55-3c845afd1017,RBB,NASDAQ,2021-01-04,2026-08-11,1394,1354,13,53,0.9907604832977968,2022-01-03,YES
51c5e7a9-695b-4aa5-923d-7aeec54baa09,RBBN,NASDAQ,2021-01-04,2026-08-11,1407,1407,0,0,1.0,2022-01-03,YES
fd7c2592-a035-49ed-a875-c00d31a36478,RBC,NYSE,2021-01-04,2026-08-11,1407,1406,0,1,1.0,2022-01-03,YES
fc09b5a0-a9ca-4fdf-86b3-f136d5bd608d,RBCAA,NASDAQ,2021-01-04,2026-08-11,1396,1036,11,371,0.992181947405828,2022-01-03,YES
487922b7-269a-4c26-b76b-dcc39395146a,RBKB,NASDAQ,2021-01-04,2026-08-11,1090,325,317,1082,0.7746979388770433,2022-01-03,YES
550823f6-8d6f-4a45-91e3-d55ea3f98bb7,RBLX,NYSE,2021-03-10,2026-08-11,1359,1359,48,48,0.9658848614072495,2022-03-09,YES
30aeefb6-26cd-4c1e-960a-12bb93a48926,RBNE,NASDAQ,2025-04-14,2026-08-11,333,301,1074,1106,0.23667377398720682,2026-04-16,YES
5f06e772-31c8-4234-a198-015d6f53e9f8,RBRK,NYSE,2024-04-25,2026-08-11,575,575,832,832,0.40867093105899077,2025-04-29,YES
799bd26e-c03e-49a2-abfe-2d9fdf590867,RC,NYSE,2021-01-04,2026-08-11,1404,1404,3,3,0.997867803837953,2022-01-03,YES
1f077c67-4e9d-48cd-855f-c29ae0d0a1e5,RCAT,NASDAQ,2021-05-03,2026-08-11,1323,1251,84,156,0.9402985074626866,2022-05-02,YES
0d44eb3e-fb71-4525-baba-ab9df461128c,RCBC,NASDAQ,2026-08-06,2026-08-11,4,4,1403,1403,0.0028429282160625444,,NO
5bbd4d55-26ac-42d7-8cd6-146b35c8ce6f,RCEL,NASDAQ,2021-01-04,2026-08-11,1407,1407,0,0,1.0,2022-01-03,YES
b5279204-1533-4dac-9492-0f35d6aaa5c6,RCI,NYSE,2021-01-04,2026-08-11,1404,1404,3,3,0.997867803837953,2022-01-03,YES
f66dffbd-c72d-443c-9386-d2f3f48d10f0,RCKT,NASDAQ,2021-01-04,2026-08-11,1407,1407,0,0,1.0,2022-01-03,YES
5704cfd2-fe51-44c3-9d8c-8be4fecdd032,RCKY,NASDAQ,2021-01-04,2026-08-11,1406,1334,1,73,0.9992892679459844,2022-01-03,YES
b4ef8484-77d0-42d9-97a5-d67948cbb979,RCL,NYSE,2021-01-04,2026-08-11,1404,1404,3,3,0.997867803837953,2022-01-03,YES
18a90d45-8c76-40ae-b115-c7463eb50c93,RCMT,NASDAQ,2021-01-04,2026-08-11,1395,1354,12,53,0.9914712153518124,2022-01-03,YES
631a1682-ecbb-4a01-ad5d-277d0d924614,RCON,NASDAQ,2021-01-04,2026-08-11,1394,981,13,426,0.9907604832977968,2022-01-03,YES
177cb55f-c93d-4fdc-90c2-1c335d0fd4ad,RCT,NASDAQ,2025-03-21,2026-08-11,349,308,1058,1099,0.248045486851457,2026-03-24,YES
01430762-cf8d-47da-a9df-e090483dfe46,RCUS,NYSE,2021-01-04,2026-08-11,1404,1404,3,3,0.997867803837953,2022-01-03,YES
f7256bc0-1d0d-4aa4-ba66-142e8eb5f42a,RDAC,NASDAQ,2024-12-06,2026-08-11,419,48,988,1359,0.2977967306325515,2026-01-13,YES
a48fc397-2334-4932-be23-85bfe3f14e76,RDAG,NASDAQ,2025-06-27,2026-08-11,282,48,1125,1359,0.20042643923240938,2026-07-21,YES
97dc0715-82cb-4191-bfe3-4c2cbfcbda3f,RDCM,NASDAQ,2021-01-04,2026-08-11,1227,989,180,418,0.8720682302771855,2022-01-04,YES
6f35d70d-d7cb-48ce-8d2e-be0c7775228e,RDDT,NYSE,2024-03-21,2026-08-11,599,599,808,808,0.425728500355366,2025-03-25,YES
02e82e7c-10c8-4673-b7b6-96c4180d7080,RDGT,NASDAQ,2021-01-05,2026-08-11,1302,860,105,547,0.9253731343283582,2022-01-04,YES
61de7651-8774-46a9-ba7e-d049fa5afb57,RDI,NASDAQ,2021-01-04,2026-08-11,1362,946,45,461,0.9680170575692963,2022-01-03,YES
5943b88a-35ec-49c0-af78-7124168c2718,RDIB,NASDAQ,2021-05-14,2026-08-11,1154,320,253,1087,0.820184790334044,2022-05-16,YES
1f04af8c-6243-4233-b67f-fd966f470257,RDN,NYSE,2021-01-04,2026-08-11,1404,1404,3,3,0.997867803837953,2022-01-03,YES
d55d73b4-b7eb-42a2-a938-e6f8c96848de,RDNT,NASDAQ,2021-01-04,2026-08-11,1407,1407,0,0,1.0,2022-01-03,YES
0e794b1c-a4a5-4937-be03-74c56b4d2208,RDNW,NASDAQ,2021-01-04,2026-08-11,1402,1396,5,11,0.9964463397299218,2022-01-03,YES
1df483fc-a556-4bc6-be8c-b29e57938bb9,RDVT,NASDAQ,2021-01-04,2026-08-11,1394,1297,13,110,0.9907604832977968,2022-01-03,YES
edecb586-9fd1-481a-af2e-fe2d40d8bd41,RDW,NYSE,2021-01-15,2026-08-11,1387,1382,20,25,0.9857853589196873,2022-01-14,YES
4b0df171-08ea-4228-9554-b0e7f6921fb4,RDWR,NASDAQ,2021-01-04,2026-08-11,1407,1407,0,0,1.0,2022-01-03,YES
71c62502-d939-4a89-85f2-f7c3c0e5f725,RDZN,NASDAQ,2022-02-01,2026-08-11,1041,742,366,665,0.7398720682302772,2023-06-13,YES
b13dadac-3c7e-4a60-9602-2caed7892bfc,REA,AMEX,2026-05-06,2026-08-11,67,67,1340,1340,0.047619047619047616,,NO
74667d96-0140-4c8d-b4ba-3fa14c0c7c6b,REAL,NASDAQ,2021-01-04,2026-08-11,1407,1407,0,0,1.0,2022-01-03,YES
5a971443-46bb-401d-83a2-1d8302919c12,REAX,NASDAQ,2021-06-15,2026-08-11,1247,1195,160,212,0.8862828713574982,2022-06-14,YES
ee5f0de2-67d1-4b9c-8776-5603d650aec7,REBN,NASDAQ,2022-08-12,2026-08-11,1002,728,405,679,0.7121535181236673,2023-08-16,YES
fe47d308-acd1-484e-a1bf-95cb73e8625d,RECT,NASDAQ,2024-06-24,2026-08-11,535,122,872,1285,0.3802416488983653,2025-06-30,YES
a80f01c3-ada3-4a1f-b67b-22261a7224b3,REED,AMEX,2025-12-05,2026-08-11,170,100,1237,1307,0.12082444918265814,,NO
5ae3a9a1-0eb3-4c1c-b6d5-878c5b2b0832,REF,NYSE,2026-07-30,2026-08-11,9,9,1398,1398,0.006396588486140725,,NO
7c74f0f3-7882-45e3-8357-c38e6856e912,REFI,NASDAQ,2021-12-08,2026-08-11,1172,1147,235,260,0.8329779673063256,2022-12-08,YES
60ab3727-167d-49a9-8fee-969e686b4238,REFR,NASDAQ,2021-01-04,2026-08-11,1330,935,77,472,0.945273631840796,2022-01-03,YES
9809045e-45f8-4222-9fe3-b2bf437dd1bc,REG,NASDAQ,2021-01-04,2026-08-11,1407,1407,0,0,1.0,2022-01-03,YES
5098a4d2-0917-4184-862c-17dbefde2ed4,REGN,NASDAQ,2021-01-04,2026-08-11,1407,1407,0,0,1.0,2022-01-03,YES
83a619eb-9c50-4c6c-9980-3d527570070b,REI,AMEX,2021-01-04,2026-08-11,1407,1407,0,0,1.0,2022-01-03,YES
429aabea-21b7-4af0-ba44-fbaaf4655e26,REKR,NASDAQ,2021-01-04,2026-08-11,1407,1404,0,3,1.0,2022-01-03,YES
34279c7b-8447-4e73-8980-0018951c084f,RELL,NASDAQ,2021-01-04,2026-08-11,1382,1371,25,36,0.9822316986496091,2022-01-03,YES
7fb7f80e-832b-4ef3-a37d-e642ba47c26d,RELX,NYSE,2021-01-04,2026-08-11,1404,1404,3,3,0.997867803837953,2022-01-03,YES
1b42ecdb-e60d-46fa-938a-ad1b499ef10b,RELY,NASDAQ,2021-09-23,2026-08-11,1225,1225,182,182,0.8706467661691543,2022-09-23,YES
38c774c1-da2e-4736-8225-3a457afb03e8,RENT,NASDAQ,2021-10-27,2026-08-11,1201,1147,206,260,0.853589196872779,2022-10-27,YES
e17a34d9-f6c6-4b08-8f33-4634d595c65a,RENX,NASDAQ,2023-09-20,2026-08-11,725,603,682,804,0.5152807391613362,2024-09-20,YES
c1f64fbb-7768-4402-a72a-f1d20b44fd2b,REPL,NASDAQ,2021-01-04,2026-08-11,1407,1406,0,1,1.0,2022-01-03,YES
cfe11c5c-1097-4b31-a912-12361a5c6510,REPX,AMEX,2021-01-05,2026-08-11,1391,1378,16,29,0.9886282871357498,2022-01-04,YES
859e59a5-f574-43e6-99dc-00210ddd54b6,RES,NYSE,2021-01-04,2026-08-11,1404,1404,3,3,0.997867803837953,2022-01-03,YES
4204bd76-082e-4c8c-acc8-ccffa520d2c4,RETO,NASDAQ,2021-01-04,2026-08-11,1300,850,107,557,0.923951670220327,2022-01-03,YES
ad8f7952-0cc4-4250-a6e4-61a023ecd8c1,REVB,NASDAQ,2021-01-07,2026-08-11,1190,967,217,440,0.845771144278607,2022-02-03,YES
4fe8efbd-4335-4663-ab1d-d5bd45c2d4f7,REX,NYSE,2021-01-04,2026-08-11,1357,1356,50,51,0.9644633972992182,2022-01-03,YES
4f6154f7-e54f-46f0-a024-74118638d2ed,REXR,NYSE,2021-01-04,2026-08-11,1404,1404,3,3,0.997867803837953,2022-01-03,YES
e5a95d71-e3e5-4bbc-bc8b-4dcd73a10e3c,REYN,NASDAQ,2021-01-04,2026-08-11,1407,1407,0,0,1.0,2022-01-03,YES
040f979e-8a8f-42ac-893d-c5481b6dadca,REZI,NYSE,2021-01-04,2026-08-11,1404,1404,3,3,0.997867803837953,2022-01-03,YES
19abae8d-4f7b-402f-8d36-6418b3c79544,RF,NYSE,2021-01-04,2026-08-11,1404,1404,3,3,0.997867803837953,2022-01-03,YES
f390536c-5985-4677-ba4a-4cf2bdc1a9ee,RFAI,NASDAQ,2024-07-05,2026-08-11,527,48,880,1359,0.3745557924662402,2025-10-22,YES
cf955fa1-eaa4-43c7-b97e-09ccfca9aafa,RFAM,NASDAQ,2026-02-26,2026-08-11,115,7,1292,1400,0.08173418621179815,,NO
e21bfee0-3dbd-4445-896e-35585bb2ab76,RFIL,NASDAQ,2021-01-04,2026-08-11,1255,774,152,633,0.8919687277896233,2022-01-03,YES
86b890d1-707e-4039-b04c-868d15ac076e,RFL,NYSE,2021-01-04,2026-08-11,1399,1075,8,332,0.994314143567875,2022-01-03,YES
c8080211-c76d-4e45-b62a-9d1ccb282c7f,RGA,NYSE,2021-01-04,2026-08-11,1404,1404,3,3,0.997867803837953,2022-01-03,YES
a0639fd2-9a07-485a-901f-1ae12aa59d8f,RGCO,NASDAQ,2021-01-04,2026-08-11,1277,829,130,578,0.9076048329779673,2022-01-03,YES
93459428-ff91-4928-a9a8-befde317be7d,RGEN,NASDAQ,2021-01-04,2026-08-11,1407,1407,0,0,1.0,2022-01-03,YES
957950bd-72e3-4cef-8ad9-5a0c22422c46,RGLD,NASDAQ,2021-01-04,2026-08-11,1407,1407,0,0,1.0,2022-01-03,YES
6a638387-e42d-4254-b87b-d6b1c6e9c502,RGNT,AMEX,2025-12-04,2026-08-11,171,88,1236,1319,0.12153518123667377,,NO
3dc3be0e-4280-446d-8fbc-db9e75c2472b,RGNX,NASDAQ,2021-01-04,2026-08-11,1407,1407,0,0,1.0,2022-01-03,YES
4c8be5b3-d499-4a74-8d61-a9442a566c60,RGP,NASDAQ,2021-01-04,2026-08-11,1407,1407,0,0,1.0,2022-01-03,YES
acdc3c3f-5ab5-46d7-af9b-ef0578ab1a51,RGR,NYSE,2021-01-04,2026-08-11,1404,1404,3,3,0.997867803837953,2022-01-03,YES
bd4b253b-b099-4ac7-bfd5-99463d13027f,RGS,NASDAQ,2021-01-04,2026-08-11,1404,1116,3,291,0.997867803837953,2022-01-03,YES
96f02726-cdd4-4333-b56a-b3e1bfbb26d9,RGTI,NASDAQ,2021-05-04,2026-08-11,1240,1240,167,167,0.8813077469793887,2022-05-03,YES
b778d852-6408-436f-8b70-8e54fda1f5bb,RH,NYSE,2021-01-04,2026-08-11,1404,1404,3,3,0.997867803837953,2022-01-03,YES
6431ab56-4841-415d-9a71-2d0e19b940a9,RHI,NYSE,2021-01-04,2026-08-11,1404,1404,3,3,0.997867803837953,2022-01-03,YES
568899f8-3817-41c8-8ec8-c7f542635637,RHLD,NYSE,2025-02-28,2026-08-11,364,345,1043,1062,0.25870646766169153,2026-03-03,YES
5c186d57-e0d9-4550-a723-fb06274633f7,RHP,NYSE,2021-01-04,2026-08-11,1404,1404,3,3,0.997867803837953,2022-01-03,YES
6fb3bc1e-a0c9-471c-98d1-c9694c797a76,RIBB,NASDAQ,2025-03-13,2026-08-11,355,16,1052,1391,0.2523098791755508,,NO
b735c153-1fdb-4a6b-8940-87051c40f549,RICK,NASDAQ,2021-01-04,2026-08-11,1406,1381,1,26,0.9992892679459844,2022-01-03,YES
9c66fec6-a784-46a0-b154-72f32c8a9798,RIG,NYSE,2021-01-04,2026-08-11,1404,1404,3,3,0.997867803837953,2022-01-03,YES
966b4905-aa8b-4d9b-9096-d70c8997eabc,RIGL,NASDAQ,2021-01-04,2026-08-11,1407,1406,0,1,1.0,2022-01-03,YES
71f8c632-2790-4c74-b0b6-0d4657829028,RILY,NASDAQ,2021-01-04,2026-08-11,1407,1407,0,0,1.0,2022-01-03,YES
2853e44a-9179-4a22-81ff-4dbde2663088,RIME,NASDAQ,2022-05-24,2026-08-11,1052,764,355,643,0.7476901208244492,2023-06-02,YES
cd39ef11-b2f3-4b65-a655-a067e717fd6a,RIO,NYSE,2021-01-04,2026-08-11,1404,1404,3,3,0.997867803837953,2022-01-03,YES
a2066a09-3c46-4b9c-969a-0a8c62c38080,RIOT,NASDAQ,2021-01-04,2026-08-11,1407,1407,0,0,1.0,2022-01-03,YES
11921055-9b99-42ad-bb61-b632f0db4b8d,RITM,NYSE,2021-01-04,2026-08-11,1404,1404,3,3,0.997867803837953,2022-01-03,YES
2a0d4c81-26df-4090-b68c-cc2e1ef6ba51,RITR,NASDAQ,2024-08-23,2026-08-11,492,432,915,975,0.34968017057569295,2025-08-27,YES
f1aaf4b2-9bc5-43ea-b56d-4341a680b775,RIVN,NASDAQ,2021-11-10,2026-08-11,1191,1191,216,216,0.8464818763326226,2022-11-10,YES
4aef0e0d-3454-4794-a54f-e67353f048d2,RJET,NASDAQ,2021-01-04,2026-08-11,1407,1350,0,57,1.0,2022-01-03,YES
713c63c2-aa51-449b-bc1d-cb5ef9a7d4ff,RJF,NYSE,2021-01-04,2026-08-11,1404,1404,3,3,0.997867803837953,2022-01-03,YES
a37ad719-26d4-45b2-a24e-e331f0f1ebd5,RKDA,NASDAQ,2021-01-04,2026-08-11,1387,933,20,474,0.9857853589196873,2022-01-03,YES
91cee411-1675-48eb-a902-45c8c152f2a1,RKLB,NASDAQ,2021-01-04,2026-08-11,1402,1402,5,5,0.9964463397299218,2022-01-03,YES
ef398141-5d27-40b3-bfe0-fa7e7ddaefbb,RKT,NYSE,2021-01-04,2026-08-11,1404,1404,3,3,0.997867803837953,2022-01-03,YES
c04f1162-e913-45cd-8190-ba7e15f3f36c,RKTO,NASDAQ,2021-01-04,2026-08-11,1353,1136,54,271,0.9616204690831557,2022-01-05,YES
fbb8f455-52fc-4b2e-850e-ee30fe76f494,RL,NYSE,2021-01-04,2026-08-11,1404,1404,3,3,0.997867803837953,2022-01-03,YES
5580841c-1413-4e23-a7f1-a7ad63a67cb2,RLAY,NASDAQ,2021-01-04,2026-08-11,1407,1407,0,0,1.0,2022-01-03,YES
01397f44-86f6-4ad9-b1ae-89be8f75aa98,RLGT,AMEX,2021-01-04,2026-08-11,1407,1405,0,2,1.0,2022-01-03,YES
8c8ef5ca-52c4-4809-8df1-2a65cc524688,RLI,NYSE,2021-01-04,2026-08-11,1404,1404,3,3,0.997867803837953,2022-01-03,YES
42135f2b-39b3-4b22-b3e5-2a4bc8a53904,RLMD,NASDAQ,2021-01-04,2026-08-11,1407,1393,0,14,1.0,2022-01-03,YES
62e97f1e-4a8b-40ae-bc83-6613627e2a37,RLYB,NASDAQ,2021-07-29,2026-08-11,1263,1184,144,223,0.8976545842217484,2022-07-29,YES
6da5bfe5-b4bf-4a39-811e-7a4ea006d3b1,RM,NYSE,2021-01-04,2026-08-11,1400,1319,7,88,0.9950248756218906,2022-01-03,YES
c4439897-db4e-48e3-aacd-0ef3e5e063d5,RMAX,NYSE,2021-01-04,2026-08-11,1404,1400,3,7,0.997867803837953,2022-01-03,YES
5ace6b0d-14ef-49ba-a458-8e29cc993b37,RMBI,NASDAQ,2021-01-04,2026-08-11,1297,993,110,414,0.92181947405828,2022-01-03,YES
8587f17d-56fd-4d45-a3bf-5265710bdcce,RMBS,NASDAQ,2021-01-04,2026-08-11,1407,1407,0,0,1.0,2022-01-03,YES
f7f82e2c-08d8-40a6-b79a-19f3bed87394,RMCF,NASDAQ,2021-01-04,2026-08-11,1231,759,176,648,0.8749111584932481,2022-01-03,YES
a516b41a-c955-489f-aa3a-e3bad09c6a0f,RMCO,NASDAQ,2023-10-16,2026-08-11,707,401,700,1006,0.5024875621890548,2024-10-28,YES
ee55892a-1ff0-4ede-87e4-ad5aa5998044,RMD,NYSE,2021-01-04,2026-08-11,1404,1404,3,3,0.997867803837953,2022-01-03,YES
7bab20c4-13a9-4077-a21b-98fcb5c89937,RMIX,NASDAQ,2023-09-19,2026-08-11,726,198,681,1209,0.5159914712153518,2024-09-19,YES
b0d84f4a-9820-4672-9d2b-f0b76524e7af,RMNI,NASDAQ,2021-01-04,2026-08-11,1407,1406,0,1,1.0,2022-01-03,YES
9584d17b-3908-4504-bb41-c69c2991cc35,RMR,NASDAQ,2021-01-04,2026-08-11,1406,1400,1,7,0.9992892679459844,2022-01-03,YES
ae33ce5b-c20f-40a0-9f64-9e499f0af51d,RMSG,NASDAQ,2021-10-06,2026-08-11,1019,336,388,1071,0.7242359630419332,2022-11-01,YES
d35b1438-60c6-4f73-b80d-c3733fd9821f,RMTI,NASDAQ,2021-01-04,2026-08-11,1383,1293,24,114,0.9829424307036247,2022-01-03,YES
e9115325-2ca4-4e90-a8a9-a356065b97cf,RNA,NASDAQ,2021-01-04,2026-08-11,1407,1406,0,1,1.0,2022-01-03,YES
412960c3-0b79-4d8e-914c-f5f1e74e7197,RNAC,NASDAQ,2021-01-04,2026-08-11,1407,1396,0,11,1.0,2022-01-03,YES
85a3fb22-c316-4f45-b50e-6ac8c06474c6,RNAZ,NASDAQ,2021-07-09,2026-08-11,1195,889,212,518,0.8493248045486852,2022-07-13,YES
f19b19e9-fbd0-4d8e-b8cc-fdd500809cba,RNG,NYSE,2021-01-04,2026-08-11,1404,1404,3,3,0.997867803837953,2022-01-03,YES
5d3f678d-66bf-4ef2-9db0-c77c2936389e,RNGR,NYSE,2021-01-04,2026-08-11,1237,1209,170,198,0.8791755508173419,2022-01-04,YES
9737b6ed-8ad4-4f04-b70a-e00bcd0e550f,RNGT,NASDAQ,2025-12-01,2026-08-11,174,20,1233,1387,0.12366737739872068,,NO
8bd8f687-67c0-47f6-b1b5-c815339f9c35,RNR,NYSE,2021-01-04,2026-08-11,1404,1404,3,3,0.997867803837953,2022-01-03,YES
f38f9d41-ef5c-46c0-a395-cb28e447d9ca,RNST,NYSE,2021-01-04,2026-08-11,1407,1407,0,0,1.0,2022-01-03,YES
5685d727-79bb-460c-a0ab-2e876d58a60d,RNTX,NASDAQ,2021-01-04,2026-08-11,1377,1141,30,266,0.9786780383795309,2022-01-03,YES
018243f0-c62d-48a4-9e7a-0eb5b5c540cf,RNW,NASDAQ,2021-02-02,2026-08-11,1384,1384,23,23,0.9836531627576404,2022-02-01,YES
26431162-9b9b-411f-a5f1-a649abc5e8b0,RNXT,NASDAQ,2021-08-26,2026-08-11,1177,917,230,490,0.8365316275764036,2022-08-31,YES
959edaa6-32f6-4a1a-b3da-d739bdca32f1,ROAD,NASDAQ,2021-01-04,2026-08-11,1407,1407,0,0,1.0,2022-01-03,YES
d81734e9-2391-44ac-bf10-0f61b4219f15,ROC,NASDAQ,2021-12-30,2026-08-11,373,171,1034,1236,0.26510305614783225,2023-01-30,YES
e5f52bad-580e-49a2-88c0-6e110aec8e7b,ROCK,NASDAQ,2021-01-04,2026-08-11,1407,1407,0,0,1.0,2022-01-03,YES
3d66f4e9-b73b-4e60-b982-83f73f69d93d,ROG,NYSE,2021-01-04,2026-08-11,1404,1403,3,4,0.997867803837953,2022-01-03,YES
553f917f-9dd3-4cd1-bd6e-652118d0b077,ROIV,NASDAQ,2021-01-05,2026-08-11,1369,1369,38,38,0.9729921819474058,2022-01-04,YES
4039d327-5ab5-4040-8920-b23ab2e669b2,ROK,NYSE,2021-01-04,2026-08-11,1404,1404,3,3,0.997867803837953,2022-01-03,YES
c527d9ac-b902-4dca-89c1-b6735e7460de,ROKU,NASDAQ,2021-01-04,2026-08-11,1407,1407,0,0,1.0,2022-01-03,YES
4cbd2a17-105f-470d-b690-1e58aa0ce908,ROL,NYSE,2021-01-04,2026-08-11,1404,1404,3,3,0.997867803837953,2022-01-03,YES
58a5c8e9-b397-4da4-b954-8d5c21a2553a,ROLR,AMEX,2024-10-23,2026-08-11,450,305,957,1102,0.31982942430703626,2025-10-27,YES
5a0bcd08-3769-4a25-ab81-42cc5c433ca1,ROMA,NASDAQ,2024-01-09,2026-08-11,649,431,758,976,0.4612651030561478,2025-01-10,YES
44b8f26a-ec8e-4919-a2f5-3b9216184647,ROOT,NASDAQ,2021-01-04,2026-08-11,1407,1403,0,4,1.0,2022-01-03,YES
23e965be-de5f-44cd-8e2c-b4fbbea0ec9c,ROP,NASDAQ,2021-01-04,2026-08-11,1404,1404,3,3,0.997867803837953,2022-01-03,YES
adcce409-1666-4ceb-89fa-ecbb458c18ea,ROST,NASDAQ,2021-01-04,2026-08-11,1407,1407,0,0,1.0,2022-01-03,YES
a564440c-2468-495e-b1a0-73462f4fbf29,RPAY,NASDAQ,2021-01-04,2026-08-11,1407,1407,0,0,1.0,2022-01-03,YES
ae72de68-ad7b-421a-bdf3-3fd8801753f2,RPC,NYSE,2021-10-21,2026-08-11,1203,1203,204,204,0.8550106609808102,2022-10-21,YES
942d9a75-be72-4548-86ce-2198d23d8206,RPD,NASDAQ,2021-01-04,2026-08-11,1407,1407,0,0,1.0,2022-01-03,YES
c787f866-87de-499f-b1f4-efba37d3071a,RPGL,NASDAQ,2025-10-14,2026-08-11,207,200,1200,1207,0.14712153518123666,,NO
8ddb6148-678d-4ab2-85b7-19e0ff20367b,RPID,NASDAQ,2021-07-15,2026-08-11,1274,1094,133,313,0.9054726368159204,2022-07-15,YES
4609f4c7-14d4-451f-aff6-fb1e2ce46138,RPM,NYSE,2021-01-04,2026-08-11,1404,1404,3,3,0.997867803837953,2022-01-03,YES
feada6fc-363b-4065-bd11-210e8d66e432,RPRX,NASDAQ,2021-01-04,2026-08-11,1407,1407,0,0,1.0,2022-01-03,YES
79543847-a5ab-4cbf-b9f7-4072a3e84b0d,RR,NASDAQ,2023-11-17,2026-08-11,683,666,724,741,0.48542999289267946,2024-11-19,YES
564b271f-4d30-4246-845f-879e13956e27,RRBI,NASDAQ,2021-01-04,2026-08-11,1205,658,202,749,0.8564321250888415,2022-01-03,YES
77365ee7-3bd7-4eba-abff-252633d2c5ad,RRC,NYSE,2021-01-04,2026-08-11,1404,1404,3,3,0.997867803837953,2022-01-03,YES
49763843-e1e8-46e3-afe1-e9ac7136b986,RREV,NASDAQ,2026-05-28,2026-08-11,52,5,1355,1402,0.03695806680881308,,NO
dc1dd66f-31ba-4c68-895c-12404b461400,RRGB,NASDAQ,2021-01-04,2026-08-11,1407,1407,0,0,1.0,2022-01-03,YES
fa586550-6994-445a-9fad-04ff448e0410,RRR,NASDAQ,2021-01-04,2026-08-11,1407,1407,0,0,1.0,2022-01-03,YES
ddfacc31-3cac-43cb-8bb7-d4ba26c064f4,RRX,NYSE,2021-01-04,2026-08-11,1404,1404,3,3,0.997867803837953,2022-01-03,YES
d366063e-1e17-43eb-ae6d-a27507761f60,RS,NYSE,2021-01-04,2026-08-11,1404,1404,3,3,0.997867803837953,2022-01-03,YES
f250c025-bde8-4113-9e27-04cd1c889037,RSG,NYSE,2021-01-04,2026-08-11,1404,1404,3,3,0.997867803837953,2022-01-03,YES
7c5f9f5e-cca5-46df-8a49-247ba15d566d,RSI,NYSE,2021-01-04,2026-08-11,1404,1404,3,3,0.997867803837953,2022-01-03,YES
afa87473-a7b1-4660-8cac-5e8d4ff29135,RSKD,NYSE,2021-07-29,2026-08-11,1262,1262,145,145,0.8969438521677328,2022-07-29,YES
30441889-b775-46d3-a879-cef3c1bcc92c,RSSS,NASDAQ,2021-01-04,2026-08-11,1240,948,167,459,0.8813077469793887,2022-01-03,YES
0a392c32-70f4-4321-83c0-87576c26ccc4,RSVR,NASDAQ,2021-01-06,2026-08-11,1390,1344,17,63,0.9879175550817342,2022-01-05,YES
e863471d-fbde-4740-a5c2-8fa7d82d6fa6,RTAC,NASDAQ,2025-06-09,2026-08-11,295,290,1112,1117,0.20966595593461265,2026-06-10,YES
6d8da47d-4fcb-4439-a2bb-f5a849bcf661,RTB,NASDAQ,2021-02-17,2026-08-11,1376,1204,31,203,0.9779673063255153,2022-02-15,YES
4d8f7f83-d998-4839-9134-38473cd13123,RTX,NYSE,2021-01-04,2026-08-11,1404,1404,3,3,0.997867803837953,2022-01-03,YES
4f38f0a6-4fb3-44fb-8b00-1e9e1f3c6cee,RUBI,NASDAQ,2025-08-04,2026-08-11,257,220,1150,1187,0.18265813788201848,2026-08-06,YES
10c85dec-261b-4d76-b551-5ef39bac5aa2,RUM,NASDAQ,2021-04-14,2026-08-11,1213,1213,194,194,0.8621179815209666,2022-04-12,YES
048ba86b-80d4-4f2a-8b4a-34af6dc9615d,RUN,NASDAQ,2021-01-04,2026-08-11,1407,1407,0,0,1.0,2022-01-03,YES
dd7d99b1-2391-47c9-ad03-9d4175039252,RUSHA,NASDAQ,2021-01-04,2026-08-11,1407,1407,0,0,1.0,2022-01-03,YES
4a92c981-783a-4737-8984-4cf14d47be8a,RUSHB,NASDAQ,2021-01-13,2026-08-11,1293,982,114,425,0.9189765458422174,2022-01-12,YES
13083962-9a25-45f4-b4de-d5b879168036,RVLV,NYSE,2021-01-04,2026-08-11,1404,1404,3,3,0.997867803837953,2022-01-03,YES
fdb90078-bb65-4a2f-9f01-dc1a2e2ae2cd,RVMD,NASDAQ,2021-01-04,2026-08-11,1407,1407,0,0,1.0,2022-01-03,YES
23286439-79cf-44a3-915f-4b5c47601c37,RVP,AMEX,2021-01-04,2026-08-11,1407,1057,0,350,1.0,2022-01-03,YES
aaf1a563-ca1d-4882-b892-bc17a3bf3ae7,RVSB,NASDAQ,2021-01-04,2026-08-11,1371,1223,36,184,0.9744136460554371,2022-01-03,YES
5b9051f9-3507-43fe-87be-8d89f6cc4ffc,RVSN,NASDAQ,2022-03-31,2026-08-11,1075,884,332,523,0.7640369580668088,2023-04-04,YES
dbb3a9dd-553a-46f2-a0cf-c53116e4c85a,RVTY,NYSE,2021-01-04,2026-08-11,1403,1402,4,5,0.9971570717839374,2022-01-03,YES
deee59a0-7041-4750-907f-ce687c6c6d27,RWAY,NASDAQ,2021-10-21,2026-08-11,1205,1201,202,206,0.8564321250888415,2022-10-21,YES
0089b577-04b4-465b-b6de-f0243452e796,RXO,NYSE,2022-11-01,2026-08-11,946,946,461,461,0.6723525230987918,2023-11-02,YES
b7918d89-17c9-4e28-870d-aa3d921a6cb7,RXRX,NASDAQ,2021-04-16,2026-08-11,1336,1336,71,71,0.9495380241648899,2022-04-14,YES
dc77a6d9-3d4e-4662-b08e-acac68cf7271,RXST,NASDAQ,2021-07-30,2026-08-11,1261,1257,146,150,0.8962331201137171,2022-08-01,YES
b9b50652-2a2b-44f1-9be6-28be916f6102,RXT,NASDAQ,2021-01-04,2026-08-11,1407,1407,0,0,1.0,2022-01-03,YES
dc9fe0ac-b777-4c11-a69c-e0f9e989587d,RY,NYSE,2021-01-04,2026-08-11,1404,1404,3,3,0.997867803837953,2022-01-03,YES
14835ce2-1f11-481d-a12b-d98b11f347b7,RYAM,NYSE,2021-01-04,2026-08-11,1404,1404,3,3,0.997867803837953,2022-01-03,YES
31ef3c48-9cc1-42db-b8b4-ac034e2dbf2f,RYAN,NYSE,2021-07-22,2026-08-11,1267,1267,140,140,0.900497512437811,2022-07-22,YES
1be59c53-97f2-4185-a903-fed32be62035,RYDE,AMEX,2024-03-06,2026-08-11,610,499,797,908,0.43354655294953803,2025-03-10,YES
0380fed0-5185-4f5a-add1-5e854ff29d4d,RYET,NASDAQ,2025-04-08,2026-08-11,337,189,1070,1218,0.23951670220326937,2026-04-15,YES
ecbd7178-7314-494d-9eaa-e34e2deaa6d2,RYM,NASDAQ,2021-01-28,2026-08-11,1390,1041,17,366,0.9879175550817342,2022-01-27,YES
d782366d-a9ca-455d-a09d-329491719e60,RYN,NYSE,2021-01-04,2026-08-11,1404,1404,3,3,0.997867803837953,2022-01-03,YES
697fde8a-83bb-4a12-afda-b9bce536f28c,RYOJ,NASDAQ,2025-08-14,2026-08-11,249,124,1158,1283,0.17697228144989338,,NO
4b26e750-e4f1-404e-b820-e1f91033a1c0,RYTM,NASDAQ,2021-01-04,2026-08-11,1407,1407,0,0,1.0,2022-01-03,YES
70e55433-6cbc-45ff-93d9-b002c12d38b4,RYZ,NYSE,2021-01-04,2026-08-11,1404,1404,3,3,0.997867803837953,2022-01-03,YES
f2f66b98-09b8-4661-ad67-66a2fd28f5a8,RZC,NYSE,2022-10-07,2026-08-11,963,872,444,535,0.6844349680170576,2023-10-10,YES
cfb26770-5c46-4b84-b6c3-8b193a8f33fb,RZLT,NASDAQ,2021-01-04,2026-08-11,1287,1179,120,228,0.9147121535181236,2022-01-03,YES
c2306866-5058-47d0-8c49-486786b6647c,RZLV,NASDAQ,2021-11-11,2026-08-11,1052,615,355,792,0.7476901208244492,2022-11-16,YES
66b3020e-97e1-4361-9956-42b2ea46937a,S,NYSE,2021-06-30,2026-08-11,1283,1283,124,124,0.9118692253020612,2022-06-30,YES
509a155d-0e5d-4e60-ab7e-eac2f36b5c8b,SA,NYSE,2021-01-04,2026-08-11,1405,1405,2,2,0.9985785358919688,2022-01-03,YES
c902873f-ad00-4bc1-988a-4d3c74ad4178,SABR,NASDAQ,2021-01-04,2026-08-11,1407,1407,0,0,1.0,2022-01-03,YES
bd3cc45c-b48c-4b4f-b26c-8638346a3c18,SABS,NASDAQ,2021-02-09,2026-08-11,1264,998,143,409,0.898365316275764,2022-02-08,YES
2de99230-39ff-4300-af8e-0ce33b09e623,SAC,NYSE,2026-01-26,2026-08-11,137,21,1270,1386,0.09737029140014215,,NO
174cd5bc-f275-4688-86c8-5873f719e7bc,SACH,AMEX,2021-01-04,2026-08-11,1390,1348,17,59,0.9879175550817342,2022-01-03,YES
b5aa99e8-3d60-4f23-926f-dcc34d064818,SAFE,NYSE,2021-01-04,2026-08-11,1405,1405,2,2,0.9985785358919688,2022-01-03,YES
d12464f7-efd6-4865-956e-74183c7df602,SAFT,NASDAQ,2021-01-04,2026-08-11,1405,1373,2,34,0.9985785358919688,2022-01-03,YES
5b70c154-bac9-4c20-8c10-891366718225,SAFX,NASDAQ,2025-06-09,2026-08-11,295,295,1112,1112,0.20966595593461265,2026-06-10,YES
7658e207-d888-49d0-a32d-11424613e68b,SAGT,NASDAQ,2025-03-07,2026-08-11,359,292,1048,1115,0.25515280739161333,2026-03-12,YES
fd2edd01-00b4-496f-9d23-6c1801c22186,SAGU,NYSE,2026-05-26,2026-08-11,54,7,1353,1400,0.03837953091684435,,NO
58d5abd8-9564-46d1-b909-b9d8f6b65ad4,SAH,NYSE,2021-01-04,2026-08-11,1405,1404,2,3,0.9985785358919688,2022-01-03,YES
3f9e9ae4-866b-4a0d-8600-3721ac2dfa5a,SAIA,NASDAQ,2021-01-04,2026-08-11,1407,1407,0,0,1.0,2022-01-03,YES
8f1197d2-0756-402f-bfaf-bcc2f781ea6f,SAIC,NASDAQ,2021-01-04,2026-08-11,1405,1405,2,2,0.9985785358919688,2022-01-03,YES
683ceda3-1420-4d17-870b-032d11fd5e2c,SAIH,NASDAQ,2021-06-29,2026-08-11,1096,639,311,768,0.7789623312011372,2022-06-29,YES
fefd264d-cec5-4121-9b86-73e75fbe4f38,SAIL,NASDAQ,2021-01-04,2026-08-11,779,779,628,628,0.5536602700781805,2022-01-03,YES
cde20996-75b1-457b-b872-e27bd6577087,SAM,NYSE,2021-01-04,2026-08-11,1405,1403,2,4,0.9985785358919688,2022-01-03,YES
5e4c4903-2c37-4057-8047-b79d22dfaa3a,SAMG,NASDAQ,2021-01-04,2026-08-11,1354,1261,53,146,0.9623312011371713,2022-01-03,YES
480ac4ce-b91e-4a9a-8945-dc514aec0bf8,SAN,NYSE,2021-01-04,2026-08-11,1405,1405,2,2,0.9985785358919688,2022-01-03,YES
5306a294-a817-4aa5-b868-39e266727921,SANA,NASDAQ,2021-02-04,2026-08-11,1385,1385,22,22,0.984363894811656,2022-02-03,YES
a5a7ef7d-6a8e-4ca1-a099-d1691ee7141a,SANG,NASDAQ,2021-12-27,2026-08-11,1036,274,371,1133,0.736318407960199,2023-01-31,YES
b2015fd4-d4d1-4c80-8e20-394862c1b63d,SANM,NASDAQ,2021-01-04,2026-08-11,1407,1407,0,0,1.0,2022-01-03,YES
55d586fd-4ccc-4c9c-9e07-4f1d18ed298f,SAP,NYSE,2021-01-04,2026-08-11,1405,1405,2,2,0.9985785358919688,2022-01-03,YES
b49123a1-6d18-4916-946e-c7c06ffe0999,SAR,NYSE,2021-01-04,2026-08-11,1397,1364,10,43,0.9928926794598436,2022-01-03,YES
bd9bcc7b-facd-453a-8e34-564e1ff0f964,SARO,NYSE,2024-10-02,2026-08-11,465,465,942,942,0.3304904051172708,2025-10-06,YES
af9f4757-d458-4ffc-adba-d36512c1820d,SATL,NASDAQ,2021-04-09,2026-08-11,1234,1011,173,396,0.8770433546552949,2022-04-07,YES
696f6b0b-a9ce-4036-b9ab-1726246f80eb,SB,NYSE,2021-01-04,2026-08-11,1405,1405,2,2,0.9985785358919688,2022-01-03,YES
0f875f59-4ac8-4061-bac4-f053f20ff91a,SBAC,NASDAQ,2021-01-04,2026-08-11,1407,1407,0,0,1.0,2022-01-03,YES
b0bd5c9e-cd54-4efc-9826-cc4da2ff0e8e,SBC,NASDAQ,2022-09-27,2026-08-11,969,469,438,938,0.6886993603411514,2023-10-26,YES
1745db34-1ba1-4e56-984f-f27c4c512d91,SBCF,NASDAQ,2021-01-04,2026-08-11,1407,1407,0,0,1.0,2022-01-03,YES
50ba011b-0186-47d4-b419-ea9869117485,SBET,NASDAQ,2021-01-04,2026-08-11,1342,955,65,452,0.9538024164889837,2022-01-03,YES
cb190ce3-7409-42f5-bd53-44c6f249c5c3,SBEV,AMEX,2021-06-11,2026-08-11,1252,1108,155,299,0.8898365316275764,2022-06-10,YES
6dd67251-c5e0-400f-8719-ea5ceb2257ad,SBFG,NASDAQ,2021-01-04,2026-08-11,1235,705,172,702,0.8777540867093105,2022-01-13,YES
35d43a76-6ef9-42c3-bc70-009c79ca9cbb,SBFM,NASDAQ,2022-02-16,2026-08-11,1116,937,291,470,0.7931769722814499,2023-02-17,YES
306a47cb-985c-441c-aab9-95c7273a1435,SBGI,NASDAQ,2021-01-04,2026-08-11,1407,1407,0,0,1.0,2022-01-03,YES
3e159685-a5ae-4993-a1ff-3244d19c5a84,SBH,NYSE,2021-01-04,2026-08-11,1405,1405,2,2,0.9985785358919688,2022-01-03,YES
3d389e85-53d4-4897-8205-53a3ca395c05,SBLK,NASDAQ,2021-01-04,2026-08-11,1407,1407,0,0,1.0,2022-01-03,YES
b10ccdc2-b1e4-4e9e-abcc-846626fef78c,SBMT,AMEX,2026-04-30,2026-08-11,71,71,1336,1336,0.05046197583511016,,NO
fa1a3109-ea98-47ca-b1c8-c10c2ca282f3,SBRA,NASDAQ,2021-01-04,2026-08-11,1407,1407,0,0,1.0,2022-01-03,YES
122efd5d-dee4-4198-ae02-abb6c48731fa,SBSI,NYSE,2021-01-04,2026-08-11,1407,1407,0,0,1.0,2022-01-03,YES
0a7deac5-2d75-4e54-9f66-51c1c6fad55b,SBUX,NASDAQ,2021-01-04,2026-08-11,1407,1407,0,0,1.0,2022-01-03,YES
60ca5898-3eca-438c-806d-00e849bfeb73,SBXD,NYSE,2024-10-15,2026-08-11,456,91,951,1316,0.32409381663113007,2025-10-22,YES
ca4c3dd4-5305-4ec8-acaa-fe8259985bac,SBXE,NYSE,2026-02-09,2026-08-11,127,8,1280,1399,0.09026297085998579,,NO
c1ca828d-445f-4787-8e1c-5b6701e76f9c,SCCO,NYSE,2021-01-04,2026-08-11,1405,1405,2,2,0.9985785358919688,2022-01-03,YES
767a2c09-0753-4ce1-8fdc-938d2d165ee7,SCHL,NASDAQ,2021-01-04,2026-08-11,1407,1407,0,0,1.0,2022-01-03,YES
1f868250-6f1d-4a57-9cd0-ac3f581a96e5,SCHW,NYSE,2021-01-04,2026-08-11,1405,1405,2,2,0.9985785358919688,2022-01-03,YES
e649a39e-252a-4c8d-98ae-947034ca69d1,SCI,NYSE,2021-01-04,2026-08-11,1405,1405,2,2,0.9985785358919688,2022-01-03,YES
bf192c72-5ee8-447b-a90e-304afe2e3cfc,SCII,NASDAQ,2026-01-23,2026-08-11,138,21,1269,1386,0.09808102345415778,,NO
5e3cb228-fabc-4ba3-b7e8-3a6f2d315c3b,SCKT,NASDAQ,2021-01-04,2026-08-11,1362,719,45,688,0.9680170575692963,2022-01-03,YES
cd27f875-e6b9-45ec-8db8-928738b88d4d,SCL,NYSE,2021-01-04,2026-08-11,1405,1398,2,9,0.9985785358919688,2022-01-03,YES
c3538359-a068-4b58-9888-de96ac02cb3a,SCLX,NASDAQ,2021-03-17,2026-08-11,1091,998,316,409,0.775408670931059,2022-05-04,YES
ef4e23b7-5ebc-4603-9b35-e46d82eb027c,SCM,NYSE,2021-01-04,2026-08-11,1397,1388,10,19,0.9928926794598436,2022-01-03,YES
0a4ba051-bd32-46ad-88b5-995e0d582eb5,SCNX,NASDAQ,2021-01-04,2026-08-11,1304,956,103,451,0.9267945984363894,2022-01-03,YES
7402c109-31cf-41f1-840b-fd1aed8e1f51,SCOR,NASDAQ,2021-01-04,2026-08-11,1407,1108,0,299,1.0,2022-01-03,YES
a36cc2fe-3f2c-431a-af76-e58a5fb589c6,SCPQ,NASDAQ,2026-02-25,2026-08-11,116,3,1291,1404,0.0824449182658138,,NO
b9818866-139a-4241-a892-426d4b38dbe7,SCSC,NASDAQ,2021-01-04,2026-08-11,1407,1407,0,0,1.0,2022-01-03,YES
3cee75a5-1b61-4409-8e19-07ab4fd9fa47,SCTX,NASDAQ,2026-07-24,2026-08-11,13,13,1394,1394,0.00923951670220327,,NO
d7e95925-a4bd-4b1e-bbd1-384c06eefce1,SCWO,NASDAQ,2022-06-14,2026-08-11,1039,985,368,422,0.738450604122246,2023-06-15,YES
9f626d14-e7af-4aa5-99d5-3aec7d8fa6df,SCYX,NASDAQ,2021-01-04,2026-08-11,1407,1329,0,78,1.0,2022-01-03,YES
e870c361-37c1-49b0-a6fd-56a8b1cf1e84,SCZM,NASDAQ,2026-01-21,2026-08-11,140,140,1267,1267,0.09950248756218906,,NO
02c2ef18-b30d-4b1a-9f8b-0efaf89208e2,SD,NYSE,2021-01-04,2026-08-11,1405,1405,2,2,0.9985785358919688,2022-01-03,YES
43799d5a-d214-4621-9635-5ad93f4e5f51,SDA,NASDAQ,2021-04-19,2026-08-11,1051,839,356,568,0.7469793887704336,2022-05-26,YES
2777c2b0-8c69-4370-ab29-c92d45ab7bff,SDEV,AMEX,2021-01-04,2026-08-11,1351,1172,56,235,0.9601990049751243,2022-01-03,YES
c05c851e-185c-4392-be34-ef39a86b27d8,SDGR,NASDAQ,2021-01-04,2026-08-11,1407,1407,0,0,1.0,2022-01-03,YES
6b3830d7-2849-40d3-b21c-d19aa6532f2e,SDHC,NYSE,2024-01-11,2026-08-11,647,636,760,771,0.4598436389481166,2025-01-14,YES
03736978-5be7-48d4-8d18-de9e7c023d20,SDHI,NASDAQ,2025-06-04,2026-08-11,298,25,1109,1382,0.21179815209665956,2026-06-29,YES
29fcd6c5-09d1-44b0-bb7d-5e2f2346708f,SDOT,NASDAQ,2021-01-04,2026-08-11,1341,1122,66,285,0.9530916844349681,2022-01-03,YES
cfbb9a14-6c57-4b01-afba-16fe30dbee3d,SDRL,NYSE,2022-10-17,2026-08-11,957,947,450,460,0.6801705756929638,2023-10-18,YES
21bfdd8c-be68-4c84-9726-5b1b13d5c429,SDST,NASDAQ,2021-03-10,2026-08-11,1119,660,288,747,0.7953091684434968,2022-03-21,YES
6027c88b-0a19-4158-be98-0513dea4f897,SEAT,NASDAQ,2021-01-04,2026-08-11,1384,1381,23,26,0.9836531627576404,2022-01-03,YES
8b13996f-4f32-4b5c-803a-b3b15cdc49b4,SEB,AMEX,2021-01-04,2026-08-11,1407,1396,0,11,1.0,2022-01-03,YES
f6c05cd6-b34c-48f3-aed8-91c17aac4633,SECZ,NYSE,2025-05-02,2026-08-11,320,314,1087,1093,0.22743425728500355,2026-05-05,YES
f703cad8-f944-4cc9-8cc1-9d1c6cc8203d,SEDG,NASDAQ,2021-01-04,2026-08-11,1407,1407,0,0,1.0,2022-01-03,YES
7986ce56-a28a-44b5-9cb4-fa3a3412d100,SEED,NASDAQ,2021-01-04,2026-08-11,1405,1052,2,355,0.9985785358919688,2022-01-03,YES
766d1308-f21a-4670-8962-a1ac194ee8fc,SEER,NASDAQ,2021-01-04,2026-08-11,1407,1400,0,7,1.0,2022-01-03,YES
e9b00d2b-8cdc-49b9-964a-a980356e690d,SEG,NYSE,2024-08-01,2026-08-11,508,498,899,909,0.36105188343994316,2025-08-05,YES
1c25e6b2-de4b-4092-9d75-f153ebc07dd5,SEGG,NASDAQ,2021-01-04,2026-08-11,1403,1203,4,204,0.9971570717839374,2022-01-03,YES
b3eb0612-8710-4a8a-990a-16feb000486b,SEI,NYSE,2021-01-04,2026-08-11,1404,1404,3,3,0.997867803837953,2022-01-03,YES
b6bc2812-98a5-43d9-af58-5161e1060a44,SEIC,NASDAQ,2021-01-04,2026-08-11,1407,1407,0,0,1.0,2022-01-03,YES
85d586b2-d5c5-441e-be8e-5a958e3cd1dd,SELF,NASDAQ,2021-01-11,2026-08-11,1241,797,166,610,0.8820184790334044,2022-01-12,YES
d9a3f852-41d9-4ec5-8346-325504231f07,SENEA,NASDAQ,2021-01-04,2026-08-11,1403,1297,4,110,0.9971570717839374,2022-01-03,YES
3cdd682a-2ce6-4ed3-b4af-ba7ae051c15d,SENEB,NASDAQ,2022-01-05,2026-08-11,807,11,600,1396,0.5735607675906184,,NO
b534e743-281f-4011-8788-02dccd994499,SENS,NASDAQ,2021-01-04,2026-08-11,1407,1406,0,1,1.0,2022-01-03,YES
3cd8d129-c2bb-4a0a-b7d4-0d5f80e60835,SEPN,NASDAQ,2024-10-25,2026-08-11,448,448,959,959,0.31840796019900497,2025-10-29,YES
2a84cc3f-d8b3-4d35-8e3c-a50ef3cf8616,SER,AMEX,2021-01-04,2026-08-11,1261,791,146,616,0.8962331201137171,2022-01-04,YES
289c8e00-24f1-4e0f-906f-56dff8dc41d2,SERA,NASDAQ,2021-07-15,2026-08-11,1263,1135,144,272,0.8976545842217484,2022-07-15,YES
feb5c64a-6706-4b7b-a987-8033f2bb2ebe,SERV,NASDAQ,2024-04-18,2026-08-11,580,580,827,827,0.41222459132906897,2025-04-22,YES
8a23aa7d-b5d1-4f22-b2fe-e3f0f8db7ef0,SES,NYSE,2022-02-04,2026-08-11,1131,1131,276,276,0.8038379530916845,2023-02-07,YES
ebd480f8-2de7-4dd5-8285-b9e833667f45,SEV,NASDAQ,2021-11-17,2026-08-11,624,624,783,783,0.44349680170575695,2022-11-17,YES
c5e3bb1f-6a05-469e-b50b-ab5587a86f2f,SEZL,NASDAQ,2023-09-14,2026-08-11,729,689,678,718,0.5181236673773987,2024-09-16,YES
be49b8bf-cdc9-4495-8b62-987027c8a703,SF,NYSE,2021-01-04,2026-08-11,1405,1405,2,2,0.9985785358919688,2022-01-03,YES
dca79ee6-c6d9-4be0-a2a8-63b740164ea9,SFBC,NASDAQ,2021-01-06,2026-08-11,1055,233,352,1174,0.749822316986496,2022-01-05,YES
7a7bf5f8-a192-4c04-8fc5-afde876fc314,SFBS,NYSE,2021-01-04,2026-08-11,1406,1405,1,2,0.9992892679459844,2022-01-03,YES
181186e5-2883-454b-a387-3fdb0383317f,SFD,NASDAQ,2025-01-28,2026-08-11,386,386,1021,1021,0.27434257285003555,2026-01-29,YES
f2978a39-efa1-45f7-88fc-76cd83213449,SFHG,NASDAQ,2024-10-15,2026-08-11,456,302,951,1105,0.32409381663113007,2025-10-23,YES
529158c5-515c-4572-95a1-3d630b3f0514,SFIX,NASDAQ,2021-01-04,2026-08-11,1407,1407,0,0,1.0,2022-01-03,YES
17601a68-9448-40b3-a372-21fb2da15095,SFL,NYSE,2021-01-04,2026-08-11,1405,1405,2,2,0.9985785358919688,2022-01-03,YES
9e18ef96-7472-4c87-9912-edd2fe75acfa,SFM,NASDAQ,2021-01-04,2026-08-11,1407,1407,0,0,1.0,2022-01-03,YES
bb7af95a-3bd4-4294-98c0-c4146ab86041,SFNC,NASDAQ,2021-01-04,2026-08-11,1407,1407,0,0,1.0,2022-01-03,YES
6b5bdfd3-c2da-4cda-b50e-ee707fa06d51,SFST,NASDAQ,2021-01-04,2026-08-11,1377,1194,30,213,0.9786780383795309,2022-01-03,YES
eec4437d-0592-4a8f-8c80-0d2e7c4d766e,SFWL,NASDAQ,2023-04-03,2026-08-11,842,482,565,925,0.5984363894811656,2024-04-04,YES
a1b04552-f30f-4d88-8a85-422434b350be,SG,NYSE,2021-11-18,2026-08-11,1184,1184,223,223,0.8415067519545132,2022-11-18,YES
08fd7050-5dcd-4f76-ac95-524701e2502d,SGA,NASDAQ,2021-01-04,2026-08-11,1243,767,164,640,0.8834399431414357,2022-01-03,YES
3d413a6c-6902-4e41-acc7-c9b0873d0ab8,SGC,NASDAQ,2021-01-04,2026-08-11,1395,1354,12,53,0.9914712153518124,2022-01-03,YES
83bf4c17-c706-49e2-86ce-3adcff36487e,SGHC,NYSE,2021-01-04,2026-08-11,1397,1397,10,10,0.9928926794598436,2022-01-03,YES
3cb84d57-1104-4217-aebb-37fd76b929bd,SGHT,NASDAQ,2021-07-15,2026-08-11,1274,1273,133,134,0.9054726368159204,2022-07-15,YES
15256b98-b12d-4635-b44d-e005912e2f75,SGI,NYSE,2021-01-04,2026-08-11,1404,1404,3,3,0.997867803837953,2022-01-03,YES
e607d58c-f218-402d-9641-08beb1f697f1,SGLY,NASDAQ,2021-01-04,2026-08-11,1406,996,1,411,0.9992892679459844,2022-01-03,YES
2ab62679-5f7c-478f-a108-8ed90a6f4930,SGML,NASDAQ,2021-09-14,2026-08-11,1221,1221,186,186,0.8678038379530917,2022-09-14,YES
269521d8-50c6-42c4-aeb6-7dcd636d9dc9,SGMT,NASDAQ,2023-07-14,2026-08-11,772,771,635,636,0.5486851457000711,2024-07-16,YES
282aa04c-7806-4406-b821-35ab7daacd26,SGP,NASDAQ,2026-02-06,2026-08-11,128,127,1279,1280,0.09097370291400142,,NO
b3d02c86-5416-452a-9236-79373b7c2987,SGRY,NASDAQ,2021-01-04,2026-08-11,1407,1407,0,0,1.0,2022-01-03,YES
56ba4b13-4291-4319-954f-a07546cf40d2,SHAK,NYSE,2021-01-04,2026-08-11,1405,1405,2,2,0.9985785358919688,2022-01-03,YES
9cf98596-4250-4ecc-bfa1-98e30c72c778,SHAZ,NASDAQ,2026-02-18,2026-08-11,121,121,1286,1286,0.08599857853589196,,NO
8eb9aebf-cf74-4d08-bdf5-04190ceab9ed,SHBI,NASDAQ,2021-01-04,2026-08-11,1380,1363,27,44,0.9808102345415778,2022-01-03,YES
0140f325-7545-45a2-99e0-7a4f8ce688d1,SHC,NASDAQ,2021-01-04,2026-08-11,1407,1407,0,0,1.0,2022-01-03,YES
74baa33c-0ab2-4473-a818-2b0307eec660,SHEN,NASDAQ,2021-01-04,2026-08-11,1407,1405,0,2,1.0,2022-01-03,YES
d4e0b8da-6320-4cd1-af9c-0f772f01a8ca,SHFS,NASDAQ,2021-08-23,2026-08-11,1074,801,333,606,0.7633262260127932,2022-08-25,YES
22eb2fb5-1d17-4375-a4d4-22f7f4085877,SHG,NYSE,2021-01-04,2026-08-11,1403,1401,4,6,0.9971570717839374,2022-01-03,YES
5e207b9d-8cae-4aca-8381-da6168d2a174,SHIM,NASDAQ,2023-11-14,2026-08-11,686,520,721,887,0.48756218905472637,2024-11-14,YES
a089b41f-5a74-415e-81f4-f3dc23a8151e,SHIP,NASDAQ,2021-01-04,2026-08-11,1405,1401,2,6,0.9985785358919688,2022-01-03,YES
6e3743af-45a9-4c3f-bf59-94997a4dba1f,SHLS,NASDAQ,2021-01-27,2026-08-11,1391,1391,16,16,0.9886282871357498,2022-01-26,YES
f7d37ba1-a910-4955-83ae-240820de8226,SHMD,NASDAQ,2021-12-14,2026-08-11,1048,560,359,847,0.7448471926083866,2022-12-19,YES
d3049875-7013-48a2-a0d6-adf4fe2b479a,SHO,NYSE,2021-01-04,2026-08-11,1405,1405,2,2,0.9985785358919688,2022-01-03,YES
e25cb429-e589-49be-bc0b-f9be4c632062,SHOE,NASDAQ,2021-01-04,2026-08-11,1407,1407,0,0,1.0,2022-01-03,YES
1110d032-25cb-4b25-9044-39ee7d3ddca4,SHOO,NASDAQ,2021-01-04,2026-08-11,1407,1407,0,0,1.0,2022-01-03,YES
78856c3d-67c8-43bc-8cd4-e95b686cf741,SHOP,NASDAQ,2021-01-04,2026-08-11,1405,1405,2,2,0.9985785358919688,2022-01-03,YES
e71eca10-d514-4395-ad38-ab7af7f93cd1,SHOT,NASDAQ,2023-09-15,2026-08-11,728,519,679,888,0.5174129353233831,2024-09-17,YES
d2cb3472-a97f-4434-9736-c4ca7f82a67f,SHW,NYSE,2021-01-04,2026-08-11,1405,1405,2,2,0.9985785358919688,2022-01-03,YES
f98e1c91-1959-4c6f-9060-85cf05437518,SI,NYSE,2025-07-31,2026-08-11,259,249,1148,1158,0.18407960199004975,2026-08-03,YES
431d6d3d-30ea-406b-9371-137d8df096e3,SIBN,NASDAQ,2021-01-04,2026-08-11,1407,1407,0,0,1.0,2022-01-03,YES
57127b03-fe01-4d3b-a3fb-da0d0ac8c49c,SID,NYSE,2021-01-04,2026-08-11,1405,1405,2,2,0.9985785358919688,2022-01-03,YES
4ec1bbd0-3b67-4eee-bed5-dc8101d509d6,SIEB,NASDAQ,2021-01-04,2026-08-11,1314,882,93,525,0.9339019189765458,2022-01-03,YES
acca8cd9-b69f-436d-9ff6-7dcaf6abb8c7,SIF,AMEX,2021-01-04,2026-08-11,1186,603,221,804,0.8429282160625444,2022-01-03,YES
596bfb8e-f061-4e43-863d-519dca7bb6db,SIG,NYSE,2021-01-04,2026-08-11,1405,1405,2,2,0.9985785358919688,2022-01-03,YES
90ad6abe-4de7-4cb4-91e8-8928de891411,SIGA,NASDAQ,2021-01-04,2026-08-11,1407,1407,0,0,1.0,2022-01-03,YES
76afb4b1-4b67-4b6d-a456-fbe2ea943c18,SIGI,NASDAQ,2021-01-04,2026-08-11,1407,1407,0,0,1.0,2022-01-03,YES
86430e0a-eb27-4eab-8844-896a840ccfbc,SII,NYSE,2021-01-04,2026-08-11,1403,1400,4,7,0.9971570717839374,2022-01-03,YES
ee4a3e08-00fe-4845-bb90-b33c8e758886,SILC,NASDAQ,2021-01-04,2026-08-11,1390,1120,17,287,0.9879175550817342,2022-01-03,YES
0e10d53a-92d7-419e-a170-4a4c950c6369,SILO,NASDAQ,2022-09-27,2026-08-11,971,687,436,720,0.6901208244491827,2023-09-28,YES
711d13ec-d316-4882-b21d-651aff034407,SIM,AMEX,2021-01-07,2026-08-11,1090,99,317,1308,0.7746979388770433,2022-01-06,YES
82197818-f909-4271-bc68-5ea3e30cb801,SIMA,NASDAQ,2024-08-30,2026-08-11,487,65,920,1342,0.3461265103056148,2025-09-12,YES
c3137e7b-1561-4e1b-b483-4cb671dc29c2,SIND,NYSE,2026-06-26,2026-08-11,32,32,1375,1375,0.022743425728500355,,NO
87ae5c78-4dff-4967-b886-f6fd034dbe84,SINT,NASDAQ,2021-01-04,2026-08-11,1358,1152,49,255,0.9651741293532339,2022-01-03,YES
f216aa33-1199-4110-925b-f17c614258ea,SION,NASDAQ,2025-02-07,2026-08-11,378,378,1029,1029,0.26865671641791045,2026-02-10,YES
7dee1942-673b-4d43-b356-84e6fe004681,SIRI,NASDAQ,2021-01-04,2026-08-11,1407,1407,0,0,1.0,2022-01-03,YES
13fd81bf-7cc9-4245-9945-590e55e04b91,SITC,NYSE,2021-01-04,2026-08-11,1404,1404,3,3,0.997867803837953,2022-01-03,YES
7a129f9c-8d25-4fde-89f5-90630b3ba52b,SITE,NYSE,2021-01-04,2026-08-11,1404,1404,3,3,0.997867803837953,2022-01-03,YES
b93dcd3e-f766-4d6c-ad4f-3fd5b9559690,SITM,NASDAQ,2021-01-04,2026-08-11,1407,1407,0,0,1.0,2022-01-03,YES
d1cadc73-e28c-4787-8042-cfe4d9f73919,SJ,NASDAQ,2021-01-06,2026-08-11,1308,897,99,510,0.929637526652452,2022-01-05,YES
a08ed46f-696f-43fb-9b98-a2634646ad7a,SJM,NYSE,2021-01-04,2026-08-11,1404,1404,3,3,0.997867803837953,2022-01-03,YES
5d833080-4b7d-4e48-8ffb-6992ae413c4d,SKE,NYSE,2021-11-03,2026-08-11,1158,1051,249,356,0.8230277185501066,2022-11-09,YES
c37e1f33-7926-499b-83de-c400b33b4770,SKIL,NYSE,2021-01-04,2026-08-11,1404,1339,3,68,0.997867803837953,2022-01-03,YES
b0e1800d-efa6-4d10-9a2e-b0f84a01c4e1,SKIN,NASDAQ,2021-01-04,2026-08-11,1407,1407,0,0,1.0,2022-01-03,YES
0d5732c0-1d7f-46d9-bab3-09ba637a0afd,SKK,NASDAQ,2024-10-08,2026-08-11,461,305,946,1102,0.32764747690120827,2025-10-10,YES
a10f6a2d-e571-4771-9447-43b413e7919d,SKT,NYSE,2021-01-04,2026-08-11,1404,1404,3,3,0.997867803837953,2022-01-03,YES
d5c588d2-e532-457d-a85e-ffd8b792622d,SKWD,NASDAQ,2023-01-13,2026-08-11,896,896,511,511,0.6368159203980099,2024-01-17,YES
97fd4ad8-d8bd-48e7-9e01-48ee894bccd0,SKY,NYSE,2021-01-04,2026-08-11,1404,1404,3,3,0.997867803837953,2022-01-03,YES
eb6e84e6-4b2e-4caa-a3d8-5c36e49c3c41,SKYA,NASDAQ,2022-04-14,2026-08-11,1067,910,340,497,0.7583511016346838,2023-04-19,YES
d13e3042-9e53-4019-80eb-0d64f3877ca7,SKYE,NASDAQ,2024-04-12,2026-08-11,584,570,823,837,0.4150675195451315,2025-04-15,YES
2369bd41-a407-43c2-ac48-bc081ceb8af5,SKYH,NYSE,2021-01-04,2026-08-11,1263,1087,144,320,0.8976545842217484,2022-01-03,YES
07bd8d3c-6155-4f7e-b39c-de991cec7e02,SKYQ,NASDAQ,2024-10-10,2026-08-11,459,386,948,1021,0.326226012793177,2025-10-14,YES
98506868-2d75-4df5-bbc6-5b81c5f8db77,SKYW,NASDAQ,2021-01-04,2026-08-11,1407,1407,0,0,1.0,2022-01-03,YES
cc8f134c-a08f-41e8-8ac2-2005c1d0043f,SKYX,NASDAQ,2022-02-11,2026-08-11,1127,1123,280,284,0.8009950248756219,2023-02-14,YES
845b8a56-694e-437b-a0a7-e8b286e46096,SLAB,NASDAQ,2021-01-04,2026-08-11,1407,1407,0,0,1.0,2022-01-03,YES
799b9c5a-54c1-4241-ba42-0dcba7d161bb,SLB,NYSE,2021-01-04,2026-08-11,1404,1404,3,3,0.997867803837953,2022-01-03,YES
eafc6eb3-c9d6-4ef6-92ab-05ae9aef7261,SLBT,NASDAQ,2025-02-06,2026-08-11,379,54,1028,1353,0.26936744847192606,2026-03-02,YES
6e6ffe62-b0c5-4530-bbe6-8027bea2356c,SLDB,NASDAQ,2021-01-04,2026-08-11,1407,1350,0,57,1.0,2022-01-03,YES
74b589c4-7d57-4d62-946b-ac5314517be3,SLDE,NASDAQ,2025-06-18,2026-08-11,288,288,1119,1119,0.2046908315565032,2026-06-22,YES
42bd2926-3c98-4b47-bdc3-c1a5d813fce2,SLDP,NASDAQ,2021-06-02,2026-08-11,1301,1301,106,106,0.9246624022743426,2022-06-01,YES
c9d64811-799d-44d2-81fb-7e149ec8aa07,SLE,NASDAQ,2021-01-04,2026-08-11,1405,1181,2,226,0.9985785358919688,2022-01-03,YES
9dec6690-057b-4e92-9db9-f6a4942b6c39,SLF,NYSE,2021-01-04,2026-08-11,1404,1404,3,3,0.997867803837953,2022-01-03,YES
538afbd0-a095-4f3e-a673-9f7bbb023da0,SLG,NYSE,2021-01-04,2026-08-11,1404,1404,3,3,0.997867803837953,2022-01-03,YES
b9a44571-679a-47c8-87e4-2cc5bf4c7bb0,SLGB,NASDAQ,2025-10-15,2026-08-11,206,158,1201,1249,0.14641080312722105,,NO
6c23ef68-65d3-4963-8067-b70df5f392c8,SLGL,NASDAQ,2021-01-05,2026-08-11,1222,710,185,697,0.8685145700071073,2022-01-04,YES
3383fae9-39dc-4617-bb43-3eef2e92f93f,SLGN,NYSE,2021-01-04,2026-08-11,1407,1407,0,0,1.0,2022-01-03,YES
a8cb9cf9-d994-485e-a86e-6cece21d191c,SLI,AMEX,2021-07-13,2026-08-11,1276,1276,131,131,0.9068941009239516,2022-07-13,YES
062b2922-9e0b-4f99-bd72-57ab93d251dc,SLM,NASDAQ,2021-01-04,2026-08-11,1407,1407,0,0,1.0,2022-01-03,YES
d3dc3f10-5338-4212-9a46-4bee6f7a2542,SLMT,NASDAQ,2023-01-27,2026-08-11,887,547,520,860,0.6304193319118693,2024-01-31,YES
4acd1e32-0e02-4db8-abfb-bcd8c6fc4786,SLN,NASDAQ,2021-01-22,2026-08-11,1166,1122,241,285,0.8287135749822317,2022-02-17,YES
38174f3a-f3d1-4614-b652-0f486aee1cf4,SLND,AMEX,2021-12-28,2026-08-11,1066,898,341,509,0.757640369580668,2023-01-03,YES
4a066d50-2047-42a5-90a6-b333a863ae64,SLNG,NASDAQ,2021-04-30,2026-08-11,1101,450,306,957,0.7825159914712153,2022-04-29,YES
8ed90791-d77d-4193-a8b3-fe71d278d625,SLNH,NASDAQ,2021-03-25,2026-08-11,1340,1235,67,172,0.9523809523809523,2022-03-24,YES
aa9a9119-a9fa-4838-9a7e-82876eb1337e,SLP,NASDAQ,2021-01-04,2026-08-11,1407,1407,0,0,1.0,2022-01-03,YES
ba48e4db-ba6e-42ec-a6d9-14289d1feef8,SLQT,NYSE,2021-01-04,2026-08-11,1404,1404,3,3,0.997867803837953,2022-01-03,YES
8d07c994-8c4e-4958-91a0-028d855e5b42,SLRC,NASDAQ,2021-01-04,2026-08-11,1407,1399,0,8,1.0,2022-01-03,YES
ae3b08dc-0bfc-44e0-91a2-6703982b9a22,SLS,NASDAQ,2021-01-04,2026-08-11,1407,1381,0,26,1.0,2022-01-03,YES
7b7f47d6-a101-4109-acaf-44fa9b626444,SLSN,NASDAQ,2025-04-08,2026-08-11,337,284,1070,1123,0.23951670220326937,2026-04-13,YES
416702c7-1fd0-487b-a52a-7ea66dc3ff43,SLSR,AMEX,2024-04-22,2026-08-11,578,534,829,873,0.4108031272210377,2025-04-24,YES
75e02474-c163-44ad-a745-53ba968ae44e,SLVM,NYSE,2021-10-01,2026-08-11,1217,1217,190,190,0.8649609097370291,2022-10-03,YES
f22c67bc-40ab-49f6-b846-3940d4df3e27,SLXN,NASDAQ,2021-04-09,2026-08-11,1080,499,327,908,0.767590618336887,2022-04-08,YES
ff4475f4-1fe5-4a5f-b2d0-f3d3324d5554,SM,NYSE,2021-01-04,2026-08-11,1404,1404,3,3,0.997867803837953,2022-01-03,YES
7beedba6-2c27-4647-af70-2bd036a7b755,SMA,NYSE,2025-04-02,2026-08-11,341,341,1066,1066,0.24235963041933192,2026-04-06,YES
f0d2a00d-3207-4a64-8fe9-1662bc6adc77,SMBC,NASDAQ,2021-01-04,2026-08-11,1353,1228,54,179,0.9616204690831557,2022-01-03,YES
4b518515-09a9-40a8-8d2a-cb8ae14c1b0e,SMBK,NYSE,2021-01-04,2026-08-11,1368,1300,39,107,0.9722814498933902,2022-01-03,YES
275fc47a-b624-455e-92d6-1e98c6acf4d4,SMC,NYSE,2021-01-04,2026-08-11,1388,1156,19,251,0.9864960909737029,2022-01-05,YES
e4870680-5a31-43e0-a477-c47d158ac43d,SMCI,NASDAQ,2021-01-04,2026-08-11,1407,1407,0,0,1.0,2022-01-03,YES
7bf79149-4399-4b0d-b0e0-76ede607c1b2,SMG,NYSE,2021-01-04,2026-08-11,1404,1404,3,3,0.997867803837953,2022-01-03,YES
e10b624a-dbfd-40d7-9258-05b42bf80a32,SMHI,NYSE,2021-01-04,2026-08-11,1350,1326,57,81,0.9594882729211087,2022-01-05,YES
6746b6a1-5b95-4267-b0e9-3bc93a7eb81f,SMID,NASDAQ,2021-01-04,2026-08-11,1278,750,129,657,0.908315565031983,2022-01-03,YES
6cbeae6f-68bf-417b-b404-1476466b1dc4,SMJF,AMEX,2025-12-04,2026-08-11,171,161,1236,1246,0.12153518123667377,,NO
8595d349-c51b-4e60-b861-44b64780a4d4,SMMT,NASDAQ,2021-01-04,2026-08-11,1407,1399,0,8,1.0,2022-01-03,YES
24ea6d8d-7a08-4c22-af78-0026ab558471,SMP,NYSE,2021-01-04,2026-08-11,1404,1404,3,3,0.997867803837953,2022-01-03,YES
d229b97f-66ce-4096-b4e9-a68e58b8f698,SMPL,NASDAQ,2021-01-04,2026-08-11,1407,1407,0,0,1.0,2022-01-03,YES
c582a58d-f7ff-43a5-b37d-82a862fa5314,SMR,NYSE,2021-01-04,2026-08-11,1397,1397,10,10,0.9928926794598436,2022-01-03,YES
545a0ed7-47ab-44be-90a6-1eaa1435a603,SMRT,NYSE,2021-02-05,2026-08-11,1371,1371,36,36,0.9744136460554371,2022-02-04,YES
2cce167e-eaf5-431e-84f3-59682cf5ae80,SMSI,NASDAQ,2021-01-04,2026-08-11,1407,1309,0,98,1.0,2022-01-03,YES
d0562b96-ebf2-4fe8-97b6-ea04cd665dcb,SMTC,NASDAQ,2021-01-04,2026-08-11,1407,1407,0,0,1.0,2022-01-03,YES
15e5dd7f-7b31-4c11-b9c3-eca2826121a4,SMTI,NASDAQ,2021-01-04,2026-08-11,1311,1000,96,407,0.9317697228144989,2022-01-03,YES
93ede6fc-33db-40e9-995c-21d46903d00d,SMTK,NASDAQ,2024-06-05,2026-08-11,547,382,860,1025,0.38877043354655294,2025-06-09,YES
a9680e7c-0063-4094-98fc-ddb70c82cad3,SMWB,NYSE,2021-05-12,2026-08-11,1316,1312,91,95,0.9353233830845771,2022-05-11,YES
1e3412d6-276f-4510-9069-5b0214a9d41d,SMX,NASDAQ,2021-12-14,2026-08-11,1002,850,405,557,0.7121535181236673,2023-03-07,YES
b26d976d-4662-40c6-a1ef-a1319906299f,SMXT,NASDAQ,2024-02-27,2026-08-11,616,574,791,833,0.43781094527363185,2025-02-28,YES
bcad3630-552a-40a8-b880-504df0b89f75,SN,NYSE,2023-07-31,2026-08-11,761,761,646,646,0.5408670931058991,2024-07-31,YES
3f252264-10aa-47db-9c4b-42bd452e36f4,SNA,NYSE,2021-01-04,2026-08-11,1404,1404,3,3,0.997867803837953,2022-01-03,YES
9abe6eed-b241-4243-ad1d-a8ad61f47e35,SNAL,NASDAQ,2022-11-10,2026-08-11,939,543,468,864,0.6673773987206824,2023-11-13,YES
83e52ac1-bb18-4e9f-b68d-dda5a8af3ec0,SNAP,NYSE,2021-01-04,2026-08-11,1404,1404,3,3,0.997867803837953,2022-01-03,YES
eaff6c4b-6edc-4a2c-88c2-e04c7a98e7be,SND,NASDAQ,2021-01-04,2026-08-11,1376,1328,31,79,0.9779673063255153,2022-01-03,YES
25340302-dd7c-464d-8779-8beb89387177,SNDA,NYSE,2021-01-04,2026-08-11,1309,947,98,460,0.9303482587064676,2022-01-03,YES
325cea3c-527c-4075-8130-e5bbbe58a8a3,SNDK,NASDAQ,2025-02-13,2026-08-11,374,374,1033,1033,0.2658137882018479,2026-02-17,YES
2f75233a-66c2-4426-ab94-b2e7185dce9a,SNDL,NASDAQ,2021-01-04,2026-08-11,1407,1407,0,0,1.0,2022-01-03,YES
cfdad1bb-d96c-470c-95f6-04f68206f6da,SNDR,NYSE,2021-01-04,2026-08-11,1404,1404,3,3,0.997867803837953,2022-01-03,YES
30bce310-d492-46a2-a505-649826d5c268,SNDX,NASDAQ,2021-01-04,2026-08-11,1407,1407,0,0,1.0,2022-01-03,YES
f7647cb9-5378-4d82-90e5-f9b79e744e6a,SNES,NASDAQ,2021-01-05,2026-08-11,1258,1029,149,378,0.8941009239516702,2022-01-04,YES
57eb42c4-4b10-4ca6-a978-b12ce560480e,SNEX,NASDAQ,2021-01-04,2026-08-11,1407,1404,0,3,1.0,2022-01-03,YES
41de907b-4da8-40c8-baae-d89d0f1f9e12,SNFCA,NASDAQ,2021-01-04,2026-08-11,1309,1129,98,278,0.9303482587064676,2022-01-04,YES
ffaef3c6-93e5-4cd4-b5db-0ba6eeaa5f3c,SNGX,NASDAQ,2021-01-04,2026-08-11,1346,1181,61,226,0.9566453447050463,2022-01-03,YES
11574a72-6451-4b65-ae4a-2ede03baac63,SNN,NYSE,2021-01-04,2026-08-11,1404,1404,3,3,0.997867803837953,2022-01-03,YES
3a795615-05c5-4e3e-a6e4-03f08b800145,SNOA,NASDAQ,2021-01-04,2026-08-11,1347,1060,60,347,0.9573560767590619,2022-01-03,YES
99337c8c-71cb-409c-8343-f091b50401a2,SNOW,NYSE,2021-01-04,2026-08-11,1404,1404,3,3,0.997867803837953,2022-01-03,YES
fa8500c0-9022-4a74-97f9-93d41ed28dac,SNPS,NASDAQ,2021-01-04,2026-08-11,1407,1407,0,0,1.0,2022-01-03,YES
ba6df2ee-4145-441b-a535-99bb9ede118b,SNSC,AMEX,,,0,0,1407,1407,0.0,,NO
d509b66a-5e1e-43c1-a0fe-4ee37c033d93,SNT,NASDAQ,2021-01-04,2026-08-11,1279,791,128,616,0.9090262970859986,2022-01-03,YES
15a58c98-e798-4206-b4bd-99f6b615262b,SNTG,NASDAQ,2021-07-09,2026-08-11,1180,574,227,833,0.8386638237384506,2022-07-13,YES
a7402b61-e56a-41af-81b0-40a6f50369ad,SNTI,NASDAQ,2021-05-26,2026-08-11,1213,1041,194,366,0.8621179815209666,2022-05-26,YES
f1dfaa58-48d8-4329-8581-fd40223c4c52,SNWV,NASDAQ,2025-03-07,2026-08-11,359,341,1048,1066,0.25515280739161333,2026-03-10,YES
21ccc0ec-662b-44c8-9bc4-0181fb5c6944,SNX,NYSE,2021-01-04,2026-08-11,1404,1404,3,3,0.997867803837953,2022-01-03,YES
df4ae2a2-62fb-4fa6-94d5-9866a98a3699,SNYR,NASDAQ,2024-10-23,2026-08-11,450,316,957,1091,0.31982942430703626,2025-10-27,YES
5a71649b-e578-4229-81a3-d3a5c1351dd7,SO,NYSE,2021-01-04,2026-08-11,1404,1404,3,3,0.997867803837953,2022-01-03,YES
7cbae81e-5ac6-4b15-9dbc-3d555795282b,SOAR,AMEX,2022-01-21,2026-08-11,1043,698,364,709,0.7412935323383084,2023-03-29,YES
5d509e4f-568e-4f20-85b1-e87f5cb2152f,SOBO,NYSE,2024-10-08,2026-08-11,461,461,946,946,0.32764747690120827,2025-10-10,YES
9cdcb357-42dd-4355-89b8-eb27a9b84ba3,SOBR,NASDAQ,2022-05-16,2026-08-11,1051,882,356,525,0.7469793887704336,2023-05-18,YES
43b18519-ae47-4555-854f-59c4066f188d,SOC,NYSE,2021-04-21,2026-08-11,1144,903,263,504,0.8130774697938877,2022-04-20,YES
5e804462-fbf0-4199-a50b-93167218acda,SOCA,NASDAQ,2025-09-10,2026-08-11,231,23,1176,1384,0.16417910447761194,,NO
8aeca3f2-e123-4857-918b-1785a683b430,SOFI,NASDAQ,2021-01-04,2026-08-11,1406,1406,1,1,0.9992892679459844,2022-01-03,YES
b494b9bc-b781-4437-91d9-c2c57c29b334,SOLS,NASDAQ,2025-10-21,2026-08-11,202,202,1205,1205,0.1435678749111585,,NO
6c9b4d50-29ea-449a-ad71-1c0c4c3be48e,SOLV,NYSE,2024-04-01,2026-08-11,593,593,814,814,0.4214641080312722,2025-04-02,YES
bf53ad58-b0f6-452d-916f-ce8b19d67216,SON,NYSE,2021-01-04,2026-08-11,1404,1404,3,3,0.997867803837953,2022-01-03,YES
b5065e29-6c3c-4b69-84e5-67825565ddaf,SONM,NASDAQ,2021-01-04,2026-08-11,1383,1084,24,323,0.9829424307036247,2022-01-03,YES
3171a059-104b-4e3e-a38c-8fe95849bfda,SONO,NASDAQ,2021-01-04,2026-08-11,1407,1407,0,0,1.0,2022-01-03,YES
24aab999-f45a-4a6f-9a96-df5ae2c629e4,SOPH,NASDAQ,2021-07-23,2026-08-11,1264,1187,143,220,0.898365316275764,2022-07-25,YES
d6766384-1211-4460-aa7c-59924db1283a,SOR,NYSE,2021-01-04,2026-08-11,1220,683,187,724,0.8670931058990761,2022-01-03,YES
c8525e8d-9b9f-40bd-93ae-861018fb3e36,SORA,NASDAQ,2025-04-02,2026-08-11,341,168,1066,1239,0.24235963041933192,2026-04-10,YES
752d4bbe-d0d4-4072-8258-461e8497b2f3,SORN,NASDAQ,2026-03-04,2026-08-11,111,6,1296,1401,0.07889125799573561,,NO
a7d3359e-abae-4e03-96ac-8860346345e2,SOS,NYSE,2021-01-04,2026-08-11,1404,1130,3,277,0.997867803837953,2022-01-03,YES
f5992715-0e82-40d5-9377-a4ee8cbaab62,SOTK,NASDAQ,2021-09-01,2026-08-11,1151,593,256,814,0.8180525941719972,2022-09-08,YES
9d74c0f5-f4b7-4052-8350-74b6f5700c1a,SOUL,NYSE,2025-05-23,2026-08-11,305,44,1102,1363,0.21677327647476902,2026-06-03,YES
62c804b9-cde2-4142-bce7-419a3a206c7d,SOUN,NASDAQ,2022-04-28,2026-08-11,1075,1075,332,332,0.7640369580668088,2023-05-01,YES
ec8a1e1d-302b-4ae5-93cc-48421c33a439,SOWG,NASDAQ,2024-05-02,2026-08-11,570,481,837,926,0.4051172707889126,2025-05-06,YES
a49e7ed9-21bd-4f43-a571-2b67f261d81c,SPAI,NASDAQ,2024-08-28,2026-08-11,489,447,918,960,0.34754797441364604,2025-09-02,YES
b3c01e23-4186-4a75-9c5e-ed1194532671,SPB,NYSE,2021-01-04,2026-08-11,1404,1404,3,3,0.997867803837953,2022-01-03,YES
ce70b145-c7c3-4e55-b37f-426c42201039,SPCB,NASDAQ,2021-01-04,2026-08-11,1341,1194,66,213,0.9530916844349681,2022-01-04,YES
8158869b-a3ad-4ec2-9082-1bb195a6782a,SPCE,NYSE,2021-01-04,2026-08-11,1404,1404,3,3,0.997867803837953,2022-01-03,YES
488f7dd3-92b5-4d53-8611-3f2289b90846,SPEG,NASDAQ,2025-09-18,2026-08-11,225,11,1182,1396,0.15991471215351813,,NO
6de683bc-0852-44d1-8d2c-e6faf33282ed,SPFI,NASDAQ,2021-01-04,2026-08-11,1335,1252,72,155,0.9488272921108742,2022-01-03,YES
abda5459-cb41-44a7-85bb-c94d32ea7d93,SPG,NYSE,2021-01-04,2026-08-11,1404,1404,3,3,0.997867803837953,2022-01-03,YES
10f7d07f-0811-42bf-a780-b4d4cb53eb91,SPGI,NYSE,2021-01-04,2026-08-11,1404,1404,3,3,0.997867803837953,2022-01-03,YES
58beef20-84ee-4ee7-89f2-2c79b6d0c8d7,SPH,NYSE,2021-01-04,2026-08-11,1404,1402,3,5,0.997867803837953,2022-01-03,YES
ccfc8c33-348d-4b2d-b83c-e485113d2fba,SPHL,NASDAQ,2024-10-17,2026-08-11,454,312,953,1095,0.3226723525230988,2025-10-21,YES
c9fc919f-65dc-4fc0-b322-2a811ae55991,SPHR,NYSE,2023-04-21,2026-08-11,829,828,578,579,0.5891968727789624,2024-04-23,YES
1ee851a8-9454-4d5c-8e26-f0321b6eb451,SPIR,NYSE,2021-01-05,2026-08-11,1392,1389,15,18,0.9893390191897654,2022-01-04,YES
d003ec42-a014-4e80-a1eb-ccf344f8007e,SPKL,NASDAQ,2023-11-27,2026-08-11,678,116,729,1291,0.48187633262260127,2024-12-10,YES
ae381888-383e-4310-bc8c-450754cbda24,SPMC,NYSE,2024-06-14,2026-08-11,540,366,867,1041,0.3837953091684435,2025-06-18,YES
eea32630-0fda-496b-89df-cb9558bff431,SPNT,NYSE,2021-01-04,2026-08-11,1404,1404,3,3,0.997867803837953,2022-01-03,YES
dd553d9c-9bb1-49c7-abc1-278352afbd73,SPOK,NASDAQ,2021-01-04,2026-08-11,1406,1405,1,2,0.9992892679459844,2022-01-03,YES
39a26dc1-927a-4590-b103-b8068a013e7f,SPOT,NYSE,2021-01-04,2026-08-11,1404,1404,3,3,0.997867803837953,2022-01-03,YES
5e53fea0-12c8-4682-8921-9f589cfd16e3,SPPL,NASDAQ,2023-09-13,2026-08-11,730,409,677,998,0.5188343994314144,2024-09-19,YES
170c7ede-5f37-4b27-bc2a-3f1ab960ed07,SPRB,NASDAQ,2021-01-04,2026-08-11,1379,1163,28,244,0.9800995024875622,2022-01-03,YES
f8837a28-9112-4db7-8c54-b00606606243,SPRC,NASDAQ,2021-12-28,2026-08-11,1102,879,305,528,0.783226723525231,2022-12-28,YES
f3cf7539-0062-497f-b299-3126fe40019c,SPRO,NASDAQ,2021-01-04,2026-08-11,1406,1387,1,20,0.9992892679459844,2022-01-03,YES
d717c323-e380-4924-bbcc-5a22f79049e0,SPRU,NYSE,2021-01-04,2026-08-11,1404,1327,3,80,0.997867803837953,2022-01-03,YES
6058c928-a6c6-4f43-8868-1789a4bb429d,SPRY,NASDAQ,2021-01-04,2026-08-11,1407,1406,0,1,1.0,2022-01-03,YES
dd043480-104a-4410-9606-00b8fcc33e4c,SPSC,NASDAQ,2021-01-04,2026-08-11,1407,1407,0,0,1.0,2022-01-03,YES
aa8eeae7-e6f7-4951-a7e9-90d9458bb01f,SPT,NASDAQ,2021-01-04,2026-08-11,1407,1407,0,0,1.0,2022-01-03,YES
2cfcaa89-5072-4467-b68f-f12fe77fd32f,SPTX,NASDAQ,2026-05-01,2026-08-11,70,70,1337,1337,0.04975124378109453,,NO
3ec017af-f24f-4460-a224-f14385931a4a,SPWH,NASDAQ,2021-01-04,2026-08-11,1407,1407,0,0,1.0,2022-01-03,YES
f90a7947-3e43-4da5-85a0-920beddee1f6,SPWR,NASDAQ,2021-05-04,2026-08-11,1083,879,324,528,0.7697228144989339,2022-06-10,YES
01eb3458-09e8-4f26-b7ca-d3e23c62f085,SPXC,NYSE,2021-01-04,2026-08-11,1404,1404,3,3,0.997867803837953,2022-01-03,YES
d26c3a40-21fc-4ec8-a37c-da504ffe5ad5,SQM,NYSE,2021-01-04,2026-08-11,1404,1404,3,3,0.997867803837953,2022-01-03,YES
791a6ebc-7b43-413b-becd-f32453dd99d4,SQQQ,NASDAQ,2021-01-04,2026-08-11,1407,1407,0,0,1.0,2022-01-03,YES
85f6090d-4612-4b0e-9e26-82f5d5fcc194,SR,NYSE,2021-01-04,2026-08-11,1404,1404,3,3,0.997867803837953,2022-01-03,YES
9d435599-b0fa-40f0-a68e-0eacb4b4524b,SRAD,NASDAQ,2021-09-14,2026-08-11,1232,1232,175,175,0.8756218905472637,2022-09-14,YES
7aca7ef6-d454-47fc-b2a5-ed49e7ba4928,SRBK,NASDAQ,2023-09-20,2026-08-11,725,590,682,817,0.5152807391613362,2024-09-20,YES
3b548756-eb80-4567-a587-b17d7725feff,SRCE,NASDAQ,2021-01-04,2026-08-11,1403,1393,4,14,0.9971570717839374,2022-01-03,YES
8deb7c67-def6-49e9-aace-9d628260a100,SRE,NYSE,2021-01-04,2026-08-11,1404,1404,3,3,0.997867803837953,2022-01-03,YES
3d276a07-55cc-4880-a70e-fb6193ac3178,SRFM,NYSE,2023-07-27,2026-08-11,763,734,644,673,0.5422885572139303,2024-07-29,YES
e0785836-1528-47b3-8adf-82e87625e9d5,SRG,NYSE,2021-01-04,2026-08-11,1404,1404,3,3,0.997867803837953,2022-01-03,YES
d2200aa6-f210-474d-a67c-ccf7e8d8cc49,SRI,NYSE,2021-01-04,2026-08-11,1404,1402,3,5,0.997867803837953,2022-01-03,YES
22e35cb4-08d7-4db6-b9d6-afec740d887a,SRL,NYSE,2021-01-04,2026-08-11,1158,447,249,960,0.8230277185501066,2022-01-12,YES
cef3c4eb-f7ca-4a95-9d52-8ae931a65e93,SRPT,NASDAQ,2021-01-04,2026-08-11,1407,1406,0,1,1.0,2022-01-03,YES
ebb7cc58-30ae-4218-9c4d-7180756c2a82,SRRK,NASDAQ,2021-01-04,2026-08-11,1407,1407,0,0,1.0,2022-01-03,YES
00e089db-65ff-449a-9903-982f4964a4b7,SRTA,NASDAQ,2021-01-04,2026-08-11,1407,1407,0,0,1.0,2022-01-03,YES
b3cb8fa1-a2a8-4d5a-b51f-2a0f3128e246,SRTS,NASDAQ,2021-01-05,2026-08-11,1320,1281,87,126,0.9381663113006397,2022-01-04,YES
b1472a23-43d4-4e61-b86c-4bc900017762,SRXH,AMEX,2021-06-29,2026-08-11,1260,1041,147,366,0.8955223880597015,2022-06-29,YES
1558bf7c-1bb4-4776-bf07-59e72d67d3ed,SRZN,NASDAQ,2021-01-12,2026-08-11,1256,874,151,533,0.892679459843639,2022-01-11,YES
aabbe3f1-4e53-4e41-bc80-8dfe22a5080c,SSB,NYSE,2021-01-04,2026-08-11,1407,1407,0,0,1.0,2022-01-03,YES
8de37e51-fe15-4561-a5b4-b107c29ff69d,SSBI,NASDAQ,2021-01-04,2026-08-11,1163,436,244,971,0.8265813788201848,2022-01-03,YES
41cfd427-c6d9-4351-b765-132c02b843a2,SSD,NYSE,2021-01-04,2026-08-11,1404,1404,3,3,0.997867803837953,2022-01-03,YES
2ffcb930-a987-4c9e-9d63-e5e2e9bb280e,SSEA,NASDAQ,2025-10-08,2026-08-11,211,15,1196,1392,0.1499644633972992,,NO
9cadd317-a73d-468f-80e9-8b1c5d19099a,SSII,NASDAQ,2025-04-25,2026-08-11,325,279,1082,1128,0.23098791755508175,2026-04-28,YES
7968515a-d03e-4146-b474-ade8d291185c,SSL,NYSE,2021-01-04,2026-08-11,1404,1404,3,3,0.997867803837953,2022-01-03,YES
4e33f72d-1236-4da6-b80e-5d25f49b0df5,SSM,NASDAQ,2025-09-08,2026-08-11,233,64,1174,1343,0.1656005685856432,,NO
fa6fbf4c-74c9-4782-b28a-62c89d4c5254,SSMR,NYSE,2026-06-04,2026-08-11,47,47,1360,1360,0.033404406538734895,,NO
15a28aa4-b8f1-4f46-82af-c073ffe0a74f,SSNC,NASDAQ,2021-01-04,2026-08-11,1407,1407,0,0,1.0,2022-01-03,YES
0e12bdfc-ab30-46f8-9228-8b38b409fd1b,SSP,NASDAQ,2021-01-04,2026-08-11,1407,1407,0,0,1.0,2022-01-03,YES
9be4b973-c219-459f-880a-d74a3c8d7c43,SSRM,NASDAQ,2021-01-04,2026-08-11,1407,1407,0,0,1.0,2022-01-03,YES
601c6af5-da4b-4f14-be75-4ea87f81c973,SST,NYSE,2021-01-04,2026-08-11,1365,1278,42,129,0.9701492537313433,2022-01-03,YES
81b3befb-1656-4ffd-8fb4-724d942514b8,SSTI,NASDAQ,2021-01-04,2026-08-11,1403,1385,4,22,0.9971570717839374,2022-01-03,YES
32fd1a70-fbdb-4057-8856-4b3c2efbc888,SSTK,NYSE,2021-01-04,2026-08-11,1404,1404,3,3,0.997867803837953,2022-01-03,YES
9c549061-23f4-478e-91c8-b1cb53899775,SSYS,NASDAQ,2021-01-04,2026-08-11,1407,1407,0,0,1.0,2022-01-03,YES
f9b392b1-05f5-4c55-a794-7ae73af13abd,ST,NYSE,2021-01-04,2026-08-11,1404,1404,3,3,0.997867803837953,2022-01-03,YES
e5ca3548-7d64-4b92-9ff5-dc5a633eb34e,STAA,NASDAQ,2021-01-04,2026-08-11,1407,1407,0,0,1.0,2022-01-03,YES
b8af6911-613b-4c40-9929-ac7939a33959,STAG,NYSE,2021-01-04,2026-08-11,1404,1404,3,3,0.997867803837953,2022-01-03,YES
0e84459b-58f3-48b9-ab37-d1fd486bf569,STAK,NASDAQ,2025-02-26,2026-08-11,366,306,1041,1101,0.2601279317697228,2026-02-27,YES
feceed05-1ef4-44ba-9c92-8e26f314fa94,STBA,NASDAQ,2021-01-04,2026-08-11,1407,1406,0,1,1.0,2022-01-03,YES
2345f169-4ee0-42e2-bad7-6e93fdc50a96,STC,NYSE,2021-01-04,2026-08-11,1404,1404,3,3,0.997867803837953,2022-01-03,YES
9fe1d7cd-5176-4f4a-bfe2-ff0a05cdde37,STDN,NYSE,2026-07-16,2026-08-11,19,19,1388,1388,0.013503909026297086,,NO
0a0f4996-3d85-43da-8305-4d208a75d7b4,STE,NYSE,2021-01-04,2026-08-11,1404,1404,3,3,0.997867803837953,2022-01-03,YES
250d92a6-4a3e-4bd3-95a3-56e2056c39ee,STEM,NYSE,2021-01-04,2026-08-11,1404,1404,3,3,0.997867803837953,2022-01-03,YES
6c13b139-b58e-47e5-9281-60a4fbfb98d5,STEP,NASDAQ,2021-01-04,2026-08-11,1407,1407,0,0,1.0,2022-01-03,YES
7f1d8f5b-8f72-4b13-bdaa-e281f0f4f889,STEX,NASDAQ,2024-10-23,2026-08-11,450,434,957,973,0.31982942430703626,2025-10-27,YES
c32df4af-558d-4772-ba6a-260b01ce43a8,STFS,NASDAQ,2024-10-11,2026-08-11,458,390,949,1017,0.32551528073916136,2025-10-15,YES
feeeed18-ea28-4d83-80ff-6d3d188e71d9,STGW,NASDAQ,2021-01-04,2026-08-11,1407,1407,0,0,1.0,2022-01-03,YES
1699ae93-a956-47d8-822c-cddd5705584f,STHO,NASDAQ,2023-03-30,2026-08-11,844,812,563,595,0.5998578535891969,2024-04-02,YES
d4c68067-beed-4d63-ab78-8fcbd6f53af5,STI,NASDAQ,2022-06-08,2026-08-11,1028,659,379,748,0.7306325515280739,2023-06-15,YES
f652dfb5-873f-4dd4-8e04-8bf9bae57cb2,STIM,NASDAQ,2021-01-04,2026-08-11,1407,1394,0,13,1.0,2022-01-03,YES
bb376065-5baf-4364-a3ad-847288e9868e,STKE,NASDAQ,2025-09-09,2026-08-11,232,224,1175,1183,0.1648898365316276,,NO
d1209f00-cff3-484a-8e51-e03f32b821b4,STKS,NASDAQ,2021-01-04,2026-08-11,1403,1378,4,29,0.9971570717839374,2022-01-03,YES
7524ae7a-1468-4e97-a5de-9f8bf0a29858,STLA,NYSE,2021-01-04,2026-08-11,1404,1404,3,3,0.997867803837953,2022-01-03,YES
4cbeae28-abb2-4b2c-9fc2-acd8cae641d9,STLD,NASDAQ,2021-01-04,2026-08-11,1407,1407,0,0,1.0,2022-01-03,YES
d7f66570-423a-48b5-8361-7769ab2d67fe,STLN,NASDAQ,2021-01-04,2026-08-11,1288,1258,119,149,0.9154228855721394,2022-01-03,YES
b24553aa-e1ce-4474-88ab-3ddd3f9dfa28,STM,NYSE,2021-01-04,2026-08-11,1404,1404,3,3,0.997867803837953,2022-01-03,YES
2c918fe2-27cb-4ce6-ac54-27f4765141af,STN,NYSE,2021-01-04,2026-08-11,1398,1395,9,12,0.9936034115138592,2022-01-03,YES
fab07980-45f8-4bcc-852b-90b9b1b5a0b9,STNE,NASDAQ,2021-01-04,2026-08-11,1407,1407,0,0,1.0,2022-01-03,YES
3866def6-d71b-4c63-8fb9-fc32f7bccfc0,STNG,NYSE,2021-01-04,2026-08-11,1404,1404,3,3,0.997867803837953,2022-01-03,YES
0bfebe0f-4eb6-4c22-99c8-4fe2fca99067,STOK,NASDAQ,2021-01-04,2026-08-11,1407,1407,0,0,1.0,2022-01-03,YES
0f15a015-738d-4e4d-b890-cf9ff81b470b,STRA,NASDAQ,2021-01-04,2026-08-11,1407,1405,0,2,1.0,2022-01-03,YES
60fa3c1f-5d80-4a33-8234-b801619e2770,STRL,NASDAQ,2021-01-04,2026-08-11,1407,1407,0,0,1.0,2022-01-03,YES
7e616e72-51fd-434e-8072-c753dd80afa1,STRO,NASDAQ,2021-01-04,2026-08-11,1407,1407,0,0,1.0,2022-01-03,YES
d81728c8-756b-4a28-a16d-5ccba54854e9,STRR,NASDAQ,2021-01-04,2026-08-11,1235,552,172,855,0.8777540867093105,2022-01-03,YES
8a567f2b-fef2-4974-8636-54b6289961fc,STRT,NASDAQ,2021-01-04,2026-08-11,1310,1044,97,363,0.9310589907604833,2022-01-03,YES
df78d737-1f1d-4396-8c01-d6146503e67d,STRW,AMEX,2023-02-24,2026-08-11,868,522,539,885,0.6169154228855721,2024-04-19,YES
ebbebb06-4431-4743-92e8-9a4d422117d2,STRZ,NASDAQ,2025-05-07,2026-08-11,317,317,1090,1090,0.22530206112295664,2026-05-08,YES
38d1f1ae-38a3-49fc-bcb7-909d0011ef26,STT,NYSE,2021-01-04,2026-08-11,1404,1404,3,3,0.997867803837953,2022-01-03,YES
ab0cb1d5-57b1-48b1-9270-71867abab891,STTK,NASDAQ,2021-01-04,2026-08-11,1407,1366,0,41,1.0,2022-01-03,YES
ab8b10d1-9fef-42b9-bc2d-41bbb64ed275,STUB,NYSE,2025-09-17,2026-08-11,226,226,1181,1181,0.16062544420753375,,NO
2cfc8ec4-7a32-4c32-8af5-08049d4fa617,STVN,NYSE,2021-07-16,2026-08-11,1271,1271,136,136,0.9033404406538735,2022-07-18,YES
b74ff3ea-545f-49e2-91ad-cd4e205642a4,STX,NASDAQ,2021-01-04,2026-08-11,1407,1407,0,0,1.0,2022-01-03,YES
631e158c-4c83-46fe-b37e-7e8eb4930a4d,STXS,AMEX,2021-01-04,2026-08-11,1407,1401,0,6,1.0,2022-01-03,YES
b459fd90-e740-4de1-b2e2-ecf548a51faf,STZ,NYSE,2021-01-04,2026-08-11,1404,1404,3,3,0.997867803837953,2022-01-03,YES
c957d5c0-829d-413f-842c-a295d465f1d0,SU,NYSE,2021-01-04,2026-08-11,1404,1404,3,3,0.997867803837953,2022-01-03,YES
941d9e32-ca70-420e-86c8-1f4e6fefcbf3,SUGP,NASDAQ,2024-01-24,2026-08-11,639,399,768,1008,0.4541577825159915,2025-01-29,YES
4f89f476-052b-4206-b2a1-1e5b54010a87,SUI,NYSE,2021-01-04,2026-08-11,1404,1404,3,3,0.997867803837953,2022-01-03,YES
cb19dae3-1c01-458b-babf-617bea638090,SUIG,NASDAQ,2022-08-09,2026-08-11,1005,489,402,918,0.7142857142857143,2023-08-23,YES
c3a2a81a-292c-42a9-a240-2c80625d73ac,SUJA,NASDAQ,2026-05-07,2026-08-11,66,66,1341,1341,0.046908315565031986,,NO
f33b00a9-ed70-4949-ae1d-c08eb53b704c,SUMA,NASDAQ,2026-04-21,2026-08-11,78,12,1329,1395,0.05543710021321962,,NO
56d34b60-7ea9-4c92-8a98-34c035191acf,SUN,NYSE,2021-01-04,2026-08-11,1404,1403,3,4,0.997867803837953,2022-01-03,YES
d90e76ca-e726-4c14-8107-5ab4e3167235,SUNB,NYSE,2026-03-02,2026-08-11,113,113,1294,1294,0.08031272210376687,,NO
26cdb6f7-4c19-44cb-9a01-2668b0e58d78,SUNC,NYSE,2025-11-06,2026-08-11,190,190,1217,1217,0.13503909026297087,,NO
5484b28f-0ec8-46bc-b046-5d07929913f0,SUNE,NASDAQ,2021-01-06,2026-08-11,1306,1158,101,249,0.9282160625444208,2022-01-05,YES
e11c2f55-5d08-4091-8873-373c47f7cdd7,SUPN,NASDAQ,2021-01-04,2026-08-11,1407,1407,0,0,1.0,2022-01-03,YES
e01d5a5b-983e-4d66-90b7-407854799f1d,SUPV,NYSE,2021-01-04,2026-08-11,1403,1389,4,18,0.9971570717839374,2022-01-03,YES
6e96450a-413c-478d-8e18-fe0c2c65c917,SUPX,NASDAQ,2024-04-17,2026-08-11,581,482,826,925,0.4129353233830846,2025-04-21,YES
70bdebe9-2553-4d49-8e6f-15af61aabbbc,SURG,NASDAQ,2021-11-02,2026-08-11,1187,1161,220,246,0.84363894811656,2022-11-02,YES
58e6752b-80d8-4ee2-a2e0-1f1327540628,SVA,NASDAQ,,,0,0,1407,1407,0.0,,NO
47fb75f0-a057-467f-a7c9-2e67ac005a30,SVAQ,NASDAQ,2026-02-19,2026-08-11,120,19,1287,1388,0.08528784648187633,,NO
2c59a7fd-0682-4612-b21b-34a536079cc6,SVCC,NASDAQ,2025-04-11,2026-08-11,334,17,1073,1390,0.23738450604122247,,NO
d14024e6-0176-4bc5-8d25-ddab47ea92ed,SVCO,NASDAQ,2024-05-09,2026-08-11,565,565,842,842,0.4015636105188344,2025-05-13,YES
34d900e3-4ff7-4972-a3e9-6799acf91cb9,SVIV,NASDAQ,2026-03-13,2026-08-11,104,8,1303,1399,0.07391613361762615,,NO
a0019854-a514-47a4-b666-a18a2b7b949d,SVM,AMEX,2021-01-04,2026-08-11,1407,1407,0,0,1.0,2022-01-03,YES
58383ffc-6a67-42b9-a219-d5ee3478d0e3,SVRA,NASDAQ,2021-01-04,2026-08-11,1396,1381,11,26,0.992181947405828,2022-01-03,YES
05688a5a-ce56-4d5c-b71e-ab16e5bbcd07,SVRN,NASDAQ,2021-11-30,2026-08-11,1162,819,245,588,0.8258706467661692,2022-11-30,YES
934ff9fb-5b76-46b1-8ca9-714877cd98af,SVV,NYSE,2023-06-29,2026-08-11,782,782,625,625,0.5557924662402275,2024-07-01,YES
1ec7fc10-f3bb-4084-bc31-6ffb733139c6,SW,NYSE,2021-01-04,2026-08-11,1404,1404,3,3,0.997867803837953,2022-01-03,YES
efe94605-3ff2-41da-ac64-a1bff7da17a4,SWAG,NASDAQ,2021-11-09,2026-08-11,1189,804,218,603,0.8450604122245914,2022-11-11,YES
5112698f-fc74-4c24-a86c-87e03db2a391,SWBI,NASDAQ,2021-01-04,2026-08-11,1407,1407,0,0,1.0,2022-01-03,YES
7240b67b-f27d-4b45-a41f-7911197a20c8,SWIM,NASDAQ,2021-04-23,2026-08-11,1331,1331,76,76,0.9459843638948117,2022-04-22,YES
de80af50-a26c-4a70-b1cb-3b4784d7cdde,SWK,NYSE,2021-01-04,2026-08-11,1404,1404,3,3,0.997867803837953,2022-01-03,YES
b2b91a9b-3ecd-45ed-bf53-1f7d0613e1e8,SWKS,NASDAQ,2021-01-04,2026-08-11,1407,1407,0,0,1.0,2022-01-03,YES
a7be2145-8dae-4a23-9e3d-0e052d6d6815,SWMR,NASDAQ,2026-03-17,2026-08-11,102,102,1305,1305,0.07249466950959488,,NO
9b4f9582-ef66-436e-8d64-73574947b0d6,SWVL,NASDAQ,2021-03-17,2026-08-11,1262,857,145,550,0.8969438521677328,2022-03-22,YES
f1d7daf9-e46e-457c-b4e6-500e521d7c85,SWX,NYSE,2021-01-04,2026-08-11,1404,1403,3,4,0.997867803837953,2022-01-03,YES
cbb262e4-6eb5-4f1f-bf2d-31278a5ba817,SXC,NYSE,2021-01-04,2026-08-11,1404,1404,3,3,0.997867803837953,2022-01-03,YES
666901d0-0343-406d-b68a-98a1b3f05e36,SXI,NYSE,2021-01-04,2026-08-11,1400,1360,7,47,0.9950248756218906,2022-01-03,YES
18714578-8927-453e-8cad-9541e779b97c,SXT,NYSE,2021-01-04,2026-08-11,1404,1404,3,3,0.997867803837953,2022-01-03,YES
f14601b4-4ed2-4e71-8f0c-8069ada94412,SXTC,NASDAQ,2021-01-04,2026-08-11,1336,1071,71,336,0.9495380241648899,2022-01-04,YES
36bef29a-818c-41ff-8875-e13f9e452103,SXTP,NASDAQ,2023-07-12,2026-08-11,774,626,633,781,0.5501066098081023,2024-07-12,YES
d6753bb8-2446-4da3-a422-165446e95f19,SY,NASDAQ,2021-01-04,2026-08-11,1407,1301,0,106,1.0,2022-01-03,YES
9e507ea8-6ffa-422a-9183-b30a2b5edf65,SYBT,NASDAQ,2021-01-04,2026-08-11,1405,1401,2,6,0.9985785358919688,2022-01-03,YES
981f70e6-3263-46df-ae90-283910e259c8,SYF,NYSE,2021-01-04,2026-08-11,1404,1404,3,3,0.997867803837953,2022-01-03,YES
1c8746ac-5a25-4456-95e1-970ae6ade43c,SYK,NYSE,2021-01-04,2026-08-11,1404,1404,3,3,0.997867803837953,2022-01-03,YES
a8a8528e-6704-4391-914a-6cd3166c8298,SYM,NASDAQ,2021-03-09,2026-08-11,1269,1269,138,138,0.9019189765458422,2022-03-11,YES
a931512b-7d66-4523-af37-56e284c6ce8a,SYNA,NASDAQ,2021-01-04,2026-08-11,1407,1407,0,0,1.0,2022-01-03,YES
f6dc5a14-071a-4558-8c4c-5dd44aea058e,SYNX,AMEX,2024-01-12,2026-08-11,646,358,761,1049,0.4591329068941009,2025-01-21,YES
aedab71c-f6d2-410c-ae34-f3b546593a38,SYPR,NASDAQ,2021-01-04,2026-08-11,1362,927,45,480,0.9680170575692963,2022-01-03,YES
9b4616ca-3844-4c66-826b-694c6677c4ca,SYRE,NASDAQ,2021-01-04,2026-08-11,1407,1389,0,18,1.0,2022-01-03,YES
090b7913-4370-43eb-a42c-9af8400bc09d,SYY,NYSE,2021-01-04,2026-08-11,1404,1404,3,3,0.997867803837953,2022-01-03,YES
a3e88c6b-b659-4df3-aa20-586eb901c8ee,SZZL,NASDAQ,2022-02-17,2026-08-11,724,123,683,1284,0.5145700071073206,2023-02-21,YES
2d6ed211-6d9b-46d9-b9d5-d3f8b453fd9a,T,NYSE,2021-01-04,2026-08-11,1404,1404,3,3,0.997867803837953,2022-01-03,YES
1a9b6668-863b-46d4-806e-8d386dd1eaaf,TAC,NYSE,2021-01-04,2026-08-11,1404,1404,3,3,0.997867803837953,2022-01-03,YES
cc0774f3-c4ac-41b5-89dd-98b8decccba1,TACH,NASDAQ,2025-06-05,2026-08-11,297,37,1110,1370,0.21108742004264391,2026-06-09,YES
529ffa62-353b-438d-bbbb-a50b2f5f5252,TACO,NASDAQ,2021-01-04,2026-08-11,593,466,814,941,0.4214641080312722,2022-01-03,YES
62edb5a8-a76c-4447-84f6-7d97975e6081,TACT,NASDAQ,2021-01-04,2026-08-11,1306,878,101,529,0.9282160625444208,2022-01-03,YES
0a52db3d-410d-47b6-afb9-7262821ad980,TAL,NYSE,2021-01-04,2026-08-11,1404,1404,3,3,0.997867803837953,2022-01-03,YES
b8307acc-1f0c-4482-8069-8eeb1ab1e71d,TALK,NASDAQ,2021-01-04,2026-08-11,1407,1404,0,3,1.0,2022-01-03,YES
8e44c7ab-183e-48ae-b5d5-8f3685209080,TALO,NYSE,2021-01-04,2026-08-11,1404,1404,3,3,0.997867803837953,2022-01-03,YES
b0c54299-96ec-4b4a-8a20-843e65266651,TANH,NASDAQ,2021-01-04,2026-08-11,1359,1099,48,308,0.9658848614072495,2022-01-03,YES
c39c1834-5be6-42ca-8e98-7777a16ff91b,TAOP,NASDAQ,2021-01-04,2026-08-11,1338,881,69,526,0.9509594882729211,2022-01-03,YES
2815a946-533f-464c-91ac-a2dffa1593aa,TAOX,NASDAQ,2021-06-07,2026-08-11,1290,1051,117,356,0.9168443496801706,2022-06-06,YES
bf5d1b34-b1df-42e4-8878-db44df226bd3,TAP,NYSE,2021-01-04,2026-08-11,1404,1404,3,3,0.997867803837953,2022-01-03,YES
ec29676a-9e53-4f49-a2df-0a63428de50d,TARA,NASDAQ,2021-01-04,2026-08-11,1385,1235,22,172,0.984363894811656,2022-01-03,YES
972a5186-ecab-4167-b45d-a010d8eacd20,TARS,NASDAQ,2021-01-04,2026-08-11,1380,1380,27,27,0.9808102345415778,2022-01-03,YES
296e340f-4e09-4e5a-b24f-2d3d1bd17bbe,TASK,NASDAQ,2021-06-11,2026-08-11,1297,1297,110,110,0.92181947405828,2022-06-10,YES
c9f4fd2c-bdb4-4df1-87a1-16657bf6485f,TATT,NASDAQ,2021-01-04,2026-08-11,1176,774,231,633,0.835820895522388,2022-01-03,YES
e7d0dbea-60b2-4187-9e85-1dc341e19af1,TAVI,NASDAQ,2025-01-23,2026-08-11,389,39,1018,1368,0.27647476901208246,2026-07-01,YES
28aac1c6-29ce-469b-a99e-4360f162dce6,TAYD,NASDAQ,2021-01-04,2026-08-11,1109,642,298,765,0.7882018479033405,2022-04-04,YES
61926e8f-4580-4d04-bbba-e14a22b7884c,TBBB,NYSE,2024-02-09,2026-08-11,627,627,780,780,0.44562899786780386,2025-02-12,YES
7ef0a3fa-7cf9-4d60-9c40-c48670bb4076,TBBK,NASDAQ,2021-01-04,2026-08-11,1407,1407,0,0,1.0,2022-01-03,YES
c886adde-83a4-42a7-a17a-b6db4f304374,TBCH,NASDAQ,2021-01-04,2026-08-11,1407,1407,0,0,1.0,2022-01-03,YES
47c4b3c1-0c6d-4c71-97cf-088dcf04f534,TBI,NYSE,2021-01-04,2026-08-11,1404,1404,3,3,0.997867803837953,2022-01-03,YES
aa741953-8dea-4a21-a9a1-fdfa2a93f72c,TBLA,NASDAQ,2021-01-04,2026-08-11,1406,1406,1,1,0.9992892679459844,2022-01-03,YES
09a1060f-3bcc-43ab-b311-9689130ffde3,TBN,NYSE,2024-06-27,2026-08-11,532,402,875,1005,0.3781094527363184,2025-07-03,YES
3d817ac1-7a23-4c8c-b2f6-d2b8f3ccc185,TBPH,NASDAQ,2021-01-04,2026-08-11,1407,1407,0,0,1.0,2022-01-03,YES
4d14ddd5-2754-40ab-839b-fdbd25685c63,TCBI,NASDAQ,2021-01-04,2026-08-11,1407,1407,0,0,1.0,2022-01-03,YES
7268210c-2f76-496c-969e-11e9d1282bca,TCBK,NASDAQ,2021-01-04,2026-08-11,1407,1404,0,3,1.0,2022-01-03,YES
bc97a8a5-3c6f-488a-b1d2-2119efdf1984,TCBS,NASDAQ,2021-07-16,2026-08-11,1069,195,338,1212,0.759772565742715,2022-08-25,YES
43c88fd3-e807-4f71-a6e8-f825799fa3f2,TCBX,NYSE,2021-11-09,2026-08-11,1187,1102,220,305,0.84363894811656,2022-11-09,YES
666cde48-c303-43d1-89c3-67a6f11d1832,TCGX,NASDAQ,2026-08-05,2026-08-11,5,5,1402,1402,0.0035536602700781805,,NO
782fd5fb-ddac-4c05-90ed-857ee15dcf4c,TCI,NYSE,2021-01-11,2026-08-11,1117,258,290,1149,0.7938877043354655,2022-02-02,YES
a708ea95-a9be-42d0-8cec-08a970fdeaa0,TCMD,NASDAQ,2021-01-04,2026-08-11,1407,1407,0,0,1.0,2022-01-03,YES
8952d20e-2ab0-478c-9cf3-62a0b996f728,TCPC,NASDAQ,2021-01-04,2026-08-11,1407,1406,0,1,1.0,2022-01-03,YES
e2fc63ec-9db9-4e7b-b643-76995cb1f724,TCRT,NASDAQ,2021-01-04,2026-08-11,1407,1193,0,214,1.0,2022-01-03,YES
20c4c5bf-e1fd-4452-ab93-9f121bda8092,TCRX,NASDAQ,2021-07-16,2026-08-11,1249,1179,158,228,0.8877043354655295,2022-07-18,YES
e40fa48e-0403-42dc-ab5e-a5721cc7c188,TCX,NASDAQ,2021-01-04,2026-08-11,1395,1292,12,115,0.9914712153518124,2022-01-03,YES
94feb9d0-bacc-4b3a-9fa7-d372b473c10f,TD,NYSE,2021-01-04,2026-08-11,1404,1404,3,3,0.997867803837953,2022-01-03,YES
587ced69-ffe0-433a-bbe1-c2179518d7f7,TDAC,NASDAQ,2021-01-04,2026-08-11,581,259,826,1148,0.4129353233830846,2026-02-23,YES
0786f19d-c708-48ae-a734-b3f032d541fb,TDAY,NYSE,2021-01-04,2026-08-11,1404,1404,3,3,0.997867803837953,2022-01-03,YES
bfd906ba-cc44-4f8d-bfee-aebc39383717,TDC,NYSE,2021-01-04,2026-08-11,1404,1404,3,3,0.997867803837953,2022-01-03,YES
2e65dd16-9fd7-42c7-aa0f-bd7950f028be,TDG,NYSE,2021-01-04,2026-08-11,1404,1403,3,4,0.997867803837953,2022-01-03,YES
010c94a1-fadb-4674-8adb-ce702bc57093,TDIC,NASDAQ,2025-07-23,2026-08-11,265,213,1142,1194,0.18834399431414356,2026-07-24,YES
d2eb2ae7-fb5e-47d8-a0bf-ff77f0f47f94,TDOC,NYSE,2021-01-04,2026-08-11,1404,1404,3,3,0.997867803837953,2022-01-03,YES
65b13439-7b9e-4d6f-9238-aa5db0c1de56,TDS,NYSE,2021-01-04,2026-08-11,1404,1404,3,3,0.997867803837953,2022-01-03,YES
be3104fb-6e43-4264-a094-cfaf93b80f96,TDTH,NASDAQ,2024-09-10,2026-08-11,481,422,926,985,0.34186211798152094,2025-09-12,YES
1941584b-2476-4360-87c7-c224e31b0a9d,TDUP,NASDAQ,2021-03-26,2026-08-11,1350,1350,57,57,0.9594882729211087,2022-03-25,YES
7ee0ffa5-5832-4d0f-9652-add1825c1416,TDW,NYSE,2021-01-04,2026-08-11,1404,1404,3,3,0.997867803837953,2022-01-03,YES
5ca03de8-3fea-4e4a-bc61-aa5181931dd6,TDWD,NASDAQ,2025-12-12,2026-08-11,165,14,1242,1393,0.11727078891257996,,NO
7e17b48e-68ff-483b-8968-2df4892b4ed4,TDY,NYSE,2021-01-04,2026-08-11,1404,1404,3,3,0.997867803837953,2022-01-03,YES
c365ea70-8b53-4d9b-a08a-93b799b4cab6,TE,NYSE,2021-01-04,2026-08-11,1404,1404,3,3,0.997867803837953,2022-01-03,YES
3e7bc674-17bc-4aac-a91e-9a2bf61519d6,TEAD,NASDAQ,2021-07-23,2026-08-11,1268,1268,139,139,0.9012082444918266,2022-07-25,YES
a2b0a751-7f99-4de9-b58b-803ff9536d04,TEAM,NASDAQ,2021-01-04,2026-08-11,1407,1407,0,0,1.0,2022-01-03,YES
8c7debd9-6b14-44e4-9052-bb2ab5690363,TECH,NASDAQ,2021-01-04,2026-08-11,1407,1407,0,0,1.0,2022-01-03,YES
80d621e5-503a-49fa-a9aa-b833dc5976e8,TECK,NYSE,2021-01-04,2026-08-11,1404,1404,3,3,0.997867803837953,2022-01-03,YES
e1235ba9-7974-433a-ba58-5a968f413ac0,TECX,NASDAQ,2021-01-04,2026-08-11,1406,1384,1,23,0.9992892679459844,2022-01-03,YES
d32092d6-217b-422a-ba18-518f96a57d2a,TEL,NYSE,2021-01-04,2026-08-11,1404,1404,3,3,0.997867803837953,2022-01-03,YES
104e4790-7ae1-4595-a5d1-ef7cf322dca0,TELA,NASDAQ,2021-01-04,2026-08-11,1335,1284,72,123,0.9488272921108742,2022-01-04,YES
9bbcf21c-0ae8-4bf7-9f70-e31a3cf6c8c6,TELO,NASDAQ,2024-02-09,2026-08-11,627,584,780,823,0.44562899786780386,2025-02-12,YES
f03c9188-69bc-4710-b99a-b3316f849772,TEM,NASDAQ,2024-06-14,2026-08-11,540,540,867,867,0.3837953091684435,2025-06-18,YES
3cb5a9a9-4443-4f17-8791-5706f5fb2565,TEN,NYSE,2021-01-04,2026-08-11,1402,1402,5,5,0.9964463397299218,2022-01-03,YES
a11dd4a7-88d0-4f23-8dc5-921f01af0237,TENB,NASDAQ,2021-01-04,2026-08-11,1407,1407,0,0,1.0,2022-01-03,YES
513ccf5f-8637-4f3b-894d-895e54c25acb,TENX,NASDAQ,2021-01-04,2026-08-11,1297,1106,110,301,0.92181947405828,2022-01-03,YES
93995314-efed-4c6c-9420-2c6dda7e594b,TEO,NYSE,2021-01-04,2026-08-11,1403,1396,4,11,0.9971570717839374,2022-01-03,YES
abb494ba-b24a-46bc-b050-2128e3303f60,TER,NASDAQ,2021-01-04,2026-08-11,1407,1407,0,0,1.0,2022-01-03,YES
3b24f873-76a7-4a4f-8654-8ed5372b7dce,TEX,NYSE,2021-01-04,2026-08-11,1404,1404,3,3,0.997867803837953,2022-01-03,YES
0c90392a-7b74-440f-a0a1-125bee898a51,TFC,NYSE,2021-01-04,2026-08-11,1404,1404,3,3,0.997867803837953,2022-01-03,YES
b712aa89-4903-4851-b37a-add65c1f104b,TFII,NYSE,2021-01-04,2026-08-11,1404,1404,3,3,0.997867803837953,2022-01-03,YES
60f5bd8a-1cc4-4b68-9c89-33c130d8e102,TFIN,NYSE,2021-01-04,2026-08-11,1407,1407,0,0,1.0,2022-01-03,YES
853e8867-cca1-48f8-9a3a-8a4472fe76ff,TFPM,NYSE,2022-08-31,2026-08-11,989,952,418,455,0.7029140014214641,2023-09-01,YES
0ce1d066-b9a2-4973-b1db-82fe3e1045ee,TFSL,NASDAQ,2021-01-04,2026-08-11,1407,1407,0,0,1.0,2022-01-03,YES
05c0c15b-5f26-435f-b4b7-18a2a5d3ad0a,TFX,NYSE,2021-01-04,2026-08-11,1404,1404,3,3,0.997867803837953,2022-01-03,YES
689fff98-b1e3-4f5f-b0ce-9fafb5e15e84,TG,NYSE,2021-01-04,2026-08-11,1404,1399,3,8,0.997867803837953,2022-01-03,YES
1833bbb9-9dbe-4d83-a266-4ae1f09fd545,TGB,AMEX,2021-01-04,2026-08-11,1407,1407,0,0,1.0,2022-01-03,YES
ab60a68b-8dd8-48c4-b7f6-64bdbc2d13f8,TGE,NYSE,2024-10-25,2026-08-11,448,270,959,1137,0.31840796019900497,2025-10-29,YES
92805744-a2f4-4211-9bdc-4d09426705f4,TGEN,AMEX,2025-05-06,2026-08-11,318,318,1089,1089,0.2260127931769723,2026-05-07,YES
729bf07d-490a-4eaf-83f3-100c78c000ad,TGHL,NASDAQ,2025-08-28,2026-08-11,239,137,1168,1270,0.16986496090973702,,NO
31c5b3ee-1295-47d6-b1b7-b58a6d06a0f5,TGL,NASDAQ,2022-08-11,2026-08-11,1003,845,404,562,0.7128642501776831,2023-08-14,YES
16ef0dc9-ea4a-46ee-b182-61c1384e5819,TGLS,NYSE,2021-01-04,2026-08-11,1404,1404,3,3,0.997867803837953,2022-01-03,YES
b70be706-b47c-4dbd-a6a7-4e98ea48c42a,TGT,NYSE,2021-01-04,2026-08-11,1404,1404,3,3,0.997867803837953,2022-01-03,YES
b19f159c-0fe9-4899-a7bc-01cc2f3424a5,TGTX,NASDAQ,2021-01-04,2026-08-11,1407,1407,0,0,1.0,2022-01-03,YES
455176c0-f7a1-4a8c-aa58-60c4e99d63d1,TH,NASDAQ,2021-01-04,2026-08-11,1401,1401,6,6,0.9957356076759062,2022-01-03,YES
9c2cabe4-38b6-4d88-820f-442b11864eeb,THC,NYSE,2021-01-04,2026-08-11,1404,1404,3,3,0.997867803837953,2022-01-03,YES
ab73f3f5-2c47-4271-aba2-574316507379,THCH,NASDAQ,2021-03-12,2026-08-11,1190,853,217,554,0.845771144278607,2022-03-11,YES
529bb464-c7a1-4568-86a1-c75a5b2e8dc3,THFF,NASDAQ,2021-01-04,2026-08-11,1407,1378,0,29,1.0,2022-01-03,YES
51910aa3-d0c3-450f-8534-b1f5a7f49cf4,THG,NYSE,2021-01-04,2026-08-11,1404,1404,3,3,0.997867803837953,2022-01-03,YES
228a8724-5828-455b-a070-f2d00a1772f7,THH,NASDAQ,2025-08-29,2026-08-11,238,212,1169,1195,0.1691542288557214,,NO
9382871e-ad2d-4073-83f4-af1970223e4b,THM,AMEX,2021-01-05,2026-08-11,1282,1031,125,376,0.9111584932480455,2022-01-04,YES
8c2f5c0a-bc8f-430d-a9b3-e9eb9ca74d82,THO,NYSE,2021-01-04,2026-08-11,1404,1404,3,3,0.997867803837953,2022-01-03,YES
2ca02423-bc93-44e1-9465-a9cd7ac0ed67,THRM,NASDAQ,2021-01-04,2026-08-11,1407,1407,0,0,1.0,2022-01-03,YES
a97e73cd-dc9b-4511-b709-12d655972367,THRY,NASDAQ,2021-01-04,2026-08-11,1407,1407,0,0,1.0,2022-01-03,YES
e4b58c2d-2be6-41ee-9608-766840903aa6,TIC,NYSE,2025-02-18,2026-08-11,372,370,1035,1037,0.26439232409381663,2026-02-19,YES
32c33169-a79a-4aa3-b4e6-33c95b9b95d4,TIGO,NASDAQ,2021-01-04,2026-08-11,1397,1376,10,31,0.9928926794598436,2022-01-03,YES
d39f772e-b8a9-4c47-9b6f-8a52159410f0,TII,AMEX,2025-11-21,2026-08-11,179,175,1228,1232,0.12722103766879886,,NO
1c9d3548-0ba1-454d-aad5-0c88f2b91139,TIL,NASDAQ,2021-03-19,2026-08-11,1355,1243,52,164,0.9630419331911869,2022-03-18,YES
42f3f177-ab84-4b9e-9a2a-f56f7f356e7d,TILE,NASDAQ,2021-01-04,2026-08-11,1407,1407,0,0,1.0,2022-01-03,YES
8da19db7-805f-4926-89d6-f8aa121e9c37,TIPT,NASDAQ,2021-01-04,2026-08-11,1405,1396,2,11,0.9985785358919688,2022-01-03,YES
1eac7b7f-d14a-46c7-875c-c885c9d051be,TISI,NYSE,2021-01-04,2026-08-11,1404,949,3,458,0.997867803837953,2022-01-03,YES
c30bbc9b-379d-4305-96b7-191d084505b6,TITN,NASDAQ,2021-01-04,2026-08-11,1407,1407,0,0,1.0,2022-01-03,YES
53e62fe7-e2b0-4426-b2ad-b9ccc100bf9b,TJGC,NASDAQ,2025-01-22,2026-08-11,389,227,1018,1180,0.27647476901208246,2026-01-23,YES
1168e42c-a598-4ed9-8371-2033a0f6af54,TJX,NYSE,2021-01-04,2026-08-11,1404,1404,3,3,0.997867803837953,2022-01-03,YES
fba3b296-3656-4381-87dc-a232144224c7,TK,NYSE,2021-01-04,2026-08-11,1404,1404,3,3,0.997867803837953,2022-01-03,YES
e044c486-f84b-45e1-a8d7-9795c7cfe85c,TKNO,NASDAQ,2021-06-25,2026-08-11,1285,1178,122,229,0.9132906894100924,2022-06-27,YES
f3bbbd29-523f-4675-9c7e-fd3a0a945029,TKO,NYSE,2021-01-04,2026-08-11,1404,1404,3,3,0.997867803837953,2022-01-03,YES
911769ca-6242-4a47-b6cc-02bf812d42cb,TKR,NYSE,2021-01-04,2026-08-11,1404,1404,3,3,0.997867803837953,2022-01-03,YES
8dddbdfe-a5c3-4474-b39b-828d4961bae2,TLF,NASDAQ,2022-09-07,2026-08-11,985,282,422,1125,0.7000710732054015,2023-09-14,YES
d7acd7c3-1987-4ce9-8878-ad05cc5f2d40,TLIH,NASDAQ,2025-07-08,2026-08-11,276,207,1131,1200,0.19616204690831557,2026-07-09,YES
54ce9aff-79b4-49c9-bda5-4b31cb55da0f,TLK,NYSE,2021-01-04,2026-08-11,1404,1404,3,3,0.997867803837953,2022-01-03,YES
acc5d0de-08e1-48b3-9d3f-c96f6cc2264e,TLN,NASDAQ,2024-07-10,2026-08-11,524,524,883,883,0.3724235963041933,2025-07-14,YES
48f35436-5c1d-4116-8dc0-ab4376677de5,TLNC,NASDAQ,2025-10-09,2026-08-11,210,21,1197,1386,0.14925373134328357,,NO
75b369c8-939a-46e3-a2a1-80aeeb65b824,TLPH,NASDAQ,2021-01-04,2026-08-11,1399,1220,8,187,0.994314143567875,2022-01-03,YES
297789e1-bacb-4d52-a9af-3702b382d28a,TLRY,NASDAQ,2021-01-04,2026-08-11,1407,1407,0,0,1.0,2022-01-03,YES
1d243ff2-d3b7-47de-bb6f-cfe802fee5ce,TLS,NASDAQ,2021-01-04,2026-08-11,1407,1407,0,0,1.0,2022-01-03,YES
6d6dba62-71c3-40b7-93e2-a087038190c5,TLSA,NASDAQ,2021-01-04,2026-08-11,1355,1144,52,263,0.9630419331911869,2022-01-04,YES
5844e247-81fe-414d-95c3-49f692192b91,TLSI,NASDAQ,2021-02-09,2026-08-11,1221,937,186,470,0.8678038379530917,2022-02-08,YES
e7c62660-02c8-47c7-8016-4919c71aff21,TLYS,NYSE,2021-01-04,2026-08-11,1404,1399,3,8,0.997867803837953,2022-01-03,YES
ae7704eb-08dd-47fd-8e8f-bc92ac44f8ad,TMC,NASDAQ,2021-01-04,2026-08-11,1404,1404,3,3,0.997867803837953,2022-01-03,YES
890fe34d-9597-465a-a521-bbaa25b367d7,TMCI,NASDAQ,2021-04-23,2026-08-11,1331,1330,76,77,0.9459843638948117,2022-04-22,YES
e1fd0964-67f7-4ad3-8c81-23c5aafbb42b,TMCR,NASDAQ,2026-04-08,2026-08-11,87,73,1320,1334,0.06183368869936034,,NO
ea6edbc4-2f02-4d25-ac64-7edb81d6d1e0,TMDE,AMEX,2025-04-21,2026-08-11,329,257,1078,1150,0.23383084577114427,2026-04-22,YES
d98ff8ab-81d3-467a-8ed9-a379493c11e9,TMDX,NASDAQ,2021-01-04,2026-08-11,1405,1405,2,2,0.9985785358919688,2022-01-03,YES
722b2e6d-2b85-4502-8f72-55f199fb3c47,TMO,NYSE,2021-01-04,2026-08-11,1404,1404,3,3,0.997867803837953,2022-01-03,YES
84908056-883a-4859-adbc-cae5d845fcf4,TMP,AMEX,2021-01-04,2026-08-11,1395,1365,12,42,0.9914712153518124,2022-01-03,YES
7ec1be41-bec1-4467-9d4d-31d35bad38e2,TMQ,AMEX,2021-01-04,2026-08-11,1308,1169,99,238,0.929637526652452,2022-01-03,YES
3b3b7eb5-c539-493f-b8f4-5a11f050c140,TMS,NASDAQ,2025-04-23,2026-08-11,323,100,1084,1307,0.22956645344705046,2026-04-28,YES
caac6837-9533-42a4-b02d-bec198d8b063,TMTS,NASDAQ,2021-01-12,2026-08-11,207,126,1200,1281,0.14712153518123666,,NO
7f9df478-237c-45c8-bc80-c97a53478c37,TMUS,NASDAQ,2021-01-04,2026-08-11,1407,1407,0,0,1.0,2022-01-03,YES
8256bd51-d662-45e9-a378-6a273794c5b6,TNC,NYSE,2021-01-04,2026-08-11,1399,1397,8,10,0.994314143567875,2022-01-03,YES
bbf4a401-f1f6-45d2-95c5-2fc2b3d016fb,TNDM,NASDAQ,2021-01-04,2026-08-11,1407,1407,0,0,1.0,2022-01-03,YES
6217ef0b-1b7d-435a-a3df-93b4172989f9,TNET,NYSE,2021-01-04,2026-08-11,1404,1404,3,3,0.997867803837953,2022-01-03,YES
cd22e719-5821-4ade-92de-cbce689d8407,TNGX,NASDAQ,2021-01-04,2026-08-11,1332,1331,75,76,0.9466950959488273,2022-01-03,YES
c8b5c628-4f9f-41d2-bbb5-628d1f207623,TNK,NYSE,2021-01-04,2026-08-11,1404,1404,3,3,0.997867803837953,2022-01-03,YES
ae49ae06-4ec9-45f1-b600-b57d4361a669,TNL,NYSE,2021-01-04,2026-08-11,1404,1404,3,3,0.997867803837953,2022-01-03,YES
7e7b54a3-6841-47b1-97b2-b5199fcfeff6,TNMG,NASDAQ,2022-03-03,2026-08-11,1022,451,385,956,0.7263681592039801,2023-05-03,YES
f21e663d-fb83-4102-a7e6-2b64cae8be31,TNON,NASDAQ,2022-04-27,2026-08-11,1075,872,332,535,0.7640369580668088,2023-05-01,YES
bc80f4f2-383b-4196-bb13-31df69ba738b,TNXP,NASDAQ,2021-01-04,2026-08-11,1407,1397,0,10,1.0,2022-01-03,YES
c437328c-1a90-4670-8fcc-ca287a9f3899,TNYA,NASDAQ,2021-07-30,2026-08-11,1263,1263,144,144,0.8976545842217484,2022-08-01,YES
f4de2ddb-01ac-4a26-8e14-b27eaa3ed468,TOL,NYSE,2021-01-04,2026-08-11,1404,1404,3,3,0.997867803837953,2022-01-03,YES
fbbe47c8-bbcf-4409-8821-86700675877c,TOMZ,NASDAQ,2021-01-04,2026-08-11,1297,735,110,672,0.92181947405828,2022-01-03,YES
d5ab1dd8-e8b1-48e2-a0af-36f51677f797,TONT,AMEX,2024-08-19,2026-07-24,484,74,923,1333,0.34399431414356785,2025-08-21,YES
aecbbda1-eef1-4d7d-b35b-014e78baff4e,TONX,NASDAQ,2021-01-04,2026-08-11,1405,1293,2,114,0.9985785358919688,2022-01-03,YES
b6b53397-aaa6-4fc9-bc40-5b03cf03f89c,TOON,AMEX,2021-01-04,2026-08-11,1407,1340,0,67,1.0,2022-01-03,YES
47ff75ef-3738-41aa-9be6-8ec905b573c6,TOPP,AMEX,2025-01-22,2026-08-11,390,200,1017,1207,0.2771855010660981,2026-01-30,YES
c26cdfcb-c15f-4d70-b19e-6b8242eb1c9f,TOPS,AMEX,2021-01-04,2026-08-11,1380,980,27,427,0.9808102345415778,2022-01-03,YES
c4105294-ab88-435c-8ff6-21f5fcf869dc,TORO,NASDAQ,2023-03-06,2026-08-11,861,667,546,740,0.6119402985074627,2024-03-06,YES
345fc677-4a38-4d2f-8efd-a86fea2a3903,TOST,NYSE,2021-09-22,2026-08-11,1224,1224,183,183,0.8699360341151386,2022-09-22,YES
71e7df5a-3b7e-4509-b9d7-8ac1d2099381,TOVX,AMEX,2021-01-04,2026-08-11,1396,1184,11,223,0.992181947405828,2022-01-03,YES
b7bcc540-16d5-4623-a46e-88cb3262df4a,TOWN,NASDAQ,2021-01-04,2026-08-11,1407,1407,0,0,1.0,2022-01-03,YES
fb81a154-7a1c-424e-b131-d73723d71150,TOYO,NASDAQ,2022-03-17,2026-08-11,986,427,421,980,0.7007818052594172,2024-07-03,YES
06f65173-9bab-4a68-bfa4-6901278de7c3,TP,AMEX,2026-08-07,2026-08-11,3,3,1404,1404,0.0021321961620469083,,NO
0ab07340-a83a-43b8-a2e3-6473c7e5ceff,TPB,NYSE,2021-01-04,2026-08-11,1404,1400,3,7,0.997867803837953,2022-01-03,YES
24ed6e0c-7143-4501-b32e-d65fb715e007,TPC,NYSE,2021-01-04,2026-08-11,1404,1404,3,3,0.997867803837953,2022-01-03,YES
299ce4df-bd73-4b6b-bffb-a5d8cf93ead4,TPCS,NASDAQ,2023-05-08,2026-08-11,818,450,589,957,0.5813788201847904,2024-05-08,YES
607ef8f5-5abd-446a-bb5a-c11fe5b8bb9b,TPET,AMEX,2023-04-18,2026-08-11,832,793,575,614,0.5913290689410092,2024-04-18,YES
6293b2e3-baab-4638-bcf6-26a7306365ef,TPG,NASDAQ,2022-01-13,2026-08-11,1147,1147,260,260,0.8152096659559346,2023-01-17,YES
02b051d5-7b50-4bb6-bad3-fa3087ced9af,TPL,NYSE,2021-01-04,2026-08-11,1358,1284,49,123,0.9651741293532339,2022-01-03,YES
b599b102-254e-4a5c-838d-8cf26857e562,TPR,NYSE,2021-01-04,2026-08-11,1404,1404,3,3,0.997867803837953,2022-01-03,YES
69b7f782-08e9-4c57-a6e2-236f5a66c86a,TPST,NASDAQ,2021-01-04,2026-08-11,1355,1186,52,221,0.9630419331911869,2022-01-03,YES
650117cf-c945-44a0-8bb2-776dab5bd9d7,TPVG,NYSE,2021-01-04,2026-08-11,1404,1403,3,4,0.997867803837953,2022-01-03,YES
dce2ac30-c928-4416-be25-2213d057f30a,TQQQ,NASDAQ,2021-01-04,2026-08-11,1407,1407,0,0,1.0,2022-01-03,YES
7e114d07-2352-4b41-b1d7-96b49738a99c,TR,NYSE,2021-01-04,2026-08-11,1404,1400,3,7,0.997867803837953,2022-01-03,YES
8cad985c-9654-4fa5-90ac-f16f05d9785a,TRAD,NYSE,2026-04-21,2026-08-11,78,16,1329,1391,0.05543710021321962,,NO
996c0340-b85c-498d-aad5-60912b123597,TRAK,NYSE,2021-01-04,2026-08-11,1366,1242,41,165,0.9708599857853589,2022-01-03,YES
f35e6969-74fe-4df7-8b8b-06b2366ec4fc,TRAW,NASDAQ,2021-01-04,2026-08-11,1388,1121,19,286,0.9864960909737029,2022-01-03,YES
edde2c03-e166-4a5f-aec9-8d14658085bb,TRAX,NASDAQ,2026-04-20,2026-08-11,79,79,1328,1328,0.05614783226723525,,NO
f8834993-8e2f-4904-8efa-f0d84041cb82,TRC,NYSE,2021-01-04,2026-08-11,1404,1355,3,52,0.997867803837953,2022-01-03,YES
a988ac56-a2c5-432d-a1cd-48c11d12b396,TRDA,NASDAQ,2021-10-29,2026-08-11,1199,1185,208,222,0.8521677327647477,2022-10-31,YES
caa6bd02-518a-42c4-836b-2b453493184b,TREE,NASDAQ,2021-01-04,2026-08-11,1407,1407,0,0,1.0,2022-01-03,YES
687076b9-a1af-4ede-895f-7dad4133f542,TREX,NYSE,2021-01-04,2026-08-11,1404,1404,3,3,0.997867803837953,2022-01-03,YES
f0f1e55c-fad1-4dcb-84d9-2d9f9e45d1f5,TRGP,NYSE,2021-01-04,2026-08-11,1404,1404,3,3,0.997867803837953,2022-01-03,YES
7c66a2a6-3409-4f8b-9244-a61a69ccc2e7,TRGS,NASDAQ,2026-04-21,2026-08-11,78,3,1329,1404,0.05543710021321962,,NO
3a598790-2dfc-4746-9b0b-ede5f6a95079,TRI,NASDAQ,2021-01-04,2026-08-11,1404,1404,3,3,0.997867803837953,2022-01-03,YES
d71713dc-87ab-4a0c-a1c8-5e95a0f511f6,TRIN,NYSE,2021-01-29,2026-08-11,1387,1387,20,20,0.9857853589196873,2022-01-28,YES
3b0aab2a-1784-4bd6-8e90-f9e2a9e6c97b,TRIP,NASDAQ,2021-01-04,2026-08-11,1407,1407,0,0,1.0,2022-01-03,YES
f516a94d-d353-4128-9252-035fb52df28c,TRLV,NYSE,2026-06-10,2026-08-11,43,43,1364,1364,0.030561478322672354,,NO
c71569f2-3812-4dff-8fca-779357edda8f,TRMB,NASDAQ,2021-01-04,2026-08-11,1407,1407,0,0,1.0,2022-01-03,YES
c2af0b24-4dd0-423d-ad62-05272b6db450,TRMD,NASDAQ,2021-01-05,2026-08-11,1305,1305,102,102,0.9275053304904051,2022-01-04,YES
3a61ad8e-e61b-41f8-98f6-557091270f58,TRN,NYSE,2021-01-04,2026-08-11,1404,1404,3,3,0.997867803837953,2022-01-03,YES
0ed91a0e-0cc6-41bd-8419-0a1d3b2933ac,TRNO,NYSE,2021-01-04,2026-08-11,1404,1404,3,3,0.997867803837953,2022-01-03,YES
e6db6c91-1dc1-4cb8-80df-1fe2c5b2d714,TRNR,NASDAQ,2023-04-28,2026-08-11,824,714,583,693,0.5856432125088842,2024-04-30,YES
956ca151-136f-491c-8e93-aa78874a8d96,TRNS,NASDAQ,2021-01-05,2026-08-11,1390,1370,17,37,0.9879175550817342,2022-01-04,YES
23fc8ade-534e-47c7-a2f6-6c96f4b150a7,TRON,NASDAQ,2023-08-15,2026-08-11,750,630,657,777,0.5330490405117271,2024-08-15,YES
33c2c652-df04-41ed-804e-8d1469860b5b,TROO,NASDAQ,2021-01-04,2026-08-11,1326,916,81,491,0.9424307036247335,2022-01-03,YES
ed8a132b-6a31-4c24-859b-2415c6deea5a,TROW,NASDAQ,2021-01-04,2026-08-11,1407,1407,0,0,1.0,2022-01-03,YES
094ef32f-7c90-4f0d-8109-ad080118fc02,TROX,NYSE,2021-01-04,2026-08-11,1404,1404,3,3,0.997867803837953,2022-01-03,YES
62464f14-9da2-4650-bc86-2551d41b0c22,TRP,NYSE,2021-01-04,2026-08-11,1404,1404,3,3,0.997867803837953,2022-01-03,YES
096d40a7-774a-490f-90c7-34de92dbb0ed,TRS,NASDAQ,2021-01-04,2026-08-11,1407,1407,0,0,1.0,2022-01-03,YES
af869c47-3c8d-48b2-9a12-2850ad4ace7c,TRSG,NASDAQ,2024-04-19,2026-08-11,579,173,828,1234,0.4115138592750533,2025-04-23,YES
09b06080-fad4-49f4-8bc5-7d19d6ad0312,TRT,AMEX,2021-01-06,2026-08-11,1277,687,130,720,0.9076048329779673,2022-01-05,YES
a5ba0176-0d98-4d0d-befd-7191e1b069bc,TRU,NYSE,2021-01-04,2026-08-11,1404,1404,3,3,0.997867803837953,2022-01-03,YES
cf9b7a43-ddea-46ff-92e6-f3905d5bc471,TRUG,NASDAQ,2021-12-02,2026-08-11,1059,599,348,808,0.7526652452025586,2022-12-21,YES
e19d1b19-fc22-41b4-84d5-561d525d3a88,TRUP,NASDAQ,2021-01-04,2026-08-11,1407,1407,0,0,1.0,2022-01-03,YES
af898beb-7df0-4dea-8b02-d6c5f4f70137,TRV,NYSE,2021-01-04,2026-08-11,1404,1404,3,3,0.997867803837953,2022-01-03,YES
699cc55f-469b-410e-ba8b-2f2c5c22c7d0,TRVI,NASDAQ,2021-01-04,2026-08-11,1343,1314,64,93,0.9545131485429993,2022-01-03,YES
19e433d3-cbb8-4bdc-939b-2e0c1ce675ae,TRX,AMEX,2021-01-04,2026-08-11,1328,1167,79,240,0.9438521677327647,2022-01-03,YES
a063f65a-d621-489f-b678-50690cf4b4b8,TS,NYSE,2021-01-04,2026-08-11,1404,1404,3,3,0.997867803837953,2022-01-03,YES
316933a2-a55b-41b3-8876-14a4640a4f64,TSAT,NASDAQ,2021-11-19,2026-08-11,1184,1093,223,314,0.8415067519545132,2022-11-21,YES
dea98831-d6fe-4d1c-8ad7-49c88650faae,TSBK,NASDAQ,2021-01-04,2026-08-11,1285,899,122,508,0.9132906894100924,2022-01-03,YES
6c288372-d98d-496a-b32f-56b65e485246,TSCO,NASDAQ,2021-01-04,2026-08-11,1407,1407,0,0,1.0,2022-01-03,YES
e470b824-6d0e-418d-a20e-ea9285ae550e,TSEM,NASDAQ,2021-01-04,2026-08-11,1407,1407,0,0,1.0,2022-01-03,YES
9b9360e8-b31b-4c08-a253-284ed820426b,TSHA,NASDAQ,2021-01-04,2026-08-11,1407,1404,0,3,1.0,2022-01-03,YES
8ccae427-5dd0-45b3-b5fe-7ba5e422c766,TSLA,NASDAQ,2021-01-04,2026-08-11,1407,1407,0,0,1.0,2022-01-03,YES
5cada381-283b-4207-9483-8e0403b0912e,TSLX,NYSE,2021-01-04,2026-08-11,1404,1404,3,3,0.997867803837953,2022-01-03,YES
626ce11f-1e10-488b-8d75-a3eff18d6d0f,TSM,NYSE,2021-01-04,2026-08-11,1404,1404,3,3,0.997867803837953,2022-01-03,YES
73caedb2-6646-4666-8891-88b9718bd235,TSN,NYSE,2021-01-04,2026-08-11,1404,1404,3,3,0.997867803837953,2022-01-03,YES
97daf445-018a-4eb6-ad3b-942adeb2533b,TSQ,NYSE,2021-01-04,2026-08-11,1388,1327,19,80,0.9864960909737029,2022-01-03,YES
0e6f412d-36c2-4738-b280-e381afa6c11f,TSSI,NASDAQ,2024-11-14,2026-08-11,434,434,973,973,0.30845771144278605,2025-11-18,YES
7744341f-5918-44c9-bc50-6a6fc423c9ff,TT,NYSE,2021-01-04,2026-08-11,1404,1404,3,3,0.997867803837953,2022-01-03,YES
b938f47e-2ca9-4d7b-8c28-514cf9b3c6fc,TTAM,NYSE,2025-02-07,2026-08-11,378,378,1029,1029,0.26865671641791045,2026-02-10,YES
bf0c04f3-a6c7-428f-bb15-fed6e170e90c,TTAN,NASDAQ,2024-12-12,2026-08-11,415,415,992,992,0.294953802416489,2025-12-16,YES
8accb654-4596-43ef-a121-fddaf874642a,TTC,NYSE,2021-01-04,2026-08-11,1404,1404,3,3,0.997867803837953,2022-01-03,YES
a62e1ba1-af52-411b-ab22-537c2cd2e67d,TTD,NASDAQ,2021-01-04,2026-08-11,1407,1407,0,0,1.0,2022-01-03,YES
18bb7754-1ba4-4e24-8466-459b58589874,TTE,NYSE,2021-01-04,2026-08-11,1404,1404,3,3,0.997867803837953,2022-01-03,YES
11cfdc87-66fa-46d1-baff-f13f3262af7e,TTEC,NASDAQ,2021-01-04,2026-08-11,1407,1406,0,1,1.0,2022-01-03,YES
1bc3c31d-0961-433f-a8fe-2b2a2edfe065,TTEK,NASDAQ,2021-01-04,2026-08-11,1407,1407,0,0,1.0,2022-01-03,YES
a51d55ed-c47d-4160-98a4-7becc635d735,TTGT,NASDAQ,2021-01-04,2026-08-11,1407,1407,0,0,1.0,2022-01-03,YES
b54c7f1b-0f90-4ba0-aa1f-c1e6843f2428,TTI,NYSE,2021-01-04,2026-08-11,1404,1404,3,3,0.997867803837953,2022-01-03,YES
bbceaf87-e36a-4d90-a3d1-185d5142e690,TTMI,NASDAQ,2021-01-04,2026-08-11,1407,1407,0,0,1.0,2022-01-03,YES
1ee36267-0e2b-428d-831b-2cc4d715ec01,TTRX,NASDAQ,2025-10-08,2026-08-11,211,169,1196,1238,0.1499644633972992,,NO
46502bdb-1f73-48cd-a9e7-e194d1d6938d,TTWO,NASDAQ,2021-01-04,2026-08-11,1407,1407,0,0,1.0,2022-01-03,YES
780188d8-c325-46e2-92c8-0856a84b1c0d,TU,NYSE,2021-01-04,2026-08-11,1404,1404,3,3,0.997867803837953,2022-01-03,YES
55d39100-352e-4421-9dbb-d610a6e96a7f,TULP,NASDAQ,2021-01-04,2026-08-11,1307,553,100,854,0.9289267945984364,2022-01-03,YES
1200d1bf-a0d4-4b5b-9cd6-84d3682596db,TUSK,NASDAQ,2021-01-04,2026-08-11,1393,1362,14,45,0.9900497512437811,2022-01-03,YES
2c739113-8708-4d23-be13-b2888a720752,TV,NYSE,2021-01-04,2026-08-11,1404,1404,3,3,0.997867803837953,2022-01-03,YES
9e77fd26-bec0-47b9-955f-fc05fca7c431,TVA,NASDAQ,2025-05-22,2026-08-11,306,142,1101,1265,0.21748400852878466,2026-05-27,YES
73f09621-4929-4d06-a1e8-b53cd56564d8,TVAI,NASDAQ,2025-07-03,2026-08-11,278,13,1129,1394,0.19758351101634683,,NO
ff56e4d7-509d-4fe2-b854-b5c043770fd2,TVC,NYSE,2021-01-04,2026-08-11,1263,825,144,582,0.8976545842217484,2022-01-03,YES
a51ef370-0ae2-41e8-9f70-1aea8c81f323,TVE,NYSE,2021-01-04,2026-08-11,1243,812,164,595,0.8834399431414357,2022-01-03,YES
1685f1dd-e5ed-4dc9-b9a3-8b5ff225868b,TVGN,NASDAQ,2022-01-20,2026-08-11,1048,671,359,736,0.7448471926083866,2023-01-23,YES
9bd821b2-f648-4e02-8385-6c8eeb351e55,TVIV,NASDAQ,2026-07-14,2026-08-11,21,2,1386,1405,0.014925373134328358,,NO
fcdc1889-5003-42ba-afe5-5658cfadf05b,TVRD,NASDAQ,2021-01-04,2026-08-11,1406,1359,1,48,0.9992892679459844,2022-01-03,YES
122ddaa1-2d2e-49ea-9e9b-1e660c0cf631,TVTX,NASDAQ,2021-01-04,2026-08-11,1407,1407,0,0,1.0,2022-01-03,YES
6094fce7-232d-4d3c-ba60-843d6e6970a1,TW,NASDAQ,2021-01-04,2026-08-11,1407,1407,0,0,1.0,2022-01-03,YES
7f01303d-37ac-4652-b803-7c6421de9f98,TWAV,NASDAQ,2021-01-04,2026-08-11,1332,1121,75,286,0.9466950959488273,2022-01-05,YES
c5bfc3a7-e67c-4165-9307-7bd67d276278,TWFG,NASDAQ,2024-07-18,2026-08-11,518,515,889,892,0.3681592039800995,2025-07-22,YES
c68e65c4-85e3-4978-8d91-a0ee1080e207,TWG,NASDAQ,2024-04-16,2026-08-11,582,418,825,989,0.4136460554371002,2025-04-17,YES
2d5e1b7f-17c9-4cca-85f3-fd5363e8aae4,TWI,NYSE,2021-01-04,2026-08-11,1404,1404,3,3,0.997867803837953,2022-01-03,YES
54126689-4bc6-4c1d-a215-354ac452a8a2,TWIN,NASDAQ,2021-01-04,2026-08-11,1309,1166,98,241,0.9303482587064676,2022-01-03,YES
4831318c-901a-4b29-b508-28ca8ccb2518,TWLO,NYSE,2021-01-04,2026-08-11,1404,1404,3,3,0.997867803837953,2022-01-03,YES
c2da83d6-1653-4be4-a089-11e2ec71170d,TWLV,NASDAQ,2021-04-30,2026-08-11,722,218,685,1189,0.5131485429992892,2022-05-04,YES
218a17d3-2001-4238-a61a-bc674644b699,TWO,NYSE,2021-01-04,2026-08-11,1404,1404,3,3,0.997867803837953,2022-01-03,YES
8e4ee6e8-4031-44af-a923-ff871868a45c,TWST,NASDAQ,2021-01-04,2026-08-11,1407,1407,0,0,1.0,2022-01-03,YES
10fdd677-ec53-4f7e-b719-713b7917a8ff,TXG,NASDAQ,2021-01-04,2026-08-11,1407,1407,0,0,1.0,2022-01-03,YES
b8755c54-6962-49c2-8199-85d1e355f27b,TXMD,NASDAQ,2021-01-04,2026-08-11,1407,984,0,423,1.0,2022-01-03,YES
440efabf-b53c-4d70-b6e5-abb4f53e7104,TXN,NASDAQ,2021-01-04,2026-08-11,1407,1407,0,0,1.0,2022-01-03,YES
18769343-f6f6-4ab0-aa4f-2f7ba8977a0b,TXNM,NYSE,2021-01-04,2026-08-11,1404,1404,3,3,0.997867803837953,2022-01-03,YES
c4f36b53-f3ba-4867-816b-fba3867a3929,TXO,NYSE,2023-01-27,2026-08-11,887,823,520,584,0.6304193319118693,2024-01-30,YES
5e141c15-f1b5-41bd-93aa-d0d9852f6436,TXRH,NASDAQ,2021-01-04,2026-08-11,1407,1407,0,0,1.0,2022-01-03,YES
a23cd286-242d-4ee3-b3b7-042a4fa187ce,TXT,NYSE,2021-01-04,2026-08-11,1404,1404,3,3,0.997867803837953,2022-01-03,YES
168f3f6c-3bdc-4110-b0eb-2c4f1024d23d,TY,NYSE,2021-01-04,2026-08-11,1397,1350,10,57,0.9928926794598436,2022-01-03,YES
0ab6ce65-4fc8-452b-a1c3-46ab5d7fe91e,TYG,NYSE,2021-01-04,2026-08-11,1402,1367,5,40,0.9964463397299218,2022-01-03,YES
0cfc78e8-3e8f-460a-8ff7-bb8d8305fb23,TYGO,NASDAQ,2021-09-10,2026-08-11,1069,770,338,637,0.759772565742715,2022-12-12,YES
7552c82a-3b95-4f4d-afb5-98c024a5c9ca,TYL,NYSE,2021-01-04,2026-08-11,1404,1404,3,3,0.997867803837953,2022-01-03,YES
863ad43e-0bfb-46c0-9b5c-8be0580cfba3,TYRA,NASDAQ,2021-09-15,2026-08-11,1231,1204,176,203,0.8749111584932481,2022-09-15,YES
3a66981e-103f-459d-8c23-6d1d2dbcb7cd,TZOO,NASDAQ,2021-01-04,2026-08-11,1403,1375,4,32,0.9971570717839374,2022-01-03,YES
cda83bad-8886-4cf9-97a9-5aeba9508ea8,UA,NYSE,2021-01-04,2026-08-11,1404,1404,3,3,0.997867803837953,2022-01-03,YES
0b3b63d1-09bb-410c-b2ff-e413d3c4f4e6,UAA,NYSE,2021-01-04,2026-08-11,1404,1404,3,3,0.997867803837953,2022-01-03,YES
3e729a7f-ad17-4ff7-bdf1-8f21fb5d6f61,UAN,NYSE,2021-01-04,2026-08-11,1392,1175,15,232,0.9893390191897654,2022-01-04,YES
5ac1a056-3202-401e-aa5b-22cd54ba8be8,UAVS,AMEX,2021-01-04,2026-08-11,1407,1372,0,35,1.0,2022-01-03,YES
bea0f181-afd8-4bd2-9486-85d3fc2f10d7,UBER,NYSE,2021-01-04,2026-08-11,1404,1404,3,3,0.997867803837953,2022-01-03,YES
136c5a67-9124-4e3c-9e6c-06381181cd5e,UBS,NYSE,2021-01-04,2026-08-11,1404,1404,3,3,0.997867803837953,2022-01-03,YES
cdaa5204-f9df-4806-822c-cc3d87f13277,UCFI,NASDAQ,2024-02-21,2026-08-11,620,89,787,1318,0.44065387348969437,2025-02-24,YES
c240dec2-5828-4f19-8cbd-1d65bef478f8,UCTT,NASDAQ,2021-01-04,2026-08-11,1407,1407,0,0,1.0,2022-01-03,YES
1ddc7d72-9114-4d94-a1ea-ee530c12b163,UDR,NYSE,2021-01-04,2026-08-11,1404,1404,3,3,0.997867803837953,2022-01-03,YES
aec99aeb-00d9-4977-9343-1e21956c6ede,UE,NYSE,2021-01-04,2026-08-11,1404,1404,3,3,0.997867803837953,2022-01-03,YES
7580c7db-4277-43c8-8c2f-d856181afadb,UEC,AMEX,2021-01-04,2026-08-11,1407,1407,0,0,1.0,2022-01-03,YES
a5bea7aa-bec3-47f2-badd-db2466fa5930,UEIC,NASDAQ,2021-01-04,2026-08-11,1406,1392,1,15,0.9992892679459844,2022-01-03,YES
a85ea161-7fb7-4e01-861e-ff91ea1139bf,UFG,NASDAQ,2025-01-14,2026-08-11,395,345,1012,1062,0.28073916133617627,2026-01-15,YES
1590b7d1-4381-4ec2-9838-8c3f42d5c341,UFI,NYSE,2021-01-04,2026-08-11,1401,1373,6,34,0.9957356076759062,2022-01-03,YES
aada0990-b32c-4938-8359-02304e8e37fc,UFPI,NASDAQ,2021-01-04,2026-08-11,1407,1407,0,0,1.0,2022-01-03,YES
ada6da71-c78a-46f9-befd-70da63a743a5,UFPT,NASDAQ,2021-01-04,2026-08-11,1382,1365,25,42,0.9822316986496091,2022-01-03,YES
6430abdf-81d7-467d-90cc-bb47b5667e8f,UGI,NYSE,2021-01-04,2026-08-11,1404,1404,3,3,0.997867803837953,2022-01-03,YES
863fa6f0-59d5-4d6e-abcc-72a925af143c,UGP,NYSE,2021-01-04,2026-08-11,1404,1403,3,4,0.997867803837953,2022-01-03,YES
efba1ae6-17bd-41b2-9eac-dee0b4e288b2,UHAL,NYSE,2021-01-04,2026-08-11,1406,1405,1,2,0.9992892679459844,2022-01-03,YES
0bab489e-f374-4a62-afe4-8301dbb231e3,UHS,NYSE,2021-01-04,2026-08-11,1404,1404,3,3,0.997867803837953,2022-01-03,YES
2a8a3cb9-0b1b-485f-b6a3-81bf8a9ab6f1,UI,NYSE,2021-01-04,2026-08-11,1404,1381,3,26,0.997867803837953,2022-01-03,YES
84ef488f-8d72-423a-bc46-e12ff6ef7dc2,UIS,NYSE,2021-01-04,2026-08-11,1404,1404,3,3,0.997867803837953,2022-01-03,YES
99aa9e20-9ce4-4f58-aa6f-a84c23fca91b,UK,NASDAQ,2021-01-04,2026-08-11,1254,902,153,505,0.8912579957356077,2022-01-03,YES
65964f6f-23ea-4513-9983-4f68aa58bdf0,UL,NYSE,2021-01-04,2026-08-11,1404,1404,3,3,0.997867803837953,2022-01-03,YES
ae05bc11-5f0a-4285-98dc-2ceaea44a4c1,ULBI,NASDAQ,2021-01-06,2026-08-11,1293,1123,114,284,0.9189765458422174,2022-01-05,YES
b3f534ad-5c17-4128-8cdf-19c488048b79,ULCC,NASDAQ,2021-04-01,2026-08-11,1346,1346,61,61,0.9566453447050463,2022-03-31,YES
eebd1380-b699-45b3-8017-a2dda16c3960,ULH,NASDAQ,2021-01-04,2026-08-11,1403,1328,4,79,0.9971570717839374,2022-01-03,YES
9ec67920-21e3-4ea3-aaa6-c50b0c0a73b7,ULS,NYSE,2024-04-12,2026-08-11,584,584,823,823,0.4150675195451315,2025-04-15,YES
2e3d3b75-58cc-40f5-bf12-b73da8aac3d3,ULTA,NASDAQ,2021-01-04,2026-08-11,1407,1407,0,0,1.0,2022-01-03,YES
65603a0a-55d7-4dd3-8ace-f454ed37e7af,UMAC,AMEX,2024-02-14,2026-08-11,624,599,783,808,0.44349680170575695,2025-02-18,YES
036819d7-5356-4235-b1bb-ad3b41a8a901,UMBF,NASDAQ,2021-01-04,2026-08-11,1407,1407,0,0,1.0,2022-01-03,YES
1c92ca9b-0a5c-415f-93e3-8f962257751b,UMH,NYSE,2021-01-04,2026-08-11,1404,1404,3,3,0.997867803837953,2022-01-03,YES
b086c4fb-e72e-4dec-8657-a51cfae6800d,UNB,NASDAQ,2021-01-05,2026-08-11,1162,520,245,887,0.8258706467661692,2022-01-07,YES
bdfe5bef-2a24-4ea8-b1d6-74e172396b91,UNCY,NASDAQ,2021-07-13,2026-08-11,1212,1061,195,346,0.8614072494669509,2022-07-13,YES
1ba33a88-2573-4ab4-92c8-9af3ca3583b0,UNF,NYSE,2021-01-04,2026-08-11,1403,1385,4,22,0.9971570717839374,2022-01-03,YES
6dc0a72f-8db7-41e5-b564-89137653e367,UNM,NYSE,2021-01-04,2026-08-11,1404,1404,3,3,0.997867803837953,2022-01-03,YES
e28f2c45-0bb1-45c1-84e0-f8d1a98c4088,UNP,NYSE,2021-01-04,2026-08-11,1404,1404,3,3,0.997867803837953,2022-01-03,YES
ee7e1207-3494-4f28-960b-5d733b61d22d,UONE,NASDAQ,2021-01-04,2026-08-11,1407,1125,0,282,1.0,2022-01-03,YES
2f56e3cb-57c0-4c4c-9263-9e4add9af72f,UONEK,NASDAQ,2021-01-04,2026-08-11,1407,1060,0,347,1.0,2022-01-03,YES
29e929c4-1703-42bd-b774-6faeac5efd61,UP,NYSE,2021-01-04,2026-08-11,1401,1401,6,6,0.9957356076759062,2022-01-03,YES
f0d514c4-731e-4452-b9a5-07d1f331261d,UPB,NASDAQ,2024-10-11,2026-08-11,458,458,949,949,0.32551528073916136,2025-10-15,YES
3a735b55-d864-4e95-bbb6-a021033f67ec,UPBD,NASDAQ,2021-01-04,2026-08-11,1407,1407,0,0,1.0,2022-01-03,YES
92bab771-cf8b-4b96-8ddd-6413e88ad516,UPC,NASDAQ,2021-03-23,2026-08-11,1213,760,194,647,0.8621179815209666,2022-03-23,YES
9f0b5e89-2bbd-4535-b841-e0d3f1178374,UPLD,NASDAQ,2021-01-04,2026-08-11,1407,1387,0,20,1.0,2022-01-03,YES
ec3bfcb3-751f-4957-9cfa-859100f09248,UPST,NASDAQ,2021-01-04,2026-08-11,1407,1407,0,0,1.0,2022-01-03,YES
73335fe0-337e-49bc-bae8-1a2cee333ea4,UPWK,NASDAQ,2021-01-04,2026-08-11,1407,1407,0,0,1.0,2022-01-03,YES
9df978c4-23e8-4e78-8aff-72b4d460849e,UPXI,NASDAQ,2021-06-24,2026-08-11,1274,1087,133,320,0.9054726368159204,2022-06-24,YES
57bc4cef-2006-4511-8ffe-be69770f0565,URBN,NASDAQ,2021-01-04,2026-08-11,1407,1407,0,0,1.0,2022-01-03,YES
1108fd1b-29d7-4fdc-89f0-27d0311b1759,URG,AMEX,2021-01-04,2026-08-11,1407,1407,0,0,1.0,2022-01-03,YES
ceac1323-ffae-4c5d-866e-fb4c03fea254,URGN,NASDAQ,2021-01-04,2026-08-11,1407,1406,0,1,1.0,2022-01-03,YES
8f3f3868-9514-4cf6-a24e-758734bcd4f2,UROY,NASDAQ,2021-04-28,2026-08-11,1308,1307,99,100,0.929637526652452,2022-04-27,YES
7bdd4a33-9d76-4c72-827a-eab8c5333713,USAC,NYSE,2021-01-04,2026-08-11,1404,1403,3,4,0.997867803837953,2022-01-03,YES
d7491755-1190-4220-bbd2-47e431833af9,USAR,NASDAQ,2023-07-19,2026-08-11,769,451,638,956,0.5465529495380241,2024-07-26,YES
ceef0b8c-82b1-43d0-967e-b2769d5fd2a5,USAS,AMEX,2021-01-04,2026-08-11,1395,1356,12,51,0.9914712153518124,2022-01-03,YES
f2a6d843-aabf-4523-a8d1-4d19b52e7f03,USAU,NASDAQ,2021-01-04,2026-08-11,1354,1160,53,247,0.9623312011371713,2022-01-03,YES
5553e8c9-004d-479d-a18c-83a42a87ed10,USB,NYSE,2021-01-04,2026-08-11,1404,1404,3,3,0.997867803837953,2022-01-03,YES
94c1d80b-ca58-4195-af4c-dd67e5056fd0,USBC,AMEX,2025-03-05,2026-08-11,361,344,1046,1063,0.2565742714996446,2026-03-06,YES
f627e999-5017-4954-9f8d-4f0adaaf3143,USCB,NASDAQ,2021-07-23,2026-08-11,1186,882,221,525,0.8429282160625444,2022-07-25,YES
a3872054-5329-4ad8-bbd0-0b98ccc52551,USDE,NASDAQ,2026-06-26,2026-08-11,32,32,1375,1375,0.022743425728500355,,NO
1ce62851-10a6-48f3-8dc5-15e85fe9d691,USFD,NYSE,2021-01-04,2026-08-11,1404,1404,3,3,0.997867803837953,2022-01-03,YES
4fc032a5-b26b-45a3-8778-1dcdf6a6493f,USGO,NASDAQ,2023-04-20,2026-08-11,830,545,577,862,0.589907604832978,2024-04-24,YES
8b35f107-4e62-484c-b12e-23fb1394e48f,USIO,NASDAQ,2021-01-04,2026-08-11,1381,1089,26,318,0.9815209665955935,2022-01-03,YES
64cca983-7ab3-408b-ab44-2491f08c4f00,USNA,NYSE,2021-01-04,2026-08-11,1403,1401,4,6,0.9971570717839374,2022-01-03,YES
da677de1-0048-45eb-958a-6f596f86384b,USPH,NYSE,2021-01-04,2026-08-11,1404,1404,3,3,0.997867803837953,2022-01-03,YES
1d144e0d-5116-462f-845d-779abaf80ee1,UTI,NYSE,2021-01-04,2026-08-11,1404,1403,3,4,0.997867803837953,2022-01-03,YES
c606f1ee-cf0e-42ab-be42-2ac837169176,UTMD,NASDAQ,2021-01-04,2026-08-11,1321,885,86,522,0.9388770433546553,2022-01-07,YES
1b26a718-c872-4004-a452-7f2eee892afb,UTSI,NASDAQ,2021-01-04,2026-08-11,1219,361,188,1046,0.8663823738450604,2022-01-03,YES
960fbd93-0ab2-4c1e-95a0-77404be8e090,UTZ,NYSE,2021-01-04,2026-08-11,1404,1404,3,3,0.997867803837953,2022-01-03,YES
3783e13c-cb7b-4618-9869-d0fb60b0c0fc,UUU,AMEX,2021-01-04,2026-08-11,1336,918,71,489,0.9495380241648899,2022-01-03,YES
8261e004-7659-46c9-b863-4dd8aa87d9fe,UUUU,AMEX,2021-01-04,2026-08-11,1407,1407,0,0,1.0,2022-01-03,YES
60a3d516-c584-4bc1-ab50-a9ed3dd7e367,UVE,NYSE,2021-01-04,2026-08-11,1404,1404,3,3,0.997867803837953,2022-01-03,YES
b5efa46d-748e-4846-8d09-d40411e427fb,UVSP,NASDAQ,2021-01-04,2026-08-11,1407,1407,0,0,1.0,2022-01-03,YES
ca48cb81-afae-4f41-8e6c-d752cda13445,UVV,NYSE,2021-01-04,2026-08-11,1404,1403,3,4,0.997867803837953,2022-01-03,YES
d2a3cbbd-d432-4f17-96e6-bb6f288b8387,UWMC,NYSE,2021-01-04,2026-08-11,1404,1404,3,3,0.997867803837953,2022-01-03,YES
a368d083-d969-4530-a1d3-49bb8c704a3a,UYSC,NASDAQ,2025-05-27,2026-08-11,304,16,1103,1391,0.21606254442075337,,NO
6b262d07-0066-47ff-aae9-1f34d25ab849,UZX,NASDAQ,2023-12-19,2026-08-11,662,449,745,958,0.4705046197583511,2024-12-19,YES
4f5baf1e-0e9b-4d85-b88a-d874dc4a3c42,V,NYSE,2021-01-04,2026-08-11,1404,1404,3,3,0.997867803837953,2022-01-03,YES
b75b9d90-fe27-49e9-b6f7-82e90a8a21f7,VABK,NASDAQ,2021-04-05,2026-08-11,1114,480,293,927,0.7917555081734187,2022-04-28,YES
bc79be44-24e9-4544-9cf7-cb8518ef6c03,VAC,NYSE,2021-01-04,2026-08-11,1404,1404,3,3,0.997867803837953,2022-01-03,YES
41a12c96-8acc-4e8d-b134-730f8423f622,VACI,NYSE,2025-12-01,2026-08-11,174,72,1233,1335,0.12366737739872068,,NO
ebf8f613-356c-4833-b4c9-b5bcb4c57b34,VAL,NYSE,2021-05-03,2026-08-11,1323,1323,84,84,0.9402985074626866,2022-05-02,YES
fd03066c-16d8-4eff-8c72-16ce1c44e38d,VALE,NYSE,2021-01-04,2026-08-11,1404,1404,3,3,0.997867803837953,2022-01-03,YES
28a4c6ea-439a-4359-bd3a-da1bd3ed67ac,VALU,NASDAQ,2021-01-04,2026-08-11,1238,424,169,983,0.8798862828713575,2022-01-06,YES
06e14066-9093-4630-a607-a5822812f6a5,VANI,NASDAQ,2021-01-04,2026-08-11,1402,1230,5,177,0.9964463397299218,2022-01-03,YES
aff152f1-217a-4f09-b933-c7a04975908a,VATE,NYSE,2021-01-04,2026-08-11,1404,1292,3,115,0.997867803837953,2022-01-03,YES
47093b40-7e1a-435c-8efd-b60871b0b936,VBIO,NASDAQ,2021-11-11,2026-08-11,1156,886,251,521,0.8216062544420754,2022-11-11,YES
ada8000e-16cb-406b-b9ca-e5744f1337fc,VBNK,NASDAQ,2021-09-22,2026-08-11,1120,804,287,603,0.7960199004975125,2022-09-23,YES
f0efde5b-5276-4db9-ace0-6d9b0c3251ed,VC,NASDAQ,2021-01-04,2026-08-11,1407,1407,0,0,1.0,2022-01-03,YES
ebc24025-b6ad-4f89-874d-471dde83936c,VCEL,NASDAQ,2021-01-04,2026-08-11,1407,1407,0,0,1.0,2022-01-03,YES
85c56936-a4db-4d1c-8302-7117b8a0e690,VCIG,NASDAQ,2023-04-13,2026-08-11,835,790,572,617,0.5934612651030562,2024-04-15,YES
5eebddf1-ef55-45ff-b7d4-3399126c1dc7,VCTR,NASDAQ,2021-01-04,2026-08-11,1407,1407,0,0,1.0,2022-01-03,YES
e281541b-3e3b-4023-bc3b-57f93090fdd5,VCYT,NASDAQ,2021-01-04,2026-08-11,1407,1407,0,0,1.0,2022-01-03,YES
475bced5-6eae-45c4-958c-82df432c13f5,VECA,NYSE,2026-05-21,2026-08-11,56,12,1351,1395,0.03980099502487562,,NO
1031bc9c-5e36-4a39-8207-6fc07c811ae8,VECO,NASDAQ,2021-01-04,2026-08-11,1407,1407,0,0,1.0,2022-01-03,YES
df6b8d41-ee58-4178-86d5-1a4c82921f5d,VEEA,NASDAQ,2021-05-13,2026-08-11,1084,580,323,827,0.7704335465529495,2022-05-12,YES
1df8b9a3-29d1-43db-9272-eb3b1bb8ee34,VEEE,NASDAQ,2021-07-21,2026-08-11,1160,833,247,574,0.8244491826581379,2022-07-21,YES
bdc58c3a-9c7e-4ef9-b2ec-d61f14c84bd0,VEEV,NYSE,2021-01-04,2026-08-11,1404,1404,3,3,0.997867803837953,2022-01-03,YES
3b9998aa-a6bf-47b9-9d22-d4e55fc48da2,VEL,NYSE,2021-01-05,2026-08-11,1314,1115,93,292,0.9339019189765458,2022-01-04,YES
4f84d1d8-3230-41f3-8af1-2050d09f826b,VELO,NASDAQ,2025-08-19,2026-08-11,246,245,1161,1162,0.17484008528784648,,NO
4a4d452a-aeeb-465f-90fe-2eeb5c4e499b,VENU,AMEX,2024-11-27,2026-08-11,425,372,982,1035,0.30206112295664533,2025-12-02,YES
b9e440f6-87f6-4775-aed6-005933144d47,VERA,NASDAQ,2021-05-14,2026-08-11,1293,1292,114,115,0.9189765458422174,2022-05-13,YES
b4c257fe-e690-47ae-9565-0c7368934ac7,VERI,NASDAQ,2021-01-04,2026-08-11,1407,1407,0,0,1.0,2022-01-03,YES
ef0d3740-dd16-4ca9-95f8-b31d3ff9b712,VERU,NASDAQ,2021-01-04,2026-08-11,1407,1394,0,13,1.0,2022-01-03,YES
eea6cdaf-6d11-45f2-aa2e-031e54c91429,VERX,NASDAQ,2021-01-04,2026-08-11,1407,1407,0,0,1.0,2022-01-03,YES
d5e5b9c8-2a4b-401f-aae4-703ce035cb02,VET,NYSE,2021-01-04,2026-08-11,1404,1404,3,3,0.997867803837953,2022-01-03,YES
74dc527d-cc0f-4fb5-b672-db5e71197434,VFC,NYSE,2021-01-04,2026-08-11,1404,1404,3,3,0.997867803837953,2022-01-03,YES
237c5f81-adec-4c4c-8a0f-fcf9f4cebf24,VFF,NASDAQ,2021-01-04,2026-08-11,1407,1400,0,7,1.0,2022-01-03,YES
525497ed-b313-40ee-9726-5a60c0299a13,VFS,NASDAQ,2021-09-28,2026-08-11,1058,849,349,558,0.751954513148543,2022-11-14,YES
1787e915-a920-46c9-a2c3-71cf784d02a2,VG,NYSE,2021-01-04,2026-08-11,777,777,630,630,0.5522388059701493,2022-01-03,YES
57b20813-db36-4e9d-b1d6-28d5349d1720,VGAS,NASDAQ,2021-10-05,2026-08-11,1062,575,345,832,0.7547974413646056,2022-10-05,YES
f975dd25-63b9-497f-afff-fb68a1c5bd80,VGNT,NYSE,2026-04-01,2026-08-11,91,91,1316,1316,0.06467661691542288,,NO
75b63506-949e-4ccd-b19d-b2c85ab84a20,VGZ,AMEX,2021-01-04,2026-08-11,1319,1148,88,259,0.937455579246624,2022-01-03,YES
518712fd-8044-41c1-86d8-19b9bdb18596,VHC,NASDAQ,2021-01-04,2026-08-11,1404,946,3,461,0.997867803837953,2022-01-03,YES
22bbc1d5-1687-436d-978c-44cc80f2eb0b,VHCP,NASDAQ,2026-02-10,2026-08-11,126,14,1281,1393,0.08955223880597014,,NO
00d69a1a-49ee-4a91-9fdd-9e43fd565b90,VHI,NYSE,2021-01-06,2026-08-11,1306,811,101,596,0.9282160625444208,2022-01-10,YES
1e979891-5393-413a-846e-aeedcc8ddef8,VHUB,NASDAQ,2026-01-30,2026-08-11,133,126,1274,1281,0.0945273631840796,,NO
46be2215-a19d-4527-b6f1-b7126571d6a8,VIA,NYSE,2021-08-10,2026-08-11,945,857,462,550,0.6716417910447762,2022-08-10,YES
f90aadf5-2930-4cc5-a8ab-49a4b0974813,VIAV,NASDAQ,2021-01-04,2026-08-11,1407,1407,0,0,1.0,2022-01-03,YES
bfcbfab2-0716-4847-b7f3-a7bed178e479,VICI,NYSE,2021-01-04,2026-08-11,1404,1404,3,3,0.997867803837953,2022-01-03,YES
0decbf5c-5f7d-4cb6-b589-63f32daee0dd,VICR,NASDAQ,2021-01-04,2026-08-11,1407,1407,0,0,1.0,2022-01-03,YES
6793aa37-2611-4579-aa2c-c29a08a38d37,VIDA,AMEX,2026-05-15,2026-08-11,60,58,1347,1349,0.042643923240938165,,NO
4cf2b2ed-7ab0-472a-a5a5-4c7e1c46fbe8,VII,NYSE,2021-02-12,2026-08-11,460,145,947,1262,0.3269367448471926,2022-02-24,YES
11e2e2fe-0065-4508-913d-6af1b43fb9d9,VIK,NYSE,2024-05-01,2026-08-11,571,571,836,836,0.4058280028429282,2025-05-05,YES
9fa01458-5372-4313-b78c-49f26adb3ac5,VINP,NASDAQ,2021-01-28,2026-08-11,1389,1328,18,79,0.9872068230277186,2022-01-27,YES
ed77bed0-5f81-4292-8631-a47dce4e0e4f,VIP,NASDAQ,2021-09-15,2026-08-11,1231,1216,176,191,0.8749111584932481,2022-09-15,YES
6ea88185-b4f3-4b33-be73-a78e37dae30a,VIPS,NYSE,2021-01-04,2026-08-11,1404,1404,3,3,0.997867803837953,2022-01-03,YES
dc2892fa-ba87-4939-bff5-23a745939393,VIR,NASDAQ,2021-01-04,2026-08-11,1407,1407,0,0,1.0,2022-01-03,YES
30aeacd7-063f-4c8e-88fe-936821abaab7,VIRC,NASDAQ,2021-01-05,2026-08-11,1208,1056,199,351,0.8585643212508884,2022-01-04,YES
0ca3bc00-c00d-4962-b9f5-ce2f2b81d692,VIRT,NYSE,2021-01-04,2026-08-11,1407,1407,0,0,1.0,2022-01-03,YES
b4344ff5-3ab3-4c75-b7a0-be67746efc97,VISN,NASDAQ,2021-01-04,2026-08-11,1407,1407,0,0,1.0,2022-01-03,YES
1e680aae-9076-40d8-ad28-9f770474040d,VIST,NYSE,2021-01-04,2026-08-11,1401,1401,6,6,0.9957356076759062,2022-01-03,YES
8cc40b7d-dc6f-4f0b-878d-919ec005222e,VITL,NASDAQ,2021-01-04,2026-08-11,1407,1407,0,0,1.0,2022-01-03,YES
d7c358ef-835e-4195-ae46-0b394c81788f,VIVK,NASDAQ,2026-04-27,2026-08-11,74,68,1333,1339,0.052594171997157074,,NO
c4a4ae9f-2f24-427d-b526-16355199aa3a,VIVO,NASDAQ,2021-01-04,2026-08-11,1391,1204,16,203,0.9886282871357498,2022-01-03,YES
a373dd1a-830a-4681-8c05-5e791fc5b8ce,VIVS,NASDAQ,2021-01-04,2026-08-11,1344,994,63,413,0.9552238805970149,2022-01-03,YES
75cd8059-f067-4e29-9882-b061fe6f532f,VKTX,NASDAQ,2021-01-04,2026-08-11,1407,1407,0,0,1.0,2022-01-03,YES
aa6a7f16-d313-438d-b890-072d532f655b,VLGEA,NASDAQ,2021-01-04,2026-08-11,1401,1321,6,86,0.9957356076759062,2022-01-03,YES
f2c9b853-bb0b-4225-8d65-dc818b660eff,VLN,NYSE,2021-01-05,2026-08-11,1265,1263,142,144,0.8990760483297797,2022-01-04,YES
767ee8af-6479-44f5-8106-799120134246,VLO,NYSE,2021-01-04,2026-08-11,1404,1404,3,3,0.997867803837953,2022-01-03,YES
36c5f617-f267-472e-8142-db0b8288cdc8,VLOS,NASDAQ,2024-10-03,2026-08-11,459,187,948,1220,0.326226012793177,2025-10-07,YES
6dc5a8f0-0d9d-4a06-b217-b095da527031,VLRS,NYSE,2021-01-04,2026-08-11,1404,1404,3,3,0.997867803837953,2022-01-03,YES
e1b5b393-7c48-43f3-ac78-89755fbb4552,VLTO,NYSE,2023-10-02,2026-08-11,717,717,690,690,0.509594882729211,2024-10-02,YES
d85ddcb9-82b2-44cc-b859-b39669036aee,VLY,NASDAQ,2021-01-04,2026-08-11,1407,1407,0,0,1.0,2022-01-03,YES
e4183f04-f059-46c1-9bed-969f56b3a4e3,VMAR,NASDAQ,2021-01-04,2026-08-11,1335,1088,72,319,0.9488272921108742,2022-01-03,YES
fc9c62fa-c635-41c8-8b58-9695c01d146d,VMC,NYSE,2021-01-04,2026-08-11,1404,1404,3,3,0.997867803837953,2022-01-03,YES
d188e440-b2fc-4889-9c8f-ff6377622732,VMD,NASDAQ,2021-01-04,2026-08-11,1406,1401,1,6,0.9992892679459844,2022-01-03,YES
7d9cba23-530d-4705-bc0e-fe611b1c39e9,VMET,NASDAQ,2026-03-06,2026-08-11,109,109,1298,1298,0.07746979388770434,,NO
afabbed1-e566-449b-b736-9f939bbd0982,VMI,NYSE,2021-01-04,2026-08-11,1404,1403,3,4,0.997867803837953,2022-01-03,YES
b66098c5-1321-4bdc-90ad-104f0c9d47b2,VNCE,NASDAQ,2021-01-04,2026-08-11,1205,713,202,694,0.8564321250888415,2022-01-04,YES
32f1d9c9-a610-4010-ae70-c4577c3c919d,VNDA,NASDAQ,2021-01-04,2026-08-11,1407,1407,0,0,1.0,2022-01-03,YES
b6ec5237-f57b-468e-914b-0b695c5c70c5,VNME,NASDAQ,2025-08-29,2026-08-11,238,25,1169,1382,0.1691542288557214,,NO
16b20982-0ab3-450b-86a7-6b0dfa3500ce,VNOM,NASDAQ,2021-01-04,2026-08-11,1407,1407,0,0,1.0,2022-01-03,YES
39eb9d31-9338-44c0-9431-fc3c3c6350bc,VNRX,AMEX,2021-01-04,2026-08-11,1371,1269,36,138,0.9744136460554371,2022-01-03,YES
4fa20cca-6324-4fe6-b85c-ad15184ad374,VNT,NYSE,2021-01-04,2026-08-11,1404,1404,3,3,0.997867803837953,2022-01-03,YES
fafbc525-fbb4-4653-a53e-0a0f63366548,VNTG,AMEX,2025-06-12,2026-08-11,292,191,1115,1216,0.20753375977256575,2026-06-17,YES
c4319b7e-8225-4dd4-a905-fc543f289452,VOGX,NASDAQ,,,0,0,1407,1407,0.0,,NO
f7318c71-fa9e-4144-b23d-546d77559e62,VOR,NASDAQ,2021-02-05,2026-08-11,1384,1379,23,28,0.9836531627576404,2022-02-04,YES
3e49452c-79d6-407b-ace1-b104fbc190ca,VOXR,NASDAQ,2022-10-11,2026-08-11,961,802,446,605,0.6830135039090263,2023-10-12,YES
c4f9000e-01ad-4de5-baa5-1814a68fe26a,VOYA,NYSE,2021-01-04,2026-08-11,1404,1404,3,3,0.997867803837953,2022-01-03,YES
acad32d2-67a0-4979-a8fe-02b1ae1cfc73,VOYG,NYSE,2025-06-11,2026-08-11,293,293,1114,1114,0.2082444918265814,2026-06-12,YES
c7673e99-f4ed-4f64-bb65-bef2e70fb2bd,VPG,NYSE,2021-01-04,2026-08-11,1404,1397,3,10,0.997867803837953,2022-01-03,YES
1856a4fa-2dc6-493e-bcbe-631022d80961,VRA,NASDAQ,2021-01-04,2026-08-11,1407,1407,0,0,1.0,2022-01-03,YES
f0a3b7b4-ab0a-48dc-b8bb-5c623b84e50d,VRAX,NASDAQ,2022-07-21,2026-08-11,1018,809,389,598,0.7235252309879175,2023-07-24,YES
f66b2374-86ae-446f-a1fc-b1d17d040e70,VRCA,NASDAQ,2021-01-04,2026-08-11,1405,1375,2,32,0.9985785358919688,2022-01-03,YES
b3239776-f24d-4b5a-914a-6c95cd8bb931,VRDN,NASDAQ,2021-01-04,2026-08-11,1372,1372,35,35,0.9751243781094527,2022-01-03,YES
53bd4654-aebe-4e47-ab3c-3f680c7c1ba6,VREX,NASDAQ,2021-01-04,2026-08-11,1407,1407,0,0,1.0,2022-01-03,YES
0d2a5942-540c-4cf7-b01a-60e2e7f75e92,VRM,NASDAQ,2021-01-04,2026-08-11,1407,1016,0,391,1.0,2022-01-03,YES
1039ebcd-f1f7-40ab-9afc-0b6a5c897901,VRME,NASDAQ,2021-01-04,2026-08-11,1291,850,116,557,0.9175550817341862,2022-01-05,YES
417af9bf-c09c-4b76-9121-514390ac7d5e,VRNS,NASDAQ,2021-01-04,2026-08-11,1407,1407,0,0,1.0,2022-01-03,YES
d0b0834d-3bd8-4bd5-9462-03454636c42c,VRRM,NASDAQ,2021-01-04,2026-08-11,1407,1407,0,0,1.0,2022-01-03,YES
b297eda9-133d-4f92-80ff-9e55f7c8ee8b,VRSK,NASDAQ,2021-01-04,2026-08-11,1407,1407,0,0,1.0,2022-01-03,YES
bf0fbed9-3c4a-4235-8ab0-05f880d93115,VRSN,NASDAQ,2021-01-04,2026-08-11,1407,1407,0,0,1.0,2022-01-03,YES
a0026393-53a9-454c-89f9-1eb7cb4ae7af,VRT,NYSE,2021-01-04,2026-08-11,1404,1404,3,3,0.997867803837953,2022-01-03,YES
3e539fb2-655a-4605-b819-84bd1ebc2714,VRTS,NYSE,2021-01-04,2026-08-11,1407,1313,0,94,1.0,2022-01-03,YES
357a8404-f368-40a1-9356-3eb500f4f08a,VRTX,NASDAQ,2021-01-04,2026-08-11,1407,1407,0,0,1.0,2022-01-03,YES
e99422e9-d296-4b2a-93a4-dc01c3acc088,VRXA,NASDAQ,2024-10-01,2026-08-11,465,106,942,1301,0.3304904051172708,2025-10-30,YES
75cccd12-9023-4d8b-9857-e5d35e72694e,VS,NASDAQ,2021-01-19,2026-08-11,1245,876,162,531,0.8848614072494669,2022-01-18,YES
10a57523-d6de-4c36-a167-a22daf5d711d,VSAT,NASDAQ,2021-01-04,2026-08-11,1407,1407,0,0,1.0,2022-01-03,YES
20cfbd6e-f044-4d64-ab82-cf7e4d4f0bb6,VSEC,NASDAQ,2021-01-04,2026-08-11,1401,1385,6,22,0.9957356076759062,2022-01-03,YES
98d833d8-2c47-4c76-938e-2cf546e8debe,VSH,NYSE,2021-01-04,2026-08-11,1404,1404,3,3,0.997867803837953,2022-01-03,YES
f773f5e9-904d-4692-bf9c-d722f94f2a91,VSME,NASDAQ,2023-09-28,2026-08-11,719,533,688,874,0.5110163468372424,2024-10-01,YES
7852b8eb-c4b1-4c37-806f-299553e85924,VSNT,NASDAQ,2025-12-16,2026-08-11,163,156,1244,1251,0.11584932480454868,,NO
d88f5f2c-e621-4d4a-9817-8677af2fd066,VST,NYSE,2021-01-04,2026-08-11,1404,1404,3,3,0.997867803837953,2022-01-03,YES
b8f29e42-92a1-46f4-8546-296579e7fc20,VSTM,NASDAQ,2021-01-04,2026-08-11,1407,1407,0,0,1.0,2022-01-03,YES
4bc22f13-f475-43a9-a87f-87f8d38fcdf2,VSTS,NYSE,2023-10-02,2026-08-11,717,717,690,690,0.509594882729211,2024-10-02,YES
023adfc6-b60e-473d-94dc-15a3015a7a1e,VSXY,NYSE,2021-08-03,2026-08-11,1259,1259,148,148,0.8948116560056859,2022-08-03,YES
15c8fd09-b8da-4889-96ba-07b3c1ad701c,VTAK,AMEX,2021-01-04,2026-08-11,1395,1161,12,246,0.9914712153518124,2022-01-03,YES
f16bae2a-25c9-460c-aa9b-24df37481576,VTEX,NYSE,2021-07-21,2026-08-11,1268,1267,139,140,0.9012082444918266,2022-07-21,YES
e36d9b30-4ec0-4d6c-a50d-3b79bf155f92,VTGN,NASDAQ,2021-01-04,2026-08-11,1407,1405,0,2,1.0,2022-01-03,YES
080b881e-2a52-46c7-963d-a2cad42daff3,VTIX,NASDAQ,2026-01-28,2026-08-11,135,135,1272,1272,0.09594882729211088,,NO
6d2dd061-3ee1-45bd-8dce-31631f57f190,VTOL,NYSE,2021-01-04,2026-08-11,1404,1402,3,5,0.997867803837953,2022-01-03,YES
a760766c-8c49-4886-85af-990e47f9d78a,VTR,NYSE,2021-01-04,2026-08-11,1404,1404,3,3,0.997867803837953,2022-01-03,YES
7cafa08c-242c-49a3-882d-6a410c49969e,VTRS,NASDAQ,2021-01-04,2026-08-11,1407,1407,0,0,1.0,2022-01-03,YES
076b5d12-c67f-44e2-92c2-e90e5ba02d57,VTS,NYSE,2023-01-17,2026-08-11,895,895,512,512,0.6361051883439943,2024-01-18,YES
57e04a81-6afc-4594-b8b0-0a654ddcb11f,VTSI,NASDAQ,2021-01-06,2026-08-11,1347,1207,60,200,0.9573560767590619,2022-01-05,YES
4b8d7456-f622-426b-b0e6-b42abdf6e095,VTVT,NASDAQ,2021-01-04,2026-08-11,1377,884,30,523,0.9786780383795309,2022-01-03,YES
557abfb1-384e-4f2a-8a45-f81bacd4ab64,VUZI,NASDAQ,2021-01-04,2026-08-11,1407,1407,0,0,1.0,2022-01-03,YES
8a2a3b79-ebcf-4e32-a606-96418f63643b,VVOS,NASDAQ,2021-01-04,2026-08-11,1391,1228,16,179,0.9886282871357498,2022-01-03,YES
c800cfc1-617a-43ff-bcbd-ccebbfdc638d,VVV,NYSE,2021-01-04,2026-08-11,1404,1404,3,3,0.997867803837953,2022-01-03,YES
9d4f1cfc-a685-4b71-baf8-f750a0adead7,VVX,NYSE,2021-01-04,2026-08-11,1398,1396,9,11,0.9936034115138592,2022-01-03,YES
fa10527b-1297-41b5-842e-3f4e6980c931,VWAV,NASDAQ,2025-07-15,2026-08-11,271,270,1136,1137,0.19260838663823737,2026-07-16,YES
d81d81d1-8e5f-4c2e-8ae0-01e91389285b,VYGR,NASDAQ,2021-01-04,2026-08-11,1407,1407,0,0,1.0,2022-01-03,YES
0ac9cc03-e982-449a-925c-55229ce8c57e,VYX,NYSE,2021-01-04,2026-08-11,1404,1404,3,3,0.997867803837953,2022-01-03,YES
a54066ec-ebb0-4d1e-b7cf-cd84298515ec,VZ,NYSE,2021-01-04,2026-08-11,1404,1404,3,3,0.997867803837953,2022-01-03,YES
d5c6106f-0dfb-4dd7-af80-42f8f6658a5b,VZLA,AMEX,2022-01-24,2026-08-11,1116,1027,291,380,0.7931769722814499,2023-01-25,YES
322ddf50-6705-413e-99a3-b97af39d5a14,W,NYSE,2021-01-04,2026-08-11,1404,1404,3,3,0.997867803837953,2022-01-03,YES
c3baa05b-10d0-4ecb-987f-8b34289553f3,WAB,NYSE,2021-01-04,2026-08-11,1404,1404,3,3,0.997867803837953,2022-01-03,YES
4caf7d5f-b3a4-4d77-ada6-838605168ac2,WABC,NASDAQ,2021-01-04,2026-08-11,1407,1405,0,2,1.0,2022-01-03,YES
b6e5a200-0caa-4cf7-8e0c-486fc8dd0a9d,WAFD,NASDAQ,2021-01-04,2026-08-11,1407,1407,0,0,1.0,2022-01-03,YES
d32ea6ed-22e5-49ed-88d6-05303de5a35b,WAFU,NASDAQ,2021-01-04,2026-08-11,1343,704,64,703,0.9545131485429993,2022-01-03,YES
106fe45c-e07e-4685-99f3-329384ad3c6d,WAL,NYSE,2021-01-04,2026-08-11,1404,1404,3,3,0.997867803837953,2022-01-03,YES
2e4afe39-73d8-40bb-9326-9623b94a8fbf,WALD,NASDAQ,2021-05-13,2026-08-11,1134,988,273,419,0.8059701492537313,2022-06-15,YES
4373b822-84c5-4a0b-87f8-428c6e982a1b,WAT,NYSE,2021-01-04,2026-08-11,1404,1404,3,3,0.997867803837953,2022-01-03,YES
1f8e6a39-0d10-4223-8c71-fae5fa767708,WATT,NASDAQ,2021-01-04,2026-08-11,1405,1262,2,145,0.9985785358919688,2022-01-03,YES
31885bf7-4126-4f8f-9dbb-a690970a17b9,WAY,NASDAQ,2024-06-07,2026-08-11,545,545,862,862,0.38734896943852165,2025-06-11,YES
c8899fc1-c3b2-411c-a940-4b9380a09b84,WBD,NASDAQ,2022-04-05,2026-08-11,1090,1090,317,317,0.7746979388770433,2023-04-06,YES
980b0325-fb42-4b3d-96dd-a4e4c99cbfdf,WBI,NYSE,2025-09-17,2026-08-11,226,226,1181,1181,0.16062544420753375,,NO
bd478897-431e-49f2-be59-e586b75fcaba,WBS,NYSE,2021-01-04,2026-08-11,1404,1404,3,3,0.997867803837953,2022-01-03,YES
206678de-0a5f-4a1c-9979-488acc7dfa72,WBTN,NASDAQ,2024-06-27,2026-08-11,532,532,875,875,0.3781094527363184,2025-07-01,YES
d6221f34-dbd7-4ac1-8c92-4cb513b53ac2,WBUY,NASDAQ,2025-05-08,2026-08-11,316,243,1091,1164,0.224591329068941,2026-05-11,YES
59e0d535-4448-402a-8bb2-fcaa4bd38861,WBX,NYSE,2021-04-22,2026-08-11,1304,1209,103,198,0.9267945984363894,2022-04-21,YES
ed5f5e16-049a-4d94-b536-5b255f59fe9f,WCC,NYSE,2021-01-04,2026-08-11,1404,1404,3,3,0.997867803837953,2022-01-03,YES
fd6bb024-f31b-47df-a53a-49e8e8e3a37f,WCN,NYSE,2021-01-04,2026-08-11,1404,1404,3,3,0.997867803837953,2022-01-03,YES
22b1385a-d718-4db2-ab07-f097cfc78091,WCT,NASDAQ,2024-10-02,2026-08-11,465,371,942,1036,0.3304904051172708,2025-10-06,YES
9d7d91d8-5ed4-4dfc-8620-04ef0f62afa5,WD,NYSE,2021-01-04,2026-08-11,1404,1404,3,3,0.997867803837953,2022-01-03,YES
04f7d8b3-3c40-4e19-ab08-aff850458676,WDAY,NASDAQ,2021-01-04,2026-08-11,1407,1407,0,0,1.0,2022-01-03,YES
70cb03f3-2184-4a3a-b04c-ad5ff9524612,WDC,NASDAQ,2021-01-04,2026-08-11,1407,1407,0,0,1.0,2022-01-03,YES
9db3bc4f-e535-4c94-aff2-7919dcd24d55,WDFC,NASDAQ,2021-01-04,2026-08-11,1407,1400,0,7,1.0,2022-01-03,YES
1188fa69-603d-4fbc-978a-b773da578b2c,WEAV,NYSE,2021-11-11,2026-08-11,1188,1188,219,219,0.8443496801705757,2022-11-11,YES
3fc48ca4-397a-48d0-aae0-908c807f7159,WEC,NYSE,2021-01-04,2026-08-11,1404,1404,3,3,0.997867803837953,2022-01-03,YES
b94a7925-39e6-4a74-9db6-44888cb57d40,WELL,NYSE,2021-01-04,2026-08-11,1404,1404,3,3,0.997867803837953,2022-01-03,YES
f8691afd-d756-462f-a70a-6cd78c99db15,WEN,NASDAQ,2021-01-04,2026-08-11,1407,1407,0,0,1.0,2022-01-03,YES
1fc6bf5d-e4f4-427f-aa4c-038d1540cf04,WENC,NYSE,2026-05-14,2026-08-11,61,6,1346,1401,0.0433546552949538,,NO
1635b8cd-71bd-4fb1-9aa9-58de09b67938,WENN,NASDAQ,2025-07-07,2026-08-11,277,89,1130,1318,0.1968727789623312,,NO
ee2168db-f0a4-4b15-9a6b-bf5f171db41e,WERN,NASDAQ,2021-01-04,2026-08-11,1407,1407,0,0,1.0,2022-01-03,YES
64b1ce67-9c84-4a31-babf-cf27c1d88829,WES,NYSE,2021-01-04,2026-08-11,1404,1404,3,3,0.997867803837953,2022-01-03,YES
e0b5bcfc-fc96-4997-9eb2-7e0da7dfe601,WEST,NASDAQ,2021-10-21,2026-08-11,1098,1092,309,315,0.7803837953091685,2022-10-21,YES
1f1d1867-a373-424b-9666-dc906bc74457,WETH,NASDAQ,2024-02-21,2026-08-11,620,497,787,910,0.44065387348969437,2025-02-24,YES
0d3c6aac-f394-42b6-a15a-b0a509bfe243,WETO,NASDAQ,2025-02-27,2026-08-11,365,203,1042,1204,0.2594171997157072,2026-03-03,YES
bd64a706-7e82-440a-ae2a-d740f7d1cbcc,WEX,NYSE,2021-01-04,2026-08-11,1404,1404,3,3,0.997867803837953,2022-01-03,YES
68368bd9-dbb4-4ae1-aacb-82224dd01d12,WEYS,NASDAQ,2021-01-04,2026-08-11,1315,856,92,551,0.9346126510305615,2022-01-03,YES
f9700a20-b0fe-4516-87c5-9d7b096d5539,WFC,NYSE,2021-01-04,2026-08-11,1404,1404,3,3,0.997867803837953,2022-01-03,YES
9b50f052-d432-498a-9931-25d82f1ba156,WFCF,NASDAQ,2021-04-14,2026-08-11,1116,331,291,1076,0.7931769722814499,2022-08-16,YES
19a1d751-6c1f-40fb-a6f7-90cd1e1c9a0a,WFF,NASDAQ,2025-03-27,2026-08-11,345,199,1062,1208,0.24520255863539445,2026-03-31,YES
96069290-ed14-4aaa-ac47-010c7c4cc05e,WFG,NYSE,2021-02-01,2026-08-11,1384,1384,23,23,0.9836531627576404,2022-01-31,YES
c34cea27-2f64-4b21-9059-b2e0433abd62,WFRD,NASDAQ,2021-06-02,2026-08-11,1304,1304,103,103,0.9267945984363894,2022-06-01,YES
2ef3f074-a9dc-4eab-b0c6-d5a97b70c359,WGO,NYSE,2021-01-04,2026-08-11,1404,1404,3,3,0.997867803837953,2022-01-03,YES
2d99ff88-8649-4d0a-b282-8a89d2cef19f,WGS,NASDAQ,2021-01-04,2026-08-11,1407,1401,0,6,1.0,2022-01-03,YES
b730cd2f-3288-44fa-8166-ec9ea28528c5,WH,NYSE,2021-01-04,2026-08-11,1404,1404,3,3,0.997867803837953,2022-01-03,YES
674aca71-b301-49c3-ba96-47f7b1cff38a,WHD,NYSE,2021-01-04,2026-08-11,1404,1404,3,3,0.997867803837953,2022-01-03,YES
caeb5763-6366-4a6a-982c-b1c441693675,WHF,NASDAQ,2021-01-04,2026-08-11,1395,1370,12,37,0.9914712153518124,2022-01-03,YES
52912975-d2de-4294-b1a9-a7af1037e3eb,WHG,NYSE,2021-01-04,2026-08-11,1337,950,70,457,0.9502487562189055,2022-01-03,YES
eb6e8445-2218-4b80-9342-c857cf7e713d,WHK,NYSE,2026-06-09,2026-08-11,44,44,1363,1363,0.03127221037668799,,NO
a7a9edc6-1d8b-4c37-9497-c0bcba62939b,WHR,NYSE,2021-01-04,2026-08-11,1404,1404,3,3,0.997867803837953,2022-01-03,YES
200566e8-cd65-46a0-ad98-d2b2fedc1fa3,WHWK,NASDAQ,2021-01-04,2026-08-11,1406,1390,1,17,0.9992892679459844,2022-01-03,YES
cc3b9c70-915c-47ac-8b66-8ae9c17c0ab1,WILC,NASDAQ,2021-01-04,2026-08-11,1103,304,304,1103,0.7839374555792467,2022-01-31,YES
50d387c3-2d1e-4ad7-9698-ec797fd8d047,WINA,NASDAQ,2021-01-04,2026-08-11,1239,1047,168,360,0.8805970149253731,2022-01-14,YES
50408328-fa0d-4eed-bac5-dae4dc55d50a,WING,NASDAQ,2021-01-04,2026-08-11,1407,1407,0,0,1.0,2022-01-03,YES
6504b97c-ce65-418d-a704-dddc8ba1d0df,WIT,NYSE,2021-01-04,2026-08-11,1404,1404,3,3,0.997867803837953,2022-01-03,YES
4aebf6c4-84fa-4808-81b3-8f83abbb4e6e,WIX,NASDAQ,2021-01-04,2026-08-11,1407,1407,0,0,1.0,2022-01-03,YES
7839822d-f612-4e8a-9020-7ad829f05436,WK,NYSE,2021-01-04,2026-08-11,1404,1404,3,3,0.997867803837953,2022-01-03,YES
097ec520-94aa-4c62-af9c-590439869d35,WKC,NYSE,2021-01-04,2026-08-11,1404,1404,3,3,0.997867803837953,2022-01-03,YES
5ca9e882-1f12-4938-a6a4-9909b8ff26f2,WKHS,NASDAQ,2021-01-04,2026-08-11,1407,1405,0,2,1.0,2022-01-03,YES
9aef042d-9604-48b5-b687-3409b96d36dd,WKSP,NASDAQ,2021-08-04,2026-08-11,1239,1074,168,333,0.8805970149253731,2022-08-04,YES
3ee94f09-e919-49c5-93df-f2a971d3d4ea,WLCO,NASDAQ,2026-08-10,2026-08-11,2,2,1405,1405,0.0014214641080312722,,NO
89100e20-0b4c-4c88-b864-75afd55f614c,WLDN,NASDAQ,2021-01-04,2026-08-11,1403,1384,4,23,0.9971570717839374,2022-01-03,YES
63549196-ffb9-4ec5-9274-508fe6eae2db,WLDS,NASDAQ,2022-09-13,2026-08-11,981,823,426,584,0.697228144989339,2023-09-14,YES
9816ad43-c6e6-4a99-8a05-dc49eca103ba,WLFC,NASDAQ,2021-01-06,2026-08-11,1263,898,144,509,0.8976545842217484,2022-01-05,YES
fab6fd66-a731-4b12-a9c8-d86964181389,WLII,NASDAQ,2026-05-21,2026-08-11,56,6,1351,1401,0.03980099502487562,,NO
135e3e5b-a7b5-48aa-a123-17fdf89c328d,WLK,NYSE,2021-01-04,2026-08-11,1404,1404,3,3,0.997867803837953,2022-01-03,YES
7cadfce2-887c-4d6b-860d-2e456113e8d3,WLKP,NYSE,2021-01-04,2026-08-11,1392,1228,15,179,0.9893390191897654,2022-01-03,YES
8bb31424-3cd3-44a4-b6ad-6f334af48292,WLTH,NASDAQ,2022-07-07,2026-08-11,400,181,1007,1226,0.28429282160625446,,NO
90835529-1e91-499b-8bf4-8cf1131433f1,WLY,NYSE,2022-04-01,2026-08-11,1093,1093,314,314,0.7768301350390903,2023-04-04,YES
b60bd215-2329-49ef-8082-302e4340204a,WLYB,NYSE,2023-04-18,2026-08-11,832,43,575,1364,0.5913290689410092,2024-04-18,YES
15110ac1-3d55-4832-bb54-f59ed4abeed1,WM,NYSE,2021-01-04,2026-08-11,1404,1404,3,3,0.997867803837953,2022-01-03,YES
b60af993-7490-471e-9926-1cbedb46fcef,WMB,NYSE,2021-01-04,2026-08-11,1404,1404,3,3,0.997867803837953,2022-01-03,YES
e71c37b8-196f-4cec-a8d4-1cb4bf0f32f8,WMG,NASDAQ,2021-01-04,2026-08-11,1407,1407,0,0,1.0,2022-01-03,YES
b69753bc-c8d7-44b3-bdae-e33dc51bc8e2,WMK,NYSE,2021-01-04,2026-08-11,1404,1400,3,7,0.997867803837953,2022-01-03,YES
1525143e-c107-4c3c-87b3-f8fc907d83a2,WMS,NYSE,2021-01-04,2026-08-11,1404,1404,3,3,0.997867803837953,2022-01-03,YES
3f3e0ff9-599f-4fec-8842-6bc53f5129a1,WMT,NASDAQ,2021-01-04,2026-08-11,1404,1404,3,3,0.997867803837953,2022-01-03,YES
136ea14c-1812-4af9-9b21-ba58f91a9fd3,WNC,NYSE,2021-01-04,2026-08-11,1404,1404,3,3,0.997867803837953,2022-01-03,YES
2106a1a6-7c07-4255-b70a-149fad5d3578,WNEB,NASDAQ,2021-01-04,2026-08-11,1391,1351,16,56,0.9886282871357498,2022-01-03,YES
c7a7cf32-a86c-4098-b444-60d8927a3ae3,WNW,NASDAQ,2021-01-04,2026-08-11,1372,1016,35,391,0.9751243781094527,2022-01-03,YES
7d74ca19-78dd-4f33-9145-f7a813564f8d,WOK,NASDAQ,2024-08-23,2026-08-11,492,354,915,1053,0.34968017057569295,2025-08-29,YES
8b3960f5-bd17-4410-bf1e-396add3463b7,WOLF,NYSE,2021-01-04,2026-08-11,1405,1405,2,2,0.9985785358919688,2022-01-03,YES
247c6a3e-c941-471d-9d7c-42c8d8cc9020,WOOF,NASDAQ,2021-01-14,2026-08-11,1399,1399,8,8,0.994314143567875,2022-01-13,YES
158765ed-1010-414d-b0df-faf8564e96b2,WOR,NYSE,2021-01-04,2026-08-11,1404,1404,3,3,0.997867803837953,2022-01-03,YES
6ed605ed-82fc-4c3c-8ca1-a8fa31e823c5,WPAC,NYSE,2026-02-25,2026-08-11,116,4,1291,1403,0.0824449182658138,,NO
017b3dd0-dd92-41f7-9937-a23341fc1d3b,WPC,NYSE,2021-01-04,2026-08-11,1404,1404,3,3,0.997867803837953,2022-01-03,YES
e1df637f-a75f-4bf3-bc52-d7f8084c7ccd,WPM,NYSE,2021-01-04,2026-08-11,1404,1404,3,3,0.997867803837953,2022-01-03,YES
cac2ea8c-f82b-406e-8bb5-975ce5209462,WPP,NYSE,2021-01-04,2026-08-11,1403,1400,4,7,0.9971570717839374,2022-01-03,YES
0da4866b-63ed-4579-a18c-d2e5595ae1d1,WPRT,NASDAQ,2021-01-04,2026-08-11,1407,1229,0,178,1.0,2022-01-03,YES
d0ccaec0-9543-404f-aaed-182995fe9484,WRAP,NASDAQ,2021-01-04,2026-08-11,1407,1351,0,56,1.0,2022-01-03,YES
a64399d5-f09d-469d-8cdc-291ef91235f7,WRB,NYSE,2021-01-04,2026-08-11,1404,1404,3,3,0.997867803837953,2022-01-03,YES
5dfe04e1-328f-43db-b6ec-100c7f0dda2a,WRBY,NYSE,2021-10-01,2026-08-11,1217,1217,190,190,0.8649609097370291,2022-10-03,YES
9a1f9bbd-038e-4926-a6d9-dbff73259d62,WRLD,NASDAQ,2021-01-04,2026-08-11,1380,1255,27,152,0.9808102345415778,2022-01-03,YES
a7937e28-38d3-43d3-a55e-1c5b110e0615,WRN,AMEX,2021-01-05,2026-08-11,1372,1259,35,148,0.9751243781094527,2022-01-04,YES
e89dcdfe-ffa3-4bf2-bf90-0485fa78991f,WS,NYSE,2023-12-01,2026-08-11,674,674,733,733,0.47903340440653874,2024-12-03,YES
99f94f11-dd88-4076-84c3-84ad2e4dd52b,WSBC,NASDAQ,2021-01-04,2026-08-11,1407,1407,0,0,1.0,2022-01-03,YES
88b363cf-2206-45d7-8985-87f8fcb2ae39,WSBF,NASDAQ,2021-01-04,2026-08-11,1407,1387,0,20,1.0,2022-01-03,YES
9ce9b968-633c-41f0-9977-dd115ff7f131,WSBK,NASDAQ,2025-05-02,2026-08-11,320,79,1087,1328,0.22743425728500355,2026-05-06,YES
a991dae0-e123-4426-bbd6-323de07b852b,WSC,NASDAQ,2021-01-04,2026-08-11,1407,1407,0,0,1.0,2022-01-03,YES
470e963c-306f-43f8-b59f-4cd60e2769e7,WSE,NASDAQ,2026-05-11,2026-08-11,64,64,1343,1343,0.04548685145700071,,NO
eeb7a7b4-1a59-4424-98b0-0c0c066da5db,WSFS,NASDAQ,2021-01-04,2026-08-11,1407,1407,0,0,1.0,2022-01-03,YES
1efff35d-0aab-475d-a162-c8eaf8d499ce,WSHP,NASDAQ,2025-11-17,2026-08-11,183,113,1224,1294,0.1300639658848614,,NO
2820b0fc-1249-44d4-b749-18378cec217c,WSM,NYSE,2021-01-04,2026-08-11,1404,1404,3,3,0.997867803837953,2022-01-03,YES
6dd2f957-3a4b-4872-8656-43b664ec37cd,WSO,NYSE,2021-01-04,2026-08-11,1404,1404,3,3,0.997867803837953,2022-01-03,YES
b20d6720-9f3a-4999-b04b-2df846ebd64a,WST,NYSE,2021-01-04,2026-08-11,1404,1403,3,4,0.997867803837953,2022-01-03,YES
ca29de08-7189-4dd5-9072-097818f05f85,WSTN,NASDAQ,2026-01-07,2026-08-11,149,11,1258,1396,0.10589907604832978,,NO
cbd8de9f-6071-4b53-b75c-0d0aa88f5be7,WT,NYSE,2021-01-04,2026-08-11,1407,1407,0,0,1.0,2022-01-03,YES
2b309e74-5c24-4ca9-8357-4bfebe9f6706,WTBA,NASDAQ,2021-01-04,2026-08-11,1372,1171,35,236,0.9751243781094527,2022-01-03,YES
1d8f687f-8e03-44cb-8215-4291036d75fd,WTF,NASDAQ,2025-04-01,2026-08-11,342,230,1065,1177,0.24307036247334754,2026-04-02,YES
3a91ce10-460a-4639-87ea-51b2f19dd9cc,WTFC,NASDAQ,2021-01-04,2026-08-11,1407,1407,0,0,1.0,2022-01-03,YES
0f32ae0c-adee-4cbb-a8f2-bdb7770aaa7f,WTG,NASDAQ,2025-07-30,2026-08-11,260,7,1147,1400,0.1847903340440654,2026-08-03,YES
6354637c-943f-4fad-a3b6-de93c160ea20,WTI,NYSE,2021-01-04,2026-08-11,1404,1404,3,3,0.997867803837953,2022-01-03,YES
bc24668d-18b0-41b1-828c-3b57604b1ab2,WTM,NYSE,2021-01-04,2026-08-11,1317,777,90,630,0.9360341151385928,2022-01-03,YES
2819dadb-fa9a-4802-bdae-189234b5c49c,WTRG,NYSE,2021-01-04,2026-08-11,1404,1404,3,3,0.997867803837953,2022-01-03,YES
21cc1090-6283-48e4-b03d-6e70dd39d1d4,WTS,NYSE,2021-01-04,2026-08-11,1404,1401,3,6,0.997867803837953,2022-01-03,YES
d8c8e4c9-2aad-4ecd-bd1c-430731d81f0a,WTTR,NYSE,2021-01-04,2026-08-11,1404,1404,3,3,0.997867803837953,2022-01-03,YES
2f1bca3b-ed44-4246-ade0-f90c9ad52790,WTW,NASDAQ,2021-01-04,2026-08-11,1407,1407,0,0,1.0,2022-01-03,YES
0e0c0862-4cca-4f81-b954-12b51e86090b,WU,NYSE,2021-01-04,2026-08-11,1404,1404,3,3,0.997867803837953,2022-01-03,YES
6f0fdddd-2cb5-4a92-821f-c460192ca19d,WULF,NASDAQ,2021-01-04,2026-08-11,1344,1342,63,65,0.9552238805970149,2022-01-04,YES
004eaee9-4b97-4912-b025-f49c18acaa43,WVE,NASDAQ,2021-01-04,2026-08-11,1407,1407,0,0,1.0,2022-01-03,YES
54e7466b-338d-4c29-9255-3c5c60a04b47,WVVI,NASDAQ,2021-01-19,2026-08-11,1214,396,193,1011,0.8628287135749823,2022-01-19,YES
a939231a-8834-48ef-833d-ba92b96badc3,WW,NASDAQ,2021-01-04,2026-08-11,1407,1374,0,33,1.0,2022-01-03,YES
c1f33411-cce6-496a-a6bf-4022abecfa8a,WWD,NASDAQ,2021-01-04,2026-08-11,1407,1407,0,0,1.0,2022-01-03,YES
a34d19ed-5729-46e7-b2bf-a658743218de,WWR,AMEX,2021-01-04,2026-08-11,1407,1343,0,64,1.0,2022-01-03,YES
4b525725-a297-4fb2-94c3-7ced9a8e7bdb,WWW,NYSE,2021-01-04,2026-08-11,1404,1404,3,3,0.997867803837953,2022-01-03,YES
1cddad7e-fe28-4fb5-a879-d9215e6c307a,WXM,NASDAQ,2025-04-01,2026-08-11,342,233,1065,1174,0.24307036247334754,2026-04-06,YES
4c3e17f6-0d5a-44ec-b05f-c0f7b973d7db,WY,NYSE,2021-01-04,2026-08-11,1404,1404,3,3,0.997867803837953,2022-01-03,YES
c9b0b5c7-7383-41ee-a479-725d4c5168e3,WYFI,NASDAQ,2025-08-07,2026-08-11,254,254,1153,1153,0.18052594171997158,2026-08-10,YES
762eca63-f335-4d9c-bfc5-83607ad4d8e9,WYNN,NASDAQ,2021-01-04,2026-08-11,1407,1407,0,0,1.0,2022-01-03,YES
ff778bae-7f43-4250-b192-c961c48e8945,WYY,AMEX,2021-01-04,2026-08-11,1324,1003,83,404,0.9410092395167022,2022-01-03,YES
24e97303-b8ad-4685-bcd6-da66ab65b846,XAIR,NASDAQ,2021-01-04,2026-08-11,1407,1376,0,31,1.0,2022-01-03,YES
76208dfa-1955-48db-b05e-3add5f903cf3,XBIO,NASDAQ,2021-01-04,2026-08-11,1309,729,98,678,0.9303482587064676,2022-01-04,YES
82f7bc91-3f07-4f2b-b79e-b68204531ca6,XBIT,NASDAQ,2021-01-04,2026-08-11,1402,1277,5,130,0.9964463397299218,2022-01-03,YES
fd581758-8ae3-4971-861a-56f0b4e718b3,XBP,NASDAQ,2021-05-26,2026-08-11,1106,576,301,831,0.7860696517412935,2022-06-17,YES
3d941a9a-cf9f-4672-9d1f-b1dc1e811d3c,XCBE,NASDAQ,2026-03-19,2026-08-11,100,5,1307,1402,0.07107320540156362,,NO
e4d28eb4-5b84-4d8c-899b-2987fb76e529,XCUR,NASDAQ,2021-01-04,2026-08-11,1400,949,7,458,0.9950248756218906,2022-01-03,YES
f56e7ca6-6886-47ed-9c91-6a8f188d7d7e,XE,NASDAQ,2026-04-24,2026-08-11,75,75,1332,1332,0.053304904051172705,,NO
152daa56-fc67-4627-b283-89405b4360fb,XEL,NASDAQ,2021-01-04,2026-08-11,1407,1407,0,0,1.0,2022-01-03,YES
fcc0e0c0-2d8e-4bd2-8c43-a84788fbbe26,XELB,NASDAQ,2021-01-04,2026-08-11,1259,791,148,616,0.8948116560056859,2022-01-05,YES
b3b5b5e1-eb1e-4a75-97d7-ae57cdb5d446,XENE,NASDAQ,2021-01-04,2026-08-11,1407,1407,0,0,1.0,2022-01-03,YES
22978e9d-4b1c-478d-9845-8159f368ffc4,XERS,NASDAQ,2021-01-04,2026-08-11,1407,1407,0,0,1.0,2022-01-03,YES
3dd34282-1074-4e30-9a13-3d116068a9cd,XFLH,NYSE,2026-03-09,2026-08-11,108,15,1299,1392,0.0767590618336887,,NO
58ee33d4-1f26-45b0-becf-89d4fdad198b,XFOR,NASDAQ,2021-01-04,2026-08-11,1405,1403,2,4,0.9985785358919688,2022-01-03,YES
4cd7581d-e6c5-47bd-a87c-a110ae73d226,XGN,NASDAQ,2021-01-04,2026-08-11,1369,1150,38,257,0.9729921819474058,2022-01-03,YES
24271871-edd8-4015-b011-f6abf17a5f5c,XHLD,NASDAQ,2025-02-13,2026-08-11,374,333,1033,1074,0.2658137882018479,2026-02-17,YES
39b83d46-b444-4841-a799-1ac86120727b,XHR,NYSE,2021-01-04,2026-08-11,1404,1404,3,3,0.997867803837953,2022-01-03,YES
d82dc1d8-5009-4e9f-a178-bd60e4180c00,XIFR,NYSE,2021-01-04,2026-08-11,1404,1404,3,3,0.997867803837953,2022-01-03,YES
d62b5b98-99c6-46fd-a6f7-fc1f98acb095,XLO,NASDAQ,2021-10-22,2026-08-11,1194,1002,213,405,0.8486140724946695,2022-10-26,YES
4b61d5f7-4f97-4749-b1a0-8003ae6a85fc,XMAX,NASDAQ,2021-01-04,2026-08-11,1280,852,127,555,0.9097370291400142,2022-01-04,YES
bd019b7a-f4f1-4ce2-823a-39305afac280,XMTR,NASDAQ,2021-06-30,2026-08-11,1284,1284,123,123,0.9125799573560768,2022-06-30,YES
a573a26d-6955-4ae5-bf19-b25d2994ec39,XNCR,NASDAQ,2021-01-04,2026-08-11,1407,1407,0,0,1.0,2022-01-03,YES
6a8a0883-2cfd-4c6c-bda3-7be58ef1fd29,XNDU,NASDAQ,2025-05-19,2026-08-11,309,227,1098,1180,0.21961620469083157,2026-05-20,YES
0dd35bf7-a49c-4068-bce0-8e40b700454d,XOM,NYSE,2021-01-04,2026-08-11,1404,1404,3,3,0.997867803837953,2022-01-03,YES
9ed527a7-82fc-4670-a266-82e603de4608,XOS,NASDAQ,2021-01-04,2026-08-11,1395,1166,12,241,0.9914712153518124,2022-01-03,YES
2bc9ae26-39a5-45e9-bf3d-2e35789f737d,XP,NASDAQ,2021-01-04,2026-08-11,1407,1407,0,0,1.0,2022-01-03,YES
8c2f2f3f-9101-43f3-a6cb-cf7d9350105e,XPEL,NASDAQ,2021-01-04,2026-08-11,1407,1407,0,0,1.0,2022-01-03,YES
9e82300d-316b-4dd2-ae60-e99848141d5b,XPER,NYSE,2021-01-04,2026-08-11,1407,1406,0,1,1.0,2022-01-03,YES
bec623fc-bbba-40d1-8386-e699afdfe558,XPL,AMEX,2021-01-05,2026-08-11,1313,929,94,478,0.9331911869225302,2022-01-04,YES
f9d55f85-5125-43a6-8cb6-7c8b3c49bbc4,XPO,NYSE,2021-01-04,2026-08-11,1404,1404,3,3,0.997867803837953,2022-01-03,YES
22858a81-a0db-42cc-8731-8d623cd92934,XPOF,NYSE,2021-07-23,2026-08-11,1266,1265,141,142,0.8997867803837953,2022-07-25,YES
63827a99-0d30-409c-9a7c-ea23ff90b0a8,XPON,NASDAQ,2022-04-01,2026-08-11,1089,881,318,526,0.7739872068230277,2023-04-04,YES
d8030624-bccf-49d2-979e-ac13e2afba81,XPRO,NYSE,2021-01-04,2026-08-11,1404,1404,3,3,0.997867803837953,2022-01-03,YES
3f91e8a7-22c0-49b5-aefc-1b46182bc308,XRAY,NASDAQ,2021-01-04,2026-08-11,1407,1407,0,0,1.0,2022-01-03,YES
e65f6a8c-0400-4e2f-919b-3d64b2d9d550,XRN,NYSE,2021-01-04,2026-08-11,1404,1401,3,6,0.997867803837953,2022-01-03,YES
095067c7-02a3-46ce-baba-96800bf30685,XRPN,NASDAQ,2024-08-16,2026-08-11,497,155,910,1252,0.35323383084577115,2026-06-26,YES
707288f1-3a26-4eb9-aebe-f28af0d3c970,XRTX,NASDAQ,2021-10-13,2026-08-11,1135,709,272,698,0.806680881307747,2022-10-13,YES
d1111e66-96bb-49e0-a0f8-f4c060cc8011,XRX,NASDAQ,2021-01-04,2026-08-11,1406,1406,1,1,0.9992892679459844,2022-01-03,YES
b9c4e0f1-7e82-437e-bb00-1fb0478e85c7,XTIA,NASDAQ,2021-01-04,2026-08-11,1404,1378,3,29,0.997867803837953,2022-01-03,YES
dab31879-cc49-49dc-937d-15ae9eac9ca1,XTNT,AMEX,2021-01-07,2026-08-11,1259,977,148,430,0.8948116560056859,2022-01-10,YES
b476efbe-cf10-4141-a988-e6107f940490,XWEL,NASDAQ,2021-01-04,2026-08-11,1407,1048,0,359,1.0,2022-01-03,YES
aa881ed3-4560-4d10-9e00-eb109d3ec129,XXI,NYSE,2024-08-13,2026-08-11,500,362,907,1045,0.35536602700781805,2025-08-15,YES
e762a3e2-a102-4272-95d9-d4aa363d4f0e,XXII,NASDAQ,2021-01-04,2026-08-11,1407,1325,0,82,1.0,2022-01-03,YES
2f9e8a74-914c-4b63-90f0-577fd772da6f,XYL,NYSE,2021-01-04,2026-08-11,1404,1404,3,3,0.997867803837953,2022-01-03,YES
3bd2f8c7-ceb9-4916-8a1e-4bcf3654efd9,XYZ,NYSE,2021-01-04,2026-08-11,1404,1404,3,3,0.997867803837953,2022-01-03,YES
ca6a470f-12e1-4688-92c9-e2574951afc6,XZO,NYSE,2025-11-05,2026-08-11,191,191,1216,1216,0.13574982231698648,,NO
a4c61975-b85b-42ce-a0e2-87518899d253,YAAS,NASDAQ,2024-12-20,2026-08-11,409,270,998,1137,0.2906894100923952,2025-12-24,YES
ec5dd84e-2dbb-4c6f-9789-ac5e8c2f08bd,YARW,NASDAQ,2021-01-04,2026-08-11,1401,1245,6,162,0.9957356076759062,2022-01-03,YES
490390bd-fe87-4bc7-80f3-7e0877c432fd,YCBD,AMEX,2021-01-04,2026-08-11,1378,1129,29,278,0.9793887704335466,2022-01-03,YES
55982d8b-f0ff-42ef-affc-f4ad9be122a4,YCY,NYSE,2025-10-30,2026-08-11,195,16,1212,1391,0.13859275053304904,,NO
14327bd5-0e20-45f2-99b6-734c1913e9b1,YDDL,NASDAQ,2025-10-09,2026-08-11,210,175,1197,1232,0.14925373134328357,,NO
440743b4-cee3-4f3d-a166-67420f4b523a,YDES,NASDAQ,2025-08-29,2026-08-11,238,151,1169,1256,0.1691542288557214,,NO
bd52a498-07d1-431b-8ba2-cca6ade5423d,YDKG,NASDAQ,2021-01-04,2026-08-11,1251,730,156,677,0.8891257995735607,2022-01-03,YES
312a6087-18d9-4e9f-b8f0-c8a94ba05868,YELP,NYSE,2021-01-04,2026-08-11,1404,1404,3,3,0.997867803837953,2022-01-03,YES
60376264-017f-4eb5-966f-3e4eb5046a12,YETI,NYSE,2021-01-04,2026-08-11,1404,1404,3,3,0.997867803837953,2022-01-03,YES
796b0273-30a2-4bfe-b48c-268d241a04ae,YEXT,NYSE,2021-01-04,2026-08-11,1404,1404,3,3,0.997867803837953,2022-01-03,YES
341715c8-c335-48a1-8bbf-70c20a0329fb,YHC,NASDAQ,2023-08-10,2026-08-11,753,643,654,764,0.535181236673774,2024-08-12,YES
bfd43c98-4e53-472c-b36b-65c8d030dba5,YHGJ,NASDAQ,2021-01-04,2026-08-11,1252,593,155,814,0.8898365316275764,2022-01-03,YES
ecd6576f-8887-484d-9451-281779e16f8a,YHNA,NASDAQ,2024-11-18,2026-08-11,432,15,975,1392,0.3070362473347548,,NO
689ae583-235b-4bbf-ac5a-b654b3ad82eb,YIBO,NASDAQ,2024-01-25,2026-08-11,638,259,769,1148,0.4534470504619758,2025-02-18,YES
975d0867-2d3a-4709-9cd3-b39278cdc878,YICC,NASDAQ,2026-07-20,2026-08-11,17,2,1390,1405,0.012082444918265814,,NO
b1fdf2ba-4d18-4b2c-9919-1bdc6db4162b,YJ,NASDAQ,2021-01-04,2026-08-11,1351,678,56,729,0.9601990049751243,2022-01-03,YES
a69bc9f9-56d9-47e1-ad30-1e77c389391d,YMAT,NASDAQ,2025-07-30,2026-08-11,260,176,1147,1231,0.1847903340440654,2026-07-31,YES
894b1a07-6b03-4d8a-81e1-67c1e64b4009,YORW,NASDAQ,2021-01-04,2026-08-11,1402,1385,5,22,0.9964463397299218,2022-01-03,YES
dbe48fd8-a5ed-4256-b1ee-4b08397edd36,YOU,NYSE,2021-06-30,2026-08-11,1282,1282,125,125,0.9111584932480455,2022-06-30,YES
80ab4c59-100f-4e06-afcf-08c0eb5b6cfa,YRD,NYSE,2021-01-04,2026-08-11,1334,1212,73,195,0.9481165600568585,2022-01-03,YES
14db22b7-d623-4794-8006-e5b36eb64c12,YSWY,NASDAQ,2026-04-22,2026-08-11,77,77,1330,1330,0.05472636815920398,,NO
c260c0b2-6a73-41bc-9829-994867443bd4,YSXT,NASDAQ,2024-12-18,2026-08-11,411,322,996,1085,0.2921108742004264,2025-12-22,YES
e34cf711-dacb-4066-9be9-211fe04288e6,YTRA,NASDAQ,2021-01-04,2026-08-11,1361,1114,46,293,0.9673063255152807,2022-01-03,YES
932a2ac2-9eba-47f1-932a-0ce1408c3683,YUM,NYSE,2021-01-04,2026-08-11,1404,1404,3,3,0.997867803837953,2022-01-03,YES
b622314b-646e-467f-bd1f-18a11cb94531,YUMC,NYSE,2021-01-04,2026-08-11,1404,1404,3,3,0.997867803837953,2022-01-03,YES
336d89a3-0a69-457d-9a6c-0a78b32e2e79,YXT,NASDAQ,2024-08-16,2026-08-11,497,228,910,1179,0.35323383084577115,2025-08-20,YES
c40a39f4-41ae-4f6a-97e1-fb612b2767bc,YYAI,NASDAQ,2022-06-15,2026-08-11,1036,857,371,550,0.736318407960199,2023-06-20,YES
331c6989-93ce-4f8c-aede-61281b83801c,YYGH,NASDAQ,2024-04-22,2026-08-11,578,426,829,981,0.4108031272210377,2025-04-24,YES
09e8eb7b-87ac-4bef-9807-0bed0ee5efe7,Z,NASDAQ,2021-01-04,2026-08-11,1407,1407,0,0,1.0,2022-01-03,YES
c155c246-393e-423f-8a79-77ec7aeff73d,ZBAO,NASDAQ,2024-04-02,2026-08-11,592,377,815,1030,0.4207533759772566,2025-04-04,YES
fc12f337-b4be-4805-9206-2f67ec0a0057,ZBH,NYSE,2021-01-04,2026-08-11,1404,1404,3,3,0.997867803837953,2022-01-03,YES
adcf2678-e09e-45e3-96b5-9873a58a57de,ZBIO,NASDAQ,2024-09-13,2026-08-11,478,478,929,929,0.33972992181947403,2025-09-17,YES
3c6eaa3f-d12a-4e72-aab5-b0e005ba631a,ZBRA,NASDAQ,2021-01-04,2026-08-11,1407,1406,0,1,1.0,2022-01-03,YES
86146e88-8d1e-4fe0-88e0-851aea1f7cea,ZCMD,NASDAQ,2021-01-04,2026-08-11,1265,576,142,831,0.8990760483297797,2022-01-03,YES
4c771f3e-2dcc-4990-894a-afb94d38e285,ZD,NASDAQ,2021-01-04,2026-08-11,1407,1407,0,0,1.0,2022-01-03,YES
7638b23f-c43d-4064-86f4-cca74b7bde04,ZDAI,NASDAQ,2024-07-23,2026-08-11,515,382,892,1025,0.3660270078180526,2025-07-28,YES
3885e7ce-ecfa-4416-b993-82cdf90b5d13,ZDGE,AMEX,2021-01-04,2026-08-11,1407,1254,0,153,1.0,2022-01-03,YES
0fccdbbd-95f2-4903-af3a-a236647aca59,ZENA,NASDAQ,2024-10-01,2026-08-11,466,460,941,947,0.3312011371712864,2025-10-03,YES
9135277f-c483-478a-b5fe-886e94ea5352,ZEO,NASDAQ,2021-12-21,2026-08-11,1039,508,368,899,0.738450604122246,2023-02-10,YES
fe4f3a29-a7f9-4904-a1f8-14b6917bbe02,ZETA,NYSE,2021-06-10,2026-08-11,1296,1296,111,111,0.9211087420042644,2022-06-09,YES
1a95d5d2-ebb4-42c8-a408-9636a8bb3904,ZG,NASDAQ,2021-01-04,2026-08-11,1407,1407,0,0,1.0,2022-01-03,YES
5ddcdefe-1eed-4a9a-8c11-5e4862577bc8,ZGN,NYSE,2021-01-13,2026-08-11,1315,1314,92,93,0.9346126510305615,2022-01-12,YES
2315d972-1110-454f-bc7f-82b36f3861d2,ZIM,NYSE,2021-01-28,2026-08-11,1387,1387,20,20,0.9857853589196873,2022-01-27,YES
48cbc81a-1c23-4356-92b0-207871c6f6a3,ZION,NASDAQ,2021-01-04,2026-08-11,1407,1407,0,0,1.0,2022-01-03,YES
1c206777-976f-42d2-b33e-81386f3d6e7b,ZIP,NYSE,2021-05-26,2026-08-11,1306,1306,101,101,0.9282160625444208,2022-05-25,YES
b64a774c-60f4-4602-98ae-cd2beddb8117,ZJK,NASDAQ,2024-09-30,2026-08-11,467,310,940,1097,0.3319118692253021,2025-10-08,YES
2bd12b7c-064e-48be-8042-7ddb859b64b1,ZKIN,NASDAQ,2021-01-04,2026-08-11,1354,734,53,673,0.9623312011371713,2022-01-03,YES
512c5ae5-91a1-441d-838f-9dcdbf5dfa05,ZKP,NASDAQ,2026-02-05,2026-08-11,129,4,1278,1403,0.09168443496801706,,NO
c2963936-2b0f-4eae-a0cc-dc28d3b33885,ZM,NASDAQ,2021-01-04,2026-08-11,1407,1407,0,0,1.0,2022-01-03,YES
955320f0-04e9-47ac-aa6b-51af38cb66bf,ZNB,NASDAQ,2021-01-04,2026-08-11,1398,1245,9,162,0.9936034115138592,2022-01-03,YES
a2bbc790-eeeb-442d-a3f2-3b1e2a92be1b,ZNTL,NASDAQ,2021-01-04,2026-08-11,1407,1407,0,0,1.0,2022-01-03,YES
d51fbc97-4d34-42ac-962c-304fed5cbc9b,ZONE,AMEX,2024-04-26,2026-08-11,574,466,833,941,0.4079601990049751,2025-04-30,YES
faff1b97-256b-4f88-a7f1-cc3d10d39c6a,ZOOZ,NASDAQ,2022-03-10,2026-08-11,1029,445,378,962,0.7313432835820896,2023-03-15,YES
8b059378-e1d0-422c-b80e-157b34700dd6,ZS,NASDAQ,2021-01-04,2026-08-11,1407,1407,0,0,1.0,2022-01-03,YES
b50f34d4-dc5b-4a7f-ae2f-c62bd098a211,ZSQR,NASDAQ,2021-01-04,2026-08-11,1155,910,252,497,0.8208955223880597,2022-01-03,YES
e51e13e4-052e-4949-ac1c-463e3af34f4e,ZSTK,NASDAQ,2021-05-11,2026-08-11,1309,1051,98,356,0.9303482587064676,2022-05-10,YES
3610c232-676d-41cf-8061-58b734cb8493,ZTEK,NASDAQ,2022-03-23,2026-08-11,1068,589,339,818,0.7590618336886994,2023-03-24,YES
dd52f652-933a-4079-a7db-1f667734ab62,ZTG,NASDAQ,2025-09-09,2026-08-11,231,111,1176,1296,0.16417910447761194,,NO
5344140c-ca01-4435-8a4a-217d4496bd35,ZTS,NYSE,2021-01-04,2026-08-11,1404,1404,3,3,0.997867803837953,2022-01-03,YES
bd960cb2-83a3-4618-aa09-fc7b6d88e4b2,ZUMZ,NASDAQ,2021-01-04,2026-08-11,1407,1407,0,0,1.0,2022-01-03,YES
e9abe233-df99-4a11-988c-483584b4a6ad,ZURA,NASDAQ,2023-03-21,2026-08-11,851,847,556,560,0.6048329779673063,2024-03-21,YES
38063a4f-c285-459e-b671-c3605d46da45,ZVIA,NYSE,2021-07-22,2026-08-11,1267,1253,140,154,0.900497512437811,2022-07-22,YES
6f0b4ff5-1a47-4629-94fb-bae8671fa435,ZVRA,NASDAQ,2021-01-08,2026-08-11,1403,1401,4,6,0.9971570717839374,2022-01-07,YES
608fe967-e866-494c-b7e8-df618346dbf7,ZWS,NYSE,2021-01-04,2026-08-11,1404,1404,3,3,0.997867803837953,2022-01-03,YES
8cd8cf1d-2d81-4055-95c9-ed9798459c47,ZYBT,NASDAQ,2025-01-07,2026-08-11,399,271,1008,1136,0.2835820895522388,2026-01-09,YES
f5e26ca5-9e87-4dd8-8d10-9bb9312da876,ZYME,NASDAQ,2021-01-04,2026-08-11,1404,1404,3,3,0.997867803837953,2022-01-03,YES
