date,valid_count,positive_count,negative_count,mean_tsm_return_12_1,median_tsm_return_12_1,cross_sectional_std_tsm_return_12_1,positive_breadth,negative_breadth
2011-01-03,421,333,87,0.20576134091156317,0.1674879710568173,0.3106501537068585,0.7909738717339667,0.20665083135391923
2011-01-04,422,334,88,0.20480506801043513,0.16489334288505658,0.30267681856215367,0.7914691943127962,0.20853080568720378
2011-01-05,422,335,87,0.20053307576045637,0.16418427906936917,0.30386644415509917,0.7938388625592417,0.20616113744075829
2011-01-06,422,329,93,0.19629684381432622,0.15319586368035842,0.30002943333089693,0.7796208530805687,0.22037914691943128
2011-01-07,422,337,85,0.19508754604237746,0.15172009329475175,0.29264108835683056,0.7985781990521327,0.2014218009478673
2011-01-10,422,342,80,0.19695722213600222,0.15022121671291055,0.2959339133019414,0.8104265402843602,0.1895734597156398
2011-01-11,422,349,73,0.2188073879684189,0.16302010873299477,0.30699853281626754,0.8270142180094787,0.17298578199052134
2011-01-12,422,345,77,0.20293877409034816,0.1505000341860194,0.29244866631981026,0.8175355450236966,0.18246445497630331
2011-01-13,422,345,77,0.20187240723261954,0.1542821892126037,0.2889060350869306,0.8175355450236966,0.18246445497630331
2011-01-14,422,349,73,0.2095466673687625,0.15760257502935998,0.29117823031739504,0.8270142180094787,0.17298578199052134
2011-01-18,422,343,79,0.20463163389247277,0.1584257400361718,0.2968884484590959,0.8127962085308057,0.1872037914691943
2011-01-19,422,345,77,0.22142173290522502,0.17392683182864538,0.3031040111659434,0.8175355450236966,0.18246445497630331
2011-01-20,422,355,67,0.2439789101205986,0.20353586364760257,0.30786880699427455,0.8412322274881516,0.15876777251184834
2011-01-21,422,367,55,0.2802350962809168,0.2262533295407853,0.3222963666200309,0.8696682464454977,0.13033175355450238
2011-01-24,422,367,54,0.2775625784198711,0.22846779626571465,0.31923857770548814,0.8696682464454977,0.12796208530805686
2011-01-25,422,367,55,0.2781858727585805,0.2259822716419042,0.3168087088826853,0.8696682464454977,0.13033175355450238
2011-01-26,422,364,58,0.2741831859809235,0.2242778711008265,0.3167174959672164,0.8625592417061612,0.13744075829383887
2011-01-27,422,370,52,0.28753517438294357,0.23728637281909282,0.30847407395570364,0.8767772511848341,0.12322274881516587
2011-01-28,422,374,48,0.30318333584677126,0.2482693445845183,0.3135124781684037,0.8862559241706162,0.11374407582938388
2011-01-31,422,369,53,0.28103086756427653,0.23188814061226876,0.3025164200569704,0.8744075829383886,0.12559241706161137
2011-02-01,422,364,58,0.2621059944105543,0.2178383008532597,0.2948823098292408,0.8625592417061612,0.13744075829383887
2011-02-02,422,366,56,0.2852010190361658,0.23654967849616082,0.30324833134347257,0.8672985781990521,0.13270142180094788
2011-02-03,422,379,43,0.32073069845571645,0.2697367875343809,0.32260335992340206,0.8981042654028436,0.1018957345971564
2011-02-04,422,383,39,0.32474295558653576,0.26595434238923765,0.3293158793649282,0.9075829383886256,0.0924170616113744
2011-02-07,422,388,34,0.33103475238684915,0.27320383843085516,0.32505706392937,0.919431279620853,0.08056872037914692
2011-02-08,422,382,40,0.3133438858263177,0.25658186286771323,0.3181844723253628,0.9052132701421801,0.0947867298578199
2011-02-09,422,384,38,0.31715341939293845,0.25919562575887534,0.3248535734704131,0.909952606635071,0.09004739336492891
2011-02-10,423,386,36,0.3045557404779099,0.254280440009659,0.3097314755003215,0.9125295508274232,0.0851063829787234
2011-02-11,423,394,29,0.3137821321045411,0.2646907996066145,0.3090891404071721,0.9314420803782506,0.06855791962174941
2011-02-14,423,386,37,0.2909143054965184,0.2440657930981613,0.3055179928463366,0.9125295508274232,0.08747044917257683
2011-02-15,423,386,37,0.2955443204874977,0.2484042674060593,0.3093264062771005,0.9125295508274232,0.08747044917257683
2011-02-16,423,385,38,0.2935043479183826,0.241395477439706,0.3101411848561968,0.9101654846335697,0.08983451536643026
2011-02-17,423,379,43,0.2693832747121807,0.2302942571438706,0.2996437977992246,0.8959810874704491,0.1016548463356974
2011-02-18,423,382,41,0.2632309126222447,0.2255939855917883,0.2821466546157714,0.9030732860520094,0.09692671394799054
2011-02-22,423,385,38,0.27830617898760807,0.2429437659184494,0.28548593267623806,0.9101654846335697,0.08983451536643026
2011-02-23,423,385,38,0.2745574518098508,0.2344007811704529,0.2830585609568958,0.9101654846335697,0.08983451536643026
2011-02-24,423,383,40,0.2761915196884948,0.2401515556038478,0.28212739519533214,0.9054373522458629,0.09456264775413711
2011-02-25,423,380,43,0.2843900530404952,0.2497100385690327,0.2882737168681518,0.8983451536643026,0.1016548463356974
2011-02-28,423,382,41,0.27414376588574996,0.2438334954170951,0.2857950629522976,0.9030732860520094,0.09692671394799054
2011-03-01,423,371,52,0.24259225675448498,0.2143181953117265,0.2758192150226165,0.8770685579196218,0.12293144208037825
2011-03-02,423,370,53,0.25138308201040815,0.2206782129683928,0.2805880376683451,0.8747044917257684,0.12529550827423167
2011-03-03,423,376,47,0.26684690557286245,0.2416503528571538,0.2860126850879015,0.8888888888888888,0.1111111111111111
2011-03-04,423,370,53,0.24500145480929014,0.2194317389825308,0.2807740188828409,0.8747044917257684,0.12529550827423167
2011-03-07,423,371,52,0.24791572643131665,0.224396006251011,0.2845460884007824,0.8770685579196218,0.12293144208037825
2011-03-08,423,374,49,0.25114942529250517,0.2192766041647498,0.2866578557131585,0.8841607565011821,0.11583924349881797
2011-03-09,423,374,49,0.2511464349898092,0.2226110061113215,0.283425103128031,0.8841607565011821,0.11583924349881797
2011-03-10,423,374,49,0.2532559260897788,0.2185074535768423,0.28710036883378454,0.8841607565011821,0.11583924349881797
2011-03-11,423,373,50,0.25091653708041733,0.2159857134846456,0.2885808790674345,0.8817966903073287,0.1182033096926714
2011-03-14,423,370,53,0.257334290028975,0.2171619677253944,0.2982223902834947,0.8747044917257684,0.12529550827423167
2011-03-15,423,368,55,0.25423628064389975,0.2151713194785478,0.3000203457052772,0.8699763593380615,0.13002364066193853
2011-03-16,423,366,57,0.2484317652106071,0.2031683346700954,0.31041579785558293,0.8652482269503546,0.1347517730496454
2011-03-17,423,361,61,0.24588377832502767,0.1994349633573322,0.30636067553361307,0.8534278959810875,0.14420803782505912
2011-03-18,423,371,52,0.2629326994942277,0.2117490693764945,0.31359839340014045,0.8770685579196218,0.12293144208037825
2011-03-21,423,373,50,0.2559032437938009,0.2109000014029856,0.30653885653807167,0.8817966903073287,0.1182033096926714
2011-03-22,423,367,56,0.24932492073249904,0.2062568308104235,0.2959248525762083,0.8676122931442081,0.13238770685579196
2011-03-23,423,363,60,0.22709511427874368,0.1991155330238005,0.2831315621255209,0.8581560283687943,0.14184397163120568
2011-03-24,423,351,72,0.21640043840107742,0.1876675082267194,0.27510068240647595,0.8297872340425532,0.1702127659574468
2011-03-25,423,353,70,0.21945194629982212,0.1960159756029598,0.2783142918789533,0.83451536643026,0.16548463356973994
2011-03-28,423,355,68,0.22905222038678597,0.2025563052941492,0.28262277082109094,0.8392434988179669,0.1607565011820331
2011-03-29,423,355,68,0.23104417411685596,0.2041354021765031,0.27266508824273006,0.8392434988179669,0.1607565011820331
2011-03-30,423,348,75,0.21658197202478682,0.1878827332222585,0.2679895025815948,0.8226950354609929,0.1773049645390071
2011-03-31,423,348,75,0.2121809119018623,0.1830338153534736,0.27072834744535657,0.8226950354609929,0.1773049645390071
2011-04-01,423,352,71,0.22074719322182962,0.1915481371727947,0.26839676104934185,0.8321513002364066,0.16784869976359337
2011-04-04,423,348,75,0.21038680683986202,0.1757049716530143,0.2684820401109399,0.8226950354609929,0.1773049645390071
2011-04-05,423,346,77,0.20471919176671893,0.1776281926483414,0.2628629679655267,0.817966903073286,0.18203309692671396
2011-04-06,423,352,71,0.21641639067908758,0.1886259646005956,0.2595891137431788,0.8321513002364066,0.16784869976359337
2011-04-07,423,351,72,0.20477338402078527,0.1862912191549013,0.2512602622214589,0.8297872340425532,0.1702127659574468
2011-04-08,423,337,86,0.18054618194716268,0.1620867052110419,0.24808633728569085,0.7966903073286052,0.2033096926713948
2011-04-11,423,340,83,0.1870607122833434,0.1689515320587034,0.24984295026489342,0.8037825059101655,0.19621749408983452
2011-04-12,423,329,94,0.16421986892306947,0.1453270209911121,0.24669957343695842,0.7777777777777778,0.2222222222222222
2011-04-13,423,318,105,0.1532582737042796,0.1378504144090313,0.24685810060585703,0.75177304964539,0.24822695035460993
2011-04-14,423,318,104,0.15139387672950053,0.1319820201787092,0.24730732362858338,0.75177304964539,0.2458628841607565
2011-04-15,423,321,102,0.16178276981078923,0.1379180763502228,0.25194468867200054,0.7588652482269503,0.24113475177304963
2011-04-18,423,324,99,0.15459519336595398,0.1361189285517057,0.2456314260730938,0.7659574468085106,0.23404255319148937
2011-04-19,423,332,91,0.1713952951261198,0.1505658773320306,0.2548525294833083,0.7848699763593381,0.21513002364066194
2011-04-20,423,326,97,0.15462914199614028,0.1389517386314709,0.23783203417137375,0.7706855791962175,0.2293144208037825
2011-04-21,423,319,104,0.14815271841463123,0.135558288281288,0.23608697787933233,0.7541371158392435,0.2458628841607565
2011-04-25,423,331,92,0.16358750774358988,0.14568026789156,0.23672542558891843,0.7825059101654847,0.21749408983451538
2011-04-26,423,352,71,0.196735935814639,0.1767941378940203,0.2458895614590657,0.8321513002364066,0.16784869976359337
2011-04-27,424,348,76,0.19105091753290002,0.17158353814433555,0.2491584341483319,0.8207547169811321,0.1792452830188679
2011-04-28,424,336,87,0.17935038865583292,0.1512814573443127,0.2450134700656704,0.7924528301886793,0.20518867924528303
2011-04-29,424,355,69,0.2114918925170473,0.18626733164187076,0.25554255400417397,0.8372641509433962,0.16273584905660377
2011-05-02,424,346,78,0.19232560248903124,0.16527426211408364,0.24765368975109173,0.8160377358490566,0.18396226415094338
2011-05-03,424,365,59,0.23256010302465582,0.19773951361092265,0.25884397243076557,0.8608490566037735,0.1391509433962264
2011-05-04,424,364,60,0.2456589344018866,0.21511471350384664,0.2671220325272287,0.8584905660377359,0.14150943396226415
2011-05-05,424,385,39,0.2861709728671468,0.24824028674740056,0.27937754968028866,0.9080188679245284,0.09198113207547169
2011-05-06,424,391,33,0.315905135132407,0.27653625330802745,0.28677647487556823,0.9221698113207547,0.07783018867924528
2011-05-09,424,369,55,0.2503391638509836,0.2113566748723604,0.26569129308951084,0.8702830188679245,0.12971698113207547
2011-05-10,424,371,53,0.242408886824307,0.20063693358143594,0.26141191865942776,0.875,0.125
2011-05-11,424,364,60,0.21488868064741984,0.17930149296007875,0.24688165182715885,0.8584905660377359,0.14150943396226415
2011-05-12,424,368,56,0.21975061630509193,0.183986139876467,0.24391256197502706,0.8679245283018868,0.1320754716981132
2011-05-13,424,379,45,0.24930437558742471,0.2147808446327294,0.2608234507224427,0.8938679245283019,0.10613207547169812
2011-05-16,424,377,47,0.2466630892758299,0.2142287393938303,0.26109610877805456,0.8891509433962265,0.11084905660377359
2011-05-17,424,389,35,0.2732721538987206,0.233575479818593,0.2667523976798949,0.9174528301886793,0.08254716981132075
2011-05-18,424,386,38,0.2669145662958171,0.22607062118150628,0.2676436932529964,0.910377358490566,0.08962264150943396
2011-05-19,424,400,24,0.32674090423597746,0.2868075146932555,0.2878173139620613,0.9433962264150944,0.05660377358490566
2011-05-20,424,397,27,0.3260775294136345,0.28234049489545177,0.28611243870696595,0.9363207547169812,0.06367924528301887
2011-05-23,424,404,20,0.34999901275329554,0.31134052223496533,0.29372888308285294,0.9528301886792453,0.04716981132075472
2011-05-24,424,402,22,0.34873839856666417,0.3083710386626707,0.2949110445490799,0.9481132075471698,0.05188679245283019
2011-05-25,424,405,19,0.36153987688477934,0.3228381555582831,0.28850467920067635,0.9551886792452831,0.04481132075471698
2011-05-26,424,399,25,0.3236995043024538,0.2830829271636932,0.27958668368373835,0.9410377358490566,0.0589622641509434
2011-05-27,424,403,21,0.34371195066670596,0.2999050588151033,0.2846764164482462,0.9504716981132075,0.049528301886792456
2011-05-31,424,406,18,0.37450990091341946,0.33061801275459946,0.2974746329407882,0.9575471698113207,0.04245283018867924
2011-06-01,424,398,26,0.33559514343847824,0.2993165352324165,0.2842125202652603,0.9386792452830188,0.06132075471698113
2011-06-02,424,397,27,0.31881657168725547,0.29430748747788793,0.2732633164759313,0.9363207547169812,0.06367924528301887
2011-06-03,424,401,23,0.36040992270813804,0.33602738806559607,0.2791116161217849,0.9457547169811321,0.054245283018867926
2011-06-06,424,405,19,0.3797663736977386,0.34882336732990327,0.2888323453127488,0.9551886792452831,0.04481132075471698
2011-06-07,424,402,22,0.3751704182641288,0.34045150778535993,0.2945704444087567,0.9481132075471698,0.05188679245283019
2011-06-08,424,405,19,0.3850390970213903,0.3451184853630279,0.30096623550927637,0.9551886792452831,0.04481132075471698
2011-06-09,424,401,23,0.35659876429465187,0.3132568067796131,0.29210613861740514,0.9457547169811321,0.054245283018867926
2011-06-10,424,396,28,0.3308391476083943,0.29079937186973814,0.27799865197316753,0.9339622641509434,0.0660377358490566
2011-06-13,424,398,26,0.3370642337523675,0.30120268057930544,0.27622083895478194,0.9386792452830188,0.06132075471698113
2011-06-14,425,389,36,0.2919137076801567,0.2558427274902162,0.26564552652407813,0.9152941176470588,0.08470588235294117
2011-06-15,425,392,33,0.2843380834444181,0.2567620490247859,0.256067399654029,0.9223529411764706,0.07764705882352942
2011-06-16,425,391,34,0.28067779987668057,0.2481211029301167,0.2553616025374117,0.92,0.08
2011-06-17,425,393,32,0.2960209645375993,0.2599032256235731,0.2646852989803789,0.9247058823529412,0.07529411764705882
2011-06-20,425,392,33,0.305692660158966,0.2727687647282744,0.2681620103383244,0.9223529411764706,0.07764705882352942
2011-06-21,425,396,29,0.32204108542437215,0.2891730229225724,0.27193362451764475,0.9317647058823529,0.06823529411764706
2011-06-22,425,391,34,0.30565658362952736,0.2736848909192888,0.26651250880300786,0.92,0.08
2011-06-23,425,397,27,0.3248565834376826,0.2833118214864263,0.27154433105047926,0.9341176470588235,0.06352941176470588
2011-06-24,425,397,28,0.3195587816458561,0.2823462662000264,0.27597861144905567,0.9341176470588235,0.06588235294117648
2011-06-27,425,397,28,0.331624187824514,0.2904251434875688,0.28273250011504114,0.9341176470588235,0.06588235294117648
2011-06-28,426,408,18,0.3864177925787455,0.3379770370630578,0.30016284239090024,0.9577464788732394,0.04225352112676056
2011-06-29,426,411,15,0.4138948153469169,0.35992674492888016,0.3103746557113257,0.9647887323943662,0.035211267605633804
2011-06-30,426,407,19,0.3855705530176631,0.3417178304060663,0.30717142430603467,0.9553990610328639,0.04460093896713615
2011-07-01,426,407,19,0.39323349999068474,0.34557256183933965,0.3085948631591567,0.9553990610328639,0.04460093896713615
2011-07-05,426,404,22,0.3773650257649798,0.32467181865755446,0.3098178279610048,0.9483568075117371,0.051643192488262914
2011-07-06,426,389,37,0.3185227787025087,0.27986900837077605,0.2900476799129037,0.9131455399061033,0.08685446009389672
2011-07-07,426,386,40,0.3084668391096993,0.270996215599515,0.28511804423990617,0.9061032863849765,0.09389671361502347
2011-07-08,426,383,43,0.2864385357556844,0.25587114797528165,0.276755656825247,0.8990610328638498,0.10093896713615023
2011-07-11,426,384,42,0.29905002093052163,0.27217271973017054,0.2833984446339982,0.9014084507042254,0.09859154929577464
2011-07-12,426,377,49,0.2531673820032399,0.2224055366923369,0.26668650063211874,0.8849765258215962,0.11502347417840375
2011-07-13,426,379,47,0.25277083529701017,0.222969628610641,0.2611862784358746,0.8896713615023474,0.11032863849765258
2011-07-14,427,385,42,0.27342696654191034,0.2433774817281895,0.2683796409408711,0.9016393442622951,0.09836065573770492
2011-07-15,427,393,34,0.2895959786216632,0.2496473422751843,0.27039163785002757,0.9203747072599532,0.07962529274004684
2011-07-18,427,390,37,0.28111204828337283,0.2462886483121134,0.26498333595953366,0.9133489461358314,0.08665105386416862
2011-07-19,427,388,39,0.26756485458251283,0.2350202336595652,0.2593647868244024,0.9086651053864169,0.09133489461358314
2011-07-20,427,392,35,0.2935595694545209,0.2608955119041785,0.2646064324001043,0.9180327868852459,0.08196721311475409
2011-07-21,427,383,44,0.28254083650268114,0.2558136839009546,0.26951759419104215,0.8969555035128806,0.10304449648711944
2011-07-22,427,381,46,0.2596096925575828,0.2338386753655328,0.2598381530878387,0.892271662763466,0.10772833723653395
2011-07-25,427,372,55,0.24031711119603136,0.2169366514614954,0.25839851471235037,0.8711943793911007,0.1288056206088993
2011-07-26,427,369,58,0.23509979246303908,0.2080931832400319,0.2637693788821448,0.8641686182669789,0.1358313817330211
2011-07-27,427,375,52,0.2570987790918882,0.2230358139128485,0.27222300360025614,0.8782201405152225,0.12177985948477751
2011-07-28,427,384,43,0.279764147013192,0.2438641790044324,0.28017432459795977,0.8992974238875878,0.10070257611241218
2011-07-29,427,392,34,0.28670647831245516,0.2485291951471,0.2759877739237273,0.9180327868852459,0.07962529274004684
2011-08-01,427,382,45,0.2726451994592615,0.2378657991458899,0.276048273786669,0.8946135831381733,0.1053864168618267
2011-08-02,427,390,37,0.3021824449091488,0.269268647210626,0.2817657741236427,0.9133489461358314,0.08665105386416862
2011-08-03,427,391,36,0.28929678289245564,0.2494186745121944,0.28162913059794936,0.9156908665105387,0.08430913348946135
2011-08-04,427,391,36,0.2953942821409246,0.2595583927742602,0.2848099297106515,0.9156908665105387,0.08430913348946135
2011-08-05,428,399,29,0.3139376637425313,0.28177593990225225,0.2830033173265218,0.9322429906542056,0.06775700934579439
2011-08-08,428,391,37,0.2946134903245454,0.26071330506027784,0.2850257025651952,0.9135514018691588,0.08644859813084112
2011-08-09,428,387,41,0.27957878066857716,0.24525651307668056,0.28015356183770596,0.9042056074766355,0.09579439252336448
2011-08-10,428,396,32,0.312901790719464,0.2743072057874923,0.2868058773481506,0.9252336448598131,0.07476635514018691
2011-08-11,428,402,26,0.3228342778376107,0.28612844267991056,0.28969324247321115,0.9392523364485982,0.06074766355140187
2011-08-12,428,401,27,0.3142075197386449,0.27532966773938694,0.2878462137088353,0.9369158878504673,0.0630841121495327
2011-08-15,428,399,29,0.3175032375296202,0.27299237716219915,0.28702378098633474,0.9322429906542056,0.06775700934579439
2011-08-16,428,388,40,0.2804903458387335,0.237710384410848,0.27854033443563575,0.9065420560747663,0.09345794392523364
2011-08-17,428,392,35,0.2991723821045774,0.2520878684145421,0.2876843504090415,0.9158878504672897,0.08177570093457943
2011-08-18,428,402,26,0.3212500720625981,0.27750023047098166,0.28493857921882915,0.9392523364485982,0.06074766355140187
2011-08-19,428,404,24,0.3351206299263411,0.2944529719471257,0.28334907566003675,0.9439252336448598,0.056074766355140186
2011-08-22,428,404,24,0.34617892895451574,0.29786520352249485,0.2897758793740655,0.9439252336448598,0.056074766355140186
2011-08-23,428,405,23,0.3579073992141694,0.31079516037852195,0.291308762412616,0.9462616822429907,0.053738317757009345
2011-08-24,428,405,23,0.3420155203091945,0.29242747639075,0.28673733512638105,0.9462616822429907,0.053738317757009345
2011-08-25,428,403,25,0.31894605221388234,0.27261856846646415,0.2806810262103,0.9415887850467289,0.05841121495327103
2011-08-26,428,395,33,0.289250414205511,0.2475799339801231,0.27664740647918423,0.9228971962616822,0.07710280373831775
2011-08-29,428,401,27,0.3080681508227305,0.26323397277934174,0.2887004811625437,0.9369158878504673,0.0630841121495327
2011-08-30,428,397,31,0.29921773978467275,0.2482371630309988,0.29056237266676505,0.927570093457944,0.07242990654205607
2011-08-31,428,370,58,0.22066597143998412,0.17807540822456555,0.2685282760043879,0.8644859813084113,0.13551401869158877
2011-09-01,428,374,54,0.21551889069719213,0.17871351942759278,0.2655610448884829,0.8738317757009346,0.1261682242990654
2011-09-02,428,320,108,0.13531562033818084,0.10755877546434794,0.23514836541559067,0.7476635514018691,0.2523364485981308
2011-09-06,428,332,96,0.1439788657976266,0.12031527962360665,0.23182175848765826,0.7757009345794392,0.22429906542056074
2011-09-07,428,252,176,0.054293669713136,0.04385957326317,0.20893031401979534,0.5887850467289719,0.411214953271028
2011-09-08,428,302,126,0.1097769774988684,0.08853597533258915,0.2266188143968435,0.705607476635514,0.29439252336448596
2011-09-09,428,254,174,0.06015998294282332,0.041755593814309544,0.22152652717542445,0.5934579439252337,0.40654205607476634
2011-09-12,428,285,142,0.0977186069100619,0.0786261129131693,0.2296313247347678,0.6658878504672897,0.3317757009345794
2011-09-13,428,298,130,0.10471892162248661,0.08783841199533515,0.2369215679166357,0.6962616822429907,0.3037383177570093
2011-09-14,428,313,114,0.1259515770912588,0.10349932987338845,0.23843717131154143,0.7313084112149533,0.26635514018691586
2011-09-15,428,307,121,0.11581766048778025,0.0978777125062253,0.23229947551805852,0.7172897196261683,0.2827102803738318
2011-09-16,428,300,128,0.1100901283827756,0.08886267565734124,0.22560995552892613,0.7009345794392523,0.29906542056074764
2011-09-19,428,239,189,0.03717102562038413,0.022305339309469152,0.2123740767798376,0.5584112149532711,0.441588785046729
2011-09-20,428,228,200,0.02591618731700363,0.015584688592897349,0.21193954529864553,0.5327102803738317,0.4672897196261682
2011-09-21,428,232,195,0.0346433416330186,0.02004875103454655,0.2124302074184289,0.5420560747663551,0.45560747663551404
2011-09-22,428,280,148,0.08451866246399853,0.05967644626020555,0.22843648835155567,0.6542056074766355,0.34579439252336447
2011-09-23,428,270,158,0.07378142500886303,0.052707549182285346,0.2236026798480777,0.6308411214953271,0.3691588785046729
2011-09-26,428,260,168,0.0584538373223138,0.0409102444965874,0.21900289604523476,0.6074766355140186,0.3925233644859813
2011-09-27,428,271,157,0.07176587728057358,0.0498235835244801,0.22290083031339653,0.633177570093458,0.36682242990654207
2011-09-28,428,305,123,0.10876178437340556,0.0874202263093398,0.22736146317124797,0.7126168224299065,0.28738317757009346
2011-09-29,428,312,116,0.11495802370020225,0.09286424140936506,0.23236854329598083,0.7289719626168224,0.27102803738317754
2011-09-30,428,309,119,0.11641355082569407,0.09437393352513185,0.23156483101631525,0.7219626168224299,0.2780373831775701
2011-10-03,428,307,120,0.10987636993290618,0.08968511298990764,0.23169339853686324,0.7172897196261683,0.2803738317757009
2011-10-04,428,252,176,0.05898020039222357,0.042307432389954006,0.2304327892883156,0.5887850467289719,0.411214953271028
2011-10-05,428,245,183,0.058310063380789375,0.0399922386919674,0.23973304533693982,0.572429906542056,0.42757009345794394
2011-10-06,428,287,141,0.09389701191680987,0.0658292949288954,0.24153955339106292,0.6705607476635514,0.3294392523364486
2011-10-07,428,260,168,0.07475332296864295,0.05131114575052625,0.2421258999429979,0.6074766355140186,0.3925233644859813
2011-10-10,428,240,188,0.044504656981341276,0.0273171853054302,0.23500889642007514,0.5607476635514018,0.4392523364485981
2011-10-11,428,239,189,0.0476440517956761,0.032138137920461995,0.23481250948072308,0.5584112149532711,0.441588785046729
2011-10-12,428,241,187,0.05441956774068588,0.030901395431126147,0.23724371611786682,0.5630841121495327,0.4369158878504673
2011-10-13,428,263,165,0.07387486145658148,0.0515376989862368,0.23611170815072188,0.6144859813084113,0.3855140186915888
2011-10-14,428,282,146,0.08678790225326523,0.0662717124788696,0.23382289626422223,0.6588785046728972,0.3411214953271028
2011-10-17,428,271,157,0.08500390115665293,0.0654686586964874,0.2371177414045987,0.633177570093458,0.36682242990654207
2011-10-18,428,274,154,0.09051724313643425,0.0627287751558606,0.25318824993482414,0.6401869158878505,0.3598130841121495
2011-10-19,428,259,169,0.0726701577660764,0.0490846100938051,0.24929271936957725,0.6051401869158879,0.39485981308411217
2011-10-20,428,228,200,0.03865235981401543,0.0181261256670022,0.25240532748145444,0.5327102803738317,0.4672897196261682
2011-10-21,428,200,228,6.378626050129713e-05,-0.0175242068237152,0.23938616197572,0.4672897196261682,0.5327102803738317
2011-10-24,428,202,226,0.004867536805968955,-0.0171906676969514,0.23884616547489845,0.4719626168224299,0.5280373831775701
2011-10-25,428,219,209,0.026069043441823828,0.0073208473901641,0.23670457114004392,0.5116822429906542,0.4883177570093458
2011-10-26,428,238,190,0.040978517238641196,0.017159255581506848,0.23816698629688657,0.5560747663551402,0.4439252336448598
2011-10-27,428,214,214,0.015046877404444048,-0.0005211163037588501,0.23500414767553987,0.5,0.5
2011-10-28,428,214,214,0.018611686769810513,-0.00072618508709275,0.22684585063163432,0.5,0.5
2011-10-31,428,196,232,-0.007101885571927999,-0.02213949509886515,0.22656005062757428,0.45794392523364486,0.5420560747663551
2011-11-01,428,164,264,-0.052515418611016725,-0.0615932698423213,0.2192409963997107,0.38317757009345793,0.616822429906542
2011-11-02,428,185,243,-0.025239697573399868,-0.03495040300603715,0.22147487410869462,0.4322429906542056,0.5677570093457944
2011-11-03,428,188,239,-0.024303491434253838,-0.03659752197566435,0.22315612705375032,0.4392523364485981,0.5584112149532711
2011-11-04,428,206,222,-0.005879647050055359,-0.0068101299591494,0.2254739386825874,0.48130841121495327,0.5186915887850467
2011-11-07,428,203,225,-0.016242149966904717,-0.02015509551970605,0.22650595270856336,0.4742990654205608,0.5257009345794392
2011-11-08,428,232,196,0.027911219046478378,0.0247612745401669,0.2322189562292128,0.5420560747663551,0.45794392523364486
2011-11-09,428,231,197,0.020299038730043992,0.024262001959528802,0.2294643039928199,0.5397196261682243,0.4602803738317757
2011-11-10,428,244,184,0.03418232238805577,0.03078978885864735,0.22513519864819925,0.5700934579439252,0.42990654205607476
2011-11-11,428,247,181,0.04491911118824733,0.0340786958708455,0.23071393025243245,0.5771028037383178,0.42289719626168226
2011-11-14,428,260,168,0.06148088802905597,0.05283773485033755,0.2341877107692506,0.6074766355140186,0.3925233644859813
2011-11-15,428,251,177,0.05493144345902552,0.04254666467548445,0.23692774974738842,0.5864485981308412,0.4135514018691589
2011-11-16,428,277,151,0.07661592741514264,0.06334477928586905,0.22877458312439547,0.647196261682243,0.352803738317757
2011-11-17,429,243,186,0.04712942304922533,0.0391547631631723,0.22858135885752706,0.5664335664335665,0.43356643356643354
2011-11-18,429,245,184,0.04966020613822721,0.0426172240928151,0.22784335454459947,0.5710955710955711,0.4289044289044289
2011-11-21,429,275,154,0.06992104247235148,0.0666540998468689,0.22210861095733825,0.6410256410256411,0.358974358974359
2011-11-22,429,306,123,0.10445808398409405,0.098129723413219,0.22201579416587622,0.7132867132867133,0.2867132867132867
2011-11-23,429,268,161,0.06253320831592532,0.0587047441765646,0.2195071778648212,0.6247086247086248,0.3752913752913753
2011-11-25,429,279,150,0.07977184308743014,0.077209244689234,0.21960106808375426,0.6503496503496503,0.34965034965034963
2011-11-28,429,322,107,0.12395416034040897,0.1172991628645376,0.21986525428685302,0.7505827505827506,0.2494172494172494
2011-11-29,429,325,102,0.12898023826795926,0.1265011939932203,0.21777876606408997,0.7575757575757576,0.23776223776223776
2011-11-30,429,279,150,0.08161971727384758,0.0795054835396456,0.21834510147898004,0.6503496503496503,0.34965034965034963
2011-12-01,429,238,190,0.03636172520242182,0.026004750642073,0.21959954123933248,0.5547785547785548,0.4428904428904429
2011-12-02,429,250,179,0.05126092134321976,0.0458855424751458,0.22103978036721003,0.5827505827505828,0.4172494172494173
2011-12-05,429,282,146,0.07442490727871347,0.0657521195394077,0.2233750795136041,0.6573426573426573,0.34032634032634035
2011-12-06,430,273,157,0.06946737792379193,0.06919121194265371,0.2267237748744025,0.6348837209302326,0.36511627906976746
2011-12-07,430,275,155,0.0694572438702039,0.06999894620494926,0.2261654906240631,0.6395348837209303,0.36046511627906974
2011-12-08,430,279,151,0.07790023513929846,0.0779224677319546,0.2271682832051045,0.6488372093023256,0.3511627906976744
2011-12-09,430,238,192,0.030382049331911402,0.023197566929509,0.22460205060917637,0.5534883720930233,0.44651162790697674
2011-12-12,430,249,181,0.04020276174649805,0.0360560218005329,0.22827056306219326,0.5790697674418605,0.42093023255813955
2011-12-13,430,264,166,0.06217462611051437,0.0603508431086342,0.22902189421940392,0.6139534883720931,0.386046511627907
2011-12-14,431,264,167,0.0569343272285697,0.0546788906832353,0.22711863872876628,0.6125290023201856,0.3874709976798144
2011-12-15,431,260,171,0.05526525944208819,0.0539033375508712,0.22879338801572674,0.6032482598607889,0.39675174013921116
2011-12-16,431,248,183,0.03438261061938239,0.0323662683621499,0.22219739971460872,0.5754060324825986,0.4245939675174014
2011-12-19,431,225,206,0.013595803333239932,0.0073247942593359,0.22253867854032622,0.5220417633410673,0.4779582366589327
2011-12-20,431,217,214,0.006710332112834332,0.0034916495278196,0.2226848508783006,0.5034802784222738,0.4965197215777262
2011-12-21,431,203,228,-0.013712242641248032,-0.0187783628595208,0.22235919157114992,0.4709976798143852,0.5290023201856149
2011-12-22,431,205,226,-0.01459069723290622,-0.0159267395015496,0.22600935963994115,0.4756380510440835,0.5243619489559165
2011-12-23,431,181,250,-0.03874286165533088,-0.0373333907288182,0.22455665924124266,0.419953596287703,0.580046403712297
2011-12-27,431,181,250,-0.04017075804237903,-0.038066627752233,0.22488936598790146,0.419953596287703,0.580046403712297
2011-12-28,431,204,227,-0.012098636714681331,-0.0076255179636995,0.2288892310858685,0.4733178654292343,0.5266821345707656
2011-12-29,431,207,224,-0.00939967247049548,-0.0073774965075992,0.2311197023345236,0.4802784222737819,0.5197215777262181
2011-12-30,431,249,182,0.03682611470811784,0.0380502888816796,0.23498907803681277,0.5777262180974478,0.4222737819025522
2012-01-03,431,239,191,0.02328660831407517,0.024127874960659,0.23350686386952804,0.5545243619489559,0.4431554524361949
2012-01-04,431,242,189,0.02998077193741131,0.0289836413706807,0.23544555386881955,0.5614849187935035,0.4385150812064965
2012-01-05,431,251,180,0.035790360488409646,0.0327729721639746,0.23393134593915738,0.5823665893271461,0.4176334106728538
2012-01-06,431,247,184,0.035489336716004335,0.0348321727323386,0.23073335779575416,0.5730858468677494,0.42691415313225056
2012-01-09,431,246,185,0.0373256609284219,0.0368127143099592,0.2293099865661909,0.5707656612529002,0.42923433874709976
2012-01-10,431,226,205,0.013457885158897884,0.0153277700897698,0.23176049633685475,0.5243619489559165,0.4756380510440835
2012-01-11,431,241,190,0.029848664826819717,0.0299377949852788,0.23688521245141306,0.5591647331786543,0.4408352668213457
2012-01-12,431,222,209,0.008385791435580086,0.0138115853300926,0.23805298861607196,0.5150812064965197,0.48491879350348027
2012-01-13,431,217,214,-0.003695589515769568,0.0041347429525409,0.23782547813043958,0.5034802784222738,0.4965197215777262
2012-01-17,431,202,229,-0.023698586114468064,-0.0149111053144518,0.2347765964818813,0.46867749419953597,0.531322505800464
2012-01-18,431,203,228,-0.021705572141285177,-0.0154048212842416,0.2358691592759596,0.4709976798143852,0.5290023201856149
2012-01-19,431,215,216,-0.00294288091310909,-0.0048204047210577,0.23712739984842987,0.4988399071925754,0.5011600928074246
2012-01-20,431,207,224,-0.01300608912017348,-0.0078818019368314,0.236977615603801,0.4802784222737819,0.5197215777262181
2012-01-23,431,232,199,0.017984702609865552,0.0208842045263699,0.23947709362448752,0.5382830626450116,0.4617169373549884
2012-01-24,431,224,206,0.012213161439181646,0.0119566957450036,0.2408853075023764,0.5197215777262181,0.4779582366589327
2012-01-25,431,229,202,0.017904470208244355,0.015792547938759,0.23312989890572308,0.531322505800464,0.46867749419953597
2012-01-26,431,229,202,0.019361861986341645,0.01695336739883,0.23712512125318658,0.531322505800464,0.46867749419953597
2012-01-27,431,223,208,0.016212997271851604,0.0135134886867551,0.23897456430384506,0.5174013921113689,0.48259860788863107
2012-01-30,431,229,202,0.021372616260802193,0.0148644611129606,0.24262856663931903,0.531322505800464,0.46867749419953597
2012-01-31,431,231,199,0.026710884004432747,0.0231765326980086,0.2439968278576227,0.5359628770301624,0.4617169373549884
2012-02-01,431,216,215,0.0067801422812342445,0.0041338826039345,0.238811358118499,0.5011600928074246,0.4988399071925754
2012-02-02,431,226,205,0.017926139371825627,0.0148950105982463,0.2321107279822118,0.5243619489559165,0.4756380510440835
2012-02-03,431,223,208,0.0118789375740555,0.0055500251339013,0.22950671653909863,0.5174013921113689,0.48259860788863107
2012-02-06,431,218,213,0.014179718985959067,0.0041911154896736,0.2311198854955458,0.505800464037123,0.494199535962877
2012-02-07,431,213,218,0.008055288170769767,-0.0010960190301844,0.2325854980545129,0.494199535962877,0.505800464037123
2012-02-08,431,218,213,0.005820061367323323,0.0021569473106373,0.22901486402122595,0.505800464037123,0.494199535962877
2012-02-09,431,229,202,0.020142996325414858,0.0122721629579836,0.22969072237257104,0.531322505800464,0.46867749419953597
2012-02-10,431,224,207,0.020671520385238246,0.0112016094738438,0.22671158304044242,0.5197215777262181,0.4802784222737819
2012-02-13,432,221,210,0.018036297546151277,0.00470188411193155,0.2267229505280552,0.5115740740740741,0.4861111111111111
2012-02-14,432,209,223,0.011755726889310085,-0.00503056856598395,0.22902797947200454,0.4837962962962963,0.5162037037037037
2012-02-15,432,216,216,0.018730311803672975,0.0009685064325175,0.23015341856913216,0.5,0.5
2012-02-16,432,225,207,0.024082761859248715,0.0095025369809681,0.22642017306075943,0.5208333333333334,0.4791666666666667
2012-02-17,432,229,203,0.026065924094139742,0.0123921685277688,0.22315026094745619,0.5300925925925926,0.4699074074074074
2012-02-21,432,217,215,0.021701168598071592,0.0012216770490762001,0.21957214031491556,0.5023148148148148,0.4976851851851852
2012-02-22,432,248,184,0.045043975860821525,0.02875150396074105,0.21761114757702343,0.5740740740740741,0.42592592592592593
2012-02-23,432,256,176,0.060692927104159806,0.04195493928044575,0.22415196469843676,0.5925925925925926,0.4074074074074074
2012-02-24,432,267,165,0.06771135968477925,0.0494344255035837,0.22568958822048096,0.6180555555555556,0.3819444444444444
2012-02-27,432,254,178,0.049210244514624614,0.03402630354918895,0.2195729616783548,0.5879629629629629,0.41203703703703703
2012-02-28,432,251,181,0.04618756857694736,0.02616265784898325,0.21923624234688693,0.5810185185185185,0.41898148148148145
2012-02-29,432,263,169,0.05893188581320258,0.04107170914459585,0.22268840627636066,0.6087962962962963,0.3912037037037037
2012-03-01,432,259,173,0.056959487506828325,0.04320327913485305,0.2223750148585732,0.5995370370370371,0.40046296296296297
2012-03-02,432,252,180,0.052295741941457814,0.0385654372724166,0.22337756088691835,0.5833333333333334,0.4166666666666667
2012-03-05,432,258,174,0.05966845195873068,0.0449541645454796,0.22244369502007322,0.5972222222222222,0.4027777777777778
2012-03-06,432,285,147,0.08538433734560213,0.06926645198067645,0.22172472747075023,0.6597222222222222,0.3402777777777778
2012-03-07,432,268,164,0.06975336816613055,0.05112041551257335,0.2193978135539736,0.6203703703703703,0.37962962962962965
2012-03-08,432,270,162,0.0728840221031649,0.05588096463520535,0.2184584631397547,0.625,0.375
2012-03-09,433,292,141,0.09449042958739849,0.0757876871648774,0.21889271604201646,0.674364896073903,0.325635103926097
2012-03-12,433,287,146,0.08897280914679323,0.0739171020864053,0.21882814772502657,0.6628175519630485,0.3371824480369515
2012-03-13,433,289,144,0.08891343065552154,0.0735519425322814,0.21922051832014317,0.6674364896073903,0.3325635103926097
2012-03-14,433,309,124,0.10820275077648805,0.0938222658146832,0.22950520843822203,0.7136258660508084,0.2863741339491917
2012-03-15,433,326,107,0.12206359758716943,0.1040131511435569,0.2283178655037852,0.7528868360277137,0.2471131639722864
2012-03-16,433,312,121,0.10666916563543688,0.0877901569858992,0.22561079514531915,0.7205542725173211,0.279445727482679
2012-03-19,433,319,114,0.11353081705844574,0.0915122785090745,0.22432821520074267,0.7367205542725174,0.2632794457274827
2012-03-20,433,301,132,0.09750706661277189,0.0753016890887618,0.2206397570468649,0.6951501154734411,0.30484988452655887
2012-03-21,434,303,131,0.09759852095796297,0.07338012526632695,0.22015127671409812,0.6981566820276498,0.30184331797235026
2012-03-22,434,295,139,0.09045253159376682,0.0675602467326463,0.221215609251199,0.6797235023041475,0.32027649769585254
2012-03-23,434,287,147,0.08664034408751126,0.06073268127372895,0.2208409729823333,0.6612903225806451,0.3387096774193548
2012-03-26,434,286,148,0.082595005276975,0.05629674831381965,0.22003773535563098,0.6589861751152074,0.34101382488479265
2012-03-27,434,284,150,0.08604387515125687,0.0605492684719324,0.22184671881895215,0.6543778801843319,0.3456221198156682
2012-03-28,434,285,149,0.07920569158749563,0.05318254596306815,0.22166558719025978,0.6566820276497696,0.3433179723502304
2012-03-29,435,263,172,0.06505079464917198,0.0413802577986961,0.2181289947324411,0.6045977011494252,0.3954022988505747
2012-03-30,435,270,165,0.07107101904216807,0.0432012058666766,0.22042653908991816,0.6206896551724138,0.3793103448275862
2012-04-02,435,261,174,0.05912906399811297,0.0348719274972209,0.2194536190634921,0.6,0.4
2012-04-03,435,255,180,0.05484586614234031,0.0299413946365199,0.2222902783677256,0.5862068965517241,0.41379310344827586
2012-04-04,435,235,200,0.03619537911972392,0.0136577183553372,0.2191817155095125,0.5402298850574713,0.45977011494252873
2012-04-05,435,235,200,0.042129635114829436,0.0181153681314436,0.2221890851880172,0.5402298850574713,0.45977011494252873
2012-04-09,435,256,179,0.05733191864035896,0.0272735890848836,0.22546689649527246,0.5885057471264368,0.4114942528735632
2012-04-10,435,267,168,0.07098912586047487,0.0387786833036163,0.22769605479976676,0.6137931034482759,0.38620689655172413
2012-04-11,435,273,162,0.07346423309542362,0.044002169126434,0.22855436597857473,0.6275862068965518,0.3724137931034483
2012-04-12,435,295,140,0.0990440572535854,0.0768618113926249,0.22909669322370868,0.6781609195402298,0.3218390804597701
2012-04-13,435,291,144,0.09149947059972775,0.0669474139210208,0.22336956682987696,0.6689655172413793,0.3310344827586207
2012-04-16,435,304,131,0.09918721923717162,0.0740949588826891,0.22094818061290003,0.6988505747126437,0.30114942528735633
2012-04-17,435,301,134,0.09240840004832261,0.0709164678289404,0.21672964878989867,0.6919540229885057,0.3080459770114943
2012-04-18,435,314,121,0.10816161391774755,0.0877642316686315,0.21641078331626426,0.7218390804597701,0.27816091954022987
2012-04-19,435,305,130,0.09914053750680321,0.0769244692247428,0.21763188650282023,0.7011494252873564,0.2988505747126437
2012-04-20,435,293,141,0.08329484391417184,0.0618911104003945,0.21554147889653658,0.6735632183908046,0.32413793103448274
2012-04-23,435,278,157,0.07108794331116929,0.0487484438746506,0.2182899544219329,0.639080459770115,0.36091954022988504
2012-04-24,435,284,151,0.07648249009460623,0.0540001410132195,0.21903230646992533,0.6528735632183909,0.3471264367816092
2012-04-25,435,285,150,0.0826195930068775,0.0541187403021263,0.22111139619598558,0.6551724137931034,0.3448275862068966
2012-04-26,435,276,159,0.07146915355237836,0.0460907772358234,0.21435535577510012,0.6344827586206897,0.36551724137931035
2012-04-27,435,267,168,0.06264157921752112,0.0410316042611855,0.21436194096571098,0.6137931034482759,0.38620689655172413
2012-04-30,435,263,171,0.06114815257681306,0.0397513927883814,0.220176414503459,0.6045977011494252,0.3931034482758621
2012-05-01,435,265,170,0.06611087672026723,0.0433437569969783,0.21980283409839377,0.6091954022988506,0.39080459770114945
2012-05-02,435,272,163,0.07928745207679265,0.0534924014422149,0.2250767620662613,0.6252873563218391,0.37471264367816093
2012-05-03,435,273,161,0.0845770104348533,0.0590976036148449,0.23082618292478294,0.6275862068965518,0.3701149425287356
2012-05-04,435,272,163,0.07616740670012208,0.0561869212599845,0.22722633662509162,0.6252873563218391,0.37471264367816093
2012-05-07,435,269,166,0.06969892561963428,0.0502935277090554,0.22687872671015302,0.6183908045977011,0.3816091954022989
2012-05-08,435,250,185,0.04998874556059529,0.0318010543298248,0.22314832219060507,0.5747126436781609,0.42528735632183906
2012-05-09,435,223,212,0.018358091037678548,0.0042189032122521,0.21398588978766378,0.5126436781609195,0.48735632183908045
2012-05-10,435,238,197,0.040026737004102926,0.0237093711520031,0.21994629481877936,0.5471264367816092,0.4528735632183908
2012-05-11,435,249,186,0.04907290715124121,0.0286578424134262,0.21880661645489993,0.5724137931034483,0.42758620689655175
2012-05-14,435,245,190,0.04761464746980625,0.0260701203275719,0.223277756545369,0.5632183908045977,0.4367816091954023
2012-05-15,435,247,188,0.05521924157978441,0.0349272347456708,0.22566450810584004,0.5678160919540229,0.432183908045977
2012-05-16,435,266,169,0.07264294891649106,0.0553225022397327,0.22592108752864115,0.6114942528735632,0.38850574712643676
2012-05-17,435,253,182,0.05797653057767512,0.0371438483269523,0.22615695571381159,0.5816091954022988,0.41839080459770117
2012-05-18,435,240,194,0.051002825218843785,0.0278085717157754,0.22477722779602283,0.5517241379310345,0.4459770114942529
2012-05-21,435,255,180,0.0610551999046336,0.0380061109271947,0.22871527392437135,0.5862068965517241,0.41379310344827586
2012-05-22,435,260,175,0.06431651470220985,0.0424250104875307,0.2273306272458969,0.5977011494252874,0.40229885057471265
2012-05-23,435,270,165,0.0710253232001999,0.0521300615034396,0.22362611918364686,0.6206896551724138,0.3793103448275862
2012-05-24,435,277,158,0.08143983491937772,0.0624205413050864,0.22880506843563614,0.6367816091954023,0.3632183908045977
2012-05-25,435,279,156,0.0847621691518642,0.0636200747154407,0.23402222728813407,0.6413793103448275,0.3586206896551724
2012-05-29,435,281,154,0.08484071220779178,0.0639585741625801,0.23778543641991842,0.6459770114942529,0.35402298850574715
2012-05-30,435,269,166,0.06827376749052842,0.0451985675479793,0.22984888406994125,0.6183908045977011,0.3816091954022989
2012-05-31,435,298,137,0.10014861050300847,0.0809063235169731,0.23422506296730203,0.6850574712643678,0.31494252873563217
2012-06-01,435,296,139,0.10151814357225485,0.0838869033703981,0.24141764943832877,0.6804597701149425,0.3195402298850575
2012-06-04,435,298,136,0.10380579603868217,0.0857117250194996,0.24192316652031706,0.6850574712643678,0.31264367816091954
2012-06-05,435,287,148,0.09825210066569189,0.0784476718754514,0.23972453108492514,0.6597701149425287,0.34022988505747126
2012-06-06,435,287,148,0.09813373827911524,0.0737647109701489,0.23887303208959756,0.6597701149425287,0.34022988505747126
2012-06-07,435,294,141,0.10268365597507083,0.081231728100849,0.23817093192976602,0.6758620689655173,0.32413793103448274
2012-06-08,435,275,160,0.08968476979535303,0.0718850588880486,0.2380922759710222,0.632183908045977,0.367816091954023
2012-06-11,435,294,141,0.10933697653095373,0.0900425203478576,0.247275663574624,0.6758620689655173,0.32413793103448274
2012-06-12,435,293,142,0.10905335634573397,0.0861398886583346,0.2476138655247193,0.6735632183908046,0.3264367816091954
2012-06-13,435,265,169,0.07992767361165744,0.0646599741863793,0.23868660757937843,0.6091954022988506,0.38850574712643676
2012-06-14,435,276,159,0.09453494540670873,0.0794694865575347,0.2423538443063575,0.6344827586206897,0.36551724137931035
2012-06-15,435,270,165,0.08724551863000606,0.0743900019030259,0.24169328881006474,0.6206896551724138,0.3793103448275862
2012-06-18,435,260,175,0.06074654131947654,0.0468217694898265,0.23076673486271154,0.5977011494252874,0.40229885057471265
2012-06-19,435,251,184,0.04285135204096138,0.0312825995302583,0.22418586695623974,0.5770114942528736,0.42298850574712643
2012-06-20,435,252,182,0.04607085669489348,0.0360091219325433,0.22751223981147234,0.5793103448275863,0.41839080459770117
2012-06-21,435,260,175,0.05360689832114346,0.045980236481979,0.22927956632209048,0.5977011494252874,0.40229885057471265
2012-06-22,435,264,170,0.05923035500854637,0.0538102262487134,0.2293101155401086,0.6068965517241379,0.39080459770114945
2012-06-25,436,272,164,0.07202435061477515,0.06576516295782435,0.23413036980321564,0.6238532110091743,0.3761467889908257
2012-06-26,436,269,167,0.06377129019706353,0.0538290915029947,0.23051976671178315,0.6169724770642202,0.3830275229357798
2012-06-27,436,268,168,0.06320488227319332,0.05236973095440865,0.22860091026733256,0.6146788990825688,0.3853211009174312
2012-06-28,436,244,192,0.037975084562311696,0.0271968741596402,0.2279937938056011,0.5596330275229358,0.44036697247706424
2012-06-29,436,234,201,0.028529806630124086,0.01733722147684285,0.22815221723289963,0.536697247706422,0.4610091743119266
2012-07-02,436,199,237,-0.016770498497609875,-0.0195692001501987,0.21610550131917028,0.45642201834862384,0.5435779816513762
2012-07-03,436,199,237,-0.01741303983058696,-0.0215344548206531,0.2166994465914782,0.45642201834862384,0.5435779816513762
2012-07-05,436,203,233,-0.0102877656458818,-0.01617421088169985,0.2145759223198681,0.46559633027522934,0.5344036697247706
2012-07-06,436,214,222,0.002309511092665018,-0.005764454331982,0.21824943899368562,0.4908256880733945,0.5091743119266054
2012-07-09,436,220,216,0.007832289281811889,0.0023105063807180998,0.2186461368013045,0.5045871559633027,0.4954128440366973
2012-07-10,436,242,194,0.03728963710656599,0.030710406313257,0.22414553348654348,0.555045871559633,0.44495412844036697
2012-07-11,436,238,198,0.025710157147384005,0.0214658700904827,0.2224974921914203,0.5458715596330275,0.4541284403669725
2012-07-12,436,245,191,0.035221429698296176,0.0299376589448345,0.22455079776895545,0.5619266055045872,0.4380733944954128
2012-07-13,436,242,194,0.03588608598263929,0.03096424972137395,0.2216569503186154,0.555045871559633,0.44495412844036697
2012-07-16,436,249,187,0.04216574273338355,0.03161633513752255,0.2252451959189409,0.5711009174311926,0.4288990825688073
2012-07-17,436,267,169,0.06604535943846378,0.0554071696161865,0.22873985947159864,0.6123853211009175,0.3876146788990826
2012-07-18,436,252,184,0.05509095970642482,0.0463201687931724,0.22985490588465388,0.5779816513761468,0.42201834862385323
2012-07-19,436,265,171,0.06660252738243426,0.05221506927474955,0.2278311607238254,0.6077981651376146,0.3922018348623853
2012-07-20,436,253,183,0.053745696848737874,0.045774307343993556,0.22678176471813827,0.5802752293577982,0.4197247706422018
2012-07-23,436,231,205,0.027687294891615248,0.0185530165047698,0.2240610399427565,0.5298165137614679,0.4701834862385321
2012-07-24,436,244,192,0.04212328758085259,0.0333191016349825,0.22871201151782689,0.5596330275229358,0.44036697247706424
2012-07-25,436,235,201,0.031078895171627947,0.02312327915989305,0.2298615265898029,0.5389908256880734,0.4610091743119266
2012-07-26,436,264,172,0.061032412173776626,0.0460628704035284,0.23730883565137995,0.6055045871559633,0.3944954128440367
2012-07-27,436,277,159,0.07172122832926939,0.06041572501310375,0.23173540567302195,0.6353211009174312,0.3646788990825688
2012-07-30,436,276,160,0.07424751613097068,0.0638651659503024,0.23069638457528557,0.6330275229357798,0.3669724770642202
2012-07-31,436,305,131,0.11081841664397367,0.09955486531987676,0.2375326915712696,0.6995412844036697,0.30045871559633025
2012-08-01,436,323,113,0.1496621861831913,0.13308255002288671,0.252819944856678,0.7408256880733946,0.2591743119266055
2012-08-02,436,328,108,0.14853697732293591,0.13370469266103446,0.24837970403754148,0.7522935779816514,0.24770642201834864
2012-08-03,436,368,68,0.20766345375777093,0.19049638487870346,0.26391031745723054,0.8440366972477065,0.1559633027522936
2012-08-06,436,359,77,0.20082130849626467,0.18385105712991165,0.2647016917731867,0.823394495412844,0.17660550458715596
2012-08-07,436,393,43,0.29205858328398543,0.2669811516233823,0.2899307256278982,0.9013761467889908,0.09862385321100918
2012-08-08,436,364,72,0.21222232046177472,0.2017585117747551,0.26549321520258506,0.8348623853211009,0.1651376146788991
2012-08-09,436,386,50,0.26381484421236684,0.26250137971400256,0.27601322063059563,0.8853211009174312,0.11467889908256881
2012-08-10,436,360,76,0.2016039742008621,0.18604912713560862,0.2724661658884928,0.8256880733944955,0.1743119266055046
2012-08-13,436,364,72,0.21252081895900832,0.20282387699173493,0.2694852671157052,0.8348623853211009,0.1651376146788991
2012-08-14,436,348,88,0.17997890328856822,0.16044753985490315,0.26173912164616275,0.7981651376146789,0.2018348623853211
2012-08-15,436,363,73,0.19852018033220364,0.18735715294758992,0.2601111786757993,0.8325688073394495,0.16743119266055045
2012-08-16,436,370,66,0.20909989862500344,0.2038904663161406,0.2573034884658997,0.8486238532110092,0.15137614678899083
2012-08-17,436,392,44,0.27662271309451947,0.2561569443273638,0.27197928749170897,0.8990825688073395,0.10091743119266056
2012-08-20,436,388,48,0.2806790242444058,0.2542461637003885,0.27688904480791415,0.8899082568807339,0.11009174311926606
2012-08-21,436,384,52,0.26685645321812507,0.2467501875211206,0.27759739954230334,0.8807339449541285,0.11926605504587157
2012-08-22,436,370,66,0.20920746876349872,0.1905785296284554,0.2622484151983394,0.8486238532110092,0.15137614678899083
2012-08-23,436,368,68,0.19118655721404718,0.17400050942582204,0.252929924470558,0.8440366972477065,0.1559633027522936
2012-08-24,436,379,57,0.23478379072372937,0.2145649753540702,0.2699075304312896,0.8692660550458715,0.13073394495412843
2012-08-27,436,379,56,0.23554112971176225,0.21968868512950485,0.26493879826851885,0.8692660550458715,0.12844036697247707
2012-08-28,436,360,76,0.1911469310834506,0.1735245928796903,0.25188996420062804,0.8256880733944955,0.1743119266055046
2012-08-29,436,356,80,0.17850317195047585,0.1707391232371384,0.24595103482912484,0.8165137614678899,0.1834862385321101
2012-08-30,436,349,87,0.16518223079860825,0.15542738558592545,0.24448600247621424,0.8004587155963303,0.19954128440366972
2012-08-31,436,353,83,0.176237576779656,0.16010750631385545,0.2541245613011144,0.8096330275229358,0.19036697247706422
2012-09-04,436,379,57,0.23461636965459792,0.2126933424526991,0.2653072413343247,0.8692660550458715,0.13073394495412843
2012-09-05,436,386,50,0.2462943207942403,0.22936127946902451,0.2645965922824941,0.8853211009174312,0.11467889908256881
2012-09-06,436,372,64,0.21431868989132608,0.19863053923236615,0.25346025227536295,0.8532110091743119,0.14678899082568808
2012-09-07,436,380,55,0.2307592936760506,0.2094965546804321,0.2597384656262363,0.8715596330275229,0.12614678899082568
2012-09-10,436,391,45,0.2656764274097406,0.24494556182539257,0.2699659373419929,0.8967889908256881,0.10321100917431193
2012-09-11,436,391,45,0.25998693412447205,0.24015333014911855,0.26874421589814174,0.8967889908256881,0.10321100917431193
2012-09-12,436,384,52,0.24055441748068943,0.2264717466078529,0.2655462828014317,0.8807339449541285,0.11926605504587157
2012-09-13,436,377,59,0.22021805238272013,0.2045439408526129,0.2615348528227852,0.8646788990825688,0.1353211009174312
2012-09-14,436,373,63,0.20725886255665135,0.19635214596695588,0.25885038341921496,0.8555045871559633,0.1444954128440367
2012-09-17,436,373,63,0.21329012317938675,0.1982793068652125,0.26555819777236206,0.8555045871559633,0.1444954128440367
2012-09-18,436,376,60,0.2327683536042852,0.21585894774445655,0.27279348096349954,0.8623853211009175,0.13761467889908258
2012-09-19,436,378,58,0.23599761779632727,0.2183994659265372,0.27117863051079677,0.8669724770642202,0.13302752293577982
2012-09-20,436,389,47,0.2743083111662826,0.24850441366793724,0.27672681791697246,0.8922018348623854,0.10779816513761468
2012-09-21,436,401,35,0.31836852496186113,0.2879727348163038,0.3011188062086876,0.9197247706422018,0.08027522935779817
2012-09-24,436,396,40,0.2975524482211288,0.27085688523694695,0.2955979504673866,0.908256880733945,0.09174311926605505
2012-09-25,436,392,44,0.27524450711962495,0.25194593734385345,0.2883215763206903,0.8990825688073395,0.10091743119266056
2012-09-26,436,386,50,0.256168077669799,0.23970839674048244,0.28218979367361824,0.8853211009174312,0.11467889908256881
2012-09-27,436,396,40,0.2907689008069763,0.25984354564289436,0.29710464735142234,0.908256880733945,0.09174311926605505
2012-09-28,436,397,39,0.2826196028307567,0.24790705842988642,0.29795148997517396,0.9105504587155964,0.08944954128440367
2012-10-01,436,404,32,0.3091210796578387,0.26989365337901455,0.3107279677415984,0.926605504587156,0.07339449541284404
2012-10-02,436,415,21,0.36984270932097385,0.32364725073332257,0.34674787844277594,0.9518348623853211,0.0481651376146789
2012-10-03,436,409,27,0.32673288255242483,0.28288116127300567,0.3246573458049161,0.9380733944954128,0.06192660550458716
2012-10-04,436,404,32,0.2978906642105057,0.2620937598433749,0.31129601256837924,0.926605504587156,0.07339449541284404
2012-10-05,436,404,32,0.29492870317904685,0.26577114893502607,0.3056750480122827,0.926605504587156,0.07339449541284404
2012-10-08,436,407,29,0.3184523115955362,0.2844487047344195,0.3134836985230244,0.9334862385321101,0.06651376146788991
2012-10-09,436,398,38,0.2645631804286675,0.2321538814961585,0.28756041673126675,0.9128440366972477,0.0871559633027523
2012-10-10,436,399,37,0.26976317030474245,0.23902526231668406,0.2910184108146249,0.9151376146788991,0.08486238532110092
2012-10-11,436,398,38,0.2579452111184143,0.22236857787716796,0.29107981184401305,0.9128440366972477,0.0871559633027523
2012-10-12,437,402,35,0.27728034364617665,0.2372738092474693,0.29706116891779777,0.919908466819222,0.08009153318077804
2012-10-15,437,399,38,0.2649593147968786,0.2138492679173591,0.2963779631326585,0.9130434782608695,0.08695652173913043
2012-10-16,437,403,34,0.28897877001437716,0.2355110462837133,0.31409037932289974,0.9221967963386728,0.07780320366132723
2012-10-17,437,397,39,0.25145917381284094,0.2117091940343256,0.2910943037950156,0.9084668192219679,0.08924485125858124
2012-10-18,437,401,36,0.27410005860988923,0.2302756002171773,0.30297174630204443,0.9176201372997712,0.08237986270022883
2012-10-19,437,395,41,0.2621189542868574,0.2217842193785577,0.29782298962466014,0.9038901601830663,0.09382151029748284
2012-10-22,437,386,51,0.23402977782254974,0.1946599229500993,0.2880861065641075,0.8832951945080092,0.11670480549199085
2012-10-23,437,375,62,0.20619148219199626,0.1796903293131562,0.27398533464152475,0.8581235697940504,0.14187643020594964
2012-10-24,437,377,60,0.2192684525120618,0.1909463607592383,0.27793402145867135,0.8627002288329519,0.13729977116704806
2012-10-25,437,366,71,0.19956694058433364,0.1817913091537397,0.2643711965284521,0.8375286041189931,0.16247139588100687
2012-10-26,437,345,92,0.16592514916727175,0.1443775667230988,0.26140950554464654,0.7894736842105263,0.21052631578947367
2012-10-31,437,341,96,0.16233307208445377,0.1417185605970574,0.262015198777728,0.7803203661327232,0.21967963386727687
2012-11-01,437,361,76,0.19050047180583551,0.1655842746199256,0.2703560622044707,0.8260869565217391,0.17391304347826086
2012-11-02,437,378,59,0.22997797502717404,0.1958718419336174,0.28151572304857275,0.8649885583524027,0.13501144164759726
2012-11-05,437,368,68,0.21187525903278964,0.1869028257101606,0.28257765695165166,0.8421052631578947,0.15560640732265446
2012-11-06,437,359,78,0.1963557435427977,0.165846980240325,0.2815898850434546,0.8215102974828375,0.17848970251716248
2012-11-07,437,363,73,0.2013894074822904,0.176364758284466,0.28124168197037147,0.8306636155606407,0.16704805491990846
2012-11-08,437,360,76,0.19414509020283366,0.1705927851661484,0.27388800662790014,0.8237986270022883,0.17391304347826086
2012-11-09,437,349,88,0.16583844112017915,0.1420163504867155,0.2621395874468559,0.7986270022883295,0.20137299771167047
2012-11-12,437,370,67,0.20660074686519175,0.1801778710103869,0.2734833479593323,0.8466819221967964,0.15331807780320367
2012-11-13,437,365,72,0.1989481103707719,0.1745282901373717,0.2672688180741651,0.8352402745995423,0.16475972540045766
2012-11-14,437,353,84,0.16813547509512966,0.1448233104053646,0.25983256697661633,0.8077803203661327,0.19221967963386727
2012-11-15,437,359,78,0.19056728151735078,0.1679240269807937,0.27109626122168345,0.8215102974828375,0.17848970251716248
2012-11-16,437,360,77,0.19563041417195703,0.1689708307670478,0.2731866986658796,0.8237986270022883,0.17620137299771166
2012-11-19,437,373,64,0.22284293154118226,0.1996310488707247,0.28747042064987444,0.8535469107551488,0.14645308924485126
2012-11-20,438,383,55,0.2435032666665633,0.21604447621227052,0.2857693645160635,0.8744292237442922,0.12557077625570776
2012-11-21,438,373,65,0.22404228079652488,0.20085967701810736,0.2853334087306154,0.8515981735159818,0.14840182648401826
2012-11-23,438,387,51,0.24674245752868376,0.21700282964182588,0.2907090158717505,0.8835616438356164,0.11643835616438356
2012-11-26,438,385,53,0.23970128814861033,0.20930249596596057,0.2816421415902922,0.8789954337899544,0.12100456621004566
2012-11-27,438,390,48,0.26784598965480044,0.234119309653647,0.299778804534337,0.8904109589041096,0.1095890410958904
2012-11-28,438,393,44,0.27676593005339645,0.24166829529685915,0.2983996065277489,0.8972602739726028,0.1004566210045662
2012-11-29,438,380,57,0.23642139225514583,0.2087049144567118,0.2862086097683248,0.867579908675799,0.13013698630136986
2012-11-30,438,386,52,0.24033136614530393,0.21194986827022755,0.28916937450846636,0.8812785388127854,0.1187214611872146
2012-12-03,438,365,73,0.20377416409378724,0.179264234487132,0.27992091365565175,0.8333333333333334,0.16666666666666666
2012-12-04,438,364,74,0.1931843568529899,0.17024850495051674,0.272861702516968,0.8310502283105022,0.1689497716894977
2012-12-05,438,369,69,0.19693677321700617,0.1736427333316664,0.27103380662754273,0.8424657534246576,0.15753424657534246
2012-12-06,438,370,68,0.19250020949902313,0.17410536920006955,0.26155230988750233,0.8447488584474886,0.1552511415525114
2012-12-07,438,356,82,0.17125191715021867,0.15150573942511275,0.2586573776551241,0.8127853881278538,0.1872146118721461
2012-12-10,438,347,91,0.15621348860930015,0.13678489220999718,0.253450133056056,0.7922374429223744,0.20776255707762556
2012-12-11,438,365,73,0.18564198876612417,0.1622664014896923,0.2596587203976649,0.8333333333333334,0.16666666666666666
2012-12-12,438,357,81,0.1623632197518162,0.1449626423637823,0.2516361775860499,0.815068493150685,0.18493150684931506
2012-12-13,438,364,74,0.17582981043742385,0.15944943809096485,0.25302711563065583,0.8310502283105022,0.1689497716894977
2012-12-14,438,361,77,0.17211196053722558,0.15540764036371574,0.25087022556883526,0.8242009132420092,0.17579908675799086
2012-12-17,438,368,70,0.18452508747535853,0.16430733186235574,0.24903827173624107,0.8401826484018264,0.1598173515981735
2012-12-18,438,365,73,0.18657279221014622,0.16605208761106055,0.25815171238576695,0.8333333333333334,0.16666666666666666
2012-12-19,438,372,66,0.19999240666867324,0.1716657355969825,0.2616627316837084,0.8493150684931506,0.1506849315068493
2012-12-20,438,381,57,0.22110463755518128,0.19055497451520137,0.2752019098291163,0.8698630136986302,0.13013698630136986
2012-12-21,438,363,75,0.1855490427415958,0.16262569418369816,0.2631227028319219,0.8287671232876712,0.17123287671232876
2012-12-24,438,370,68,0.19816529946628197,0.17577486120640978,0.266420455510758,0.8447488584474886,0.1552511415525114
2012-12-26,438,364,74,0.18564796623811924,0.1628418456086492,0.2634472272711467,0.8310502283105022,0.1689497716894977
2012-12-27,438,359,79,0.17291417084097366,0.14684283597150571,0.2604506396077629,0.819634703196347,0.18036529680365296
2012-12-28,438,357,81,0.17904930985007889,0.15056954915578044,0.26040081815633687,0.815068493150685,0.18493150684931506
2012-12-31,438,369,69,0.2044466853267491,0.1680928176116146,0.27140599077190175,0.8424657534246576,0.15753424657534246
2013-01-02,438,366,72,0.18989410898459472,0.16063346791026684,0.2576769845867058,0.8356164383561644,0.1643835616438356
2013-01-03,438,368,70,0.19057952348719429,0.16274941599079845,0.2613368223675081,0.8401826484018264,0.1598173515981735
2013-01-04,438,363,75,0.17595869694187144,0.15624075859822414,0.2545563610669243,0.8287671232876712,0.17123287671232876
2013-01-07,438,367,71,0.18093043078981033,0.15813743224099713,0.2517975927617328,0.8378995433789954,0.16210045662100456
2013-01-08,438,370,68,0.17732840886199613,0.15409318426629176,0.24609969725250577,0.8447488584474886,0.1552511415525114
2013-01-09,438,370,68,0.1805503380986234,0.15292716058283626,0.2416140520616155,0.8447488584474886,0.1552511415525114
2013-01-10,438,369,69,0.17951526445128527,0.15465582483381518,0.24351633325638933,0.8424657534246576,0.15753424657534246
2013-01-11,438,370,68,0.16915756078994248,0.14744963852840093,0.23172148918807559,0.8447488584474886,0.1552511415525114
2013-01-14,438,367,71,0.16257999345805493,0.14040178236062634,0.22297600017552327,0.8378995433789954,0.16210045662100456
2013-01-15,438,354,84,0.1521544239448975,0.1330140737071572,0.21792991288606542,0.8082191780821918,0.1917808219178082
2013-01-16,438,360,78,0.1557382129683701,0.13951765485354678,0.21969802773072275,0.821917808219178,0.1780821917808219
2013-01-17,438,366,72,0.16506637681058667,0.1447473503534666,0.22236782249405374,0.8356164383561644,0.1643835616438356
2013-01-18,438,365,73,0.16296748518339285,0.14106227209170213,0.22019198430505954,0.8333333333333334,0.16666666666666666
2013-01-22,438,358,80,0.15010448548902866,0.12780018530625745,0.21791058843603667,0.817351598173516,0.182648401826484
2013-01-23,438,357,81,0.15736654007081335,0.14046848583475086,0.22341340537570373,0.815068493150685,0.18493150684931506
2013-01-24,438,354,84,0.14875501780395636,0.1326800385737424,0.2233047999729191,0.8082191780821918,0.1917808219178082
2013-01-25,438,353,85,0.14316981674011528,0.13191134277507183,0.21933745989509743,0.8059360730593608,0.19406392694063926
2013-01-28,438,343,95,0.12546365251542962,0.1107683554513309,0.2137807015824078,0.7831050228310502,0.21689497716894976
2013-01-29,438,344,94,0.12805874750738475,0.10938239984128845,0.21565400328649714,0.7853881278538812,0.2146118721461187
2013-01-30,438,335,103,0.11616826880355204,0.10655000455215355,0.21230520036296976,0.7648401826484018,0.23515981735159816
2013-01-31,438,352,86,0.14050615513031486,0.1242125250850536,0.21784839135980608,0.8036529680365296,0.1963470319634703
2013-02-01,438,369,69,0.16717766465575568,0.14897404696417216,0.2256163953995497,0.8424657534246576,0.15753424657534246
2013-02-04,438,354,84,0.1494826527787777,0.1334603566492189,0.21734383589080866,0.8082191780821918,0.1917808219178082
2013-02-05,438,366,72,0.15556587500173608,0.14175817458560097,0.2172015047367408,0.8356164383561644,0.1643835616438356
2013-02-06,438,350,88,0.1333468060257694,0.12397512436132005,0.20849558587430134,0.7990867579908676,0.2009132420091324
2013-02-07,438,348,90,0.132171178177467,0.11999017261329685,0.21035932207395913,0.7945205479452054,0.2054794520547945
2013-02-08,438,351,87,0.13640322062607876,0.12255535306217094,0.21151101638665679,0.8013698630136986,0.19863013698630136
2013-02-11,438,350,88,0.13974116789990595,0.13137968978837694,0.208368723778112,0.7990867579908676,0.2009132420091324
2013-02-12,438,351,87,0.13696040059404513,0.12946340302651588,0.2050182863075251,0.8013698630136986,0.19863013698630136
2013-02-13,438,356,82,0.14680919898997966,0.1413578435012633,0.20479162477253537,0.8127853881278538,0.1872146118721461
2013-02-14,438,351,87,0.14192099978306272,0.13441732530865474,0.20173133106861485,0.8013698630136986,0.19863013698630136
2013-02-15,438,352,86,0.14304055670562799,0.13604721985712076,0.20677779666112783,0.8036529680365296,0.1963470319634703
2013-02-19,438,365,73,0.1580964062739883,0.14928156307037121,0.21226168119866565,0.8333333333333334,0.16666666666666666
2013-02-20,438,356,82,0.14825792720202674,0.1425328689155394,0.21450462305729417,0.8127853881278538,0.1872146118721461
2013-02-21,438,361,77,0.1546370760974385,0.15163945022781616,0.21481589544338087,0.8242009132420092,0.17579908675799086
2013-02-22,438,362,76,0.16020977288962215,0.15486588384114436,0.21973484797527354,0.8264840182648402,0.1735159817351598
2013-02-25,438,367,71,0.17123058797347557,0.1670063690830705,0.22372108664483692,0.8378995433789954,0.16210045662100456
2013-02-26,438,373,65,0.1718344568546468,0.16823145588564276,0.22218937501431668,0.8515981735159818,0.14840182648401826
2013-02-27,438,371,67,0.16875036782927474,0.16273439517136865,0.2179413664809715,0.8470319634703196,0.15296803652968036
2013-02-28,438,371,67,0.17052351993855472,0.16536521395206644,0.22138819255142428,0.8470319634703196,0.15296803652968036
2013-03-01,438,366,72,0.1640144453244261,0.15974122108433686,0.21872666286997358,0.8356164383561644,0.1643835616438356
2013-03-04,438,366,72,0.16855227793534866,0.1674017327576402,0.21373163060034067,0.8356164383561644,0.1643835616438356
2013-03-05,438,367,71,0.1725873480115439,0.1716071036042342,0.2151125208327318,0.8378995433789954,0.16210045662100456
2013-03-06,438,365,73,0.16598518079857985,0.16687116221198078,0.21208797470897273,0.8333333333333334,0.16666666666666666
2013-03-07,438,371,67,0.18082378437399188,0.17494691607511936,0.21331809343033314,0.8470319634703196,0.15296803652968036
2013-03-08,438,384,54,0.2058122496936088,0.1958679418488099,0.218209626199382,0.8767123287671232,0.1232876712328767
2013-03-11,438,375,63,0.19264104033896165,0.185580673053723,0.21240600032484339,0.8561643835616438,0.14383561643835616
2013-03-12,438,372,66,0.1859916957982916,0.1805849509534888,0.21092942859189442,0.8493150684931506,0.1506849315068493
2013-03-13,438,370,68,0.17687558817339913,0.17452143072142073,0.20713424086706445,0.8447488584474886,0.1552511415525114
2013-03-14,438,376,61,0.1822281603893932,0.1746888207172782,0.210580103832594,0.8584474885844748,0.13926940639269406
2013-03-15,438,360,78,0.16301082234976358,0.1581328001831071,0.2075366145822114,0.821917808219178,0.1780821917808219
2013-03-18,438,366,72,0.1694797973108217,0.16087819951274945,0.21158770977721544,0.8356164383561644,0.1643835616438356
2013-03-19,438,358,80,0.15915512448430177,0.14945053482076248,0.209190013585213,0.817351598173516,0.182648401826484
2013-03-20,438,359,79,0.16613988940984536,0.15535692557010944,0.21042714931534584,0.819634703196347,0.18036529680365296
2013-03-21,438,349,89,0.14584079309695336,0.14254928500863023,0.20390500181433135,0.7968036529680366,0.20319634703196346
2013-03-22,438,348,90,0.1410120328124071,0.1360032012069271,0.2020605253519479,0.7945205479452054,0.2054794520547945
2013-03-25,438,358,80,0.1524843729537171,0.14582677449650827,0.20276955049557643,0.817351598173516,0.182648401826484
2013-03-26,438,350,88,0.1397519069383982,0.13344241725311456,0.19996892082549758,0.7990867579908676,0.2009132420091324
2013-03-27,438,348,90,0.14268875674889492,0.1364287908631634,0.2048857333775837,0.7945205479452054,0.2054794520547945
2013-03-28,438,345,93,0.14192260872160525,0.13824061703827112,0.20566093176873082,0.7876712328767124,0.21232876712328766
2013-04-01,438,347,91,0.1457485037960446,0.14269133290286315,0.2078107614241122,0.7922374429223744,0.20776255707762556
2013-04-02,438,351,87,0.15465684248926806,0.15023526817161864,0.20855206370590512,0.8013698630136986,0.19863013698630136
2013-04-03,438,358,79,0.16309027843700052,0.15751365439647955,0.2158614727314252,0.817351598173516,0.18036529680365296
2013-04-04,438,365,73,0.17244176347582774,0.1647481383063618,0.22012546985104567,0.8333333333333334,0.16666666666666666
2013-04-05,438,361,77,0.16598812337405905,0.1597252556717017,0.21799120477337153,0.8242009132420092,0.17579908675799086
2013-04-08,438,362,76,0.17043102193118317,0.1616327221579745,0.21756684518758942,0.8264840182648402,0.1735159817351598
2013-04-09,438,369,69,0.191294122708937,0.1868722636913259,0.22182164847551497,0.8424657534246576,0.15753424657534246
2013-04-10,438,371,67,0.19675721210104294,0.19686086355200455,0.22326153616947308,0.8470319634703196,0.15296803652968036
2013-04-11,438,378,60,0.21023961150033368,0.2060404288366918,0.2268719841050023,0.863013698630137,0.136986301369863
2013-04-12,438,386,50,0.23950229154732514,0.2291731613154932,0.23581003218692945,0.8812785388127854,0.1141552511415525
2013-04-15,438,384,54,0.23238139350600748,0.22253844535932285,0.2334958043984934,0.8767123287671232,0.1232876712328767
2013-04-16,439,379,60,0.21137319204844923,0.2071537853930085,0.22990093524358612,0.8633257403189066,0.1366742596810934
2013-04-17,439,379,60,0.2186519862293361,0.2145997310771514,0.23352459546128798,0.8633257403189066,0.1366742596810934
2013-04-18,439,377,62,0.21513883547007473,0.2079557175739208,0.23567024001097744,0.8587699316628702,0.14123006833712984
2013-04-19,439,374,65,0.20855087407835507,0.2002738361130986,0.23555285574417714,0.8519362186788155,0.1480637813211845
2013-04-22,439,366,73,0.20250241264755162,0.1895242969701775,0.23650414121219163,0.8337129840546698,0.1662870159453303
2013-04-23,439,375,64,0.21349701892577025,0.205953665129966,0.23774976148172966,0.8542141230068337,0.14578587699316628
2013-04-24,439,376,63,0.20734589765497505,0.1964635158246452,0.23351787217020198,0.856492027334852,0.14350797266514806
2013-04-25,439,388,51,0.2303973124391353,0.2228820288220683,0.2387287074404803,0.8838268792710706,0.11617312072892938
2013-04-26,439,386,53,0.2263641834924958,0.2140300457277364,0.23534273586792312,0.8792710706150342,0.12072892938496584
2013-04-29,439,382,57,0.21872174275624648,0.2098062337720656,0.23478601184938291,0.8701594533029613,0.12984054669703873
2013-04-30,439,368,71,0.19994754896386263,0.1938068328687543,0.22913649365093652,0.8382687927107062,0.16173120728929385
2013-05-01,439,372,67,0.1948034111064872,0.1931255935072497,0.22314820635149393,0.8473804100227791,0.15261958997722094
2013-05-02,439,369,70,0.1845772814310537,0.1788713426373911,0.21605636436574546,0.8405466970387244,0.15945330296127563
2013-05-03,439,369,70,0.18584718525648672,0.1786699406211533,0.2169567772893122,0.8405466970387244,0.15945330296127563
2013-05-06,439,366,73,0.18208203963243813,0.1796343016285733,0.21876254539436815,0.8337129840546698,0.1662870159453303
2013-05-07,439,377,62,0.204075291739456,0.1977563549501899,0.22544574821916893,0.8587699316628702,0.14123006833712984
2013-05-08,439,389,50,0.228147852344053,0.2180845715486206,0.23720166569177858,0.8861047835990888,0.11389521640091116
2013-05-09,439,394,45,0.24114226442446354,0.2340598689681217,0.23497617305308666,0.89749430523918,0.10250569476082004
2013-05-10,439,398,41,0.24988082320576147,0.2393550735605485,0.2349214647947236,0.9066059225512528,0.09339407744874716
2013-05-13,439,397,42,0.25293394040008993,0.2427953748594586,0.23202387401978855,0.9043280182232346,0.09567198177676538
2013-05-14,439,382,57,0.21538082924396512,0.2075922720291243,0.22463338846435627,0.8701594533029613,0.12984054669703873
2013-05-15,439,389,50,0.2361742976758343,0.2220093465050301,0.23216270868234148,0.8861047835990888,0.11389521640091116
2013-05-16,439,390,49,0.23275232156684472,0.2214982481530272,0.23251123985051414,0.8883826879271071,0.11161731207289294
2013-05-17,440,386,54,0.22844773289701176,0.21829392982184864,0.2334635220162617,0.8772727272727273,0.12272727272727273
2013-05-20,440,393,47,0.25095225172245494,0.23905876489755096,0.24362992307565828,0.8931818181818182,0.10681818181818181
2013-05-21,440,400,40,0.28253470281262805,0.2629232814619865,0.2529357676289353,0.9090909090909091,0.09090909090909091
2013-05-22,441,408,33,0.31223354194809405,0.2894399979156974,0.2755483430228632,0.9251700680272109,0.07482993197278912
2013-05-23,441,402,39,0.292290125671466,0.265307298815669,0.27348598581498396,0.9115646258503401,0.08843537414965986
2013-05-24,441,403,38,0.2993626761778358,0.2711292442524569,0.2772072900719362,0.9138321995464853,0.08616780045351474
2013-05-28,441,400,41,0.2878614837123447,0.2658212055299203,0.2708179773571381,0.9070294784580499,0.09297052154195011
2013-05-29,441,402,39,0.2947674348260446,0.2702827198383537,0.2720875791870578,0.9115646258503401,0.08843537414965986
2013-05-30,441,403,37,0.3004397535244096,0.2776233785223567,0.27128643416390136,0.9138321995464853,0.08390022675736962
2013-05-31,441,400,41,0.26992629791161105,0.2533765789337829,0.26341015459649786,0.9070294784580499,0.09297052154195011
2013-06-03,441,403,38,0.3076009092348259,0.2807921678138323,0.28090705883828093,0.9138321995464853,0.08616780045351474
2013-06-04,441,408,33,0.32593141024871874,0.2949893495875482,0.29390092211796587,0.9251700680272109,0.07482993197278912
2013-06-05,441,416,25,0.3703933220156584,0.3241207995407216,0.31545183576051444,0.9433106575963719,0.05668934240362812
2013-06-06,441,420,21,0.3819795320707071,0.3374150202029111,0.3108865292549837,0.9523809523809523,0.047619047619047616
2013-06-07,441,419,22,0.37429043387722905,0.3352929994682643,0.30436198865253133,0.9501133786848073,0.049886621315192746
2013-06-10,441,410,31,0.3380958193444796,0.3016863717723357,0.29908275920220856,0.9297052154195011,0.07029478458049887
2013-06-11,441,415,26,0.3503283363629411,0.3084866740572545,0.3073329316417525,0.9410430839002267,0.05895691609977324
2013-06-12,441,411,30,0.33897857016084876,0.2971494291056702,0.3151089995950382,0.9319727891156463,0.06802721088435375
2013-06-13,441,419,22,0.37812521383774006,0.3271662411208837,0.3319552040467268,0.9501133786848073,0.049886621315192746
2013-06-14,441,415,26,0.3684968964830048,0.3226407490357013,0.31947393778324057,0.9410430839002267,0.05895691609977324
2013-06-17,441,417,24,0.37411505523223004,0.3277428775183701,0.32510919513148184,0.9455782312925171,0.05442176870748299
2013-06-18,441,418,23,0.37699806624706944,0.3268578989216137,0.331427682366964,0.9478458049886621,0.05215419501133787
2013-06-19,441,417,24,0.36022640792727734,0.3115552977574889,0.32757064812057174,0.9455782312925171,0.05442176870748299
2013-06-20,441,412,29,0.3546216740637758,0.3074832931083138,0.3220936431268843,0.9342403628117913,0.06575963718820861
2013-06-21,441,408,33,0.3201370034121183,0.2907439881594953,0.30139684501069147,0.9251700680272109,0.07482993197278912
2013-06-24,441,408,33,0.3207065269842856,0.2876812918135636,0.30335047926767933,0.9251700680272109,0.07482993197278912
2013-06-25,441,414,27,0.3517914439388663,0.3033428666404305,0.3191114513192842,0.9387755102040817,0.061224489795918366
2013-06-26,441,417,24,0.3528391669673659,0.3072849583892212,0.3173871727974952,0.9455782312925171,0.05442176870748299
2013-06-27,441,418,23,0.36467515638282133,0.3135011386208941,0.32209687712081986,0.9478458049886621,0.05215419501133787
2013-06-28,441,416,25,0.3669026676019596,0.317315656214455,0.33146587363747027,0.9433106575963719,0.05668934240362812
2013-07-01,441,410,31,0.33923536076137495,0.2884413693929872,0.3224784808007528,0.9297052154195011,0.07029478458049887
2013-07-02,441,414,27,0.3423891514592155,0.2967818452645845,0.31805793609724,0.9387755102040817,0.061224489795918366
2013-07-03,442,404,38,0.29854586412885875,0.25600346738735785,0.30510771232633205,0.9140271493212669,0.08597285067873303
2013-07-05,442,400,41,0.2757183898292691,0.2373474983383797,0.29701222984594955,0.9049773755656109,0.09276018099547512
2013-07-08,442,400,42,0.2776980292059448,0.23519463229116774,0.2952693899642375,0.9049773755656109,0.09502262443438914
2013-07-09,442,401,41,0.2979319421001232,0.25397977900241375,0.3026429270447632,0.9072398190045249,0.09276018099547512
2013-07-10,442,405,37,0.3133783463507517,0.27194638119415504,0.30970599769430435,0.916289592760181,0.083710407239819
2013-07-11,442,403,39,0.301662296267384,0.26036107703898803,0.2982974138526807,0.9117647058823529,0.08823529411764706
2013-07-12,442,404,38,0.30302388622802034,0.2622069118934567,0.2937045548639134,0.9140271493212669,0.08597285067873303
2013-07-15,442,408,34,0.32527954154970423,0.2820617574211235,0.2938605420260763,0.9230769230769231,0.07692307692307693
2013-07-16,442,408,34,0.32383784543821686,0.2780139257144857,0.29350983412545434,0.9230769230769231,0.07692307692307693
2013-07-17,442,408,34,0.3135963642284489,0.27145348499898425,0.29187918868455615,0.9230769230769231,0.07692307692307693
2013-07-18,442,405,37,0.3293473095536866,0.28663287774821034,0.2931022383770419,0.916289592760181,0.083710407239819
2013-07-19,442,404,38,0.3034081092396567,0.26233604762407803,0.29597764316802117,0.9140271493212669,0.08597285067873303
2013-07-22,442,385,57,0.2592492729647569,0.22594081817074535,0.28636758111108623,0.8710407239819005,0.12895927601809956
2013-07-23,442,388,54,0.2582666664423381,0.22541521064605485,0.28045459488576696,0.8778280542986425,0.12217194570135746
2013-07-24,443,389,54,0.25779584495736413,0.2182638678868351,0.2801262494683002,0.8781038374717833,0.12189616252821671
2013-07-25,443,400,42,0.28600021428560823,0.2416965261702894,0.29347531037603747,0.9029345372460497,0.09480812641083522
2013-07-26,443,407,36,0.3107902225160972,0.2723999894260671,0.30111851656661076,0.9187358916478555,0.08126410835214447
2013-07-29,443,413,30,0.32627908767209235,0.2827890034702565,0.319940144789991,0.9322799097065463,0.06772009029345373
2013-07-30,443,407,36,0.30107360031849945,0.2608841329981926,0.31723406914095553,0.9187358916478555,0.08126410835214447
2013-07-31,443,395,48,0.28436331438331275,0.2395126912610039,0.31941879156402725,0.891647855530474,0.10835214446952596
2013-08-01,443,395,48,0.2855581405285403,0.2387629575308303,0.32605227932673503,0.891647855530474,0.10835214446952596
2013-08-02,443,402,40,0.2940661029008255,0.2491270545619694,0.32139148785908833,0.90744920993228,0.09029345372460497
2013-08-05,443,406,37,0.31756627684709593,0.264865122338731,0.34291048667267715,0.9164785553047404,0.0835214446952596
2013-08-06,443,411,32,0.3285332663979235,0.2796071809309206,0.34126894733656604,0.927765237020316,0.07223476297968397
2013-08-07,443,403,40,0.3128588972377455,0.2671357975968766,0.34017952153918535,0.909706546275395,0.09029345372460497
2013-08-08,443,406,37,0.3087889893885653,0.2704918562463585,0.3225833097063683,0.9164785553047404,0.0835214446952596
2013-08-09,443,412,31,0.316612909529588,0.2803265487200934,0.3133963051998844,0.9300225733634312,0.06997742663656885
2013-08-12,443,409,34,0.32118467634085907,0.2830833411399098,0.3279523004463637,0.9232505643340858,0.07674943566591422
2013-08-13,443,414,29,0.32300028644051487,0.287593753942891,0.3241278302549776,0.9345372460496614,0.0654627539503386
2013-08-14,443,413,30,0.31251947572309563,0.2779111826913309,0.3057323259715584,0.9322799097065463,0.06772009029345373
2013-08-15,443,411,32,0.31966782955544104,0.2743296649479967,0.3159349548001157,0.927765237020316,0.07223476297968397
2013-08-16,443,416,27,0.32982466267716126,0.2819144091787431,0.3204185905230623,0.9390519187358917,0.060948081264108354
2013-08-19,443,413,30,0.3256347260256482,0.2825616368813612,0.3152147515771396,0.9322799097065463,0.06772009029345373
2013-08-20,443,411,32,0.3179643527682795,0.273294734483966,0.3121197693976722,0.927765237020316,0.07223476297968397
2013-08-21,443,413,30,0.31037179002231474,0.2640010573769227,0.3065948973450422,0.9322799097065463,0.06772009029345373
2013-08-22,443,406,37,0.3040366454000375,0.2648426169119133,0.30429612934209355,0.9164785553047404,0.0835214446952596
2013-08-23,443,409,34,0.311905874553666,0.2701691201513625,0.31014607677047706,0.9232505643340858,0.07674943566591422
2013-08-26,443,410,33,0.31173995998836895,0.2718149873122226,0.3130756493201609,0.9255079006772009,0.0744920993227991
2013-08-27,443,410,33,0.3155530921384528,0.2735849389037408,0.3135289323156688,0.9255079006772009,0.0744920993227991
2013-08-28,443,408,35,0.3125793469706767,0.2705390860392447,0.3184545459850584,0.9209932279909706,0.07900677200902935
2013-08-29,443,410,33,0.31756542876165017,0.2831643507299437,0.32971106477129025,0.9255079006772009,0.0744920993227991
2013-08-30,443,414,29,0.33821142026801493,0.3002646289526887,0.33490731967822535,0.9345372460496614,0.0654627539503386
2013-09-03,443,410,33,0.33656807074439593,0.2905748437249489,0.338110852017474,0.9255079006772009,0.0744920993227991
2013-09-04,443,412,31,0.34764124455657774,0.297411014189356,0.35331768019318754,0.9300225733634312,0.06997742663656885
2013-09-05,443,408,34,0.3322351181696127,0.2873851864481984,0.34971881889739515,0.9209932279909706,0.07674943566591422
2013-09-06,443,408,35,0.32545790088928533,0.2788927370374148,0.34831355424011645,0.9209932279909706,0.07900677200902935
2013-09-09,443,407,36,0.33703658024757804,0.2908354443172543,0.36753214172351467,0.9187358916478555,0.08126410835214447
2013-09-10,443,403,40,0.30701659232644624,0.2639893980939365,0.35647372073523087,0.909706546275395,0.09029345372460497
2013-09-11,443,403,40,0.2993725127779743,0.2535798416339496,0.3475618251751076,0.909706546275395,0.09029345372460497
2013-09-12,443,406,37,0.30922081234790333,0.2629798680264508,0.3590262715579847,0.9164785553047404,0.0835214446952596
2013-09-13,443,400,43,0.29764349229984377,0.2529008406502968,0.346913428548676,0.9029345372460497,0.09706546275395034
2013-09-16,443,392,51,0.2728223552739938,0.2301754873657069,0.3353389732406737,0.8848758465011287,0.11512415349887133
2013-09-17,443,378,65,0.2538910057656252,0.2080915018023394,0.3364239503243362,0.8532731376975169,0.14672686230248308
2013-09-18,443,369,74,0.2379483001817142,0.2014249099615761,0.328337810433027,0.8329571106094809,0.1670428893905192
2013-09-19,443,383,59,0.2564730643817631,0.2182910611244684,0.3377232235606912,0.8645598194130926,0.13318284424379231
2013-09-20,443,386,57,0.25566195879745207,0.2102940800213419,0.3423420079354308,0.871331828442438,0.12866817155756208
2013-09-23,443,390,53,0.26496870881259593,0.2157113027750543,0.3483499485794371,0.8803611738148984,0.11963882618510158
2013-09-24,443,397,46,0.27240532249818583,0.2261677297365034,0.351844889881277,0.8961625282167043,0.1038374717832957
2013-09-25,443,395,48,0.26936608842076637,0.2205738494475349,0.362869790724468,0.891647855530474,0.10835214446952596
2013-09-26,443,388,55,0.2489871733696432,0.2013693425433267,0.35775125046056533,0.8758465011286681,0.12415349887133183
2013-09-27,443,394,49,0.2687377506363021,0.2161629161023037,0.38622504972106664,0.8893905191873589,0.11060948081264109
2013-09-30,443,396,47,0.2809729521553333,0.2307773428874047,0.3880843493450259,0.8939051918735892,0.10609480812641084
2013-10-01,443,391,52,0.260370547960271,0.2073789783865449,0.37817501329146974,0.8826185101580135,0.11738148984198646
2013-10-02,443,389,54,0.27038381055669275,0.2216590340503179,0.3843879650061402,0.8781038374717833,0.12189616252821671
2013-10-03,443,395,48,0.2812925976080544,0.2339268541987744,0.3873966147451145,0.891647855530474,0.10835214446952596
2013-10-04,443,391,52,0.28102517794319654,0.2328843275443577,0.3851212984754428,0.8826185101580135,0.11738148984198646
2013-10-07,443,391,52,0.27715402197757905,0.223922457194738,0.371227327123962,0.8826185101580135,0.11738148984198646
2013-10-08,443,402,40,0.2827412654770982,0.23161887345822,0.36014102356120375,0.90744920993228,0.09029345372460497
2013-10-09,443,401,42,0.296919336378872,0.2420107035440553,0.37861161141569577,0.9051918735891648,0.09480812641083522
2013-10-10,443,404,39,0.3029150880631012,0.2447130272773623,0.3663435787089041,0.9119638826185101,0.08803611738148984
2013-10-11,443,405,38,0.3141479685493772,0.2586375877760078,0.38162835576658005,0.9142212189616253,0.08577878103837472
2013-10-14,443,403,40,0.32620418314794336,0.2726785581207736,0.38560863725930894,0.909706546275395,0.09029345372460497
2013-10-15,443,408,35,0.33137866094664986,0.2789946214293872,0.3851256201865062,0.9209932279909706,0.07900677200902935
2013-10-16,445,412,33,0.34802230832987596,0.2952592568590892,0.39730803494038414,0.9258426966292135,0.07415730337078652
2013-10-17,445,418,27,0.35345879187166107,0.2951745037661282,0.3974098693661189,0.9393258426966292,0.060674157303370786
2013-10-18,445,413,32,0.3384677259641938,0.2836959001775416,0.400410949906983,0.9280898876404494,0.07191011235955057
2013-10-21,445,409,36,0.3211813703369121,0.2725073663704267,0.3969404911810053,0.9191011235955057,0.08089887640449438
2013-10-22,445,406,39,0.31810619120902145,0.2708081280481034,0.39982672484532367,0.9123595505617977,0.08764044943820225
2013-10-23,445,413,32,0.3422891277277481,0.2899626971314211,0.414709190976652,0.9280898876404494,0.07191011235955057
2013-10-24,445,412,33,0.3417137450733468,0.2870632885294741,0.41477236418980223,0.9258426966292135,0.07415730337078652
2013-10-25,445,417,28,0.36018189473464973,0.2945307527390606,0.419794283734524,0.9370786516853933,0.06292134831460675
2013-10-28,445,417,28,0.3580399895030227,0.2959813653267444,0.4377294068941899,0.9370786516853933,0.06292134831460675
2013-10-29,445,413,32,0.3487904053757399,0.288829964396361,0.435499571620997,0.9280898876404494,0.07191011235955057
2013-10-30,445,418,27,0.3633598349361346,0.2978350448148423,0.43566633309868835,0.9393258426966292,0.060674157303370786
2013-10-31,445,414,31,0.3557604638858821,0.2961819100884937,0.41258849208973464,0.9303370786516854,0.0696629213483146
2013-11-01,445,406,39,0.32109270022880665,0.2670500500363275,0.3900947054977343,0.9123595505617977,0.08764044943820225
2013-11-04,445,408,37,0.3459263368090858,0.2888291094435791,0.40904652627755317,0.9168539325842696,0.08314606741573034
2013-11-05,445,412,33,0.3264770987274536,0.2700713006497417,0.38671504650755983,0.9258426966292135,0.07415730337078652
2013-11-06,445,404,41,0.29545157045819287,0.2447229807874851,0.36642225983664417,0.9078651685393259,0.09213483146067415
2013-11-07,445,408,37,0.31910983901315243,0.2700528629540069,0.3582894581048206,0.9168539325842696,0.08314606741573034
2013-11-08,445,420,25,0.3650370458489061,0.3167381071705666,0.3777043138381953,0.9438202247191011,0.056179775280898875
2013-11-11,445,422,23,0.37403866376690964,0.3242181452383341,0.38273947848802736,0.9483146067415731,0.051685393258426963
2013-11-12,445,423,22,0.3793584352398081,0.3255565119543626,0.3858037488770554,0.950561797752809,0.04943820224719101
2013-11-13,445,421,24,0.3717582318076244,0.3181719802539238,0.38790309364735864,0.946067415730337,0.05393258426966292
2013-11-14,445,427,18,0.41244378232531836,0.3519223646644578,0.3989581898564559,0.9595505617977528,0.04044943820224719
2013-11-15,445,430,15,0.42769007334893655,0.3706916059311431,0.40214237068595304,0.9662921348314607,0.033707865168539325
2013-11-18,445,429,16,0.42853387647522156,0.3709868094938242,0.4064541205415649,0.9640449438202248,0.035955056179775284
2013-11-19,445,424,20,0.4029749737922382,0.3497170147966919,0.39086089329488377,0.952808988764045,0.0449438202247191
2013-11-20,445,426,19,0.4071249764830654,0.3545048843378546,0.38692120544454517,0.9573033707865168,0.04269662921348315
2013-11-21,445,426,19,0.39516864956999465,0.3444613723137435,0.38034434564847475,0.9573033707865168,0.04269662921348315
2013-11-22,445,426,19,0.38619954889613384,0.3258042558141907,0.3917581473024645,0.9573033707865168,0.04269662921348315
2013-11-25,445,425,20,0.3933629590526243,0.3401516795277794,0.38388876728563276,0.9550561797752809,0.0449438202247191
2013-11-26,445,425,20,0.39531007587541084,0.3472869210538047,0.3736143544425608,0.9550561797752809,0.0449438202247191
2013-11-27,445,423,22,0.3928731159312289,0.3425964060555819,0.3740795291569546,0.950561797752809,0.04943820224719101
2013-11-29,445,418,27,0.37400044294755364,0.3267469038540886,0.36562664738049067,0.9393258426966292,0.060674157303370786
2013-12-02,445,418,27,0.3706589553883735,0.3226789863577008,0.3665574666401295,0.9393258426966292,0.060674157303370786
2013-12-03,445,421,24,0.38051600436594085,0.333520310636467,0.37443956930475536,0.946067415730337,0.05393258426966292
2013-12-04,445,424,21,0.3884810571286637,0.3329505342473677,0.38231739457474034,0.952808988764045,0.04719101123595506
2013-12-05,445,419,26,0.3817604963969478,0.3218352628474337,0.3888927356188663,0.9415730337078652,0.058426966292134834
2013-12-06,445,421,24,0.37565118256312696,0.3205371244160258,0.3568957499359782,0.946067415730337,0.05393258426966292
2013-12-09,445,415,30,0.35241304343805113,0.3027209510538471,0.3455152929260907,0.9325842696629213,0.06741573033707865
2013-12-10,445,414,31,0.3667264430778244,0.3167226937804674,0.35156910422714227,0.9303370786516854,0.0696629213483146
2013-12-11,445,412,33,0.36181777464253134,0.3114122578715197,0.35529249316694006,0.9258426966292135,0.07415730337078652
2013-12-12,445,409,36,0.3601064824038864,0.3086446361791466,0.34914745272898057,0.9191011235955057,0.08089887640449438
2013-12-13,445,415,30,0.3781353011094705,0.3232661345111673,0.34996824791021736,0.9325842696629213,0.06741573033707865
2013-12-16,445,418,27,0.38953850382266164,0.3379040451331498,0.3571230522463966,0.9393258426966292,0.060674157303370786
2013-12-17,445,417,28,0.37966857901735146,0.3366712791617003,0.3562004909638102,0.9370786516853933,0.06292134831460675
2013-12-18,445,411,34,0.3533768416032911,0.3162040412276552,0.3378809176221042,0.9235955056179775,0.07640449438202247
2013-12-19,445,412,33,0.35206998338994017,0.3182572524491096,0.33127123126872227,0.9258426966292135,0.07415730337078652
2013-12-20,445,406,39,0.3411075240370262,0.3021310843501015,0.3310576414707416,0.9123595505617977,0.08764044943820225
2013-12-23,445,409,36,0.3667362441811105,0.3216697714437264,0.3493133886547039,0.9191011235955057,0.08089887640449438
2013-12-24,445,413,32,0.37595653816430125,0.3320623285013191,0.3561134172837013,0.9280898876404494,0.07191011235955057
2013-12-26,445,413,32,0.38422140827523393,0.3447478921771854,0.35922917666933507,0.9280898876404494,0.07191011235955057
2013-12-27,445,412,33,0.3875303971571345,0.343407269029415,0.36263582343001827,0.9258426966292135,0.07415730337078652
2013-12-30,445,416,29,0.40495784307466753,0.3591234558942624,0.3716755362034568,0.9348314606741573,0.0651685393258427
2013-12-31,445,412,33,0.3775603131563342,0.3373868946828691,0.3609836254310396,0.9258426966292135,0.07415730337078652
2014-01-02,446,406,40,0.3424296439333651,0.29816352262240564,0.3545311860660864,0.9103139013452914,0.08968609865470852
2014-01-03,446,407,39,0.3377038129063617,0.2895360380302506,0.3555854415561552,0.9125560538116592,0.08744394618834081
2014-01-06,446,406,40,0.32611770937245443,0.2741873977626951,0.3487481444007379,0.9103139013452914,0.08968609865470852
2014-01-07,446,405,41,0.32569616590142525,0.2772571664897018,0.3430148739011383,0.9080717488789237,0.09192825112107623
2014-01-08,446,408,38,0.34526650571778544,0.30077430769065905,0.3467832421112079,0.9147982062780269,0.08520179372197309
2014-01-09,446,407,39,0.3393948061525796,0.29205630468672933,0.34944180659851654,0.9125560538116592,0.08744394618834081
2014-01-10,446,407,39,0.327335890263814,0.28187004289564366,0.34590566252779975,0.9125560538116592,0.08744394618834081
2014-01-13,446,391,55,0.3091691643182754,0.2727763841370276,0.33543706891363867,0.8766816143497758,0.12331838565022421
2014-01-14,446,392,54,0.30629473382426325,0.2663380825598006,0.33911935091380596,0.8789237668161435,0.1210762331838565
2014-01-15,446,388,58,0.3050241133327787,0.26224473234979195,0.3389552080372031,0.8699551569506726,0.13004484304932734
2014-01-16,446,394,52,0.31659318258539254,0.27302822004320937,0.34340121297449716,0.8834080717488789,0.11659192825112108
2014-01-17,446,393,53,0.304815474820608,0.260342125787549,0.3437155259958898,0.8811659192825112,0.11883408071748879
2014-01-21,447,397,49,0.3183066777127964,0.2733581772979232,0.3409011064165973,0.8881431767337807,0.10961968680089486
2014-01-22,447,395,52,0.30552821591625934,0.2625084326464137,0.33211972457222494,0.883668903803132,0.116331096196868
2014-01-23,447,397,50,0.31667175963604505,0.2748898937531157,0.33358144614379004,0.8881431767337807,0.11185682326621924
2014-01-24,447,399,48,0.3146703651918075,0.2741179831399447,0.3174208718927626,0.8926174496644296,0.10738255033557047
2014-01-27,447,396,51,0.3089881911230126,0.2718941152719829,0.313619877364461,0.8859060402684564,0.11409395973154363
2014-01-28,447,401,46,0.31587021928947306,0.2768989054071462,0.3172286770627107,0.8970917225950783,0.1029082774049217
2014-01-29,447,398,49,0.31282207395396766,0.2732933961786024,0.3141595089809571,0.8903803131991052,0.10961968680089486
2014-01-30,447,401,46,0.3201802548992424,0.2807893281152307,0.31625528871088143,0.8970917225950783,0.1029082774049217
2014-01-31,447,401,46,0.32535800072583526,0.2849389516085649,0.3172872356828956,0.8970917225950783,0.1029082774049217
2014-02-03,448,398,50,0.2998407560014878,0.25531572301353556,0.3121470820693776,0.8883928571428571,0.11160714285714286
2014-02-04,448,404,44,0.31701190539260427,0.27361980917478523,0.3174389862912,0.9017857142857143,0.09821428571428571
2014-02-05,448,402,46,0.3012352802525143,0.25760890010870335,0.3125391749645801,0.8973214285714286,0.10267857142857142
2014-02-06,448,403,45,0.3063362852294449,0.26392362488520305,0.31095851941699254,0.8995535714285714,0.10044642857142858
2014-02-07,448,400,48,0.312924648195224,0.26911685092920284,0.3231868310246796,0.8928571428571429,0.10714285714285714
2014-02-10,448,400,48,0.3077680487556789,0.26683594469269045,0.32084356597112756,0.8928571428571429,0.10714285714285714
2014-02-11,448,400,48,0.31579458933212096,0.27404792650101245,0.32544103473712804,0.8928571428571429,0.10714285714285714
2014-02-12,448,394,54,0.2938239235966233,0.2558000119723943,0.3184758076781837,0.8794642857142857,0.12053571428571429
2014-02-13,448,397,51,0.3091613251831262,0.25893929205276267,0.3359237121103835,0.8861607142857143,0.11383928571428571
2014-02-14,448,401,47,0.31189998329001506,0.2729813085013866,0.3260227420277098,0.8950892857142857,0.10491071428571429
2014-02-18,448,402,46,0.3098196727565753,0.2601541137141516,0.32838199603937085,0.8973214285714286,0.10267857142857142
2014-02-19,448,397,51,0.29782455869812835,0.25886001109652335,0.319544191321675,0.8861607142857143,0.11383928571428571
2014-02-20,448,405,43,0.32295571072325996,0.2809242116668407,0.33687424441569036,0.9040178571428571,0.09598214285714286
2014-02-21,448,412,36,0.3412512262010611,0.28520806818533373,0.3605726765984428,0.9196428571428571,0.08035714285714286
2014-02-24,448,405,43,0.315663339532375,0.261622964383988,0.35072220579295,0.9040178571428571,0.09598214285714286
2014-02-25,448,408,40,0.3076034404502635,0.26179538951543985,0.3452682100421322,0.9107142857142857,0.08928571428571429
2014-02-26,448,402,46,0.29316419890773515,0.2434327405998351,0.3383151885379563,0.8973214285714286,0.10267857142857142
2014-02-27,448,403,45,0.28815514572083284,0.23759256145729946,0.34335799542100637,0.8995535714285714,0.10044642857142858
2014-02-28,448,402,46,0.2738669635820483,0.2235048672713918,0.3329733245989475,0.8973214285714286,0.10267857142857142
2014-03-03,448,407,41,0.28945929783019564,0.23615811937830516,0.34795623889467636,0.9084821428571429,0.09151785714285714
2014-03-04,448,403,45,0.27712230438997837,0.22511736754298917,0.3445813067670887,0.8995535714285714,0.10044642857142858
2014-03-05,448,381,67,0.23033527079779154,0.17072874136443025,0.32703555201317397,0.8504464285714286,0.14955357142857142
2014-03-06,448,383,65,0.23765593733534146,0.18601290626140982,0.3248353283303784,0.8549107142857143,0.14508928571428573
2014-03-07,448,385,63,0.23443312312064374,0.18429002938382294,0.3181000459057949,0.859375,0.140625
2014-03-10,448,390,58,0.24231035181148022,0.19346839299721735,0.31702292907850765,0.8705357142857143,0.12946428571428573
2014-03-11,448,390,57,0.2565506086808201,0.19571365018770498,0.3276885447596235,0.8705357142857143,0.12723214285714285
2014-03-12,448,399,49,0.2616299721779503,0.20479914470088084,0.3318860409191305,0.890625,0.109375
2014-03-13,448,398,50,0.2693133361871528,0.2155490334357954,0.33218061717220476,0.8883928571428571,0.11160714285714286
2014-03-14,448,396,52,0.26678860388546405,0.2062329323354501,0.34052060274027507,0.8839285714285714,0.11607142857142858
2014-03-17,448,401,47,0.28111218086094986,0.21669597376006838,0.35579575906312044,0.8950892857142857,0.10491071428571429
2014-03-18,448,400,48,0.2936344810868299,0.22955115328760373,0.357765202446073,0.8928571428571429,0.10714285714285714
2014-03-19,448,403,45,0.3030975974709241,0.2374104426013533,0.36901147135929074,0.8995535714285714,0.10044642857142858
2014-03-20,448,398,50,0.28317440099131574,0.22043621536071467,0.35349698026819965,0.8883928571428571,0.11160714285714286
2014-03-21,448,405,43,0.30630647918210563,0.2434305438232092,0.37278329489330125,0.9040178571428571,0.09598214285714286
2014-03-24,448,401,47,0.2995421686798596,0.23748065914406846,0.3676409309101125,0.8950892857142857,0.10491071428571429
2014-03-25,448,403,45,0.311857119753513,0.25081758638589025,0.37633827848284984,0.8995535714285714,0.10044642857142858
2014-03-26,448,404,44,0.3011536800960874,0.23832182396596385,0.39504903641746325,0.9017857142857143,0.09821428571428571
2014-03-27,448,404,44,0.3009585712960009,0.23778850918286681,0.39190297893242365,0.9017857142857143,0.09821428571428571
2014-03-28,448,405,43,0.29812626147754484,0.22956613574481685,0.39461350361432584,0.9040178571428571,0.09598214285714286
2014-03-31,448,405,43,0.3071562676632254,0.24334937766393772,0.36292239610229093,0.9040178571428571,0.09598214285714286
2014-04-01,448,398,50,0.29893217476320905,0.22939418080782745,0.3690102935653411,0.8883928571428571,0.11160714285714286
2014-04-02,448,410,38,0.34064280451335727,0.2657627225010022,0.40325507732584903,0.9151785714285714,0.08482142857142858
2014-04-03,448,402,46,0.3316989863030323,0.26060374355574534,0.3999812627823324,0.8973214285714286,0.10267857142857142
2014-04-04,448,402,45,0.3404709992714397,0.27594208141539595,0.4070204196191753,0.8973214285714286,0.10044642857142858
2014-04-07,448,399,49,0.32867004195463173,0.27443600336699586,0.3955806811176275,0.890625,0.109375
2014-04-08,448,398,50,0.31989248973430934,0.2678893546459493,0.3911549162900482,0.8883928571428571,0.11160714285714286
2014-04-09,448,393,55,0.2950033634581956,0.24061550436439705,0.3742593808008054,0.8772321428571429,0.12276785714285714
2014-04-10,448,393,55,0.2918544236947929,0.23545024211057658,0.3710340472983644,0.8772321428571429,0.12276785714285714
2014-04-11,448,389,59,0.2804230840181149,0.23366843837499496,0.3634684663676527,0.8683035714285714,0.13169642857142858
2014-04-14,448,402,46,0.3169750053132609,0.2628290527413667,0.37302006064892307,0.8973214285714286,0.10267857142857142
2014-04-15,448,396,52,0.30604675772154183,0.24895631963459824,0.3640396810245471,0.8839285714285714,0.11607142857142858
2014-04-16,448,405,43,0.336701224538817,0.28079211644278224,0.38022222725465377,0.9040178571428571,0.09598214285714286
2014-04-17,448,404,44,0.3392453107997518,0.2879330861205408,0.38007438782621966,0.9017857142857143,0.09821428571428571
2014-04-21,448,399,49,0.3309741496529348,0.28161750233361604,0.37764962987927186,0.890625,0.109375
2014-04-22,448,397,51,0.3192334126242361,0.2729638185865595,0.35782954583401577,0.8861607142857143,0.11383928571428571
2014-04-23,448,391,57,0.2912682497141862,0.24710906110770095,0.33414367519389876,0.8727678571428571,0.12723214285714285
2014-04-24,448,398,50,0.2897137100733122,0.24376766307133435,0.3310027241548336,0.8883928571428571,0.11160714285714286
2014-04-25,448,393,55,0.26675032940735394,0.22782720767577355,0.31034920592394455,0.8772321428571429,0.12276785714285714
2014-04-28,448,393,55,0.26851771183111006,0.23009180166391896,0.3063751466263978,0.8772321428571429,0.12276785714285714
2014-04-29,448,391,57,0.2644752622352881,0.2302133601633781,0.3018627387634706,0.8727678571428571,0.12723214285714285
2014-04-30,448,393,55,0.2728644177692427,0.2385155160258468,0.30691529270764656,0.8772321428571429,0.12276785714285714
2014-05-01,448,401,47,0.3006497453597775,0.26408027414535584,0.32522237731475717,0.8950892857142857,0.10491071428571429
2014-05-02,448,397,51,0.2894538525873684,0.2503651867995388,0.32001934938041326,0.8861607142857143,0.11383928571428571
2014-05-05,448,396,52,0.26878997553284406,0.22816611175169105,0.30431748137386344,0.8839285714285714,0.11607142857142858
2014-05-06,448,395,53,0.24470398964589984,0.2070624233213871,0.2767703432189795,0.8816964285714286,0.11830357142857142
2014-05-07,448,384,64,0.2191988673029878,0.17938266162205274,0.26546822591374103,0.8571428571428571,0.14285714285714285
2014-05-08,448,387,61,0.21880591090176565,0.18034174823389434,0.26275116362304995,0.8638392857142857,0.13616071428571427
2014-05-09,449,395,54,0.2360763922666288,0.1997840847610179,0.2564111895550381,0.8797327394209354,0.12026726057906459
2014-05-12,449,381,68,0.19865329685611854,0.1641341227233919,0.2312341149417382,0.8485523385300668,0.1514476614699332
2014-05-13,449,378,71,0.1855904580601003,0.1595157636561899,0.22481671746463794,0.8418708240534521,0.15812917594654788
2014-05-14,449,375,74,0.17959201637047137,0.1495747468035793,0.2240215827196284,0.8351893095768375,0.16481069042316257
2014-05-15,449,377,72,0.17911364488769085,0.1502047319763577,0.22277717304990008,0.8396436525612472,0.1603563474387528
2014-05-16,449,385,64,0.19988144465741942,0.1697643806640636,0.22833885713990065,0.8574610244988864,0.14253897550111358
2014-05-19,449,378,71,0.19010142464869087,0.1601812980013552,0.2281912052238714,0.8418708240534521,0.15812917594654788
2014-05-20,449,383,66,0.19575871499002348,0.1638852205225895,0.23532048577019846,0.8530066815144766,0.14699331848552338
2014-05-21,449,381,68,0.20349603776496442,0.1703748402018987,0.2446944123615422,0.8485523385300668,0.1514476614699332
2014-05-22,449,389,60,0.21663255328337433,0.1821278728325339,0.24666574912811315,0.8663697104677061,0.133630289532294
2014-05-23,449,391,58,0.21869089130317088,0.1852105479611698,0.24036153061714705,0.8708240534521158,0.1291759465478842
2014-05-27,449,386,62,0.20596403737557617,0.1754795110983269,0.22497998796555946,0.8596881959910914,0.13808463251670378
2014-05-28,449,384,65,0.19438832038664197,0.172095785037907,0.2113423979038871,0.8552338530066815,0.1447661469933185
2014-05-29,449,397,52,0.2107936639753414,0.184270567044755,0.21906101544164033,0.8841870824053452,0.11581291759465479
2014-05-30,449,399,50,0.20869061569690775,0.1790072998969483,0.21731138278989565,0.888641425389755,0.111358574610245
2014-06-02,449,404,45,0.22569748125742486,0.1973416247988471,0.22170812671514809,0.8997772828507795,0.10022271714922049
2014-06-03,449,405,44,0.224109100651977,0.197990235541841,0.22665446170474815,0.9020044543429844,0.09799554565701558
2014-06-04,449,407,42,0.23489457381995887,0.2078784228497621,0.23082232530277777,0.9064587973273942,0.0935412026726058
2014-06-05,449,411,38,0.2400482696014375,0.2092379986613846,0.230919218291665,0.9153674832962138,0.08463251670378619
2014-06-06,449,410,39,0.23346018177964084,0.2003378448927208,0.22716099192988015,0.9131403118040089,0.08685968819599109
2014-06-09,449,403,46,0.21360167798602686,0.1870679106270774,0.21446776774573423,0.8975501113585747,0.10244988864142539
2014-06-10,449,406,43,0.21541946038313686,0.1870746802040561,0.21481717129355035,0.9042316258351893,0.0957683741648107
2014-06-11,449,415,34,0.24644995958865432,0.212282082869142,0.2280875466788688,0.9242761692650334,0.0757238307349666
2014-06-12,449,419,30,0.25458284427550143,0.2220450014169432,0.22958216426966688,0.933184855233853,0.066815144766147
2014-06-13,449,410,39,0.2280748277673244,0.1979314198795869,0.22319294335678336,0.9131403118040089,0.08685968819599109
2014-06-16,449,407,42,0.22303751699705326,0.1896599429839236,0.21688902353851866,0.9064587973273942,0.0935412026726058
2014-06-17,449,408,41,0.21747298977323584,0.1889045650588765,0.21242882891191908,0.9086859688195991,0.09131403118040089
2014-06-18,449,404,44,0.2142151091352264,0.1809320599171739,0.21415284020728723,0.8997772828507795,0.09799554565701558
2014-06-19,451,411,40,0.22104167436046862,0.189431190482076,0.21261889686319105,0.9113082039911308,0.08869179600886919
2014-06-20,451,425,26,0.2622972905864419,0.2311964005385942,0.22318968629871042,0.9423503325942351,0.057649667405764965
2014-06-23,451,430,21,0.26495727793997337,0.2310029353938467,0.22718523546752,0.9534368070953437,0.04656319290465632
2014-06-24,451,431,20,0.28935092894290276,0.2491166051962503,0.2389692061694138,0.9556541019955654,0.04434589800443459
2014-06-25,451,428,23,0.28414328048684256,0.2423098467616289,0.23937409536744306,0.9490022172949002,0.050997782705099776
2014-06-26,451,422,29,0.2711814879036001,0.2318757489248826,0.2372703364008632,0.9356984478935698,0.06430155210643015
2014-06-27,452,423,29,0.2643292525158114,0.21804208010491638,0.238527939082494,0.9358407079646017,0.06415929203539823
2014-06-30,452,420,32,0.26906381900781645,0.2229810368497704,0.2364531799114126,0.9292035398230089,0.07079646017699115
2014-07-01,452,422,30,0.2612459269427933,0.21634684070724944,0.23213260513039963,0.9336283185840708,0.06637168141592921
2014-07-02,452,424,28,0.2641533910016538,0.2219900728750919,0.23619964295312235,0.9380530973451328,0.061946902654867256
2014-07-03,452,424,28,0.26906947603167686,0.2256185691833616,0.23874442131090656,0.9380530973451328,0.061946902654867256
2014-07-07,452,429,23,0.26546027289734836,0.21783563989536325,0.23539215766195448,0.9491150442477876,0.05088495575221239
2014-07-08,452,425,27,0.26754136480896323,0.221128386185471,0.23792719130876827,0.9402654867256637,0.059734513274336286
2014-07-09,452,423,29,0.2582496103419278,0.212964171719556,0.23377693611664513,0.9358407079646017,0.06415929203539823
2014-07-10,452,422,30,0.2548915211533576,0.20922695860740675,0.23644949495916925,0.9336283185840708,0.06637168141592921
2014-07-11,452,414,38,0.23177993996149512,0.19087763994681878,0.23483469756889874,0.915929203539823,0.084070796460177
2014-07-14,452,406,46,0.2188066509529584,0.17693714062660965,0.22827058075519474,0.8982300884955752,0.10176991150442478
2014-07-15,452,411,41,0.21964342975606307,0.17708230244269207,0.23021459311731307,0.9092920353982301,0.09070796460176991
2014-07-16,452,414,38,0.22757092014424463,0.1814458754368937,0.23643476524514304,0.915929203539823,0.084070796460177
2014-07-17,452,413,39,0.2294590788457342,0.18679909052339955,0.23591187429701113,0.9137168141592921,0.08628318584070796
2014-07-18,452,415,37,0.23118580052117424,0.19122050539424856,0.2364030292458854,0.918141592920354,0.08185840707964602
2014-07-21,452,414,38,0.23054070032433083,0.19101723269015797,0.23580026411402094,0.915929203539823,0.084070796460177
2014-07-22,452,411,41,0.22918320326693814,0.1841217758877025,0.23608068003882463,0.9092920353982301,0.09070796460176991
2014-07-23,452,412,40,0.23120063514517541,0.18315052399347342,0.23739901004647718,0.911504424778761,0.08849557522123894
2014-07-24,452,416,36,0.231609722357964,0.1852958395531799,0.23298328918847644,0.9203539823008849,0.07964601769911504
2014-07-25,452,416,36,0.23026225162786182,0.1870326916928921,0.22692294088286374,0.9203539823008849,0.07964601769911504
2014-07-28,452,414,38,0.2311018575485725,0.18907569414167724,0.230072312553844,0.915929203539823,0.084070796460177
2014-07-29,452,415,37,0.23949730118233747,0.19856743021388165,0.22991370794110869,0.918141592920354,0.08185840707964602
2014-07-30,452,418,34,0.23971820035003744,0.201701234579695,0.22990180991964965,0.9247787610619469,0.0752212389380531
2014-07-31,452,418,34,0.24669344362669912,0.20369178835992305,0.2325917414945937,0.9247787610619469,0.0752212389380531
2014-08-01,452,412,40,0.22339692029805103,0.18457179707518917,0.2195669313442388,0.911504424778761,0.08849557522123894
2014-08-04,452,414,38,0.2290290766685729,0.19334260742536463,0.21983628311389727,0.915929203539823,0.084070796460177
2014-08-05,452,415,37,0.22091748869542197,0.19307259951777556,0.2095377925910915,0.918141592920354,0.08185840707964602
2014-08-06,452,417,35,0.21837350084508989,0.1958872965367766,0.20512996303264125,0.922566371681416,0.07743362831858407
2014-08-07,452,419,33,0.2277620617110374,0.19727165187127998,0.20852390792149383,0.9269911504424779,0.07300884955752213
2014-08-08,452,413,39,0.21456682566420554,0.18684154990910745,0.20432563173930443,0.9137168141592921,0.08628318584070796
2014-08-11,452,413,39,0.21737222002067022,0.19033886994849764,0.20570682751505368,0.9137168141592921,0.08628318584070796
2014-08-12,452,414,38,0.2229352755200036,0.1950159994741641,0.20892382209335758,0.915929203539823,0.084070796460177
2014-08-13,452,415,37,0.21848208133306038,0.1944780228539165,0.20493205523253788,0.918141592920354,0.08185840707964602
2014-08-14,452,415,37,0.2272921140699626,0.20079682724505185,0.208903156035572,0.918141592920354,0.08185840707964602
2014-08-15,452,419,33,0.23188861042391606,0.20466726440717103,0.20722983781821636,0.9269911504424779,0.07300884955752213
2014-08-18,452,428,24,0.24971056175804535,0.2204767009658232,0.2127143040937061,0.9469026548672567,0.05309734513274336
2014-08-19,452,430,22,0.2548718021043287,0.22532842531768443,0.21682361003248127,0.9513274336283186,0.048672566371681415
2014-08-20,452,425,27,0.2525665332573919,0.22405499265487033,0.21757038519470842,0.9402654867256637,0.059734513274336286
2014-08-21,452,425,27,0.2583599477670629,0.22913474607683781,0.21751927917027922,0.9402654867256637,0.059734513274336286
2014-08-22,452,426,26,0.24800667363620946,0.21807268032485144,0.2144865414743706,0.9424778761061947,0.05752212389380531
2014-08-25,452,425,27,0.23769109670310126,0.2064973340074571,0.21063547324409926,0.9402654867256637,0.059734513274336286
2014-08-26,452,421,31,0.2406400782739894,0.2121430203864678,0.2093503098333478,0.9314159292035398,0.06858407079646017
2014-08-27,452,427,25,0.25769946998001103,0.2216483307942749,0.21690041915767264,0.9446902654867256,0.05530973451327434
2014-08-28,452,430,22,0.2565291324848121,0.22022113687183914,0.21335270919462385,0.9513274336283186,0.048672566371681415
2014-08-29,452,423,28,0.22699162006898085,0.19262912481709926,0.20396151718641004,0.9358407079646017,0.061946902654867256
2014-09-02,452,424,28,0.2318311115041889,0.19734924112012575,0.20731332815143153,0.9380530973451328,0.061946902654867256
2014-09-03,452,426,26,0.23526732505301243,0.203325726661588,0.20772889947070278,0.9424778761061947,0.05752212389380531
2014-09-04,452,422,30,0.21547476257607817,0.18291589968591945,0.20045021035185953,0.9336283185840708,0.06637168141592921
2014-09-05,452,422,30,0.21272678734931677,0.18040385351584695,0.19745580390002232,0.9336283185840708,0.06637168141592921
2014-09-08,452,418,34,0.20604451118826622,0.17293728260212834,0.19674458948655577,0.9247787610619469,0.0752212389380531
2014-09-09,452,417,35,0.20420645839008744,0.17464486861949705,0.1942957339942035,0.922566371681416,0.07743362831858407
2014-09-10,452,415,37,0.19726250365607378,0.1636884593817573,0.19424043258103393,0.918141592920354,0.08185840707964602
2014-09-11,452,406,46,0.19218139171603352,0.160881134845172,0.19722766448418952,0.8982300884955752,0.10176991150442478
2014-09-12,452,408,43,0.20652385852923744,0.17117421057547783,0.20350528901543638,0.9026548672566371,0.09513274336283185
2014-09-15,452,411,41,0.20865718079178958,0.1763905410872852,0.2032972176441566,0.9092920353982301,0.09070796460176991
2014-09-16,452,404,48,0.2020787191560567,0.16985158665100358,0.20882536413227104,0.8938053097345132,0.10619469026548672
2014-09-17,452,410,42,0.20789791507051164,0.17202495402695261,0.20853235199385323,0.9070796460176991,0.09292035398230089
2014-09-18,452,404,48,0.19861448438241425,0.16150178521723246,0.20897566084679,0.8938053097345132,0.10619469026548672
2014-09-19,452,408,44,0.20299932090734513,0.16569985683408833,0.20852237313412836,0.9026548672566371,0.09734513274336283
2014-09-22,452,414,38,0.21451212721003687,0.17791221441829513,0.20688944994696704,0.915929203539823,0.084070796460177
2014-09-23,452,415,37,0.21766611743987674,0.17632398281065295,0.20861905772503617,0.918141592920354,0.08185840707964602
2014-09-24,452,419,33,0.2220546247732136,0.18233257913261436,0.20891257536905675,0.9269911504424779,0.07300884955752213
2014-09-25,452,423,29,0.2245003115569538,0.1869442553804542,0.20861788153194477,0.9358407079646017,0.06415929203539823
2014-09-26,452,419,33,0.21936316251045354,0.18111777204892304,0.20664326822510595,0.9269911504424779,0.07300884955752213
2014-09-29,452,425,27,0.2238842097411686,0.18638074110077602,0.20742259630701806,0.9402654867256637,0.059734513274336286
2014-09-30,452,422,30,0.23236236832897433,0.19608036748343688,0.21090845217267232,0.9336283185840708,0.06637168141592921
2014-10-01,452,416,36,0.2231329453213851,0.1913167831465562,0.21282139255453142,0.9203539823008849,0.07964601769911504
2014-10-02,452,418,34,0.22326283202679922,0.19089611521713828,0.2140620862076405,0.9247787610619469,0.0752212389380531
2014-10-03,452,421,31,0.23344019282350917,0.19685206594929966,0.2136783119228104,0.9314159292035398,0.06858407079646017
2014-10-06,452,416,36,0.23054402414842684,0.1959925095090795,0.21013196959724392,0.9203539823008849,0.07964601769911504
2014-10-07,452,420,32,0.23947798321408978,0.2060969989493185,0.21216706010221076,0.9292035398230089,0.07079646017699115
2014-10-08,452,421,31,0.2461271676761298,0.2139521590764078,0.21341790014613626,0.9314159292035398,0.06858407079646017
2014-10-09,452,426,26,0.2504327619552897,0.2164145684664308,0.21671127219517927,0.9424778761061947,0.05752212389380531
2014-10-10,452,420,32,0.22602403878719868,0.18964385607798756,0.21086880415323817,0.9292035398230089,0.07079646017699115
2014-10-13,452,412,40,0.20879292111398007,0.1671980189613855,0.2091791314225468,0.911504424778761,0.08849557522123894
2014-10-14,452,408,44,0.20004967057225925,0.16513386778490952,0.20360166655247516,0.9026548672566371,0.09734513274336283
2014-10-15,452,413,39,0.21937188018354611,0.18323957965139054,0.21095326130409647,0.9137168141592921,0.08628318584070796
2014-10-16,453,410,43,0.2044176331599468,0.1672354856641411,0.21095353963121,0.9050772626931567,0.09492273730684327
2014-10-17,453,408,45,0.19885128002877195,0.1612531227184781,0.2142539846660472,0.9006622516556292,0.09933774834437085
2014-10-20,453,401,52,0.1881366737872319,0.1536199746187856,0.21172060556116254,0.8852097130242825,0.11479028697571744
2014-10-21,453,394,59,0.17541422140600668,0.1473517959305315,0.2086868278362216,0.869757174392936,0.13024282560706402
2014-10-22,453,389,64,0.16096508694466316,0.1253068662435792,0.20600107765671605,0.8587196467991169,0.141280353200883
2014-10-23,453,392,61,0.17599249499042813,0.1366088628867448,0.21647889370056667,0.8653421633554084,0.1346578366445916
2014-10-24,453,385,68,0.15425092859844594,0.1200260738716934,0.20560839128945688,0.8498896247240618,0.15011037527593818
2014-10-27,453,387,66,0.15807208452598362,0.1214273600377633,0.20851355933026447,0.8543046357615894,0.1456953642384106
2014-10-28,453,386,67,0.15800020394568035,0.1229303141830178,0.21134065047231138,0.8520971302428256,0.1479028697571744
2014-10-29,453,379,74,0.1463482079174786,0.1147281902245027,0.20685493133930588,0.8366445916114791,0.16335540838852097
2014-10-30,453,372,81,0.13885920089539075,0.1077791716917486,0.20107263136566705,0.8211920529801324,0.17880794701986755
2014-10-31,453,377,76,0.14293664111695986,0.118136421332621,0.19815669332721464,0.8322295805739515,0.16777041942604856
2014-11-03,453,381,72,0.1528035712018922,0.1270794860241757,0.20445300075254785,0.8410596026490066,0.15894039735099338
2014-11-04,453,369,84,0.14300890918166087,0.126320222330194,0.1973052839417686,0.8145695364238411,0.18543046357615894
2014-11-05,453,361,92,0.1283874518655665,0.1154506588369652,0.19229123270945478,0.7969094922737306,0.20309050772626933
2014-11-06,453,369,84,0.14616160601105874,0.1267123461143569,0.19655269793731717,0.8145695364238411,0.18543046357615894
2014-11-07,453,364,89,0.13779596289016224,0.1184874608473884,0.1956094401138825,0.8035320088300221,0.19646799116997793
2014-11-10,453,330,123,0.10588883502342478,0.1025603516806981,0.18402497046867058,0.7284768211920529,0.271523178807947
2014-11-11,453,309,144,0.08489427050257534,0.0815540384376418,0.17455101356425498,0.6821192052980133,0.31788079470198677
2014-11-12,453,324,129,0.094357381142395,0.093201709364276,0.17981093474432974,0.7152317880794702,0.2847682119205298
2014-11-13,453,306,147,0.08140687365428023,0.0776302295835618,0.1793541742835725,0.6754966887417219,0.32450331125827814
2014-11-14,453,302,150,0.07998799202069584,0.0661172366511766,0.18034860998139168,0.6666666666666666,0.33112582781456956
2014-11-17,453,315,138,0.08848131972168843,0.0791929327976896,0.18177682494205905,0.695364238410596,0.304635761589404
2014-11-18,454,324,130,0.10694589307820197,0.0932819387056258,0.19155561235495727,0.7136563876651982,0.28634361233480177
2014-11-19,454,352,102,0.13597762604836255,0.11604605968763455,0.19925356024827406,0.775330396475771,0.22466960352422907
2014-11-20,454,347,107,0.13124120294730954,0.10842639487644165,0.19936237762658754,0.76431718061674,0.2356828193832599
2014-11-21,454,355,99,0.13492841320978452,0.1080597466762627,0.1993915632053428,0.7819383259911894,0.21806167400881057
2014-11-24,454,358,96,0.13954671550054037,0.1129584316913735,0.20055134241166728,0.788546255506608,0.21145374449339208
2014-11-25,454,362,92,0.13932596549041165,0.11137681590885445,0.1990625544863716,0.7973568281938326,0.2026431718061674
2014-11-26,454,371,83,0.15317557857231553,0.12692067611814178,0.2007125779300903,0.8171806167400881,0.1828193832599119
2014-11-28,454,366,88,0.14654252639502097,0.1222208922495874,0.1981741488975728,0.8061674008810573,0.19383259911894274
2014-12-01,454,374,80,0.15846672484033283,0.14064529477651475,0.1997446511540267,0.8237885462555066,0.1762114537444934
2014-12-02,454,390,64,0.17608456225658048,0.1598315195401555,0.20401284787681698,0.8590308370044053,0.14096916299559473
2014-12-03,454,389,65,0.18096828541617876,0.15964093518372974,0.20397573022209475,0.8568281938325991,0.14317180616740088
2014-12-04,454,387,67,0.17904454927797894,0.1626286743162528,0.2042055323895236,0.8524229074889867,0.14757709251101322
2014-12-05,454,395,59,0.18787270326362446,0.1706869054454056,0.20223817451393777,0.8700440528634361,0.1299559471365639
2014-12-08,454,393,61,0.18131635023748666,0.16585869030503048,0.20362781326264628,0.8656387665198237,0.1343612334801762
2014-12-09,454,395,59,0.18178218199853244,0.16679921546951781,0.2017708154138204,0.8700440528634361,0.1299559471365639
2014-12-10,454,396,58,0.19080005475800127,0.1789857062461841,0.20705584640603808,0.8722466960352423,0.1277533039647577
2014-12-11,454,399,55,0.20802505437388158,0.19763136012748678,0.2110504121828601,0.8788546255506607,0.1211453744493392
2014-12-12,455,403,52,0.20861044976359253,0.1938085473142972,0.2073822135884737,0.8857142857142857,0.11428571428571428
2014-12-15,455,403,52,0.20430106946604662,0.1898665359135543,0.20676677978370808,0.8857142857142857,0.11428571428571428
2014-12-16,455,402,53,0.1960519449799636,0.1799297261391874,0.20468718146113027,0.8835164835164835,0.11648351648351649
2014-12-17,455,404,51,0.19762755627324757,0.1850049433597236,0.2028986009499588,0.8879120879120879,0.11208791208791209
2014-12-18,455,394,61,0.1887055828645116,0.1720500945599157,0.20483142286030445,0.865934065934066,0.13406593406593406
2014-12-19,455,392,63,0.18881929564736213,0.1756716137413847,0.20358057654525297,0.8615384615384616,0.13846153846153847
2014-12-22,455,390,65,0.182019224436686,0.1676562182583034,0.20024499645779867,0.8571428571428571,0.14285714285714285
2014-12-23,455,393,62,0.18260826014781234,0.1739778895815613,0.19732591926631812,0.8637362637362638,0.13626373626373625
2014-12-24,455,388,67,0.18410100897604698,0.1728666278797459,0.20005656267461233,0.8527472527472527,0.14725274725274726
2014-12-26,455,385,70,0.1799340028404498,0.167350527999047,0.2014931114126731,0.8461538461538461,0.15384615384615385
2014-12-29,455,390,65,0.18497186007001837,0.1661634665339406,0.20734276875270322,0.8571428571428571,0.14285714285714285
2014-12-30,455,387,68,0.18297440658665462,0.1650148678636616,0.2132542858077603,0.8505494505494505,0.14945054945054945
2014-12-31,455,372,82,0.16747329619756152,0.1562279729609066,0.20906780276429682,0.8175824175824176,0.18021978021978022
2015-01-02,455,386,69,0.18706539232351788,0.1777256076305029,0.21426433525114566,0.8483516483516483,0.15164835164835164
2015-01-05,455,394,61,0.19229299707502637,0.18241006460746,0.2127852056801373,0.865934065934066,0.13406593406593406
2015-01-06,455,393,62,0.19568559061871085,0.1831323031934739,0.21813168502087932,0.8637362637362638,0.13626373626373625
2015-01-07,455,387,68,0.1900653344604882,0.1857723208597399,0.21634825479629327,0.8505494505494505,0.14945054945054945
2015-01-08,455,382,73,0.18031086169742933,0.1751565492391325,0.21461886505010463,0.8395604395604396,0.16043956043956045
2015-01-09,455,378,77,0.17940596523751523,0.1773122709785162,0.21347378162155917,0.8307692307692308,0.16923076923076924
2015-01-12,455,364,91,0.15317472084342235,0.1532541020007822,0.21140168794973585,0.8,0.2
2015-01-13,455,375,80,0.17434320733368017,0.1695730818526086,0.21427917985961856,0.8241758241758241,0.17582417582417584
2015-01-14,455,358,97,0.14369709548074833,0.1377373356821334,0.20922827602065144,0.7868131868131868,0.21318681318681318
2015-01-15,455,345,110,0.13147801825179814,0.1282760971273513,0.20960167820262895,0.7582417582417582,0.24175824175824176
2015-01-16,455,342,113,0.12541809178905167,0.1221423472882132,0.20719619100492148,0.7516483516483516,0.24835164835164836
2015-01-20,455,362,93,0.1521021839922691,0.1457723208451435,0.20943701823738015,0.7956043956043956,0.2043956043956044
2015-01-21,455,375,80,0.1726496434409126,0.1685166382838288,0.2120142887889808,0.8241758241758241,0.17582417582417584
2015-01-22,455,380,75,0.17272301872499457,0.1664384592065733,0.20447095774438034,0.8351648351648352,0.16483516483516483
2015-01-23,455,384,71,0.18819864744546255,0.1828702448582415,0.20827235544473577,0.843956043956044,0.15604395604395604
2015-01-26,455,402,52,0.2180957791233004,0.208572351585569,0.20578334822586258,0.8835164835164835,0.11428571428571428
2015-01-27,455,405,50,0.22666632724109356,0.2147784742656133,0.20886790706346264,0.8901098901098901,0.10989010989010989
2015-01-28,455,402,53,0.21816222971908888,0.2059168286311046,0.20931104135062026,0.8835164835164835,0.11648351648351649
2015-01-29,455,408,47,0.2313302021395324,0.2190787259322448,0.20951323285590323,0.8967032967032967,0.10329670329670329
2015-01-30,455,399,56,0.2086054503809009,0.2026573156834898,0.2041987898359993,0.8769230769230769,0.12307692307692308
2015-02-02,455,395,60,0.20239309830890292,0.1967897318419127,0.2026991638367504,0.8681318681318682,0.13186813186813187
2015-02-03,455,414,41,0.2334525014230484,0.2324755227013248,0.2059169267754534,0.9098901098901099,0.09010989010989011
2015-02-04,455,397,58,0.20488288259027082,0.202770495371837,0.20704618136433803,0.8725274725274725,0.12747252747252746
2015-02-05,455,395,60,0.19546602597273233,0.1927908196239209,0.20529976818182208,0.8681318681318682,0.13186813186813187
2015-02-06,455,389,65,0.19513034345481464,0.1872636885922489,0.20691404894729085,0.8549450549450549,0.14285714285714285
2015-02-09,455,393,62,0.20164058428049858,0.1946263025077139,0.21218723044913265,0.8637362637362638,0.13626373626373625
2015-02-10,455,392,63,0.18991226529824357,0.1841735565419646,0.20904884001914598,0.8615384615384616,0.13846153846153847
2015-02-11,455,376,79,0.17054336221441985,0.1642117241180158,0.20801162867741804,0.8263736263736263,0.17362637362637362
2015-02-12,455,369,86,0.1661946844271486,0.1588177953411087,0.21013482818499574,0.810989010989011,0.189010989010989
2015-02-13,455,355,99,0.15251089134945736,0.1437700056103006,0.21110868089463852,0.7802197802197802,0.2175824175824176
2015-02-17,455,342,113,0.13751698907478813,0.1264647226708766,0.21191600229047453,0.7516483516483516,0.24835164835164836
2015-02-18,455,347,108,0.14857846589609208,0.1395041955953948,0.21596619222259533,0.7626373626373626,0.23736263736263735
2015-02-19,455,350,105,0.15455006184634618,0.1465676694522051,0.21939161718385108,0.7692307692307693,0.23076923076923078
2015-02-20,455,352,103,0.15188136540693917,0.1437531666545417,0.21520845979209494,0.7736263736263737,0.22637362637362637
2015-02-23,455,365,90,0.1696359126082941,0.1599912470827735,0.22144689033035259,0.8021978021978022,0.1978021978021978
2015-02-24,455,363,92,0.1592266540128821,0.1484621039362987,0.22024545226942457,0.7978021978021979,0.2021978021978022
2015-02-25,455,362,93,0.166873786437101,0.1579066955068229,0.221481837778389,0.7956043956043956,0.2043956043956044
2015-02-26,455,356,99,0.15484278227049864,0.1454057949310458,0.21713213703636886,0.7824175824175824,0.2175824175824176
2015-02-27,455,339,116,0.13709904838064643,0.129533847226692,0.2219175989595038,0.7450549450549451,0.2549450549450549
2015-03-02,455,344,111,0.14517195658797258,0.1352202153448591,0.22338985853982063,0.756043956043956,0.24395604395604395
2015-03-03,455,342,113,0.13398352990615778,0.1273613728721501,0.21605435863058595,0.7516483516483516,0.24835164835164836
2015-03-04,455,337,118,0.12679186656269434,0.1200439143084257,0.20918621173786847,0.7406593406593407,0.25934065934065936
2015-03-05,455,359,96,0.14364572907969475,0.138145459542927,0.2052211845155283,0.789010989010989,0.210989010989011
2015-03-06,455,352,103,0.13906541100682615,0.1303425542297034,0.21101637361898865,0.7736263736263737,0.22637362637362637
2015-03-09,455,357,98,0.1508621157520946,0.1372691337140401,0.21013651503895364,0.7846153846153846,0.2153846153846154
2015-03-10,455,360,95,0.14723471080292821,0.1373192876183926,0.20275937887796244,0.7912087912087912,0.2087912087912088
2015-03-11,455,366,89,0.14653613552265154,0.1386434730486576,0.19670595119092268,0.8043956043956044,0.1956043956043956
2015-03-12,455,369,86,0.15782087013201604,0.1526073216261421,0.20134617493194878,0.810989010989011,0.189010989010989
2015-03-13,455,378,77,0.1715305913448256,0.1637220619878374,0.2059183834103109,0.8307692307692308,0.16923076923076924
2015-03-16,455,388,67,0.18370399775060878,0.1769829268073399,0.20671212710946207,0.8527472527472527,0.14725274725274726
2015-03-17,455,388,67,0.1773526094150889,0.1711165875291571,0.20189141470665042,0.8527472527472527,0.14725274725274726
2015-03-18,455,385,70,0.16983947455596615,0.1613834453968461,0.20064363387340653,0.8461538461538461,0.15384615384615385
2015-03-19,455,380,75,0.1812399455784786,0.1737088913135271,0.20559536722073793,0.8351648351648352,0.16483516483516483
2015-03-20,455,379,76,0.17577001174472284,0.1724276554286621,0.2038440224308754,0.832967032967033,0.16703296703296702
2015-03-23,455,384,71,0.18831926506688704,0.1833376545619351,0.21193190952493574,0.843956043956044,0.15604395604395604
2015-03-24,455,384,71,0.19663523791020168,0.1915902749555484,0.21730370006597327,0.843956043956044,0.15604395604395604
2015-03-25,455,385,70,0.19581440854312415,0.1974273088573903,0.21599202021648878,0.8461538461538461,0.15384615384615385
2015-03-26,455,394,61,0.20592861750161928,0.2025973497531115,0.21712229850795825,0.865934065934066,0.13406593406593406
2015-03-27,455,392,63,0.20628815141800746,0.2024606508170383,0.2223676007910104,0.8615384615384616,0.13846153846153847
2015-03-30,455,388,67,0.1983813280186428,0.1938260553910593,0.22307852647196535,0.8527472527472527,0.14725274725274726
2015-03-31,455,388,67,0.1943818944446517,0.189084055181264,0.22611375717753848,0.8527472527472527,0.14725274725274726
2015-04-01,455,378,77,0.1774769254775414,0.1699676149023519,0.21992953994496914,0.8307692307692308,0.16923076923076924
2015-04-02,455,372,83,0.16833624323480503,0.1603699418420512,0.2216524561590374,0.8175824175824176,0.1824175824175824
2015-04-06,455,375,79,0.17637684744286905,0.1684939818214499,0.22843903634969487,0.8241758241758241,0.17362637362637362
2015-04-07,455,378,77,0.1765088370781874,0.1597800866137328,0.23254675544985257,0.8307692307692308,0.16923076923076924
2015-04-08,455,384,71,0.1974879199967221,0.1788636855459673,0.23819282604828207,0.843956043956044,0.15604395604395604
2015-04-09,455,372,83,0.17398150914846228,0.1609989727310963,0.23434291416802444,0.8175824175824176,0.1824175824175824
2015-04-10,455,362,93,0.16279242367562022,0.1566809125914783,0.23042500645644332,0.7956043956043956,0.2043956043956044
2015-04-13,455,386,69,0.20653789845732545,0.1926208278124632,0.24619425554720725,0.8483516483516483,0.15164835164835164
2015-04-14,455,387,68,0.2142570269274593,0.1973992795486128,0.25231646002426794,0.8505494505494505,0.14945054945054945
2015-04-15,455,388,67,0.22332662297286324,0.2004157588019035,0.2595644714940111,0.8527472527472527,0.14725274725274726
2015-04-16,455,384,71,0.2143074238159547,0.1932660656086764,0.25917923089231254,0.843956043956044,0.15604395604395604
2015-04-17,455,384,71,0.21410307396563108,0.1986685700298287,0.2560170606563297,0.843956043956044,0.15604395604395604
2015-04-20,455,375,80,0.20940381281969594,0.1910766297259174,0.2629971292865023,0.8241758241758241,0.17582417582417584
2015-04-21,455,378,77,0.21648394555121073,0.198463602355414,0.2585045525668846,0.8307692307692308,0.16923076923076924
2015-04-22,455,376,79,0.2048079181130871,0.1846000205348705,0.24804522870163576,0.8263736263736263,0.17362637362637362
2015-04-23,455,374,81,0.20102659587441885,0.1841098337494979,0.24499326826652354,0.8219780219780219,0.17802197802197803
2015-04-24,455,369,86,0.17871935750112564,0.1624755317488639,0.23190188150639687,0.810989010989011,0.189010989010989
2015-04-27,455,373,82,0.188815503444977,0.171874762054317,0.23454498725152317,0.8197802197802198,0.18021978021978022
2015-04-28,455,376,79,0.1975699622121826,0.1818313742882564,0.24435136550075143,0.8263736263736263,0.17362637362637362
2015-04-29,455,378,77,0.206505128812945,0.1863433777613539,0.2450101149080721,0.8307692307692308,0.16923076923076924
2015-04-30,455,374,81,0.19350730162227373,0.1791250512569939,0.23944671537954249,0.8219780219780219,0.17802197802197803
2015-05-01,455,371,84,0.1858303745851934,0.173610452797932,0.23377528400797523,0.8153846153846154,0.18461538461538463
2015-05-04,456,374,82,0.18919499641234905,0.17437291053378706,0.2334121361765837,0.8201754385964912,0.17982456140350878
2015-05-05,456,377,79,0.19378278565400572,0.17828464391757343,0.22889965813567545,0.8267543859649122,0.17324561403508773
2015-05-06,456,380,76,0.2002107761505825,0.1805182730269706,0.23263767544903455,0.8333333333333334,0.16666666666666666
2015-05-07,456,379,77,0.2019156642431729,0.1789507254180743,0.2420013310085954,0.831140350877193,0.16885964912280702
2015-05-08,456,382,74,0.20737604887429184,0.18369394081362994,0.2412103804485061,0.8377192982456141,0.16228070175438597
2015-05-11,456,382,74,0.20891740261013106,0.1873311819222335,0.24002113452704793,0.8377192982456141,0.16228070175438597
2015-05-12,456,376,80,0.18817621705441406,0.17026368085759905,0.22807734418362932,0.8245614035087719,0.17543859649122806
2015-05-13,456,376,80,0.19246615883530796,0.17428442744523015,0.23027023328833865,0.8245614035087719,0.17543859649122806
2015-05-14,456,385,71,0.2039190648164872,0.18055227131643337,0.23040307711911043,0.8442982456140351,0.15570175438596492
2015-05-15,456,388,68,0.21441727126885393,0.19461743069162735,0.2363082414318776,0.8508771929824561,0.14912280701754385
2015-05-18,456,385,71,0.19494944937207917,0.1722513328608378,0.2263433397518206,0.8442982456140351,0.15570175438596492
2015-05-19,456,389,67,0.19924703063904395,0.1820089332484503,0.22591794995656994,0.8530701754385965,0.14692982456140352
2015-05-20,456,389,67,0.21092466888189826,0.1818382668326068,0.23824240024483176,0.8530701754385965,0.14692982456140352
2015-05-21,456,390,66,0.20620805608084522,0.1832966728383562,0.23547533306229887,0.8552631578947368,0.14473684210526316
2015-05-22,456,390,66,0.2040734638190237,0.1771270629052129,0.23303765403909568,0.8552631578947368,0.14473684210526316
2015-05-26,456,391,65,0.19552994006511137,0.17516962214371634,0.22886169295209927,0.8574561403508771,0.1425438596491228
2015-05-27,456,373,83,0.17945464415295867,0.1609394517933314,0.21800974035501133,0.8179824561403509,0.18201754385964913
2015-05-28,456,377,79,0.18227032632634715,0.1616117165208815,0.21723137051018457,0.8267543859649122,0.17324561403508773
2015-05-29,456,377,79,0.16999185640231784,0.14442881445472538,0.21000550954328775,0.8267543859649122,0.17324561403508773
2015-06-01,456,365,90,0.15613159873166324,0.1336852882129805,0.20679879003084775,0.8004385964912281,0.19736842105263158
2015-06-02,456,372,84,0.16871827749593538,0.14592536052739274,0.21669387701541168,0.8157894736842105,0.18421052631578946
2015-06-03,456,378,77,0.17376304447138605,0.15175685431914349,0.2193033327332266,0.8289473684210527,0.16885964912280702
2015-06-04,456,365,91,0.153708958499213,0.1302040416595983,0.2119343089771535,0.8004385964912281,0.19956140350877194
2015-06-05,456,350,106,0.1425644392778839,0.1207440110312062,0.21294443484606976,0.7675438596491229,0.2324561403508772
2015-06-08,457,349,108,0.14282453520021943,0.1234809192425507,0.21408381316197883,0.7636761487964989,0.2363238512035011
2015-06-09,457,363,94,0.15355704317420973,0.13181287548838,0.21265135923898246,0.7943107221006565,0.20568927789934355
2015-06-10,457,361,96,0.15227392630314207,0.1306526376793646,0.2123581159900616,0.7899343544857768,0.2100656455142232
2015-06-11,457,361,96,0.15242718152396786,0.1337270865370556,0.21247428197317567,0.7899343544857768,0.2100656455142232
2015-06-12,457,373,84,0.16062914213413634,0.1350325061360013,0.21528217771680322,0.8161925601750547,0.1838074398249453
2015-06-15,457,376,81,0.1708101785506445,0.1514916884313422,0.2210864766869905,0.8227571115973742,0.1772428884026258
2015-06-16,457,371,86,0.1709465221650806,0.1505515330344282,0.22118004107837194,0.811816192560175,0.18818380743982493
2015-06-17,457,373,84,0.17097844541634735,0.149453053220943,0.22152716619264146,0.8161925601750547,0.1838074398249453
2015-06-18,457,366,91,0.16307597828771994,0.1441529562504642,0.22424184642138337,0.8008752735229759,0.19912472647702406
2015-06-19,457,369,88,0.15982611145811423,0.1409654068958334,0.22125330999128107,0.8074398249452954,0.1925601750547046
2015-06-22,457,373,84,0.15971076770052933,0.1403904071256874,0.22024391946872246,0.8161925601750547,0.1838074398249453
2015-06-23,457,374,83,0.15877242432356548,0.1407092694289951,0.22174020185408752,0.8183807439824945,0.18161925601750548
2015-06-24,457,365,92,0.1542543468712892,0.136249632532966,0.2217466893069193,0.7986870897155361,0.2013129102844639
2015-06-25,457,366,91,0.16068096600231574,0.1423192783146434,0.2272777319827524,0.8008752735229759,0.19912472647702406
2015-06-26,457,368,89,0.16081964320099879,0.1461049468217561,0.22954543004846717,0.8052516411378556,0.19474835886214442
2015-06-29,457,358,99,0.15146902651269203,0.1291428312845883,0.23361028796607392,0.7833698030634574,0.21663019693654267
2015-06-30,457,361,96,0.15164635597946746,0.1311402220819468,0.23266381445617854,0.7899343544857768,0.2100656455142232
2015-07-01,457,355,102,0.1408320663535971,0.1162438069323301,0.22524573770226514,0.7768052516411379,0.22319474835886213
2015-07-02,457,356,101,0.1462114595025637,0.1198813706791803,0.22588259552984274,0.7789934354485777,0.2210065645514223
2015-07-06,457,350,107,0.13117452371088592,0.1087575752431715,0.22202886971773853,0.7658643326039387,0.23413566739606126
2015-07-07,457,350,107,0.14006638379137024,0.1112420701162557,0.23057551207533455,0.7658643326039387,0.23413566739606126
2015-07-08,457,349,108,0.14178119639022704,0.1158661754394532,0.23767404191588398,0.7636761487964989,0.2363238512035011
2015-07-09,457,347,110,0.13787379998247856,0.1111504531829805,0.24025853414832848,0.7592997811816192,0.24070021881838075
2015-07-10,457,360,97,0.15614359562659044,0.1303721589749598,0.24700322555235732,0.787746170678337,0.212253829321663
2015-07-13,457,364,93,0.15875402839021,0.1344371523110759,0.24640537845682714,0.7964989059080962,0.20350109409190373
2015-07-14,457,357,100,0.14900765414612455,0.1204129923139654,0.24420603820996217,0.7811816192560175,0.2188183807439825
2015-07-15,457,351,106,0.1474695322940849,0.1186550324604402,0.25141825439341836,0.7680525164113785,0.23194748358862144
2015-07-16,457,354,103,0.15164366536932872,0.122531413156836,0.2562643879035943,0.774617067833698,0.22538293216630198
2015-07-17,457,370,87,0.16786726554377152,0.1378477448647064,0.2613776936779304,0.8096280087527352,0.19037199124726478
2015-07-20,457,372,85,0.16562586843173815,0.1388222039103512,0.2532648305145002,0.8140043763676149,0.18599562363238512
2015-07-21,457,365,92,0.16439656167326774,0.1375195396141562,0.2548588363419209,0.7986870897155361,0.2013129102844639
2015-07-22,457,364,93,0.16228487412740425,0.1376897371769805,0.25166120471591863,0.7964989059080962,0.20350109409190373
2015-07-23,457,364,93,0.16159253904281698,0.1313945229401507,0.2550870396355293,0.7964989059080962,0.20350109409190373
2015-07-24,457,355,102,0.14907968238669833,0.1160299388463275,0.2472426888083921,0.7768052516411379,0.22319474835886213
2015-07-27,457,356,101,0.15392536564059367,0.1179725039142887,0.25810187054936706,0.7789934354485777,0.2210065645514223
2015-07-28,457,358,99,0.15420791883472532,0.1201617468313993,0.2579004374281332,0.7833698030634574,0.21663019693654267
2015-07-29,457,354,103,0.1341942212889517,0.1078394109615192,0.2461770484672331,0.774617067833698,0.22538293216630198
2015-07-30,457,362,95,0.13591253295009614,0.109618530233142,0.24169083134582411,0.7921225382932167,0.20787746170678337
2015-07-31,458,377,81,0.16750417693599606,0.14276821940660828,0.25454884742475814,0.8231441048034934,0.17685589519650655
2015-08-03,458,378,80,0.1688523358576769,0.1448044385354011,0.25253964558064934,0.8253275109170306,0.17467248908296942
2015-08-04,458,371,87,0.15737304372908,0.13859698634580642,0.2515790370631146,0.8100436681222707,0.18995633187772926
2015-08-05,458,375,83,0.17205373412315672,0.15271940998601916,0.25107468258292936,0.8187772925764192,0.1812227074235808
2015-08-06,458,363,95,0.153457940606483,0.13500393848630504,0.244272728418981,0.7925764192139738,0.2074235807860262
2015-08-07,458,364,94,0.16203019386553708,0.13999907116023586,0.24950342944860932,0.7947598253275109,0.2052401746724891
2015-08-10,458,366,92,0.1630674639779837,0.1365310129556545,0.25366980384794274,0.7991266375545851,0.20087336244541484
2015-08-11,458,368,90,0.16922017443519005,0.1440227364845818,0.2544612355046565,0.8034934497816594,0.1965065502183406
2015-08-12,458,372,86,0.17664553271908168,0.1469397929892251,0.2586272778410947,0.8122270742358079,0.18777292576419213
2015-08-13,458,364,94,0.16428038927357155,0.14206301678102234,0.2547179471615567,0.7947598253275109,0.2052401746724891
2015-08-14,458,365,93,0.1667073246339113,0.146361702310667,0.2565105183847435,0.7969432314410481,0.20305676855895197
2015-08-17,458,363,95,0.16276560444392446,0.14261222301533077,0.25394839866904256,0.7925764192139738,0.2074235807860262
2015-08-18,458,350,107,0.15117864944367929,0.13210129084178973,0.25256404109527403,0.7641921397379913,0.2336244541484716
2015-08-19,458,347,111,0.13982551376379046,0.12259295281533131,0.24750336548879784,0.75764192139738,0.2423580786026201
2015-08-20,458,345,113,0.1388826680383072,0.12655199707513196,0.25075498267927376,0.7532751091703057,0.24672489082969432
2015-08-21,458,342,116,0.13101708439383422,0.11053276507059315,0.2519309601326189,0.7467248908296943,0.25327510917030566
2015-08-24,458,338,120,0.12173431371483347,0.10438567898401925,0.24886109425390043,0.7379912663755459,0.26200873362445415
2015-08-25,458,331,127,0.10862098062594924,0.09810316530090385,0.24221189276846314,0.722707423580786,0.27729257641921395
2015-08-26,458,340,118,0.11995642979941597,0.1082168849597453,0.2404581742019783,0.74235807860262,0.2576419213973799
2015-08-27,458,341,117,0.12982941995156874,0.11880610826327179,0.24274869969736793,0.7445414847161572,0.2554585152838428
2015-08-28,458,345,113,0.13476593256822691,0.12233914383404025,0.24442675959059365,0.7532751091703057,0.24672489082969432
2015-08-31,458,342,116,0.13192464406778354,0.124506955380898,0.24576996180816119,0.7467248908296943,0.25327510917030566
2015-09-01,458,339,119,0.12716857998343326,0.12373267626351264,0.241643970392747,0.740174672489083,0.259825327510917
2015-09-02,458,339,119,0.12826170030745887,0.11721085444002816,0.24852157000994776,0.740174672489083,0.259825327510917
2015-09-03,458,341,117,0.13626933916340478,0.12202375070842235,0.25540209320224516,0.7445414847161572,0.2554585152838428
2015-09-04,458,335,123,0.12118495120001746,0.11161102923401915,0.24642202547363848,0.7314410480349345,0.2685589519650655
2015-09-08,458,337,121,0.12155984129424652,0.11014468722053135,0.2451903664092897,0.7358078602620087,0.26419213973799127
2015-09-09,458,348,110,0.14294297656737343,0.12787676192096303,0.2476640795596771,0.759825327510917,0.24017467248908297
2015-09-10,458,346,112,0.12982909931106776,0.12441179862667451,0.2447203968567568,0.7554585152838428,0.2445414847161572
2015-09-11,458,344,114,0.1276147820563898,0.1251169811859498,0.24109791127736338,0.7510917030567685,0.24890829694323144
2015-09-14,458,345,113,0.13686620371112984,0.1339886419558243,0.24869511592696558,0.7532751091703057,0.24672489082969432
2015-09-15,458,349,109,0.14708566208728338,0.14386516128590537,0.25224656167421355,0.7620087336244541,0.23799126637554585
2015-09-16,458,348,110,0.14724195500668427,0.1402317791572952,0.2553315816513488,0.759825327510917,0.24017467248908297
2015-09-17,458,343,115,0.14206274035437633,0.1361359288750078,0.2563489313378361,0.7489082969432315,0.25109170305676853
2015-09-18,458,327,131,0.12837348086956676,0.1304234328019656,0.255116867164406,0.7139737991266376,0.28602620087336245
2015-09-21,458,317,141,0.10522749858869933,0.10909578149467286,0.24808206862399418,0.6921397379912664,0.3078602620087336
2015-09-22,458,306,152,0.08680224489054357,0.0956928938997406,0.24580970666869556,0.6681222707423581,0.3318777292576419
2015-09-23,458,277,181,0.050761884086079546,0.0542183326906028,0.2368629141868883,0.6048034934497817,0.3951965065502183
2015-09-24,459,255,204,0.030461698094847015,0.0283319312635663,0.23658211245514513,0.5555555555555556,0.4444444444444444
2015-09-25,459,298,161,0.07892958490440823,0.0752537083175661,0.24994833987868523,0.6492374727668845,0.35076252723311546
2015-09-28,459,310,149,0.09484234991431689,0.0872961485715415,0.25011919545359884,0.6753812636165577,0.32461873638344224
2015-09-29,459,311,148,0.09812324866736444,0.0850104551214077,0.2496057531751102,0.6775599128540305,0.3224400871459695
2015-09-30,459,305,154,0.09382458062419709,0.0774150968583666,0.24927260588060815,0.664488017429194,0.3355119825708061
2015-10-01,459,295,164,0.07697401865782803,0.0545238466024706,0.24664058466194066,0.6427015250544662,0.3572984749455338
2015-10-02,459,304,155,0.09242330010850315,0.0751620630064406,0.2544280203925713,0.6623093681917211,0.33769063180827885
2015-10-05,459,296,163,0.08401851115365365,0.0608938755965529,0.24709109891176512,0.644880174291939,0.355119825708061
2015-10-06,459,281,178,0.07197642573930951,0.0451369358235855,0.24978542256857758,0.6122004357298475,0.3877995642701525
2015-10-07,459,318,141,0.11788099305910171,0.0884774947471869,0.2626405932640874,0.6928104575163399,0.30718954248366015
2015-10-08,459,288,171,0.08604014218773255,0.0613980882571651,0.2573556787712961,0.6274509803921569,0.37254901960784315
2015-10-09,459,314,145,0.11213644219363986,0.0815364857358929,0.2659404222795106,0.6840958605664488,0.3159041394335512
2015-10-12,459,326,133,0.13714066809540804,0.1027970735006762,0.2794311297737317,0.710239651416122,0.289760348583878
2015-10-13,459,335,124,0.15162502396767366,0.106704099239768,0.2838878912012213,0.7298474945533769,0.2701525054466231
2015-10-14,459,345,114,0.15648458020287268,0.118043190758555,0.2803136214615889,0.7516339869281046,0.24836601307189543
2015-10-15,459,354,105,0.17010570760566232,0.1359872231284633,0.27439635194419126,0.7712418300653595,0.22875816993464052
2015-10-16,459,347,112,0.16572462223199896,0.1350916932237407,0.27505469738270955,0.7559912854030502,0.2440087145969499
2015-10-19,459,327,132,0.13413199191072978,0.1107152836388485,0.26894846758447905,0.7124183006535948,0.2875816993464052
2015-10-20,460,321,139,0.12534623093208497,0.10444975937292006,0.2616776797062249,0.6978260869565217,0.30217391304347824
2015-10-21,460,296,164,0.08635442654783507,0.0658170595208162,0.2516874721661677,0.6434782608695652,0.3565217391304348
2015-10-22,460,299,161,0.09277459587431502,0.0707569058867498,0.2580107771273318,0.65,0.35
2015-10-23,460,283,177,0.07344805297311503,0.0609355000360549,0.24780186181734357,0.6152173913043478,0.3847826086956522
2015-10-26,460,279,181,0.0649554029048744,0.047945297280522395,0.24313406294624984,0.6065217391304348,0.3934782608695652
2015-10-27,460,258,202,0.03690441702009569,0.0276144736493033,0.2315957085922926,0.5608695652173913,0.4391304347826087
2015-10-28,460,255,205,0.022798187492280585,0.015609350088800902,0.22393821623003216,0.5543478260869565,0.44565217391304346
2015-10-29,460,274,186,0.044905476638222724,0.04170320494387435,0.23005302832203442,0.5956521739130435,0.4043478260869565
2015-10-30,460,268,192,0.038215162079408414,0.030999788482789448,0.2312066754738661,0.5826086956521739,0.41739130434782606
2015-11-02,460,271,188,0.039231199237862675,0.024845734163045752,0.22673225803665345,0.5891304347826087,0.40869565217391307
2015-11-03,460,284,176,0.05682818994429394,0.04645126947402895,0.22450962777234626,0.6173913043478261,0.3826086956521739
2015-11-04,460,278,182,0.05231912342559365,0.0433116804843484,0.21474695449179054,0.6043478260869565,0.39565217391304347
2015-11-05,460,281,179,0.05789010875754025,0.0475573909879205,0.21794073031263103,0.6108695652173913,0.38913043478260867
2015-11-06,460,281,179,0.06180013879001085,0.05332146903107235,0.2144901641952232,0.6108695652173913,0.38913043478260867
2015-11-09,460,280,180,0.061006587155669804,0.049071202973185055,0.2142260965063096,0.6086956521739131,0.391304347826087
2015-11-10,460,282,178,0.05808439860697222,0.04838235725432575,0.21567612160220914,0.6130434782608696,0.3869565217391304
2015-11-11,460,273,187,0.04782852677303871,0.03339991349197795,0.21223362417756858,0.5934782608695652,0.40652173913043477
2015-11-12,460,269,191,0.04202398127984427,0.03501708074764205,0.2063191210289493,0.5847826086956521,0.4152173913043478
2015-11-13,460,279,181,0.05738321240547838,0.050616130581074545,0.21269203191189376,0.6065217391304348,0.3934782608695652
2015-11-16,460,281,179,0.060344525002247094,0.0561041089812662,0.21570636833225368,0.6108695652173913,0.38913043478260867
2015-11-17,460,284,176,0.06121406429293063,0.05436639431201655,0.22199344359238907,0.6173913043478261,0.3826086956521739
2015-11-18,460,277,183,0.05497312576603867,0.049492703440028304,0.21721076955472998,0.6021739130434782,0.3978260869565217
2015-11-19,460,276,184,0.0507027764573416,0.04321393722292115,0.2166938185933327,0.6,0.4
2015-11-20,460,284,176,0.06302426823702349,0.053988986177558054,0.2190776090199953,0.6173913043478261,0.3826086956521739
2015-11-23,460,290,169,0.0640519076170791,0.049986716291176056,0.2212043957454532,0.6304347826086957,0.3673913043478261
2015-11-24,460,282,178,0.056773880358920746,0.0471059161346207,0.22154183905734412,0.6130434782608696,0.3869565217391304
2015-11-25,460,276,184,0.05248019245230453,0.0441881894937179,0.2239161744958897,0.6,0.4
2015-11-27,460,287,173,0.060904154385096644,0.05151826872747085,0.22539786779124607,0.6239130434782608,0.3760869565217391
2015-11-30,460,279,181,0.05751821684906483,0.0479337594388276,0.21798871975256717,0.6065217391304348,0.3934782608695652
2015-12-01,460,286,174,0.06729252140423697,0.0503327245017416,0.22133590998175687,0.6217391304347826,0.3782608695652174
2015-12-02,460,291,169,0.07217190493376391,0.055996446833625896,0.2167187346113582,0.6326086956521739,0.3673913043478261
2015-12-03,460,284,176,0.06541395185867917,0.053632260724928604,0.2131662123760566,0.6173913043478261,0.3826086956521739
2015-12-04,460,273,187,0.06377748332588234,0.0553316126273881,0.2157388660712307,0.5934782608695652,0.40652173913043477
2015-12-07,460,275,185,0.061174548494280355,0.054743431639506956,0.21625139451403216,0.5978260869565217,0.40217391304347827
2015-12-08,460,272,188,0.0682138712055707,0.05009201418779405,0.22355457065847112,0.591304347826087,0.40869565217391307
2015-12-09,460,269,191,0.05618652452724515,0.04386667416455535,0.2173925614173178,0.5847826086956521,0.4152173913043478
2015-12-10,460,287,173,0.07699868303214848,0.0599458739452554,0.2245589885776678,0.6239130434782608,0.3760869565217391
2015-12-11,460,279,181,0.06902941212596679,0.05555196380798185,0.22694081972571567,0.6065217391304348,0.3934782608695652
2015-12-14,460,279,181,0.06814544076691488,0.0557737687960868,0.2265833222185208,0.6065217391304348,0.3934782608695652
2015-12-15,460,287,173,0.06550458765297676,0.0510409830536491,0.2231826940676305,0.6239130434782608,0.3760869565217391
2015-12-16,460,308,152,0.08703543877703517,0.0710782128932029,0.22872114826626905,0.6695652173913044,0.33043478260869563
2015-12-17,460,284,175,0.0630497055755158,0.0496151463891144,0.2264870350241733,0.6173913043478261,0.3804347826086957
2015-12-18,460,271,189,0.05696664373150612,0.03962839998414945,0.22804422260000448,0.5891304347826087,0.4108695652173913
2015-12-21,460,270,190,0.05311873564224031,0.043118744325283995,0.22710241899678338,0.5869565217391305,0.41304347826086957
2015-12-22,460,270,190,0.05183549486394635,0.040477984197074254,0.22955763233594892,0.5869565217391305,0.41304347826086957
2015-12-23,460,267,193,0.05016732752888039,0.041228443262038644,0.23331190008900435,0.5804347826086956,0.41956521739130437
2015-12-24,460,263,197,0.05082336063605622,0.04082363353495995,0.230046403058833,0.5717391304347826,0.4282608695652174
2015-12-28,460,264,196,0.04979832318009869,0.044885703389394196,0.23076709459373285,0.5739130434782609,0.4260869565217391
2015-12-29,460,263,197,0.05118121054523965,0.0485468447663873,0.23380975449234018,0.5717391304347826,0.4282608695652174
2015-12-30,460,269,191,0.05198191813317383,0.04686000792914705,0.229629960290214,0.5847826086956521,0.4152173913043478
2015-12-31,460,286,174,0.07244937876999448,0.0702438385538445,0.23438558345015803,0.6217391304347826,0.3782608695652174
2016-01-04,460,278,182,0.061748170002084726,0.0576722302871096,0.2383804934116609,0.6043478260869565,0.39565217391304347
2016-01-05,460,278,182,0.06254757776547094,0.049615935459665306,0.2368686121866184,0.6043478260869565,0.39565217391304347
2016-01-06,460,307,153,0.09213898857680783,0.07805131464385834,0.2512845677764585,0.6673913043478261,0.33260869565217394
2016-01-07,460,288,172,0.07048415587676332,0.0534012303710399,0.2457952858046613,0.6260869565217392,0.3739130434782609
2016-01-08,460,269,191,0.04472739288165607,0.031769242510896606,0.24349778495201183,0.5847826086956521,0.4152173913043478
2016-01-11,460,269,191,0.04237921301395378,0.031837846854308,0.23780471326748737,0.5847826086956521,0.4152173913043478
2016-01-12,460,273,187,0.05117732108047889,0.040754636009349754,0.23963668703762142,0.5934782608695652,0.40652173913043477
2016-01-13,460,261,199,0.03415582242275807,0.02655426422740495,0.2350226059771906,0.5673913043478261,0.4326086956521739
2016-01-14,460,270,190,0.040605857610973344,0.039038605656317504,0.24022854142721484,0.5869565217391305,0.41304347826086957
2016-01-15,460,283,177,0.06188592486440432,0.0598087423814431,0.24576139161530344,0.6152173913043478,0.3847826086956522
2016-01-19,460,288,172,0.06305500040308146,0.06482292712027066,0.24520993207088992,0.6260869565217392,0.3739130434782609
2016-01-20,460,277,182,0.04912784050017913,0.05317033833970515,0.24369908497005327,0.6021739130434782,0.39565217391304347
2016-01-21,460,258,201,0.0270264089805531,0.02956513781388795,0.2344440418882619,0.5608695652173913,0.4369565217391304
2016-01-22,460,249,211,0.01862820980565059,0.02463888079132345,0.22810601257029148,0.5413043478260869,0.45869565217391306
2016-01-25,460,261,198,0.031130646432153648,0.036168971621363746,0.22415671862752615,0.5673913043478261,0.43043478260869567
2016-01-26,460,270,190,0.03783778658394348,0.0422022100263087,0.22033905442893958,0.5869565217391305,0.41304347826086957
2016-01-27,460,276,184,0.04571195757729576,0.04987892034188275,0.22055297766932586,0.6,0.4
2016-01-28,460,286,174,0.056853085804258234,0.06323911064867035,0.2242638593461068,0.6217391304347826,0.3782608695652174
2016-01-29,460,285,175,0.05743133086104007,0.06789151570337165,0.22336981923603447,0.6195652173913043,0.3804347826086957
2016-02-01,460,291,169,0.0663126713401862,0.0812185988786667,0.2232303599652285,0.6326086956521739,0.3673913043478261
2016-02-02,460,280,180,0.0455088327596804,0.058396012690793156,0.21705588944240528,0.6086956521739131,0.391304347826087
2016-02-03,460,254,206,0.014017466419874454,0.0215307215767324,0.20653927966448654,0.5521739130434783,0.44782608695652176
2016-02-04,460,262,198,0.019552891170551426,0.025103237904189953,0.20724180688729824,0.5695652173913044,0.43043478260869567
2016-02-05,460,228,232,-0.005450030191414189,-0.0015175727676068002,0.20834774364945013,0.4956521739130435,0.5043478260869565
2016-02-08,460,212,248,-0.024273490303492556,-0.01444589419087395,0.20698803519667852,0.4608695652173913,0.5391304347826087
2016-02-09,460,202,258,-0.030517085704562564,-0.026353045420461498,0.20743586445484227,0.4391304347826087,0.5608695652173913
2016-02-10,460,186,274,-0.042435703140710296,-0.0354883732713131,0.20929835114314013,0.4043478260869565,0.5956521739130435
2016-02-11,460,195,265,-0.035873483047198965,-0.0297952951780157,0.21251129704291574,0.42391304347826086,0.5760869565217391
2016-02-12,460,173,287,-0.07053793148882712,-0.0643216594740482,0.20324343817518792,0.3760869565217391,0.6239130434782608
2016-02-16,460,182,278,-0.061066569934860836,-0.057334452938114996,0.2044249635532436,0.39565217391304347,0.6043478260869565
2016-02-17,460,162,298,-0.0791032637767586,-0.072714803303666,0.20218985357708935,0.3521739130434783,0.6478260869565218
2016-02-18,460,161,299,-0.08255233265502424,-0.07392830213652465,0.2039390946358477,0.35,0.65
2016-02-19,460,154,306,-0.09175534569156642,-0.08670514691658146,0.20226886509238337,0.3347826086956522,0.6652173913043479
2016-02-22,460,139,321,-0.09486804038065753,-0.08906217148106635,0.19695612847609834,0.30217391304347824,0.6978260869565217
2016-02-23,460,158,302,-0.07509548182811189,-0.06826691375885094,0.20017773044513104,0.34347826086956523,0.6565217391304348
2016-02-24,460,145,315,-0.091595881011215,-0.08431068855991515,0.20223885250352822,0.31521739130434784,0.6847826086956522
2016-02-25,460,159,301,-0.0768639119376684,-0.07346342841142345,0.20070040349905108,0.3456521739130435,0.6543478260869565
2016-02-26,460,153,307,-0.08418316206106519,-0.08301571481758445,0.19543527425889215,0.33260869565217394,0.6673913043478261
2016-02-29,460,152,307,-0.08116667403956189,-0.080586951716168,0.19906424079532897,0.33043478260869563,0.6673913043478261
2016-03-01,460,172,288,-0.062425706612307605,-0.0671614690365136,0.20000081667058062,0.3739130434782609,0.6260869565217392
2016-03-02,460,184,276,-0.05589170857200349,-0.06423021087611705,0.20362291149383913,0.4,0.6
2016-03-03,460,163,297,-0.06970810179294887,-0.07595452917720286,0.20672448702025922,0.35434782608695653,0.6456521739130435
2016-03-04,460,165,295,-0.06793942910507945,-0.07037429111800175,0.19932353425851934,0.358695652173913,0.6413043478260869
2016-03-07,460,183,277,-0.05080104250691151,-0.05304685759475605,0.19772957598669003,0.3978260869565217,0.6021739130434782
2016-03-08,460,160,300,-0.07338230709785401,-0.07586400478595295,0.19229272573145187,0.34782608695652173,0.6521739130434783
2016-03-09,460,156,304,-0.07920163725980923,-0.08039703977472745,0.19718894466693943,0.3391304347826087,0.6608695652173913
2016-03-10,460,156,304,-0.07993253230900907,-0.08556435976833375,0.20294359402446702,0.3391304347826087,0.6608695652173913
2016-03-11,460,143,317,-0.08974066617696101,-0.0903954227216262,0.19997048023567024,0.3108695652173913,0.6891304347826087
2016-03-14,460,136,324,-0.09752053848384006,-0.09555299024801414,0.20317207031591936,0.2956521739130435,0.7043478260869566
2016-03-15,460,141,319,-0.09236468837732859,-0.0940333419618494,0.1982599593160816,0.3065217391304348,0.6934782608695652
2016-03-16,460,156,304,-0.07192135076834948,-0.0702890867328331,0.1971083615334618,0.3391304347826087,0.6608695652173913
2016-03-17,460,156,304,-0.0683946629673992,-0.0663596526432147,0.19200385536520875,0.3391304347826087,0.6608695652173913
2016-03-18,460,157,303,-0.06862084922779464,-0.06520478217695495,0.19086366628299983,0.34130434782608693,0.658695652173913
2016-03-21,460,150,310,-0.07605341363710452,-0.0746246804690254,0.19240983870395065,0.32608695652173914,0.6739130434782609
2016-03-22,460,166,294,-0.06022252696261033,-0.0591814789770524,0.19085841717579988,0.36086956521739133,0.6391304347826087
2016-03-23,460,160,300,-0.06382281541285997,-0.06684962781478446,0.1949672010371975,0.34782608695652173,0.6521739130434783
2016-03-24,460,187,273,-0.042107606102747906,-0.0429497574377406,0.19879160751229555,0.40652173913043477,0.5934782608695652
2016-03-28,460,206,254,-0.028271759181548006,-0.02542138933467045,0.20354323038027333,0.44782608695652176,0.5521739130434783
2016-03-29,460,195,265,-0.03386635286994365,-0.0357814093295416,0.1941191771230873,0.42391304347826086,0.5760869565217391
2016-03-30,460,174,286,-0.051170393615571845,-0.04864570860841265,0.19082439687662997,0.3782608695652174,0.6217391304347826
2016-03-31,461,203,258,-0.0224486054974725,-0.0227860506928041,0.1955824601933488,0.4403470715835141,0.559652928416486
2016-04-01,461,216,245,-0.014241098236165095,-0.0204799736680254,0.19134570072223903,0.4685466377440347,0.5314533622559653
2016-04-04,461,216,245,-0.012042618705565335,-0.0157790534099151,0.18776460862604963,0.4685466377440347,0.5314533622559653
2016-04-05,461,218,243,-0.014242339515591194,-0.018647042946385,0.18690607247942675,0.47288503253796094,0.527114967462039
2016-04-06,461,222,239,-0.007805076760864134,-0.0110546536994688,0.1823940722391137,0.48156182212581344,0.5184381778741866
2016-04-07,461,207,254,-0.024309802172142563,-0.0237547470921559,0.1888920514656019,0.4490238611713666,0.5509761388286334
2016-04-08,461,208,253,-0.02195831740854572,-0.0265035757869301,0.19189227507866316,0.4511930585683297,0.5488069414316703
2016-04-11,461,206,255,-0.02444929971525711,-0.0340070026676829,0.1909305802488969,0.44685466377440347,0.5531453362255966
2016-04-12,461,221,240,-0.0033302092160468785,-0.0080717385750214,0.18886883181072853,0.4793926247288503,0.5206073752711496
2016-04-13,461,226,235,-0.00598815317326122,-0.0086090289243628,0.1899805766473126,0.49023861171366595,0.5097613882863341
2016-04-14,461,216,245,-0.013862635605137088,-0.0182984055053839,0.19751028802952336,0.4685466377440347,0.5314533622559653
2016-04-15,461,220,241,-0.005692184606181621,-0.0131884035856827,0.196659554267626,0.4772234273318872,0.5227765726681128
2016-04-18,461,237,224,0.01454497106026698,0.0120824234905103,0.19838945615371253,0.5140997830802603,0.48590021691973967
2016-04-19,461,236,225,0.011365947108941727,0.0072679412336604,0.19394971725452315,0.5119305856832972,0.4880694143167028
2016-04-20,461,229,232,0.009860035688059415,-0.0003617270568984,0.19279663264822441,0.4967462039045553,0.5032537960954447
2016-04-21,461,232,229,0.007372973081182094,0.0047704033650437,0.1918700508274044,0.5032537960954447,0.4967462039045553
2016-04-22,461,225,236,-0.0030321558632509893,-0.0076890590324867,0.196359514298531,0.4880694143167028,0.5119305856832972
2016-04-25,461,226,235,-0.003999701267246417,-0.00720213138544,0.19380564621884494,0.49023861171366595,0.5097613882863341
2016-04-26,461,235,226,0.0035619721686284333,0.0033371176206133,0.19711920882665632,0.5097613882863341,0.49023861171366595
2016-04-27,461,247,214,0.014923666287241432,0.0180163600631431,0.20119169853231864,0.5357917570498916,0.4642082429501085
2016-04-28,461,256,205,0.024318230616805145,0.0288272719286486,0.2043878482249116,0.5553145336225597,0.44468546637744033
2016-04-29,461,266,195,0.03577774353575441,0.0387024595626446,0.20587158663027158,0.5770065075921909,0.4229934924078091
2016-05-02,461,266,195,0.03086398198221475,0.0323063462238359,0.20855426425671544,0.5770065075921909,0.4229934924078091
2016-05-03,461,254,207,0.02138509059836878,0.0307955534415513,0.20934432340774245,0.5509761388286334,0.4490238611713666
2016-05-04,461,260,200,0.024318356900685734,0.0350474998906951,0.2119430385211965,0.5639913232104121,0.43383947939262474
2016-05-05,461,273,188,0.03651684763414325,0.0509943130423593,0.21214710113047583,0.5921908893709328,0.4078091106290672
2016-05-06,461,260,201,0.019065996902720282,0.0278052362145788,0.20898142914764356,0.5639913232104121,0.4360086767895879
2016-05-09,461,249,212,0.012186082744391204,0.0133290618204411,0.2085370121523904,0.5401301518438177,0.4598698481561822
2016-05-10,461,249,212,0.01180949906165984,0.0134109089169192,0.20691487958577065,0.5401301518438177,0.4598698481561822
2016-05-11,461,261,200,0.022356828640984996,0.0227477957063673,0.20602551870361357,0.5661605206073753,0.43383947939262474
2016-05-12,461,271,190,0.03423546888621338,0.0403066552111559,0.20245344894247738,0.5878524945770065,0.4121475054229935
2016-05-13,461,258,203,0.020153737904774812,0.0233012724406793,0.19759886990739994,0.559652928416486,0.4403470715835141
2016-05-16,461,259,202,0.019424575781022052,0.0201951522532595,0.19871059576836422,0.561822125813449,0.43817787418655096
2016-05-17,461,261,200,0.020703669400971528,0.0220001068029576,0.1997330865102945,0.5661605206073753,0.43383947939262474
2016-05-18,461,263,198,0.022941613235818323,0.0279902746442739,0.19361293129410476,0.5704989154013015,0.42950108459869846
2016-05-19,461,267,194,0.022836312225214265,0.0235554057788247,0.188320289626199,0.579175704989154,0.420824295010846
2016-05-20,461,254,207,0.014686517516270578,0.0193285971313279,0.18423104958520106,0.5509761388286334,0.4490238611713666
2016-05-23,461,263,198,0.021512872001833484,0.0220108913100627,0.18589357092649247,0.5704989154013015,0.42950108459869846
2016-05-24,461,270,190,0.028716125693619726,0.0341259091461441,0.18905680824363963,0.5856832971800434,0.4121475054229935
2016-05-25,461,267,194,0.025540126745299138,0.0244976027267562,0.18503629474876998,0.579175704989154,0.420824295010846
2016-05-26,461,273,188,0.03138840471518194,0.0278162156996806,0.18514702256611384,0.5921908893709328,0.4078091106290672
2016-05-27,461,265,196,0.02612389047662768,0.02649938525706,0.186767140135832,0.5748373101952278,0.42516268980477223
2016-05-31,461,258,203,0.018158668590890523,0.0226931273781143,0.189338200988236,0.559652928416486,0.4403470715835141
2016-06-01,461,264,197,0.029203847851850318,0.0330897107885399,0.19628246924334006,0.5726681127982647,0.42733188720173537
2016-06-02,461,254,207,0.01687405343553168,0.0180921282002664,0.19938742310880006,0.5509761388286334,0.4490238611713666
2016-06-03,461,256,205,0.020462549546888722,0.0212374608293068,0.20456068869014557,0.5553145336225597,0.44468546637744033
2016-06-06,461,251,210,0.021382079195641304,0.0214686445474421,0.2097849583005026,0.544468546637744,0.455531453362256
2016-06-07,461,262,199,0.03272450504591759,0.0350518736209499,0.21240228114271756,0.5683297180043384,0.4316702819956616
2016-06-08,461,263,198,0.03481526117435697,0.033744386526058,0.21699409510677423,0.5704989154013015,0.42950108459869846
2016-06-09,461,264,197,0.03532059500261758,0.0315440044412835,0.2163980849382035,0.5726681127982647,0.42733188720173537
2016-06-10,461,247,214,0.023350047644515256,0.0256715925447656,0.21424531480611245,0.5357917570498916,0.4642082429501085
2016-06-13,461,261,200,0.02898894629635864,0.0293597265081522,0.21994767454020145,0.5661605206073753,0.43383947939262474
2016-06-14,461,254,206,0.02658638587703005,0.0260459851043943,0.22528258424994652,0.5509761388286334,0.44685466377440347
2016-06-15,461,260,201,0.031174814786411202,0.0325183461628186,0.2231794784877784,0.5639913232104121,0.4360086767895879
2016-06-16,461,255,206,0.01799933369190308,0.0220153875269402,0.21318426725131762,0.5531453362255966,0.44685466377440347
2016-06-17,461,241,220,0.006530894705227394,0.0121888596415735,0.20649377092848542,0.5227765726681128,0.4772234273318872
2016-06-20,461,245,216,0.007222710438471056,0.0130280729812457,0.20822247078549044,0.5314533622559653,0.4685466377440347
2016-06-21,461,251,210,0.011560669626823564,0.0181522406455261,0.2078688929695882,0.544468546637744,0.455531453362256
2016-06-22,461,250,211,0.011057360016115311,0.0110073167288673,0.20873378239764487,0.5422993492407809,0.45770065075921906
2016-06-23,461,263,198,0.03409714609892452,0.0387760898401756,0.21310064287938674,0.5704989154013015,0.42950108459869846
2016-06-24,461,270,191,0.04108742578762043,0.0453962518115065,0.209245204573794,0.5856832971800434,0.41431670281995664
2016-06-27,461,267,194,0.04190603795408888,0.0451172798311638,0.21193940066181077,0.579175704989154,0.420824295010846
2016-06-28,461,289,172,0.07014608696586333,0.0752561603644634,0.2165638277815057,0.6268980477223427,0.37310195227765725
2016-06-29,461,288,173,0.06747010061911353,0.0714285544490813,0.21710169716296196,0.6247288503253796,0.3752711496746204
2016-06-30,461,284,177,0.06276563170799113,0.0659959984845675,0.21411866750095793,0.6160520607375272,0.3839479392624729
2016-07-01,461,291,170,0.06731578753278188,0.0714582963751766,0.2108441319952559,0.631236442516269,0.368763557483731
2016-07-05,463,286,177,0.06900306861587253,0.0698659579200853,0.21214842577810467,0.6177105831533477,0.38228941684665224
2016-07-06,463,291,172,0.06654714997747384,0.06026927945405,0.20950393588047053,0.6285097192224622,0.3714902807775378
2016-07-07,463,305,158,0.08598314452124851,0.0812650355944684,0.21054055694342133,0.6587473002159827,0.3412526997840173
2016-07-08,463,307,155,0.08798226138152684,0.0787794390764893,0.2143578516359929,0.6630669546436285,0.3347732181425486
2016-07-11,463,295,168,0.07418094638323394,0.0703373394951802,0.21804796864004156,0.6371490280777538,0.36285097192224625
2016-07-12,463,274,189,0.052161938791110266,0.0510436109818261,0.21792622031848688,0.591792656587473,0.408207343412527
2016-07-13,463,258,205,0.0397658304718702,0.0364732327911723,0.21883911029759942,0.5572354211663066,0.4427645788336933
2016-07-14,463,267,196,0.041348175226264945,0.0417487804133336,0.22382661649751942,0.5766738660907127,0.42332613390928725
2016-07-15,463,259,204,0.034579961544490306,0.0342586696673516,0.22292034195194207,0.5593952483801296,0.4406047516198704
2016-07-18,463,269,194,0.041421591135219704,0.0405183606980306,0.2314293923624128,0.5809935205183585,0.4190064794816415
2016-07-19,463,266,197,0.0402797041843186,0.0438016599924153,0.23433650611859502,0.5745140388768899,0.42548596112311016
2016-07-20,463,281,182,0.05291547135973645,0.0567923420081304,0.23300764249210473,0.6069114470842333,0.3930885529157667
2016-07-21,463,278,185,0.05371206574242148,0.0520452646410138,0.2369667927631022,0.6004319654427646,0.39956803455723544
2016-07-22,464,285,179,0.05736636193624269,0.0567019766675399,0.23518752384662106,0.6142241379310345,0.3857758620689655
2016-07-25,464,306,158,0.0830404774665648,0.0766012586410911,0.23654507209644057,0.6594827586206896,0.34051724137931033
2016-07-26,464,275,189,0.04957738839511772,0.04941622254544385,0.23820478787049343,0.5926724137931034,0.4073275862068966
2016-07-27,464,246,218,0.013780795784288254,0.0155990997753758,0.23972477320669125,0.5301724137931034,0.4698275862068966
2016-07-28,464,256,208,0.022355891588265262,0.022029672576970902,0.23627027551315974,0.5517241379310345,0.4482758620689655
2016-07-29,464,273,191,0.03776657200481552,0.0359307426945881,0.23538830240316927,0.5883620689655172,0.41163793103448276
2016-08-01,464,284,180,0.05349596530968044,0.05906100358581885,0.2390781969645691,0.6120689655172413,0.3879310344827586
2016-08-02,464,286,178,0.05593272213045231,0.0573179918023628,0.2356980555427745,0.6163793103448276,0.38362068965517243
2016-08-03,464,278,186,0.050600289599640386,0.0517354644801347,0.24672958060263375,0.5991379310344828,0.40086206896551724
2016-08-04,464,278,186,0.050467393188436835,0.0466809357016927,0.24626792345775858,0.5991379310344828,0.40086206896551724
2016-08-05,464,284,180,0.05798774063230473,0.056575891558669,0.24237115668087897,0.6120689655172413,0.3879310344827586
2016-08-08,464,299,165,0.07676747433969129,0.08007063236524795,0.23947586366703452,0.6443965517241379,0.35560344827586204
2016-08-09,464,299,165,0.0690283469106658,0.0716472210030927,0.23853538081439474,0.6443965517241379,0.35560344827586204
2016-08-10,464,309,155,0.08530396391953107,0.0896612204141632,0.2318952408763052,0.665948275862069,0.33405172413793105
2016-08-11,464,304,160,0.08401446436330204,0.0875603225607739,0.23013418743831365,0.6551724137931034,0.3448275862068966
2016-08-12,464,308,156,0.08749095264417903,0.0864144044213409,0.2332082102125626,0.6637931034482759,0.33620689655172414
2016-08-15,464,302,162,0.08099385757149666,0.07752870353092514,0.22991957691049347,0.6508620689655172,0.34913793103448276
2016-08-16,464,302,162,0.07631207559380569,0.07390626269151675,0.23187498606512855,0.6508620689655172,0.34913793103448276
2016-08-17,464,301,163,0.07748258152188693,0.0720948263101921,0.23383007068093528,0.6487068965517241,0.35129310344827586
2016-08-18,464,311,153,0.09110086113916618,0.08196509531864021,0.23061640551020615,0.6702586206896551,0.3297413793103448
2016-08-19,464,329,135,0.11086329427062966,0.1043003415598593,0.22959627523324633,0.709051724137931,0.29094827586206895
2016-08-22,464,356,108,0.14984575762846603,0.1391595436090493,0.23943578843483246,0.7672413793103449,0.23275862068965517
2016-08-23,464,382,82,0.19653795832064327,0.18507076402654365,0.25798726232106106,0.8232758620689655,0.17672413793103448
2016-08-24,464,390,74,0.21865049241078455,0.20497498542640835,0.272702908560046,0.8405172413793104,0.15948275862068967
2016-08-25,464,371,93,0.17745009409393853,0.16865741741186474,0.26547676972028234,0.7995689655172413,0.20043103448275862
2016-08-26,464,353,111,0.15192305369715547,0.1477903040213365,0.2572246068976889,0.7607758620689655,0.23922413793103448
2016-08-29,464,353,111,0.15081648597530423,0.1481010332251551,0.2559825638027428,0.7607758620689655,0.23922413793103448
2016-08-30,464,355,109,0.15876553582075803,0.159308774896857,0.26039176620713533,0.7650862068965517,0.2349137931034483
2016-08-31,464,368,96,0.18268886737281412,0.179547403119438,0.2666030767189929,0.7931034482758621,0.20689655172413793
2016-09-01,464,361,103,0.16853690076508981,0.1659650248123778,0.25930731878302477,0.7780172413793104,0.22198275862068967
2016-09-02,464,354,110,0.16498169212273794,0.1659473331021781,0.2610567245814572,0.7629310344827587,0.23706896551724138
2016-09-06,464,379,85,0.1920820691421482,0.19224274731521115,0.2614688020211652,0.8168103448275862,0.18318965517241378
2016-09-07,464,360,104,0.16119612601487485,0.16224156144618718,0.2556476160705818,0.7758620689655172,0.22413793103448276
2016-09-08,464,372,92,0.17669369525566428,0.17747528161957246,0.26174938251615143,0.8017241379310345,0.19827586206896552
2016-09-09,464,361,103,0.17126885956578625,0.17462189332978725,0.26308547753189776,0.7780172413793104,0.22198275862068967
2016-09-12,464,361,103,0.16998261740433715,0.17203908206590557,0.254709523542039,0.7780172413793104,0.22198275862068967
2016-09-13,464,363,101,0.17484142857523516,0.17519460524644453,0.26601945042496317,0.7823275862068966,0.21767241379310345
2016-09-14,464,357,107,0.1663050216814759,0.16667410851006695,0.26311597402705555,0.7693965517241379,0.23060344827586207
2016-09-15,464,349,115,0.14726026887523078,0.1455582455128461,0.2530706013371884,0.7521551724137931,0.2478448275862069
2016-09-16,464,352,112,0.1489106649049084,0.14587587065760566,0.24958891260273927,0.7586206896551724,0.2413793103448276
2016-09-19,464,370,94,0.17280965911667534,0.17591498283845597,0.2564433695659143,0.7974137931034483,0.2025862068965517
2016-09-20,464,369,95,0.1696311467198424,0.17069906858253986,0.2679787823302072,0.7952586206896551,0.20474137931034483
2016-09-21,464,376,88,0.18710590396340313,0.1861991167626634,0.274405826401163,0.8103448275862069,0.1896551724137931
2016-09-22,464,378,85,0.19428361798158453,0.1903004144718869,0.2783809973199267,0.8146551724137931,0.18318965517241378
2016-09-23,464,379,85,0.18997635457959772,0.18897507107081102,0.264653499450141,0.8168103448275862,0.18318965517241378
2016-09-26,464,377,87,0.1900338962148533,0.19000106476462295,0.26582652399831874,0.8125,0.1875
2016-09-27,464,392,72,0.21926856699197364,0.21185407193023195,0.274158926849276,0.8448275862068966,0.15517241379310345
2016-09-28,464,399,65,0.22640549954442712,0.2111873087368888,0.2732550824122641,0.8599137931034483,0.1400862068965517
2016-09-29,464,385,79,0.20155241612525496,0.19230327229917835,0.26228464381153127,0.8297413793103449,0.17025862068965517
2016-09-30,464,384,79,0.1980582876430681,0.19140213195648864,0.26297419848781245,0.8275862068965517,0.17025862068965517
2016-10-03,464,379,85,0.18105820605552628,0.17556606780813155,0.2553833320055008,0.8168103448275862,0.18318965517241378
2016-10-04,464,371,93,0.16554643761027887,0.16122500752187824,0.2581835173771781,0.7995689655172413,0.20043103448275862
2016-10-05,464,375,89,0.17326956701180643,0.1637642584758051,0.2560594701102222,0.8081896551724138,0.19181034482758622
2016-10-06,464,367,97,0.16248082396537436,0.15363382398382236,0.24609023420003998,0.790948275862069,0.20905172413793102
2016-10-07,464,356,108,0.14713849286302852,0.13436749776207702,0.23538511552207822,0.7672413793103449,0.23275862068965517
2016-10-10,464,337,127,0.11473358909985845,0.10245877238263684,0.22134750420542895,0.7262931034482759,0.27370689655172414
2016-10-11,464,351,113,0.13055822703232953,0.11871143661167075,0.22830451578920585,0.7564655172413793,0.2435344827586207
2016-10-12,464,344,120,0.12172657105392554,0.11103922097835126,0.22439332514382496,0.7413793103448276,0.25862068965517243
2016-10-13,464,350,114,0.12705415933535466,0.12052929656972584,0.22731207994676497,0.7543103448275862,0.24568965517241378
2016-10-14,464,348,116,0.12485745087158767,0.1159699942104791,0.22842082417031342,0.75,0.25
2016-10-17,464,344,120,0.11884544300372465,0.10677747052128289,0.22844735422651488,0.7413793103448276,0.25862068965517243
2016-10-18,465,352,113,0.12369047314419403,0.1121535851181296,0.23126066926288982,0.7569892473118279,0.24301075268817204
2016-10-19,465,347,118,0.12207980862088964,0.1102905043929669,0.22809002031141146,0.7462365591397849,0.2537634408602151
2016-10-20,465,360,105,0.14445398677073248,0.1331962604007688,0.23197660251335087,0.7741935483870968,0.22580645161290322
2016-10-21,465,355,110,0.13630123794250082,0.1200213856273908,0.2308455968938395,0.7634408602150538,0.23655913978494625
2016-10-24,465,345,120,0.12195928034931781,0.1068800425010234,0.22501636822514307,0.7419354838709677,0.25806451612903225
2016-10-25,465,343,122,0.11822678941663539,0.1003536370202244,0.2270520222921551,0.7376344086021506,0.2623655913978495
2016-10-26,465,349,116,0.13081306844922427,0.1136203839914442,0.2325776428626614,0.7505376344086021,0.24946236559139784
2016-10-27,465,343,122,0.1237021340120072,0.1059459326567997,0.23043535026395787,0.7376344086021506,0.2623655913978495
2016-10-28,465,340,125,0.11673817240953518,0.1090625524520874,0.23126174534015292,0.7311827956989247,0.26881720430107525
2016-10-31,465,349,116,0.12572942457498323,0.1199999722567473,0.2333890985751772,0.7505376344086021,0.24946236559139784
2016-11-01,465,334,131,0.10672185304181005,0.0967198089850756,0.22709715073598324,0.7182795698924731,0.2817204301075269
2016-11-02,465,335,130,0.09788600427682982,0.0884827596111972,0.22096279746610334,0.7204301075268817,0.27956989247311825
2016-11-03,465,340,125,0.10471885029426399,0.0946835325695416,0.22081390844099597,0.7311827956989247,0.26881720430107525
2016-11-04,465,342,123,0.10707512114711376,0.0974154648158565,0.22571512605899394,0.7354838709677419,0.2645161290322581
2016-11-07,465,342,123,0.10111395152965975,0.0890159847484965,0.22238079770010263,0.7354838709677419,0.2645161290322581
2016-11-08,465,345,120,0.1167229757385418,0.1041436590958666,0.2255235128215376,0.7419354838709677,0.25806451612903225
2016-11-09,465,341,124,0.09766780426171742,0.0913058715782146,0.21899945423435624,0.7333333333333333,0.26666666666666666
2016-11-10,465,340,125,0.10289311364769908,0.0920552521770505,0.21873373307618507,0.7311827956989247,0.26881720430107525
2016-11-11,465,341,124,0.11669542632770262,0.1020821365542175,0.22379623676280197,0.7333333333333333,0.26666666666666666
2016-11-14,465,349,116,0.12608866653143175,0.1142971533012708,0.22710214422387456,0.7505376344086021,0.24946236559139784
2016-11-15,465,339,126,0.1079515167279833,0.0982215241783694,0.22411041289467218,0.7290322580645161,0.2709677419354839
2016-11-16,465,346,119,0.11818570788783675,0.1099030014751134,0.22855988643323452,0.7440860215053764,0.25591397849462366
2016-11-17,465,339,126,0.10524496823501413,0.0908571237881425,0.2233289741797702,0.7290322580645161,0.2709677419354839
2016-11-18,466,332,134,0.10237395091638916,0.0857842683198355,0.22447791848466753,0.7124463519313304,0.2875536480686695
2016-11-21,466,329,136,0.0965733081181079,0.07699121932737879,0.21519622661372376,0.7060085836909872,0.2918454935622318
2016-11-22,466,334,132,0.10217052940461954,0.08399445842627634,0.22193464832835655,0.7167381974248928,0.2832618025751073
2016-11-23,466,325,141,0.09296971752522182,0.0799660344738454,0.2199780359511946,0.6974248927038627,0.30257510729613735
2016-11-25,466,324,142,0.0888553664219885,0.07781464820886645,0.21468627016170896,0.6952789699570815,0.30472103004291845
2016-11-28,466,313,153,0.07993798890645348,0.0711595566340255,0.21201860774863587,0.6716738197424893,0.3283261802575107
2016-11-29,466,316,150,0.08450229980393976,0.07544685072979915,0.2108164332892334,0.6781115879828327,0.3218884120171674
2016-11-30,466,307,159,0.0781076322507289,0.06654915889941146,0.21281010776377693,0.6587982832618026,0.34120171673819744
2016-12-01,466,310,156,0.08129811766159994,0.07491653916080279,0.21431918428698624,0.6652360515021459,0.33476394849785407
2016-12-02,466,319,147,0.08911381856566487,0.07935673059386705,0.21078023058826617,0.6845493562231759,0.315450643776824
2016-12-05,466,299,167,0.06901398862676872,0.0645457747061706,0.21057933077272606,0.6416309012875536,0.3583690987124464
2016-12-06,466,307,159,0.07842071700281411,0.0729344228975491,0.21371159524096525,0.6587982832618026,0.34120171673819744
2016-12-07,466,334,132,0.1096394781513882,0.1019705843817707,0.22080654870753058,0.7167381974248928,0.2832618025751073
2016-12-08,466,346,120,0.12377826258467438,0.11843956351693916,0.22218062086071358,0.7424892703862661,0.2575107296137339
2016-12-09,466,348,118,0.1333419322328129,0.11944577137938164,0.22065714449566284,0.7467811158798283,0.2532188841201717
2016-12-12,466,369,97,0.15743944744689692,0.1435060187404212,0.2239111257866896,0.7918454935622318,0.20815450643776823
2016-12-13,466,370,96,0.16077642584350044,0.141568728125176,0.23749310406758908,0.7939914163090128,0.20600858369098712
2016-12-14,466,365,101,0.15487612577198098,0.13360679916500035,0.23296009303761037,0.7832618025751072,0.2167381974248927
2016-12-15,466,357,109,0.14703517025645277,0.12453009865790185,0.2378576994824108,0.7660944206008584,0.23390557939914164
2016-12-16,466,369,97,0.16238693215804417,0.13334436693442803,0.25142003358749465,0.7918454935622318,0.20815450643776823
2016-12-19,466,385,81,0.1877847037982895,0.15496121649980815,0.2643884592768762,0.8261802575107297,0.17381974248927037
2016-12-20,466,381,85,0.1772976818642318,0.14697958702099395,0.26146346885727784,0.8175965665236051,0.18240343347639484
2016-12-21,466,379,87,0.17255131201146465,0.14717909336299445,0.2555813788568839,0.8133047210300429,0.18669527896995708
2016-12-22,466,370,96,0.15925483621130362,0.1398265105718175,0.24642750506875283,0.7939914163090128,0.20600858369098712
2016-12-23,466,372,94,0.16314495451329042,0.13873505902841365,0.24986797755726128,0.7982832618025751,0.2017167381974249
2016-12-27,466,372,94,0.17143256972770715,0.1438210814498923,0.25316948413806145,0.7982832618025751,0.2017167381974249
2016-12-28,466,359,107,0.15329694767508784,0.13160688314333008,0.24935149827474504,0.7703862660944206,0.2296137339055794
2016-12-29,466,364,102,0.16315242301487387,0.14053818803099727,0.25224903650905917,0.7811158798283262,0.21888412017167383
2016-12-30,466,364,102,0.16925056780744696,0.14257730686258968,0.25835400803695874,0.7811158798283262,0.21888412017167383
2017-01-03,466,374,92,0.17757092683775622,0.1477106680186767,0.25516154621380865,0.8025751072961373,0.19742489270386265
2017-01-04,466,371,95,0.17792961661021472,0.14891770858979375,0.2593462430494114,0.796137339055794,0.20386266094420602
2017-01-05,466,385,81,0.2084123010428584,0.1726395109992489,0.28182172554250573,0.8261802575107297,0.17381974248927037
2017-01-06,466,400,66,0.2475608947212871,0.19826206360404725,0.30970652106410373,0.8583690987124464,0.14163090128755365
2017-01-09,466,412,54,0.2798577430268417,0.2326475807040813,0.3220685591448007,0.8841201716738197,0.11587982832618025
2017-01-10,466,415,51,0.29022732647980704,0.24093462846814417,0.33505270072350146,0.8905579399141631,0.10944206008583691
2017-01-11,466,410,56,0.28379082034966036,0.2352076532803818,0.3328021486354357,0.8798283261802575,0.12017167381974249
2017-01-12,466,423,43,0.31651037705611434,0.2632253416511386,0.357389156569742,0.907725321888412,0.09227467811158799
2017-01-13,466,417,49,0.30216034538916786,0.247884621062136,0.34212622838058526,0.8948497854077253,0.10515021459227468
2017-01-17,466,422,44,0.3167514975019652,0.26092869362843063,0.3627256374463454,0.9055793991416309,0.0944206008583691
2017-01-18,466,417,49,0.32850221254096196,0.262138420559877,0.3898062530864635,0.8948497854077253,0.10515021459227468
2017-01-19,466,426,39,0.3392941822652086,0.27272900425103713,0.3939403682615355,0.9141630901287554,0.08369098712446352
2017-01-20,466,424,41,0.33122915656724006,0.2710104473061262,0.35961927328016546,0.9098712446351931,0.08798283261802575
2017-01-23,466,421,45,0.30969866273429203,0.2480573667371709,0.3714393759740941,0.9034334763948498,0.09656652360515021
2017-01-24,466,422,44,0.33043094420072294,0.2621749744339984,0.3732707720848137,0.9055793991416309,0.0944206008583691
2017-01-25,466,416,50,0.30266478679188913,0.24464390744274306,0.36707733302012563,0.8927038626609443,0.1072961373390558
2017-01-26,466,423,43,0.3172603949473475,0.25531028357294316,0.36342652043700086,0.907725321888412,0.09227467811158799
2017-01-27,466,424,42,0.32155983316678993,0.2548870522868769,0.3775850744397877,0.9098712446351931,0.09012875536480687
2017-01-30,466,412,54,0.26974634958300614,0.2124838266761459,0.34485716108357123,0.8841201716738197,0.11587982832618025
2017-01-31,466,411,55,0.2700095252408756,0.2093940676716127,0.35080231460129774,0.8819742489270386,0.11802575107296137
2017-02-01,466,415,51,0.2940334970018768,0.22798572356146196,0.3651455216786076,0.8905579399141631,0.10944206008583691
2017-02-02,466,423,43,0.29250551743529585,0.22845473462015425,0.3515949910530432,0.907725321888412,0.09227467811158799
2017-02-03,466,429,37,0.2967784853487501,0.23361092321946905,0.3418514513570746,0.9206008583690987,0.07939914163090128
2017-02-06,466,438,28,0.3211315752794586,0.25342646091969706,0.35339616915154126,0.9399141630901288,0.060085836909871244
2017-02-07,466,446,20,0.35957831837846727,0.28648861553642924,0.38455801389622973,0.9570815450643777,0.04291845493562232
2017-02-08,466,443,23,0.3568086209371755,0.2799224537084256,0.39848228528917506,0.9506437768240343,0.04935622317596566
2017-02-09,466,440,26,0.35533952762986215,0.2760707175606222,0.4007781397065492,0.944206008583691,0.055793991416309016
2017-02-10,466,438,28,0.383353633601318,0.30474271231114924,0.4127319812593382,0.9399141630901288,0.060085836909871244
2017-02-13,466,437,29,0.3480866664038958,0.2784774392495093,0.38880314802291044,0.9377682403433476,0.06223175965665236
2017-02-14,466,434,32,0.32228702598731523,0.2592161719110073,0.37248874190991765,0.9313304721030042,0.06866952789699571
2017-02-15,466,433,33,0.29009344772220436,0.2265131913766134,0.33519637435152605,0.9291845493562232,0.07081545064377683
2017-02-16,466,432,33,0.29870620657513425,0.23506894501571768,0.3343194785777112,0.927038626609442,0.07081545064377683
2017-02-17,466,430,36,0.2941087169065283,0.22654316732304453,0.33956646884307173,0.9227467811158798,0.07725321888412018
2017-02-21,466,425,41,0.2765467933211615,0.21470884040422006,0.3229360450304292,0.9120171673819742,0.08798283261802575
2017-02-22,466,425,41,0.2881466711203449,0.21716176062008596,0.3349720038308712,0.9120171673819742,0.08798283261802575
2017-02-23,466,426,40,0.2951996222951914,0.2215926995059738,0.3441294273217011,0.9141630901287554,0.08583690987124463
2017-02-24,466,422,44,0.29085226431162153,0.2150551832091026,0.3424753350726558,0.9055793991416309,0.0944206008583691
2017-02-27,466,424,42,0.2856700797977432,0.2156917368463671,0.3363905504452391,0.9098712446351931,0.09012875536480687
2017-02-28,466,424,42,0.29140500270667075,0.2217300816882441,0.33427634054459127,0.9098712446351931,0.09012875536480687
2017-03-01,466,413,53,0.25335380039329386,0.19299218046254635,0.31830855604703,0.8862660944206009,0.11373390557939914
2017-03-02,466,412,54,0.244554630642763,0.1900106037814796,0.2971451512116595,0.8841201716738197,0.11587982832618025
2017-03-03,466,409,57,0.2359783825220699,0.1794983677353193,0.3090729619613406,0.8776824034334764,0.1223175965665236
2017-03-06,466,409,57,0.2330664012684902,0.18013047781965869,0.31236675697911964,0.8776824034334764,0.1223175965665236
2017-03-07,466,410,56,0.23827030135017987,0.1886839881425195,0.30685308962256924,0.8798283261802575,0.12017167381974249
2017-03-08,466,414,52,0.25738693019473086,0.19972159321508692,0.34723174090403097,0.8884120171673819,0.11158798283261803
2017-03-09,466,414,52,0.25140194853466874,0.1955030998851863,0.34226556440095185,0.8884120171673819,0.11158798283261803
2017-03-10,466,416,50,0.25290073265118407,0.1950046196116711,0.34469678041143276,0.8927038626609443,0.1072961373390558
2017-03-13,466,411,55,0.23653351359325878,0.18374894357174743,0.31871426580714723,0.8819742489270386,0.11802575107296137
2017-03-14,466,418,48,0.24388636531374447,0.1913686303605608,0.3090461105844305,0.8969957081545065,0.10300429184549356
2017-03-15,466,418,48,0.25796887818067693,0.2047146110617799,0.3245246494024468,0.8969957081545065,0.10300429184549356
2017-03-16,466,409,57,0.24807585788894151,0.1989702460284419,0.3105087744145371,0.8776824034334764,0.1223175965665236
2017-03-17,466,408,58,0.24199806104262545,0.19382593031982095,0.3008157121171537,0.8755364806866953,0.12446351931330472
2017-03-20,466,408,58,0.23139359694333678,0.18120737407162,0.2857109981379993,0.8755364806866953,0.12446351931330472
2017-03-21,466,408,58,0.23521862645818215,0.1860472026493698,0.2911694995538887,0.8755364806866953,0.12446351931330472
2017-03-22,466,415,51,0.24366083781514242,0.190318643387936,0.3021553329544175,0.8905579399141631,0.10944206008583691
2017-03-23,466,419,47,0.2536855434511025,0.19576093758418875,0.31488535332931644,0.8991416309012875,0.10085836909871244
2017-03-24,466,419,47,0.2515761334970348,0.196994971623963,0.3033697369743134,0.8991416309012875,0.10085836909871244
2017-03-27,466,418,48,0.2543528017001173,0.2041487277822239,0.30276681343344647,0.8969957081545065,0.10300429184549356
2017-03-28,466,411,55,0.24188009629183738,0.19272382144617725,0.30988839663978907,0.8819742489270386,0.11802575107296137
2017-03-29,466,408,58,0.23130188470180693,0.18038026761720188,0.3001416103048579,0.8755364806866953,0.12446351931330472
2017-03-30,466,408,58,0.24798510489978215,0.19572394371080945,0.31379891972286283,0.8755364806866953,0.12446351931330472
2017-03-31,466,404,62,0.23209636424204755,0.17614465167540244,0.29982314148488004,0.8669527896995708,0.13304721030042918
2017-04-03,466,409,57,0.23998727515467,0.18127888430467895,0.2990459981377932,0.8776824034334764,0.1223175965665236
2017-04-04,466,411,55,0.2480176641068031,0.18841173841608524,0.3046148153166301,0.8819742489270386,0.11802575107296137
2017-04-05,466,400,66,0.23103533087223355,0.1718713628470258,0.3001576776247794,0.8583690987124464,0.14163090128755365
2017-04-06,466,408,58,0.24270477623827608,0.18276941630014185,0.31036265873783375,0.8755364806866953,0.12446351931330472
2017-04-07,466,402,64,0.23535333818694687,0.17915990268527437,0.3038763169015638,0.8626609442060086,0.13733905579399142
2017-04-10,466,408,58,0.2430770138217863,0.190445383548617,0.30682093648494657,0.8755364806866953,0.12446351931330472
2017-04-11,466,399,67,0.2368777561186566,0.18072706210540274,0.30925309227468784,0.8562231759656652,0.14377682403433475
2017-04-12,466,399,67,0.21432224398977026,0.16298276792876915,0.2958700694874012,0.8562231759656652,0.14377682403433475
2017-04-13,466,405,61,0.2313090732783623,0.18062080807512534,0.3026275912940254,0.869098712446352,0.13090128755364808
2017-04-17,466,406,60,0.22901171524581684,0.17483840778044246,0.30221386041745557,0.871244635193133,0.12875536480686695
2017-04-18,466,405,61,0.22302209400453482,0.16855262888455902,0.2985671551241929,0.869098712446352,0.13090128755364808
2017-04-19,466,397,69,0.21767109868177612,0.16238856426770296,0.317634189211796,0.851931330472103,0.148068669527897
2017-04-20,466,398,68,0.19831134199837377,0.15586237659101976,0.2936796830506645,0.8540772532188842,0.1459227467811159
2017-04-21,466,403,63,0.2104527810374894,0.1701324592564831,0.3029494489159118,0.8648068669527897,0.1351931330472103
2017-04-24,466,401,65,0.20118099155274735,0.1636151417727166,0.2537811685111739,0.8605150214592274,0.13948497854077252
2017-04-25,466,401,65,0.20626873888223982,0.16200334333651462,0.26946142103529835,0.8605150214592274,0.13948497854077252
2017-04-26,466,397,69,0.1969811143203636,0.15695613187624335,0.2617505331062739,0.851931330472103,0.148068669527897
2017-04-27,466,401,65,0.1986799120582677,0.15739805010185637,0.25925297961078075,0.8605150214592274,0.13948497854077252
2017-04-28,466,410,56,0.2147728268257188,0.16715907360651805,0.2652638746908275,0.8798283261802575,0.12017167381974249
2017-05-01,466,409,57,0.22726436722133206,0.1739661467280122,0.2807507443746548,0.8776824034334764,0.1223175965665236
2017-05-02,466,405,61,0.2161695050438299,0.1662852835028928,0.2785814145515305,0.869098712446352,0.13090128755364808
2017-05-03,466,411,55,0.225296752715339,0.17159772682498886,0.2871659704937062,0.8819742489270386,0.11802575107296137
2017-05-04,466,411,55,0.23200413783838678,0.1723039495306445,0.2880891423547662,0.8819742489270386,0.11802575107296137
2017-05-05,466,408,58,0.2260130319523435,0.16927126294915923,0.2833240403840794,0.8755364806866953,0.12446351931330472
2017-05-08,466,407,59,0.22717367791995136,0.17220578152127558,0.2811721606105933,0.8733905579399142,0.12660944206008584
2017-05-09,466,405,61,0.22635878364293527,0.1712875294595011,0.28796780238010494,0.869098712446352,0.13090128755364808
2017-05-10,466,403,63,0.21238825863330832,0.16194706581176105,0.2771063848628489,0.8648068669527897,0.1351931330472103
2017-05-11,466,410,56,0.22183624622914982,0.1708945902545836,0.2760394199223039,0.8798283261802575,0.12017167381974249
2017-05-12,466,407,59,0.21543999817773715,0.1602884581966525,0.2759536791915223,0.8733905579399142,0.12660944206008584
2017-05-15,466,407,59,0.2156218501585132,0.16350551797730406,0.26692588969366327,0.8733905579399142,0.12660944206008584
2017-05-16,466,404,62,0.2150669804018465,0.16462261448046728,0.26781572299165185,0.8669527896995708,0.13304721030042918
2017-05-17,466,410,56,0.22203038423629073,0.17329091839281313,0.2652290941984276,0.8798283261802575,0.12017167381974249
2017-05-18,466,417,49,0.2214783738528842,0.17090856379181724,0.256643448703381,0.8948497854077253,0.10515021459227468
2017-05-19,466,420,46,0.23620968944586648,0.18066896764505874,0.26538561425143464,0.9012875536480687,0.09871244635193133
2017-05-22,466,416,50,0.220972103286872,0.16849202659052095,0.2536956929983563,0.8927038626609443,0.1072961373390558
2017-05-23,466,421,45,0.23538326623528286,0.1890308962287091,0.25481644927875513,0.9034334763948498,0.09656652360515021
2017-05-24,466,415,51,0.22494172670269955,0.17765260758031676,0.25443276665287085,0.8905579399141631,0.10944206008583691
2017-05-25,466,415,51,0.21710448642616412,0.16859779515777423,0.24352985135352895,0.8905579399141631,0.10944206008583691
2017-05-26,466,408,58,0.22029175074322252,0.17663386034393735,0.24692044927512383,0.8755364806866953,0.12446351931330472
2017-05-30,466,403,62,0.20715900849230146,0.1651978246854776,0.2391331204415662,0.8648068669527897,0.13304721030042918
2017-05-31,466,406,60,0.20839093800122374,0.1679661577069907,0.2420673037934664,0.871244635193133,0.12875536480686695
2017-06-01,466,402,64,0.20382465432926686,0.16852404000354382,0.22950218676361753,0.8626609442060086,0.13733905579399142
2017-06-02,466,399,67,0.19463418371249003,0.16192490903812226,0.22960239307764702,0.8562231759656652,0.14377682403433475
2017-06-05,466,401,65,0.20159248374296232,0.16649274307817505,0.23574160611791772,0.8605150214592274,0.13948497854077252
2017-06-06,466,403,63,0.20253711933617957,0.16845405601557278,0.23497941375444686,0.8648068669527897,0.1351931330472103
2017-06-07,466,398,68,0.196014887555833,0.16655623062193145,0.23168103701460585,0.8540772532188842,0.1459227467811159
2017-06-08,466,391,75,0.1924749300949599,0.15948186546258908,0.23673584234453932,0.8390557939914163,0.1609442060085837
2017-06-09,466,392,74,0.20031921958763174,0.15968433200620952,0.24627741633801192,0.8412017167381974,0.15879828326180256
2017-06-12,466,396,70,0.21319232768432705,0.17005329147824605,0.25550302022870935,0.8497854077253219,0.15021459227467812
2017-06-13,466,400,66,0.22023971690667044,0.17508467202045613,0.25968251962691885,0.8583690987124464,0.14163090128755365
2017-06-14,466,403,63,0.23291555519485926,0.18486353059099492,0.26752424558902466,0.8648068669527897,0.1351931330472103
2017-06-15,466,401,65,0.2324922109489027,0.18446166855635854,0.2742347153234481,0.8605150214592274,0.13948497854077252
2017-06-16,466,392,74,0.20621145453687248,0.16584555369013804,0.24953269997518865,0.8412017167381974,0.15879828326180256
2017-06-19,466,397,69,0.21199478696498725,0.16778645954510416,0.2535384407075034,0.851931330472103,0.148068669527897
2017-06-20,466,400,66,0.21184757511325492,0.1663884533951429,0.25302147736816544,0.8583690987124464,0.14163090128755365
2017-06-21,466,401,65,0.2187640085342642,0.1767511768322561,0.25795587378004387,0.8605150214592274,0.13948497854077252
2017-06-22,466,400,66,0.2237199364611101,0.17547980091593435,0.26456397417709426,0.8583690987124464,0.14163090128755365
2017-06-23,466,393,73,0.20884208244018515,0.16312376378121385,0.2568491276546878,0.8433476394849786,0.15665236051502146
2017-06-26,466,406,60,0.2684012039760853,0.2197246346173965,0.2885363200503983,0.871244635193133,0.12875536480686695
2017-06-27,466,412,54,0.30619291974771184,0.25335653323306995,0.3170458985569621,0.8841201716738197,0.11587982832618025
2017-06-28,466,405,61,0.27978763717951677,0.2280552183909309,0.3064255811948389,0.869098712446352,0.13090128755364808
2017-06-29,466,402,64,0.2558713572646713,0.20917959090622515,0.2953236292965767,0.8626609442060086,0.13733905579399142
2017-06-30,466,398,68,0.24877823554494774,0.19368666521197841,0.29441679981381474,0.8540772532188842,0.1459227467811159
2017-07-03,466,400,66,0.2525081305152097,0.20118465755142764,0.2987624625985871,0.8583690987124464,0.14163090128755365
2017-07-05,467,398,69,0.26192345581103926,0.2025948302389693,0.30964030499763756,0.8522483940042827,0.14775160599571735
2017-07-06,467,396,71,0.25221676515048275,0.1899432173319273,0.31349297571045115,0.8479657387580299,0.15203426124197003
2017-07-07,467,396,71,0.2522761356192946,0.1865691010598036,0.30957939911037446,0.8479657387580299,0.15203426124197003
2017-07-10,467,386,81,0.23272075288082508,0.1717980076429235,0.3091687403728095,0.8265524625267666,0.1734475374732334
2017-07-11,467,389,78,0.22297848024366881,0.1700364112306356,0.2865947914698994,0.8329764453961456,0.1670235546038544
2017-07-12,467,389,78,0.2097212101712264,0.162373134705041,0.27246666987316587,0.8329764453961456,0.1670235546038544
2017-07-13,467,390,77,0.21785914469964382,0.1692033423804986,0.27776428609065706,0.8351177730192719,0.16488222698072805
2017-07-14,467,393,74,0.21014064919834158,0.1685797974024627,0.2693003835297815,0.841541755888651,0.15845824411134904
2017-07-17,467,391,76,0.20929328260847996,0.1684458321057749,0.26854852480239055,0.8372591006423983,0.16274089935760172
2017-07-18,467,392,75,0.2072006048803498,0.1662647929745133,0.2650658649853541,0.8394004282655246,0.16059957173447537
2017-07-19,467,398,69,0.22121991756930812,0.1727615823178558,0.2769360763621838,0.8522483940042827,0.14775160599571735
2017-07-20,467,394,73,0.20354211703949932,0.1643902180011369,0.2674186761722233,0.8436830835117773,0.15631691648822268
2017-07-21,467,387,80,0.20780405510920538,0.1672999896275373,0.27882923320364184,0.828693790149893,0.17130620985010706
2017-07-24,467,381,86,0.19854719427233786,0.163046350198537,0.27196386806973455,0.815845824411135,0.1841541755888651
2017-07-25,467,383,84,0.20301110354359234,0.1635678095911394,0.2651035914538348,0.8201284796573876,0.17987152034261242
2017-07-26,467,386,81,0.1972463069149404,0.1603852691050424,0.25328810302615457,0.8265524625267666,0.1734475374732334
2017-07-27,467,387,80,0.19004165894257022,0.1564576454895601,0.24416544461480688,0.828693790149893,0.17130620985010706
2017-07-28,467,383,84,0.1996907387364963,0.1634677353153812,0.25324608203610355,0.8201284796573876,0.17987152034261242
2017-07-31,467,373,94,0.18725204014848176,0.1570342707085243,0.2490704080839044,0.7987152034261242,0.2012847965738758
2017-08-01,467,382,85,0.19281382496916014,0.1639019760912272,0.24761121493638463,0.8179871520342612,0.18201284796573874
2017-08-02,467,388,79,0.2061140270365512,0.1755061054911793,0.24886906076661253,0.8308351177730193,0.16916488222698073
2017-08-03,467,386,81,0.20142702263404133,0.174907199972284,0.25184858644150476,0.8265524625267666,0.1734475374732334
2017-08-04,467,376,91,0.1880241503086186,0.1615254268069175,0.24647091990979397,0.8051391862955032,0.1948608137044968
2017-08-07,467,379,88,0.186108747843681,0.1694261532260077,0.24334426673763312,0.8115631691648822,0.18843683083511778
2017-08-08,467,380,87,0.187909898997671,0.1662848040547293,0.2478286408422418,0.8137044967880086,0.18629550321199143
2017-08-09,467,373,94,0.1873836364959178,0.1627991997964035,0.25015620451098775,0.7987152034261242,0.2012847965738758
2017-08-10,467,380,87,0.20100797301868012,0.1754445295216848,0.26015425799803266,0.8137044967880086,0.18629550321199143
2017-08-11,467,378,89,0.19624633501354546,0.1706087643132872,0.2549391290278679,0.8094218415417559,0.1905781584582441
2017-08-14,467,379,88,0.20298036732874605,0.1771411458661378,0.25463114718089536,0.8115631691648822,0.18843683083511778
2017-08-15,467,378,89,0.1968186896204551,0.17736242734201,0.24674510201748154,0.8094218415417559,0.1905781584582441
2017-08-16,467,381,86,0.20376446625096087,0.179838857272967,0.2504557135887769,0.815845824411135,0.1841541755888651
2017-08-17,468,386,82,0.21129807900559266,0.18478160932887883,0.2545392998056133,0.8247863247863247,0.1752136752136752
2017-08-18,468,379,89,0.20438280435489087,0.1822577279511508,0.25098376895495483,0.8098290598290598,0.19017094017094016
2017-08-21,468,380,88,0.20477714278411369,0.18732002512058885,0.24779870379450608,0.811965811965812,0.18803418803418803
2017-08-22,468,378,90,0.20493989285492664,0.18475864447663565,0.25271282697014696,0.8076923076923077,0.19230769230769232
2017-08-23,468,377,91,0.20310857238377464,0.18531748884571814,0.24577041796116006,0.8055555555555556,0.19444444444444445
2017-08-24,468,382,86,0.20935005407900695,0.1884776939747734,0.251554622981131,0.8162393162393162,0.18376068376068377
2017-08-25,468,384,84,0.20330075500504013,0.18635872661553532,0.23891392976525203,0.8205128205128205,0.1794871794871795
2017-08-28,468,386,82,0.2056044620995815,0.18628980496906994,0.23689989171942186,0.8247863247863247,0.1752136752136752
2017-08-29,468,381,87,0.19662504178583953,0.175145516775253,0.23348062188642246,0.8141025641025641,0.1858974358974359
2017-08-30,468,384,84,0.20042699487195817,0.18064721299100636,0.23465618409437425,0.8205128205128205,0.1794871794871795
2017-08-31,468,385,83,0.20002962399063148,0.18720310808870755,0.23239572034693035,0.8226495726495726,0.17735042735042736
2017-09-01,468,383,85,0.19847219098232174,0.1834364575049367,0.2355982873967567,0.8183760683760684,0.18162393162393162
2017-09-05,468,384,84,0.19551999880790555,0.17887747140384846,0.23691485020258818,0.8205128205128205,0.1794871794871795
2017-09-06,468,378,90,0.19737916759489615,0.1754862832684408,0.2427783974817937,0.8076923076923077,0.19230769230769232
2017-09-07,468,375,92,0.19221584418954804,0.16997951006225015,0.24145781585179915,0.8012820512820513,0.19658119658119658
2017-09-08,468,377,91,0.19366772806095228,0.1774543115317628,0.23884748614400475,0.8055555555555556,0.19444444444444445
2017-09-11,468,389,79,0.20808442702216468,0.19488590351019858,0.23702532559441322,0.8311965811965812,0.16880341880341881
2017-09-12,468,382,86,0.19181918992277072,0.17714203947498836,0.23288086081945053,0.8162393162393162,0.18376068376068377
2017-09-13,468,395,73,0.2247746587913793,0.2066449968946131,0.24628429320358336,0.844017094017094,0.15598290598290598
2017-09-14,468,396,72,0.22415843153863677,0.2094516646184641,0.24563348821045983,0.8461538461538461,0.15384615384615385
2017-09-15,468,392,76,0.21424945045900876,0.19990289767201394,0.2397327629039832,0.8376068376068376,0.1623931623931624
2017-09-18,468,385,83,0.19930775240520954,0.1890114282574556,0.23127513779127637,0.8226495726495726,0.17735042735042736
2017-09-19,468,379,89,0.19360685329174288,0.1803256623710418,0.23291939833641637,0.8098290598290598,0.19017094017094016
2017-09-20,468,382,86,0.19517302180441615,0.18107932470317295,0.22987098225853556,0.8162393162393162,0.18376068376068377
2017-09-21,469,378,91,0.19331498532289937,0.1737216235554031,0.2339378640362162,0.8059701492537313,0.19402985074626866
2017-09-22,469,372,97,0.18096308438105518,0.1655104797231767,0.2344243638485808,0.7931769722814499,0.2068230277185501
2017-09-25,469,371,98,0.18677118233641032,0.1740115243168891,0.2364747935492508,0.7910447761194029,0.208955223880597
2017-09-26,469,378,91,0.1974386769178363,0.1810461827837395,0.2371713080441634,0.8059701492537313,0.19402985074626866
2017-09-27,469,375,94,0.19026386439676188,0.1722078739021872,0.23253974654917045,0.7995735607675906,0.20042643923240938
2017-09-28,469,375,94,0.18256206510264578,0.1710569423270584,0.23171365641569788,0.7995735607675906,0.20042643923240938
2017-09-29,469,380,89,0.20219893392270272,0.1903705099986212,0.24112037768008068,0.8102345415778252,0.18976545842217485
2017-10-02,469,382,87,0.1999060854939406,0.1891617393898241,0.2392635006428715,0.814498933901919,0.18550106609808104
2017-10-03,469,390,79,0.2086132576744992,0.1970746576380251,0.23756040185594876,0.8315565031982942,0.16844349680170576
2017-10-04,469,395,74,0.20719242556117057,0.1998044582362244,0.2331778500394993,0.8422174840085288,0.15778251599147122
2017-10-05,470,396,74,0.20449939221953045,0.19939775779828414,0.22845901787055892,0.8425531914893617,0.1574468085106383
2017-10-06,470,392,78,0.2035662329431207,0.19479200585297535,0.23143106475676098,0.8340425531914893,0.16595744680851063
2017-10-09,470,395,75,0.21268006472656495,0.21239797888216533,0.23153256528518576,0.8404255319148937,0.1595744680851064
2017-10-10,470,398,72,0.22043353678974384,0.22039284798317899,0.23965584414342656,0.8468085106382979,0.15319148936170213
2017-10-11,470,405,65,0.24218003123457255,0.23362811891810226,0.24624423921401747,0.8617021276595744,0.13829787234042554
2017-10-12,470,403,67,0.23811574279565997,0.22797450760592913,0.2446589832927723,0.8574468085106383,0.1425531914893617
2017-10-13,470,404,66,0.2424860285868039,0.22599174209563175,0.24962747921132444,0.8595744680851064,0.14042553191489363
2017-10-16,470,406,64,0.24607702272837048,0.2297083157734609,0.25075059633844665,0.8638297872340426,0.13617021276595745
2017-10-17,470,406,64,0.2538047732608738,0.23300697806414924,0.25885435709257754,0.8638297872340426,0.13617021276595745
2017-10-18,470,402,68,0.24528900859514738,0.23026866810071794,0.2555461343938813,0.8553191489361702,0.14468085106382977
2017-10-19,470,404,66,0.24145778566363385,0.2240697117669515,0.2532484959501434,0.8595744680851064,0.14042553191489363
2017-10-20,470,403,67,0.24046333087409252,0.22701931769704894,0.25026375766466397,0.8574468085106383,0.1425531914893617
2017-10-23,470,409,61,0.24432386431586978,0.23003950648320254,0.25082668336719155,0.8702127659574468,0.12978723404255318
2017-10-24,470,410,60,0.23386710285061363,0.21925724981472844,0.23395018343243593,0.8723404255319149,0.1276595744680851
2017-10-25,470,412,58,0.24131434930939227,0.22180213075148475,0.23481878687604232,0.8765957446808511,0.12340425531914893
2017-10-26,470,415,55,0.25064866638513733,0.23435092889064865,0.24434259067122877,0.8829787234042553,0.11702127659574468
2017-10-27,470,414,56,0.2599930277958325,0.2372219877963388,0.25124792468207147,0.8808510638297873,0.11914893617021277
2017-10-30,470,419,51,0.2640974165367458,0.24670436899168946,0.2567760910896815,0.8914893617021277,0.10851063829787234
2017-10-31,470,418,52,0.2665301323047297,0.24104983227598514,0.2573227808171982,0.8893617021276595,0.11063829787234042
2017-11-01,471,421,50,0.28008798102378824,0.2556213512248366,0.26263165043178377,0.8938428874734607,0.10615711252653928
2017-11-02,471,427,44,0.2943124613514129,0.2679392803058509,0.26579239881672767,0.9065817409766455,0.09341825902335456
2017-11-03,471,427,44,0.3037199503286554,0.2809503219474154,0.2673187582014845,0.9065817409766455,0.09341825902335456
2017-11-06,471,424,47,0.3022244116585935,0.2837655407769281,0.26811563151930984,0.9002123142250531,0.09978768577494693
2017-11-07,471,417,54,0.2717626047967599,0.2501097488071333,0.26326926575138176,0.8853503184713376,0.11464968152866242
2017-11-08,471,416,55,0.2694644314153704,0.2470367337863528,0.2639367890017038,0.8832271762208068,0.11677282377919321
2017-11-09,471,414,57,0.25810433656316584,0.2363326254946229,0.2642536289399187,0.8789808917197452,0.12101910828025478
2017-11-10,471,412,59,0.256252545242056,0.2345916469460875,0.2706616724249625,0.8747346072186837,0.12526539278131635
2017-11-13,471,414,57,0.2541871378639441,0.2311917787405144,0.25895473402568375,0.8789808917197452,0.12101910828025478
2017-11-14,471,408,63,0.24727060516454247,0.2250109219241822,0.2621568170946252,0.8662420382165605,0.1337579617834395
2017-11-15,471,407,64,0.23799229558382287,0.2154279517892086,0.2566336955020248,0.8641188959660298,0.13588110403397027
2017-11-16,471,409,62,0.24228988242202273,0.2226562721543867,0.2547941223088625,0.8683651804670913,0.1316348195329087
2017-11-17,471,410,61,0.23507381985701858,0.2249724349507977,0.24679952552219386,0.8704883227176221,0.12951167728237792
2017-11-20,471,412,59,0.24415638414587945,0.2344323989782653,0.24812227581125532,0.8747346072186837,0.12526539278131635
2017-11-21,471,407,64,0.2330320502119838,0.2259332772813274,0.24500081257072792,0.8641188959660298,0.13588110403397027
2017-11-22,471,404,67,0.23265650153658274,0.2171979399272421,0.24947702157358848,0.8577494692144374,0.14225053078556263
2017-11-24,471,401,70,0.22205208388740375,0.2158621355372916,0.2448481126102241,0.851380042462845,0.14861995753715498
2017-11-27,471,402,69,0.2211566949994097,0.2053034894705945,0.24738558346980358,0.8535031847133758,0.1464968152866242
2017-11-28,471,395,76,0.235487518484166,0.214450867549365,0.26227214219078393,0.8386411889596603,0.1613588110403397
2017-11-29,471,395,76,0.22805799302478538,0.2045650592170027,0.2628999647527991,0.8386411889596603,0.1613588110403397
2017-11-30,471,395,76,0.23888972283234183,0.2137954174970111,0.27311976352035955,0.8386411889596603,0.1613588110403397
2017-12-01,471,399,72,0.2486951977830296,0.2233815462804558,0.2827750506877787,0.8471337579617835,0.15286624203821655
2017-12-04,471,398,73,0.24736050459041953,0.2239119517946748,0.27775509078887506,0.8450106157112527,0.15498938428874734
2017-12-05,471,394,77,0.24166946115787008,0.220962530580737,0.2805465128277369,0.8365180467091295,0.16348195329087048
2017-12-06,471,388,83,0.23703244926299538,0.2176851310658725,0.2779710071091427,0.8237791932059448,0.1762208067940552
2017-12-07,471,381,90,0.21849420392040098,0.1991032990398729,0.27207910897920323,0.8089171974522293,0.1910828025477707
2017-12-08,471,383,88,0.21579592621797025,0.1912215606979914,0.27242901692601557,0.8131634819532909,0.18683651804670912
2017-12-11,471,380,91,0.20690833801206804,0.1810252946803405,0.2682224591686419,0.8067940552016986,0.1932059447983015
2017-12-12,471,381,90,0.21074821729373805,0.182494487644294,0.2718236618050132,0.8089171974522293,0.1910828025477707
2017-12-13,471,378,93,0.2084894785446909,0.1856001343746418,0.27177346354985366,0.802547770700637,0.19745222929936307
2017-12-14,471,384,87,0.2204008403380636,0.1966708751703181,0.2741714686840494,0.8152866242038217,0.18471337579617833
2017-12-15,471,380,91,0.20838699145330813,0.187352715118882,0.27023497590897355,0.8067940552016986,0.1932059447983015
2017-12-18,471,390,81,0.2218260813409293,0.1969815690680059,0.2770546797834648,0.8280254777070064,0.17197452229299362
2017-12-19,471,391,80,0.219306087909,0.1961032836572547,0.276284512015025,0.8301486199575372,0.16985138004246284
2017-12-20,471,383,88,0.21836838566108197,0.1909840419663855,0.2813245067790357,0.8131634819532909,0.18683651804670912
2017-12-21,471,391,80,0.2294906479320843,0.197856301237828,0.29067903558465485,0.8301486199575372,0.16985138004246284
2017-12-22,471,390,81,0.23215051510632784,0.2022897732407054,0.290537515849595,0.8280254777070064,0.17197452229299362
2017-12-26,471,392,79,0.23143896385075285,0.1980189184365519,0.29143204909217985,0.832271762208068,0.16772823779193205
2017-12-27,471,387,84,0.22426796583133835,0.1953664587610339,0.28030791794386584,0.821656050955414,0.17834394904458598
2017-12-28,471,398,73,0.24864953363985515,0.2179935370290857,0.2845567924797328,0.8450106157112527,0.15498938428874734
2017-12-29,471,404,67,0.24473999147002645,0.2172158981625189,0.26533399157388765,0.8577494692144374,0.14225053078556263
2018-01-02,471,408,63,0.26009760924576203,0.2328249450935897,0.2716445667686098,0.8662420382165605,0.1337579617834395
2018-01-03,471,404,67,0.24655698896554934,0.219650199540762,0.2635578976031417,0.8577494692144374,0.14225053078556263
2018-01-04,471,399,72,0.2286914436930323,0.2092675590192725,0.23918236169137838,0.8471337579617835,0.15286624203821655
2018-01-05,471,396,75,0.22585539280881564,0.2092918228005724,0.2431005445094996,0.8407643312101911,0.1592356687898089
2018-01-08,471,396,75,0.22152431909751819,0.2023346491866624,0.24397437426531643,0.8407643312101911,0.1592356687898089
2018-01-09,471,405,66,0.233800236192332,0.217390441104764,0.24796939476300298,0.8598726114649682,0.14012738853503184
2018-01-10,471,405,66,0.23775502759144163,0.2222572645395826,0.24590204060776463,0.8598726114649682,0.14012738853503184
2018-01-11,471,406,65,0.23479158001716308,0.2145752784142049,0.243840684146714,0.861995753715499,0.13800424628450106
2018-01-12,471,407,64,0.23543525934170342,0.2137432364377605,0.24178512002772493,0.8641188959660298,0.13588110403397027
2018-01-16,471,408,63,0.23014447346722522,0.2158914044538384,0.23903163091244017,0.8662420382165605,0.1337579617834395
2018-01-17,471,405,66,0.22999400787585544,0.2107350283693165,0.2460783801587656,0.8598726114649682,0.14012738853503184
2018-01-18,471,409,62,0.23641558663878562,0.2149836130938642,0.24811286386205642,0.8683651804670913,0.1316348195329087
2018-01-19,471,416,55,0.24944390858502957,0.2256121565860125,0.2518438233211785,0.8832271762208068,0.11677282377919321
2018-01-22,471,410,61,0.24132234946713452,0.2173634305862,0.2495209417703039,0.8704883227176221,0.12951167728237792
2018-01-23,471,409,62,0.2441544913561749,0.2162228356327478,0.24897888199471258,0.8683651804670913,0.1316348195329087
2018-01-24,471,410,61,0.2301247525544791,0.2068252291594803,0.24052733714768543,0.8704883227176221,0.12951167728237792
2018-01-25,471,410,61,0.2196539920265482,0.1969230140713977,0.23256052818432862,0.8704883227176221,0.12951167728237792
2018-01-26,471,410,61,0.22167199702901247,0.1967365015518574,0.23248374166393584,0.8704883227176221,0.12951167728237792
2018-01-29,471,413,58,0.22459211107866056,0.1980480999951559,0.2338892607225939,0.8768577494692145,0.12314225053078556
2018-01-30,471,414,57,0.2352712408546656,0.2073072194696297,0.23533365138330495,0.8789808917197452,0.12101910828025478
2018-01-31,471,411,60,0.22815605676586745,0.2044000932701841,0.23347679687012066,0.8726114649681529,0.12738853503184713
2018-02-01,472,422,50,0.2367398282127101,0.2123050347655026,0.23229838685001508,0.8940677966101694,0.1059322033898305
2018-02-02,472,418,54,0.24277422988477532,0.22463139290806738,0.23851001805951197,0.885593220338983,0.11440677966101695
2018-02-05,472,413,59,0.2367113539851001,0.2134821745316564,0.23929078634026105,0.875,0.125
2018-02-06,472,415,57,0.24711533508776873,0.22173934413917035,0.24810486410536436,0.8792372881355932,0.12076271186440678
2018-02-07,472,413,59,0.2518042920700177,0.22319922835940686,0.2515676355526599,0.875,0.125
2018-02-08,472,410,62,0.24999529247207106,0.22054273296564586,0.2525761277391799,0.8686440677966102,0.13135593220338984
2018-02-09,472,406,66,0.2364662312579156,0.2132105545809919,0.24730752815771156,0.8601694915254238,0.13983050847457626
2018-02-12,472,408,64,0.2412314067091931,0.21926275177571825,0.2532303223968386,0.864406779661017,0.13559322033898305
2018-02-13,472,408,64,0.24183056109580425,0.2218272974103614,0.2533088914010239,0.864406779661017,0.13559322033898305
2018-02-14,472,404,68,0.23260117332507638,0.2044222314035234,0.2482393426070365,0.8559322033898306,0.1440677966101695
2018-02-15,472,406,66,0.2389283516286089,0.20717080215796518,0.25391385563849234,0.8601694915254238,0.13983050847457626
2018-02-16,472,405,67,0.23928613548198968,0.2093088415316063,0.25774306462245716,0.8580508474576272,0.1419491525423729
2018-02-20,472,409,63,0.24436060418940564,0.2188912591830749,0.2569315677281494,0.8665254237288136,0.13347457627118645
2018-02-21,472,412,60,0.24271969003702706,0.22230116155984692,0.25925102219665713,0.8728813559322034,0.1271186440677966
2018-02-22,472,413,59,0.25027683966986813,0.22402624793151435,0.2600965014131095,0.875,0.125
2018-02-23,472,412,60,0.2514410089713659,0.22880875573624798,0.2570529105711289,0.8728813559322034,0.1271186440677966
2018-02-26,472,412,60,0.24712213499276695,0.22391609890044326,0.2564439293929955,0.8728813559322034,0.1271186440677966
2018-02-27,472,412,60,0.25682560102902197,0.23764345361075406,0.25922843005325696,0.8728813559322034,0.1271186440677966
2018-02-28,472,407,65,0.25342610534921867,0.2305136187968343,0.26168770561471144,0.8622881355932204,0.13771186440677965
2018-03-01,472,401,71,0.22539652195973095,0.2020402442588333,0.25179525047757,0.8495762711864406,0.1504237288135593
2018-03-02,472,403,69,0.23450031719892905,0.21500450608452734,0.2557886320196672,0.8538135593220338,0.1461864406779661
2018-03-05,472,402,70,0.23158437121772252,0.21957993535878617,0.2545970407402106,0.8516949152542372,0.1483050847457627
2018-03-06,472,388,84,0.21291290698042015,0.1977689757860736,0.25124449960656564,0.8220338983050848,0.17796610169491525
2018-03-07,472,372,100,0.17169319360410149,0.15255880000679775,0.2380779477645766,0.788135593220339,0.211864406779661
2018-03-08,472,378,94,0.18893153468658552,0.17589874450108506,0.24206616725724583,0.8008474576271186,0.19915254237288135
2018-03-09,472,380,92,0.1877939058046014,0.16727467426646184,0.24369127235103105,0.8050847457627118,0.19491525423728814
2018-03-12,472,353,119,0.1406247774579204,0.11983281206273975,0.2265219866814841,0.7478813559322034,0.2521186440677966
2018-03-13,472,362,110,0.1530782547209521,0.13543073667290184,0.22885833796847788,0.7669491525423728,0.2330508474576271
2018-03-14,472,371,101,0.1726039488195023,0.15043381874471035,0.23602906711396118,0.7860169491525424,0.21398305084745764
2018-03-15,472,363,109,0.16441656136028573,0.14447078627870555,0.23946827802453188,0.7690677966101694,0.2309322033898305
2018-03-16,472,369,103,0.18309835335700103,0.1713155881096245,0.2471105749419798,0.7817796610169492,0.21822033898305085
2018-03-19,472,379,93,0.1958635838209256,0.18555433498927276,0.2518886802606316,0.8029661016949152,0.19703389830508475
2018-03-20,472,382,90,0.1997221570721948,0.18696812158714943,0.2468790094754031,0.809322033898305,0.1906779661016949
2018-03-21,472,374,98,0.21219480631001678,0.20214595347259104,0.2610564659490999,0.7923728813559322,0.2076271186440678
2018-03-22,472,365,107,0.20161614919417575,0.18530715836206874,0.2602997403663404,0.7733050847457628,0.2266949152542373
2018-03-23,472,365,107,0.20307101436664007,0.19530971376449574,0.2617086480490104,0.7733050847457628,0.2266949152542373
2018-03-26,472,379,93,0.22157949440932298,0.20988384784045105,0.26384320290073543,0.8029661016949152,0.19703389830508475
2018-03-27,472,388,84,0.23258781683237445,0.22318208249228466,0.2676499965673998,0.8220338983050848,0.17796610169491525
2018-03-28,472,373,99,0.20947710516252757,0.20388212865890096,0.26492745195713346,0.7902542372881356,0.2097457627118644
2018-03-29,472,364,108,0.19660447906743028,0.1943540097216668,0.26315640839484034,0.7711864406779662,0.2288135593220339
2018-04-02,472,360,112,0.18155277977648013,0.17256080395264106,0.25567459794980785,0.7627118644067796,0.23728813559322035
2018-04-03,472,362,110,0.19027024729254258,0.1839431779108075,0.2620489390947911,0.7669491525423728,0.2330508474576271
2018-04-04,472,375,97,0.209409121456832,0.19426049766002834,0.2719310337479054,0.7944915254237288,0.2055084745762712
2018-04-05,472,374,98,0.21827190208583797,0.19842609797631114,0.27943881595435954,0.7923728813559322,0.2076271186440678
2018-04-06,472,371,101,0.2242878310722251,0.20431138493572695,0.28560039677351423,0.7860169491525424,0.21398305084745764
2018-04-09,472,373,99,0.2232398645032901,0.20116114338660857,0.28493093802638586,0.7902542372881356,0.2097457627118644
2018-04-10,472,380,92,0.24433936034765083,0.23070911656085666,0.29271907360065325,0.8050847457627118,0.19491525423728814
2018-04-11,472,383,89,0.24141214826330426,0.22592772494743696,0.2937245050708764,0.8114406779661016,0.1885593220338983
2018-04-12,472,380,92,0.23534534812748026,0.21861832281696844,0.2887543963336193,0.8050847457627118,0.19491525423728814
2018-04-13,472,383,89,0.2393353005402925,0.22292040895092047,0.2955923632257643,0.8114406779661016,0.1885593220338983
2018-04-16,472,383,89,0.2459460956424828,0.2294303015000163,0.29872709708981626,0.8114406779661016,0.1885593220338983
2018-04-17,472,382,90,0.2386191247212946,0.22476176175304674,0.29230263319738253,0.809322033898305,0.1906779661016949
2018-04-18,472,376,95,0.2278804151378224,0.2134304414006784,0.29036022184919336,0.7966101694915254,0.20127118644067796
2018-04-19,472,373,99,0.23153983235906103,0.21305905498816957,0.29947610812976383,0.7902542372881356,0.2097457627118644
2018-04-20,472,372,100,0.220531081209707,0.20164604633476702,0.29295427310213284,0.788135593220339,0.211864406779661
2018-04-23,472,361,111,0.19469505883335245,0.1744284692710769,0.2815857164322867,0.7648305084745762,0.23516949152542374
2018-04-24,472,338,134,0.15813620174847917,0.13812592340049556,0.26674680981915705,0.7161016949152542,0.2838983050847458
2018-04-25,472,349,123,0.17889484546162682,0.16033273136066506,0.27670015008879234,0.739406779661017,0.2605932203389831
2018-04-26,472,345,127,0.16069343550409473,0.14507913105539644,0.2578882390860708,0.7309322033898306,0.2690677966101695
2018-04-27,472,350,122,0.15279481747819615,0.13061729811085382,0.24239703321321607,0.7415254237288136,0.2584745762711864
2018-04-30,473,366,107,0.1757997799276642,0.1539267806515671,0.2540273577950004,0.773784355179704,0.226215644820296
2018-05-01,473,347,126,0.14844948749048217,0.1263825718220075,0.24479895877998492,0.733615221987315,0.266384778012685
2018-05-02,473,353,120,0.16236315830818202,0.144230201776079,0.2481863015783643,0.7463002114164905,0.2536997885835095
2018-05-03,473,369,104,0.17897711022604879,0.1593715037890013,0.2530709791085232,0.7801268498942917,0.21987315010570824
2018-05-04,473,370,103,0.1825635266139879,0.1614297782147067,0.25009125421858247,0.7822410147991543,0.21775898520084566
2018-05-07,473,351,122,0.14950339562372675,0.1220964438425085,0.23841689756114212,0.7420718816067653,0.25792811839323465
2018-05-08,473,355,118,0.1559776276719748,0.1293592493926616,0.2428878160982132,0.7505285412262156,0.24947145877378435
2018-05-09,473,370,103,0.1734798476046221,0.1428709887766264,0.2502203359967012,0.7822410147991543,0.21775898520084566
2018-05-10,473,364,109,0.16410187676608687,0.138308299322619,0.24462392460055898,0.7695560253699789,0.23044397463002114
2018-05-11,473,369,104,0.17486266893525426,0.1431733534384576,0.2522587240356475,0.7801268498942917,0.21987315010570824
2018-05-14,474,367,107,0.1739491652501037,0.14521564356900907,0.24625942664042777,0.7742616033755274,0.22573839662447256
2018-05-15,474,371,103,0.1773087041455831,0.14939518864200751,0.24774144438707027,0.7827004219409283,0.21729957805907174
2018-05-16,474,378,96,0.191073247836793,0.1535457717624491,0.25697808279586765,0.7974683544303798,0.20253164556962025
2018-05-17,474,384,90,0.2169383524223144,0.18668811804304686,0.2714715894276527,0.810126582278481,0.189873417721519
2018-05-18,474,379,95,0.20481532561076374,0.1776256412164487,0.270065688939366,0.79957805907173,0.20042194092827004
2018-05-21,474,366,108,0.18602022684367844,0.1617922824550607,0.26525903787737826,0.7721518987341772,0.22784810126582278
2018-05-22,474,363,111,0.17719503563485145,0.15314903440019684,0.2610552802142645,0.7658227848101266,0.23417721518987342
2018-05-23,474,356,118,0.16208341123218953,0.13643794054047903,0.25065734124052186,0.7510548523206751,0.2489451476793249
2018-05-24,474,352,122,0.1588061825077123,0.13561569570057758,0.24886896594767843,0.7426160337552743,0.25738396624472576
2018-05-25,474,358,116,0.16234657682813514,0.13335243305235522,0.2512113951967444,0.7552742616033755,0.24472573839662448
2018-05-29,474,356,118,0.16291780347392415,0.13526151631459124,0.2502645785421819,0.7510548523206751,0.2489451476793249
2018-05-30,474,347,127,0.15366039028149994,0.12491627274108524,0.2480711253624921,0.7320675105485233,0.2679324894514768
2018-05-31,474,345,129,0.1545219870805332,0.1254467134719652,0.2508951722682123,0.7278481012658228,0.2721518987341772
2018-06-01,474,334,140,0.13603044662711092,0.10251494768056704,0.25329478706789477,0.7046413502109705,0.29535864978902954
2018-06-04,474,330,144,0.1307433307590526,0.0997315743468468,0.25405690569148404,0.6962025316455697,0.3037974683544304
2018-06-05,474,345,129,0.14731281997276607,0.1187997311351609,0.25433950442807207,0.7278481012658228,0.2721518987341772
2018-06-06,474,345,129,0.15496863109749115,0.13142160923052615,0.25771963066539394,0.7278481012658228,0.2721518987341772
2018-06-07,474,346,128,0.1530430975177004,0.13218023226470005,0.25553976584044424,0.729957805907173,0.270042194092827
2018-06-08,474,344,130,0.16101972200178238,0.1415773832196927,0.2614402431264606,0.7257383966244726,0.2742616033755274
2018-06-11,474,350,124,0.1726488101917188,0.1423369097572878,0.2695817201309848,0.7383966244725738,0.2616033755274262
2018-06-12,474,347,127,0.17484272484467384,0.1430719135269986,0.27102430694858853,0.7320675105485233,0.2679324894514768
2018-06-13,474,346,128,0.16663204022312003,0.14249011321282376,0.2649683872341005,0.729957805907173,0.270042194092827
2018-06-14,474,339,135,0.16236219988376394,0.13651039370020063,0.2664939034438701,0.7151898734177216,0.2848101265822785
2018-06-15,474,338,136,0.1695301092494717,0.14367583246116705,0.2700287767693279,0.7130801687763713,0.2869198312236287
2018-06-18,474,333,141,0.1701087784011864,0.14603348784848985,0.2722623608790787,0.7025316455696202,0.2974683544303797
2018-06-19,474,335,139,0.16092235648567077,0.12656433065343295,0.2694901954321697,0.7067510548523207,0.29324894514767935
2018-06-20,474,347,127,0.18055714039987722,0.1488134820587575,0.28373273829707124,0.7320675105485233,0.2679324894514768
2018-06-21,474,345,129,0.17695341869439754,0.1457614407715505,0.27862332642368925,0.7278481012658228,0.2721518987341772
2018-06-22,474,349,125,0.17934291481207096,0.1490489424399452,0.2797075757397946,0.7362869198312236,0.26371308016877637
2018-06-25,474,344,130,0.17603535848580967,0.14880760441541005,0.2811194317534796,0.7257383966244726,0.2742616033755274
2018-06-26,474,343,131,0.17289390168397856,0.14397929812022384,0.2796613352148831,0.7236286919831224,0.27637130801687765
2018-06-27,474,338,135,0.17298835582058747,0.13402416050053814,0.28524130991808455,0.7130801687763713,0.2848101265822785
2018-06-28,474,345,129,0.1764060831076624,0.14107673471890025,0.28200576010260847,0.7278481012658228,0.2721518987341772
2018-06-29,474,343,131,0.17763965986720312,0.13970806891838722,0.28469692254700363,0.7236286919831224,0.27637130801687765
2018-07-02,474,347,127,0.1858006251934276,0.1512386986856484,0.29188933318156096,0.7320675105485233,0.2679324894514768
2018-07-03,474,348,126,0.1892324911321373,0.15331119359946538,0.29926875047077117,0.7341772151898734,0.26582278481012656
2018-07-05,474,349,125,0.1911134545055081,0.14997241789280552,0.2985034268151323,0.7362869198312236,0.26371308016877637
2018-07-06,474,368,106,0.2123435607621399,0.1674038651738283,0.30598372913604754,0.7763713080168776,0.22362869198312235
2018-07-09,474,360,114,0.20016667734865176,0.16082649248819525,0.2946675383311449,0.759493670886076,0.24050632911392406
2018-07-10,474,367,107,0.20500840316051422,0.1660827791944885,0.29414799644469986,0.7742616033755274,0.22573839662447256
2018-07-11,474,367,107,0.20621193054796572,0.1660720020624242,0.2901629682786531,0.7742616033755274,0.22573839662447256
2018-07-12,474,364,110,0.20065040374400936,0.16104045033462405,0.2890479319706759,0.7679324894514767,0.2320675105485232
2018-07-13,474,351,123,0.19370960718607394,0.1502976277485906,0.28941121250574603,0.740506329113924,0.25949367088607594
2018-07-16,474,354,120,0.19126494494043783,0.1512130628924669,0.28753212243258175,0.7468354430379747,0.25316455696202533
2018-07-17,474,358,116,0.19084280307741597,0.14970941009311095,0.28754397561063033,0.7552742616033755,0.24472573839662448
2018-07-18,474,359,115,0.19094010342283738,0.1473106368339186,0.29005981504373846,0.7573839662447257,0.24261603375527427
2018-07-19,474,352,122,0.17710084113894864,0.13786277663665808,0.28511130802912193,0.7426160337552743,0.25738396624472576
2018-07-20,474,352,122,0.18044666595608957,0.1314175767562828,0.28938424902020365,0.7426160337552743,0.25738396624472576
2018-07-23,474,344,130,0.17242679317478768,0.1304459582083478,0.28458496215454104,0.7257383966244726,0.2742616033755274
2018-07-24,474,353,121,0.1733251574177625,0.13018045310777077,0.2776457003644124,0.7447257383966245,0.2552742616033755
2018-07-25,474,345,129,0.15347891586392348,0.11316180401238116,0.263228026583485,0.7278481012658228,0.2721518987341772
2018-07-26,474,345,129,0.1578763444346006,0.11890499209395665,0.2678340054802406,0.7278481012658228,0.2721518987341772
2018-07-27,474,341,133,0.15028829949225633,0.10979836519088121,0.267221867779943,0.7194092827004219,0.2805907172995781
2018-07-30,474,351,123,0.15731984938806584,0.1130528537707598,0.2749139202238303,0.740506329113924,0.25949367088607594
2018-07-31,474,349,125,0.1603917345523772,0.11582403577518036,0.27574865124328085,0.7362869198312236,0.26371308016877637
2018-08-01,474,347,127,0.16100059062018662,0.1101034070439589,0.2799471401250839,0.7320675105485233,0.2679324894514768
2018-08-02,474,343,131,0.16026846532200373,0.1122103489847753,0.2767782681583169,0.7236286919831224,0.27637130801687765
2018-08-03,474,358,116,0.17197320920335182,0.12182027987950805,0.2826586919796788,0.7552742616033755,0.24472573839662448
2018-08-06,474,360,114,0.17778574875085737,0.1254122427955818,0.2854749646281833,0.759493670886076,0.24050632911392406
2018-08-07,474,366,108,0.18335760599793002,0.13498691450982453,0.2826448386068176,0.7721518987341772,0.22784810126582278
2018-08-08,474,374,100,0.1899028707655166,0.14613585141863178,0.28228749388728624,0.7890295358649789,0.2109704641350211
2018-08-09,474,364,110,0.1843983637421885,0.137207201545516,0.2881389574611018,0.7679324894514767,0.2320675105485232
2018-08-10,474,381,93,0.2125659159500673,0.15981328158824154,0.3038117137887066,0.8037974683544303,0.1962025316455696
2018-08-13,474,385,89,0.2116641214232915,0.16005359411476935,0.30160295477757243,0.8122362869198312,0.1877637130801688
2018-08-14,474,371,103,0.19630344315947507,0.1489551903274949,0.30383580261288246,0.7827004219409283,0.21729957805907174
2018-08-15,474,375,99,0.20442410564136287,0.15818135664118166,0.3123470136080708,0.7911392405063291,0.2088607594936709
2018-08-16,474,371,103,0.20401865409246664,0.15285615491729695,0.31107269651036024,0.7827004219409283,0.21729957805907174
2018-08-17,474,385,89,0.22164086097545208,0.17303184650696002,0.31895426922743997,0.8122362869198312,0.1877637130801688
2018-08-20,474,382,92,0.21999766882585461,0.17141355438148576,0.32163420341423526,0.8059071729957806,0.1940928270042194
2018-08-21,474,374,100,0.2185972997802842,0.16872832911544894,0.3231347126311999,0.7890295358649789,0.2109704641350211
2018-08-22,474,373,101,0.2034985750534947,0.15523528271632864,0.30956345447124206,0.7869198312236287,0.21308016877637131
2018-08-23,474,380,94,0.2186316881256346,0.1672117320887488,0.3193623395582843,0.8016877637130801,0.19831223628691982
2018-08-24,474,381,93,0.2241889774214607,0.17950583867886125,0.31718712377291997,0.8037974683544303,0.1962025316455696
2018-08-27,474,376,98,0.21097549504708424,0.1704143010347596,0.3090463575532922,0.7932489451476793,0.20675105485232068
2018-08-28,474,376,98,0.1997359500405368,0.16229981934375798,0.2889353671717425,0.7932489451476793,0.20675105485232068
2018-08-29,474,385,89,0.2102846233702036,0.16895867849409468,0.29237484685549747,0.8122362869198312,0.1877637130801688
2018-08-30,474,377,97,0.1980302281663438,0.1572078713491932,0.28880192210489924,0.7953586497890295,0.20464135021097046
2018-08-31,474,377,97,0.20041877123549168,0.15086471745819316,0.2972390350298097,0.7953586497890295,0.20464135021097046
2018-09-04,474,379,95,0.20026528427239532,0.15722246948452684,0.2904895692671677,0.79957805907173,0.20042194092827004
2018-09-05,474,386,88,0.21460390493181822,0.16999972987196404,0.298231323881902,0.8143459915611815,0.18565400843881857
2018-09-06,474,388,85,0.2166705721741133,0.17729962826969609,0.29682955224532726,0.8185654008438819,0.17932489451476794
2018-09-07,474,382,92,0.2133483957049513,0.182624262377103,0.2933244103313049,0.8059071729957806,0.1940928270042194
2018-09-10,474,381,93,0.21072382962536973,0.1762849343364735,0.2974512859441551,0.8037974683544303,0.1962025316455696
2018-09-11,474,361,113,0.19227849633496083,0.1535962485095756,0.30273143292854193,0.7616033755274262,0.23839662447257384
2018-09-12,474,360,114,0.18310373394322912,0.14678657962793135,0.2965804165055865,0.759493670886076,0.24050632911392406
2018-09-13,474,363,111,0.1940852775996364,0.15284212017420926,0.30194725342305795,0.7658227848101266,0.23417721518987342
2018-09-14,474,363,111,0.18502941261108682,0.14410326343060495,0.2930281553551423,0.7658227848101266,0.23417721518987342
2018-09-17,474,372,102,0.1912895403386292,0.15155489561890195,0.2941864390299951,0.7848101265822784,0.21518987341772153
2018-09-18,474,368,106,0.19369236921844155,0.14841915183159465,0.2979066525331665,0.7763713080168776,0.22362869198312235
2018-09-19,474,370,104,0.19908330884187683,0.1515197968470379,0.30515182065833674,0.7805907172995781,0.21940928270042195
2018-09-20,474,374,100,0.2013691008830761,0.1526736552499817,0.30079934452401214,0.7890295358649789,0.2109704641350211
2018-09-21,474,373,101,0.2037923450629799,0.14729096251127335,0.30751868170954727,0.7869198312236287,0.21308016877637131
2018-09-24,474,371,103,0.20072797054242103,0.1458671625255738,0.31278887998022703,0.7827004219409283,0.21729957805907174
2018-09-25,474,381,93,0.21242797382316705,0.15061804531590867,0.32580852331622645,0.8037974683544303,0.1962025316455696
2018-09-26,474,382,92,0.21938190977138958,0.16194055097718268,0.32999355664711033,0.8059071729957806,0.1940928270042194
2018-09-27,474,383,91,0.21433291586036932,0.1597468743075575,0.32933766347495025,0.8080168776371308,0.19198312236286919
2018-09-28,474,383,91,0.22058637205534629,0.15977070276381314,0.34655788961762424,0.8080168776371308,0.19198312236286919
2018-10-01,474,373,101,0.20917483730015585,0.14355431996800133,0.34371153450785014,0.7869198312236287,0.21308016877637131
2018-10-02,474,368,106,0.20594907814362262,0.13880734348808205,0.346082682581094,0.7763713080168776,0.22362869198312235
2018-10-03,474,361,113,0.20497115804409455,0.13251668871200156,0.35824180164838204,0.7616033755274262,0.23839662447257384
2018-10-04,474,363,111,0.1973954590700219,0.13753793085599694,0.3394725341279256,0.7658227848101266,0.23417721518987342
2018-10-05,474,356,118,0.19071991221377835,0.12981698304869527,0.33654120582163605,0.7510548523206751,0.2489451476793249
2018-10-08,474,358,116,0.18841413744443652,0.12655331693674193,0.3404285503661008,0.7552742616033755,0.24472573839662448
2018-10-09,474,358,116,0.19776593490271688,0.13347759001547155,0.35595998698528575,0.7552742616033755,0.24472573839662448
2018-10-10,474,358,116,0.19808191887987903,0.13343124388119681,0.37142960804260866,0.7552742616033755,0.24472573839662448
2018-10-11,474,357,117,0.1972956061085988,0.12964467137678432,0.36123589699797615,0.7531645569620253,0.2468354430379747
2018-10-12,474,364,110,0.20098385073542532,0.1325574854308159,0.358676081710571,0.7679324894514767,0.2320675105485232
2018-10-15,474,361,113,0.20092734467249931,0.1320808938496359,0.35842029325697655,0.7616033755274262,0.23839662447257384
2018-10-16,474,360,114,0.19387854283665792,0.1313564756582109,0.3465984294268352,0.759493670886076,0.24050632911392406
2018-10-17,474,360,114,0.19967295364656365,0.1337929360579289,0.3486859008227586,0.759493670886076,0.24050632911392406
2018-10-18,474,359,115,0.19434314280665543,0.13055814547161082,0.3391247637735849,0.7573839662447257,0.24261603375527427
2018-10-19,474,368,106,0.2011883862671774,0.1375025005261393,0.3450534290954908,0.7763713080168776,0.22362869198312235
2018-10-22,474,367,107,0.19394087336244636,0.12916006839210237,0.34455910777168514,0.7742616033755274,0.22573839662447256
2018-10-23,474,357,117,0.19101388124649513,0.1232985064233903,0.3533391020060299,0.7531645569620253,0.2468354430379747
2018-10-24,474,360,114,0.18849796173217223,0.1190623213696495,0.3637329334428114,0.759493670886076,0.24050632911392406
2018-10-25,474,354,120,0.19162458957540343,0.11449701054660205,0.3781062019571767,0.7468354430379747,0.25316455696202533
2018-10-26,474,358,116,0.1874507653951678,0.1166375617415671,0.3716700042641318,0.7552742616033755,0.24472573839662448
2018-10-29,474,354,120,0.18368942002895478,0.11462472833657561,0.3615271075956785,0.7468354430379747,0.25316455696202533
2018-10-30,474,350,124,0.18884110981260674,0.11787166411191735,0.3587194656876098,0.7383966244725738,0.2616033755274262
2018-10-31,474,348,126,0.17903190014746595,0.11750291964801535,0.329218754118802,0.7341772151898734,0.26582278481012656
2018-11-01,474,349,125,0.17979429179780798,0.11901405729389974,0.332559260322622,0.7362869198312236,0.26371308016877637
2018-11-02,474,344,130,0.16613351396552795,0.11015457864737295,0.3217391789332569,0.7257383966244726,0.2742616033755274
2018-11-05,474,338,136,0.15628118895591042,0.10516997498755705,0.31678234272394723,0.7130801687763713,0.2869198312236287
2018-11-06,474,337,137,0.15049321096615534,0.10900213868819734,0.29649771833084454,0.7109704641350211,0.2890295358649789
2018-11-07,474,335,139,0.14758105925043014,0.1040330076232036,0.2994716615791436,0.7067510548523207,0.29324894514767935
2018-11-08,474,301,173,0.10930422877983738,0.06799372962105485,0.28053832723095157,0.6350210970464135,0.3649789029535865
2018-11-09,474,284,190,0.09211936204704449,0.04947945119820865,0.27873568110898195,0.5991561181434599,0.4008438818565401
2018-11-12,474,289,185,0.1045884409362164,0.05911747514467385,0.2953370791332602,0.609704641350211,0.39029535864978904
2018-11-13,474,278,196,0.10023361139431562,0.0493312701196748,0.28767999127625893,0.5864978902953587,0.41350210970464135
2018-11-14,474,299,175,0.1251702596485261,0.07196372742244615,0.3019638759569224,0.630801687763713,0.3691983122362869
2018-11-15,474,307,167,0.1286636020330894,0.07409667844574705,0.2979209242334421,0.6476793248945147,0.35232067510548526
2018-11-16,474,289,185,0.10277265823869879,0.05319139594426845,0.2863651553674343,0.609704641350211,0.39029535864978904
2018-11-19,474,297,177,0.09667513836186171,0.05254635794376955,0.27119067728030277,0.6265822784810127,0.37341772151898733
2018-11-20,474,291,183,0.09047174623910038,0.0444767222208111,0.27976201147078994,0.6139240506329114,0.3860759493670886
2018-11-21,474,281,193,0.07649918574570422,0.033448633709190254,0.2747411663642135,0.5928270042194093,0.40717299578059074
2018-11-23,474,255,219,0.04564711525359135,0.0143856052126061,0.258430389572398,0.5379746835443038,0.4620253164556962
2018-11-26,474,268,206,0.057435630548567755,0.023600855968105197,0.2595012263484855,0.5654008438818565,0.4345991561181435
2018-11-27,474,254,220,0.0435372014041429,0.0114525713867944,0.2538248505101062,0.5358649789029536,0.4641350210970464
2018-11-28,474,250,224,0.02977948617055107,0.00528681526328885,0.24626285308509369,0.5274261603375527,0.47257383966244726
2018-11-29,474,266,208,0.049026154375912664,0.0169417266301372,0.251309997415333,0.5611814345991561,0.4388185654008439
2018-11-30,474,255,219,0.05177833343771906,0.0102851573358454,0.25998376042805005,0.5379746835443038,0.4620253164556962
2018-12-03,474,270,204,0.06985556025584941,0.025638681362744747,0.2622069965149523,0.569620253164557,0.43037974683544306
2018-12-04,474,267,207,0.06714235870448135,0.01963483110834115,0.2633132736942423,0.5632911392405063,0.43670886075949367
2018-12-06,474,286,188,0.07804399294730774,0.0350983021565617,0.2618292882865001,0.6033755274261603,0.39662447257383965
2018-12-07,474,289,185,0.08644315976940449,0.04026805719455445,0.261429461952792,0.609704641350211,0.39029535864978904
2018-12-10,474,309,165,0.1003188266634045,0.05385546601249465,0.2664653300116767,0.6518987341772152,0.34810126582278483
2018-12-11,474,300,174,0.09148218204237125,0.045177728180286744,0.2641813781123688,0.6329113924050633,0.3670886075949367
2018-12-12,474,296,178,0.08045874129403523,0.03902360158202405,0.26103276570779144,0.6244725738396625,0.3755274261603376
2018-12-13,474,274,200,0.061559084045518,0.02859967699664305,0.25110753008859904,0.5780590717299579,0.4219409282700422
2018-12-14,474,273,201,0.061425961744994595,0.0321207529022756,0.246401496707874,0.5759493670886076,0.4240506329113924
2018-12-17,474,272,202,0.059679533863278594,0.029700736411255098,0.2448987510240171,0.5738396624472574,0.42616033755274263
2018-12-18,474,269,205,0.06102505013241496,0.03538633435707125,0.24902255179232133,0.5675105485232067,0.43248945147679324
2018-12-19,474,275,199,0.057216933294884226,0.03759450924591905,0.24427857744049108,0.580168776371308,0.41983122362869196
2018-12-20,474,265,209,0.04108578041337909,0.029324254214399152,0.2289528924052255,0.5590717299578059,0.4409282700421941
2018-12-21,474,246,228,0.025277737409359003,0.00851388489488505,0.2251218868350446,0.5189873417721519,0.4810126582278481
2018-12-24,474,254,220,0.031748673999793316,0.019656265735784897,0.23060276584754905,0.5358649789029536,0.4641350210970464
2018-12-26,474,250,224,0.02919683830356375,0.013355591099164999,0.23419729147929258,0.5274261603375527,0.47257383966244726
2018-12-27,474,260,214,0.04394273699875938,0.02740229763555295,0.241270068677544,0.5485232067510548,0.45147679324894513
2018-12-28,474,254,220,0.042247178338289997,0.0211090932654465,0.24256817163620645,0.5358649789029536,0.4641350210970464
2018-12-31,474,268,206,0.06175487705608218,0.03595862463935745,0.2554446754616428,0.5654008438818565,0.4345991561181435
2019-01-02,474,274,200,0.06484415610155189,0.03417253733485035,0.2628835251555733,0.5780590717299579,0.4219409282700422
2019-01-03,475,271,204,0.06479492595049431,0.044275952844202,0.26014756974444325,0.5705263157894737,0.42947368421052634
2019-01-04,475,277,198,0.0701780300362821,0.0447951938485382,0.26370308340404774,0.5831578947368421,0.4168421052631579
2019-01-07,475,248,227,0.033139167684629094,0.0162363277417156,0.2557984332879009,0.5221052631578947,0.47789473684210526
2019-01-08,475,241,234,0.02729407162041022,0.0058494213670945,0.25834766800332865,0.5073684210526316,0.4926315789473684
2019-01-09,475,226,249,-0.0010158954033229917,-0.0191019262355384,0.2445806612864639,0.47578947368421054,0.5242105263157895
2019-01-10,475,225,250,-0.00030414154723972696,-0.0210586256834218,0.2515678673823212,0.47368421052631576,0.5263157894736842
2019-01-11,475,229,246,0.001454040840224578,-0.0164608714129165,0.25257576424570727,0.48210526315789476,0.5178947368421053
2019-01-14,475,227,248,-6.210323039708307e-05,-0.0171849101305369,0.2546520293664,0.47789473684210526,0.5221052631578947
2019-01-15,475,220,255,-0.007380422332425525,-0.0217296459039924,0.2550263802675553,0.4631578947368421,0.5368421052631579
2019-01-16,475,214,261,-0.017066815516915582,-0.0424150535884759,0.25233448642541556,0.45052631578947366,0.5494736842105263
2019-01-17,475,199,276,-0.04891474690999507,-0.0630904958120361,0.23516650232657157,0.4189473684210526,0.5810526315789474
2019-01-18,475,197,278,-0.04706395933703953,-0.058264998461927,0.2385900365971493,0.4147368421052632,0.5852631578947368
2019-01-22,475,180,295,-0.06632524417004833,-0.0835447288337425,0.2372632991782614,0.37894736842105264,0.6210526315789474
2019-01-23,475,160,315,-0.08513649608426756,-0.102912683619479,0.2329723283745611,0.3368421052631579,0.6631578947368421
2019-01-24,475,145,330,-0.10500165100121603,-0.1242094638491487,0.22368418911047672,0.30526315789473685,0.6947368421052632
2019-01-25,475,115,360,-0.1289029110173984,-0.1421555818193444,0.21630964088901608,0.24210526315789474,0.7578947368421053
2019-01-28,475,151,324,-0.09058097057043817,-0.0955899099295657,0.22465228603970946,0.3178947368421053,0.6821052631578948
2019-01-29,475,155,320,-0.09021083839941088,-0.0948774950725175,0.22583244993144605,0.3263157894736842,0.6736842105263158
2019-01-30,475,159,316,-0.08446854759508267,-0.0940911453505028,0.22603736287053747,0.33473684210526317,0.6652631578947369
2019-01-31,475,175,300,-0.06785978370468339,-0.0759320259730289,0.22861208226901072,0.3684210526315789,0.631578947368421
2019-02-01,475,172,303,-0.07250393926389556,-0.0891544555596044,0.2191828236393891,0.36210526315789476,0.6378947368421053
2019-02-04,475,159,316,-0.0886851489479145,-0.1118902562656083,0.21929583215636625,0.33473684210526317,0.6652631578947369
2019-02-05,475,194,281,-0.041641968397286164,-0.0579764674499133,0.22425487054785637,0.40842105263157896,0.5915789473684211
2019-02-06,475,226,249,0.0041849215189166625,-0.0109984907504357,0.23954224641365904,0.47578947368421054,0.5242105263157895
2019-02-07,475,226,249,0.004493870612566173,-0.0154373758860174,0.24498454273140347,0.47578947368421054,0.5242105263157895
2019-02-08,475,230,245,0.013324301401643748,-0.0090934415107923,0.24847892617001358,0.4842105263157895,0.5157894736842106
2019-02-11,475,268,207,0.055799689981972454,0.0381772650237157,0.2539449071338034,0.5642105263157895,0.4357894736842105
2019-02-12,475,261,214,0.04289310612324729,0.0240198834817753,0.25078264495703567,0.5494736842105263,0.45052631578947366
2019-02-13,475,243,232,0.024813906044013085,0.0073345530779733,0.24925760766434857,0.511578947368421,0.4884210526315789
2019-02-14,475,246,229,0.029679709580879905,0.0113452507543996,0.2534049193525334,0.5178947368421053,0.48210526315789476
2019-02-15,475,239,236,0.018089243830063637,0.0049210835465773,0.2476893566644397,0.5031578947368421,0.4968421052631579
2019-02-19,475,236,239,0.01483078011768447,-0.0005874753205435,0.245109484823813,0.4968421052631579,0.5031578947368421
2019-02-20,475,247,228,0.027376493361081965,0.007099318462489,0.2448302655629831,0.52,0.48
2019-02-21,475,239,236,0.019392476480056473,0.0011587323941697,0.24236821361159203,0.5031578947368421,0.4968421052631579
2019-02-22,475,242,233,0.02674674319932615,0.0037462809355031,0.24713643750928316,0.5094736842105263,0.4905263157894737
2019-02-25,475,242,233,0.030306523504024095,0.0026376365361906,0.24486984015557892,0.5094736842105263,0.4905263157894737
2019-02-26,475,238,237,0.02348704992783187,0.0014855266371189,0.23496647262788492,0.5010526315789474,0.49894736842105264
2019-02-27,475,230,245,0.01096394628668409,-0.0131285521659945,0.2312216744988956,0.4842105263157895,0.5157894736842106
2019-02-28,475,242,233,0.02512022244900039,0.0064754559523527,0.23263186678534498,0.5094736842105263,0.4905263157894737
2019-03-01,475,265,210,0.0462049092549401,0.0287849707985452,0.23347538679309063,0.5578947368421052,0.4421052631578947
2019-03-04,475,281,194,0.06618582464317596,0.0544126815615044,0.23864305736803795,0.5915789473684211,0.40842105263157896
2019-03-05,475,279,196,0.06285361731095622,0.059820484164335,0.23572025615058423,0.5873684210526315,0.4126315789473684
2019-03-06,475,279,196,0.057525512326744015,0.0518372162567724,0.23594671268640766,0.5873684210526315,0.4126315789473684
2019-03-07,475,277,198,0.05613743470232134,0.0521231526645766,0.2352329128947507,0.5831578947368421,0.4168421052631579
2019-03-08,475,281,194,0.05426212744277753,0.051759099410759,0.23039020386872786,0.5915789473684211,0.40842105263157896
2019-03-11,475,268,206,0.04565032687552449,0.0399089996237342,0.23585977101388944,0.5642105263157895,0.4336842105263158
2019-03-12,475,262,213,0.032764428979667054,0.0299987019847187,0.24022623713156002,0.5515789473684211,0.44842105263157894
2019-03-13,475,262,213,0.03687671919967935,0.0287960656505583,0.24122200399901092,0.5515789473684211,0.44842105263157894
2019-03-14,475,274,201,0.0526908926802464,0.0456627376885709,0.24252539703978596,0.5768421052631579,0.4231578947368421
2019-03-15,475,279,196,0.06007142204859038,0.0552669833116254,0.23788672874935293,0.5873684210526315,0.4126315789473684
2019-03-18,475,283,192,0.06058299489494991,0.051760149260972,0.24003122288090836,0.5957894736842105,0.40421052631578946
2019-03-19,475,289,186,0.06783897433646734,0.0585814617973472,0.23917871520955855,0.608421052631579,0.391578947368421
2019-03-20,475,296,179,0.0823698386373182,0.076414790741504,0.24236696884709158,0.6231578947368421,0.37684210526315787
2019-03-21,475,298,177,0.08245521784502635,0.0716301708928128,0.23633525942706562,0.6273684210526316,0.3726315789473684
2019-03-22,475,296,179,0.08061543662383286,0.0774369198485234,0.2391055297747812,0.6231578947368421,0.37684210526315787
2019-03-25,475,319,156,0.11350744897689143,0.109395818560918,0.2571781268492372,0.671578947368421,0.32842105263157895
2019-03-26,475,335,140,0.1348182692585876,0.1238004177887528,0.25864468286840925,0.7052631578947368,0.29473684210526313
2019-03-27,475,318,157,0.10702780921817939,0.1073227813263888,0.2545102668600129,0.6694736842105263,0.33052631578947367
2019-03-28,475,325,150,0.12173724995955165,0.1129246151567304,0.2601248497850551,0.6842105263157895,0.3157894736842105
2019-03-29,475,329,146,0.12252941811263192,0.1159507550150216,0.26304198462730694,0.6926315789473684,0.30736842105263157
2019-04-01,475,324,151,0.11429723097171453,0.1091287700999954,0.2630120223189058,0.6821052631578948,0.3178947368421053
2019-04-02,475,336,139,0.13235842815551468,0.1298624710011851,0.26304736805534423,0.7073684210526315,0.2926315789473684
2019-04-03,475,324,151,0.11708229651557306,0.1107624686554071,0.2682771784525199,0.6821052631578948,0.3178947368421053
2019-04-04,475,310,165,0.09719309799197112,0.0921797931353902,0.2644369441035234,0.6526315789473685,0.3473684210526316
2019-04-05,475,303,172,0.08339619570796983,0.0813197008724344,0.2613493080206994,0.6378947368421053,0.36210526315789476
2019-04-08,475,314,161,0.10406519896599752,0.1022094073424402,0.26927867301851166,0.6610526315789473,0.3389473684210526
2019-04-09,475,318,157,0.11776967008437765,0.1096910824524761,0.27614518975850255,0.6694736842105263,0.33052631578947367
2019-04-10,475,309,166,0.10488689897366267,0.0979885093240722,0.2735731302897376,0.6505263157894737,0.3494736842105263
2019-04-11,475,314,161,0.11663024129051285,0.1133707907248815,0.27303932465000375,0.6610526315789473,0.3389473684210526
2019-04-12,475,307,168,0.10978952599855489,0.1025777369957503,0.27360740222983226,0.6463157894736842,0.35368421052631577
2019-04-15,475,315,160,0.11744287848944736,0.1151161739006338,0.27513864070056704,0.6631578947368421,0.3368421052631579
2019-04-16,475,311,164,0.10930422627852858,0.1091745765294134,0.2655941169356079,0.6547368421052632,0.3452631578947368
2019-04-17,475,301,174,0.09659503776540844,0.089562568160785,0.2631308275638959,0.6336842105263157,0.3663157894736842
2019-04-18,475,293,182,0.08834021732556878,0.0806851282115985,0.2662700876110221,0.6168421052631579,0.3831578947368421
2019-04-22,475,306,169,0.11112662700861642,0.1105705053485441,0.27763512081290437,0.6442105263157895,0.35578947368421054
2019-04-23,475,297,178,0.09748430400207349,0.0940902384272701,0.2726343455716822,0.6252631578947369,0.37473684210526315
2019-04-24,475,299,176,0.09804732504434266,0.0969887819953188,0.2718561848174723,0.6294736842105263,0.3705263157894737
2019-04-25,475,311,164,0.11769983947340655,0.124940012318474,0.2711355226348548,0.6547368421052632,0.3452631578947368
2019-04-26,475,310,164,0.11159641737569802,0.1157646454292611,0.2676404255286659,0.6526315789473685,0.3452631578947368
2019-04-29,475,312,163,0.10805855828112969,0.1127761280172774,0.26146698708211585,0.6568421052631579,0.3431578947368421
2019-04-30,475,317,158,0.11402126415553028,0.119280584800991,0.26479908631134014,0.6673684210526316,0.33263157894736844
2019-05-01,475,332,143,0.13706180589473868,0.1375343300672686,0.26850400289025533,0.6989473684210527,0.30105263157894735
2019-05-02,475,334,141,0.1348304500926451,0.1349924912552853,0.27196223838715583,0.7031578947368421,0.2968421052631579
2019-05-03,475,345,130,0.1464387905389916,0.1410730093036685,0.2756274363436208,0.7263157894736842,0.2736842105263158
2019-05-06,475,354,121,0.14748216859033872,0.1466110144927537,0.26214947467504524,0.7452631578947368,0.25473684210526315
2019-05-07,475,346,129,0.14085269025166844,0.1348577676334532,0.26039274940633994,0.728421052631579,0.27157894736842103
2019-05-08,475,345,130,0.13744748514427957,0.1300557277462901,0.2555512053369762,0.7263157894736842,0.2736842105263158
2019-05-09,475,334,141,0.13003202985784443,0.1243948654221165,0.2574260181536794,0.7031578947368421,0.2968421052631579
2019-05-10,475,336,139,0.12781481107163895,0.1178994362915675,0.2621588161756912,0.7073684210526315,0.2926315789473684
2019-05-13,475,331,144,0.12027032436748997,0.1115599937225688,0.25710094026814245,0.6968421052631579,0.3031578947368421
2019-05-14,475,339,136,0.12428738891591454,0.1195515226269741,0.2334426941858233,0.7136842105263158,0.2863157894736842
2019-05-15,475,335,140,0.12320741723240196,0.1187320985935107,0.23679972632743954,0.7052631578947368,0.29473684210526313
2019-05-16,475,339,136,0.12800609508185104,0.1281507063089979,0.23339953851409376,0.7136842105263158,0.2863157894736842
2019-05-17,475,335,140,0.11575590030968282,0.121863625383638,0.22947025575316932,0.7052631578947368,0.29473684210526313
2019-05-20,475,338,137,0.11798454026723011,0.1201154809864821,0.23032960973965858,0.7115789473684211,0.28842105263157897
2019-05-21,475,338,137,0.11663062584694758,0.1142735193559061,0.22966729645151873,0.7115789473684211,0.28842105263157897
2019-05-22,475,336,139,0.11881608651970167,0.1225834960110505,0.23157242466260275,0.7073684210526315,0.2926315789473684
2019-05-23,475,338,137,0.12475848070327468,0.1299290970090343,0.2350767172206106,0.7115789473684211,0.28842105263157897
2019-05-24,475,333,142,0.11695909630378591,0.1240649059465701,0.23320578245194376,0.7010526315789474,0.29894736842105263
2019-05-28,475,340,135,0.12275137827881855,0.1256139214631506,0.23478842339135608,0.7157894736842105,0.28421052631578947
2019-05-29,475,342,133,0.12409961821848378,0.1266954442688312,0.23518819680754188,0.72,0.28
2019-05-30,475,353,122,0.13903897940763757,0.1425091568850514,0.23260010730372038,0.7431578947368421,0.25684210526315787
2019-05-31,475,345,130,0.11458679920258388,0.1226968371328749,0.22693782182813493,0.7263157894736842,0.2736842105263158
2019-06-03,475,351,124,0.12578954094164557,0.1330066138702403,0.23001856810584456,0.7389473684210527,0.26105263157894737
2019-06-04,475,348,126,0.1262098081528704,0.1332586867681311,0.22994462495323317,0.7326315789473684,0.26526315789473687
2019-06-05,475,340,135,0.11632936728720585,0.1167658255727506,0.2260949702037359,0.7157894736842105,0.28421052631578947
2019-06-06,475,322,153,0.09637918922450352,0.0978140587378182,0.22070518271036307,0.6778947368421052,0.32210526315789473
2019-06-07,475,316,159,0.08725968656095519,0.0864398191477608,0.22336186288547785,0.6652631578947369,0.33473684210526317
2019-06-10,475,313,162,0.08606795432767214,0.0864822201990795,0.22076878917840573,0.6589473684210526,0.3410526315789474
2019-06-11,475,312,163,0.085618169089109,0.0890984197004205,0.22019170179655834,0.6568421052631579,0.3431578947368421
2019-06-12,475,287,188,0.05892527358051286,0.0600183045410049,0.2197521276766007,0.6042105263157894,0.3957894736842105
2019-06-13,475,293,182,0.06507792934940676,0.0720410420757773,0.21793434025303904,0.6168421052631579,0.3831578947368421
2019-06-14,475,300,175,0.07462767737096654,0.0772610841722079,0.2227125523106134,0.631578947368421,0.3684210526315789
2019-06-17,475,304,171,0.07917179177522028,0.0776161722172015,0.22400033870391856,0.64,0.36
2019-06-18,475,304,171,0.07083270294429514,0.0697765375187728,0.22287048264172735,0.64,0.36
2019-06-19,475,295,180,0.06534292205327343,0.0705849665829396,0.22094092747721886,0.6210526315789474,0.37894736842105264
2019-06-20,475,308,167,0.08109874916828959,0.092468071624346,0.21946408062443049,0.6484210526315789,0.35157894736842105
2019-06-21,475,303,172,0.07649454498991005,0.0865267167925436,0.22566122378077405,0.6378947368421053,0.36210526315789476
2019-06-24,475,296,179,0.06981400517805443,0.078757785722866,0.22765712596074666,0.6231578947368421,0.37684210526315787
2019-06-25,475,296,179,0.06933243919339667,0.0802468555441593,0.22543490137780814,0.6231578947368421,0.37684210526315787
2019-06-26,475,303,172,0.07242184522731955,0.0817797293224651,0.227339048489507,0.6378947368421053,0.36210526315789476
2019-06-27,475,299,176,0.06351738014107082,0.0743871391750579,0.22420777365228686,0.6294736842105263,0.3705263157894737
2019-06-28,475,305,170,0.07760681522036296,0.0875410270833505,0.2349541429042871,0.6421052631578947,0.35789473684210527
2019-07-01,475,295,180,0.0615530556358744,0.0689998698231304,0.23311364371413226,0.6210526315789474,0.37894736842105264
2019-07-02,475,292,183,0.06365456056614001,0.0709250337833418,0.22932786322157933,0.6147368421052631,0.38526315789473686
2019-07-03,475,315,160,0.08355957693175763,0.0908591731841979,0.2295491449403057,0.6631578947368421,0.3368421052631579
2019-07-05,475,322,153,0.09611028453193166,0.1049005025590246,0.23875641741201792,0.6778947368421052,0.32210526315789473
2019-07-08,475,318,157,0.09323778761081829,0.1018370681684297,0.24191187922655288,0.6694736842105263,0.33052631578947367
2019-07-09,475,318,157,0.09347649546970396,0.1059687238770679,0.24387957059606527,0.6694736842105263,0.33052631578947367
2019-07-10,475,307,168,0.09091140574246219,0.0981053548139352,0.24534894845157698,0.6463157894736842,0.35368421052631577
2019-07-11,475,305,170,0.08575579542929461,0.0875889648553793,0.24291203662640026,0.6421052631578947,0.35789473684210527
2019-07-12,475,310,165,0.09280129948898029,0.0928027307232994,0.24565166662281426,0.6526315789473685,0.3473684210526316
2019-07-15,475,314,161,0.09017006171447241,0.0933157874096781,0.23976155622717724,0.6610526315789473,0.3389473684210526
2019-07-16,475,315,160,0.08678323917416636,0.0955588565168652,0.2429310244137875,0.6631578947368421,0.3368421052631579
2019-07-17,475,309,166,0.0885034116025696,0.097667605198751,0.24280723424257888,0.6505263157894737,0.3494736842105263
2019-07-18,475,310,165,0.09398062865476725,0.0941991580189443,0.23941152943336064,0.6526315789473685,0.3473684210526316
2019-07-19,475,313,162,0.09702136289042017,0.0955921083797406,0.2445931849107517,0.6589473684210526,0.3410526315789474
2019-07-22,475,326,149,0.10746389651448868,0.1061810856881284,0.2421100561052947,0.6863157894736842,0.3136842105263158
2019-07-23,475,325,150,0.10584413433683396,0.1053569256618307,0.23661717599610263,0.6842105263157895,0.3157894736842105
2019-07-24,475,323,152,0.10285981293629097,0.1019422165449954,0.23736195833983717,0.68,0.32
2019-07-25,475,316,159,0.09568363669777649,0.0960282798994902,0.23813487611556297,0.6652631578947369,0.33473684210526317
2019-07-26,475,311,164,0.08151274873461081,0.07940303182311,0.2274867805449022,0.6547368421052632,0.3452631578947368
2019-07-29,475,312,163,0.08448885687987845,0.0910347088810381,0.22450809831069105,0.6568421052631579,0.3431578947368421
2019-07-30,475,324,150,0.10195101128688079,0.1064975511811812,0.22799868890515487,0.6821052631578948,0.3157894736842105
2019-07-31,475,339,136,0.11905796414049999,0.1161872877160983,0.2363243712702945,0.7136842105263158,0.2863157894736842
2019-08-01,475,334,141,0.11209046471491615,0.1068682479849956,0.24133027828629894,0.7031578947368421,0.2968421052631579
2019-08-02,475,344,131,0.12612265401304934,0.1277355202521675,0.2407972776043972,0.7242105263157895,0.27578947368421053
2019-08-05,476,338,138,0.11577718769168396,0.11521476321107546,0.23572839999703604,0.7100840336134454,0.28991596638655465
2019-08-06,476,325,151,0.10580890072443543,0.1014406039424767,0.23790199078317417,0.6827731092436975,0.3172268907563025
2019-08-07,476,323,153,0.10261244922059719,0.09833053742739589,0.23690442657028335,0.6785714285714286,0.32142857142857145
2019-08-08,476,325,151,0.10046106372197773,0.09734990758039841,0.23799830006591854,0.6827731092436975,0.3172268907563025
2019-08-09,476,327,149,0.10421816410118034,0.09519272787839025,0.2371870287269184,0.6869747899159664,0.3130252100840336
2019-08-12,476,341,135,0.11222181233960361,0.1082546168058493,0.23297539684810917,0.7163865546218487,0.28361344537815125
2019-08-13,476,347,129,0.11797190479294951,0.1213717246973945,0.22667082724748522,0.7289915966386554,0.2710084033613445
2019-08-14,476,346,130,0.11996767185304205,0.127304967169612,0.22424133882812153,0.726890756302521,0.27310924369747897
2019-08-15,476,337,139,0.10447035602023934,0.11206402893603426,0.22506734013269716,0.707983193277311,0.2920168067226891
2019-08-16,476,342,134,0.11530738591812328,0.1190134611830304,0.22479920062334455,0.7184873949579832,0.2815126050420168
2019-08-19,476,330,146,0.09933878012903959,0.10556893310702314,0.21746370168855772,0.6932773109243697,0.3067226890756303
2019-08-20,476,328,148,0.09563523334441991,0.09744354409465389,0.2178769124110932,0.6890756302521008,0.31092436974789917
2019-08-21,476,336,140,0.09965041812568408,0.1010192039573778,0.2150235821163851,0.7058823529411765,0.29411764705882354
2019-08-22,476,338,138,0.10365507218833647,0.09906638567242895,0.21557371054442578,0.7100840336134454,0.28991596638655465
2019-08-23,476,335,141,0.09960749975286012,0.09923144602729181,0.21969596843908226,0.7037815126050421,0.296218487394958
2019-08-26,476,339,137,0.1067010661830866,0.11070865284012629,0.21884855515763127,0.7121848739495799,0.28781512605042014
2019-08-27,476,336,140,0.09647121386773046,0.10177933828956945,0.21468352953849215,0.7058823529411765,0.29411764705882354
2019-08-28,476,324,152,0.09005512478077977,0.09300094583655891,0.2125946370319032,0.680672268907563,0.31932773109243695
2019-08-29,476,315,161,0.07843836834723603,0.0828293960091468,0.20973598939473265,0.6617647058823529,0.3382352941176471
2019-08-30,476,292,184,0.06456010947613917,0.06401571773283349,0.21486894408748025,0.6134453781512605,0.3865546218487395
2019-09-03,476,290,186,0.06186347714414707,0.0646829174723595,0.21649332617321257,0.6092436974789915,0.3907563025210084
2019-09-04,476,266,210,0.03017907640827723,0.041034771216950344,0.2121052356202461,0.5588235294117647,0.4411764705882353
2019-09-05,476,282,194,0.044762416282220205,0.046691083403417696,0.2178581798828177,0.592436974789916,0.40756302521008403
2019-09-06,476,274,202,0.048274147184641875,0.041042204431777154,0.2221722638583627,0.5756302521008403,0.42436974789915966
2019-09-09,476,299,177,0.07059368565951339,0.07416257933124185,0.22500689582704073,0.6281512605042017,0.37184873949579833
2019-09-10,476,296,180,0.06681208986883666,0.0707794303767621,0.22919950838354397,0.6218487394957983,0.37815126050420167
2019-09-11,476,276,200,0.04892665581635601,0.05433691918549685,0.2274236000105018,0.5798319327731093,0.42016806722689076
2019-09-12,476,292,184,0.06178983290570372,0.07053142169518185,0.2286383142167794,0.6134453781512605,0.3865546218487395
2019-09-13,476,269,207,0.030633861736009523,0.04095615292203255,0.22707352766545832,0.5651260504201681,0.43487394957983194
2019-09-16,476,264,212,0.02892003049296667,0.0344857534389264,0.23211417292454486,0.5546218487394958,0.44537815126050423
2019-09-17,476,276,200,0.043700397432875154,0.047570484417422745,0.23305106595790231,0.5798319327731093,0.42016806722689076
2019-09-18,476,289,187,0.0596936386051636,0.0575673513175113,0.23497222394027806,0.6071428571428571,0.39285714285714285
2019-09-19,476,280,196,0.04812936133890581,0.04338371918183355,0.23452496898290337,0.5882352941176471,0.4117647058823529
2019-09-20,476,285,191,0.05948941772187025,0.0557616022419381,0.24206806703508627,0.5987394957983193,0.4012605042016807
2019-09-23,476,281,195,0.05318186315323354,0.054569400476223995,0.242833027640646,0.5903361344537815,0.4096638655462185
2019-09-24,476,254,222,0.026857996246877368,0.0260282996456253,0.2405551702978689,0.5336134453781513,0.46638655462184875
2019-09-25,476,265,211,0.04338807047707896,0.04019897542365265,0.2468930569480748,0.5567226890756303,0.4432773109243697
2019-09-26,476,262,214,0.04149309214173704,0.04247403306842505,0.2501117943122043,0.5504201680672269,0.4495798319327731
2019-09-27,476,272,204,0.053285926899477656,0.053824105505819356,0.2500379914728253,0.5714285714285714,0.42857142857142855
2019-09-30,476,283,193,0.06562171623766987,0.0644926712086829,0.2499544907281782,0.5945378151260504,0.4054621848739496
2019-10-01,476,286,190,0.06450152812828518,0.0588719034692161,0.24598008656824327,0.6008403361344538,0.39915966386554624
2019-10-02,476,273,203,0.05968834746017133,0.0546662374609654,0.25342452847873026,0.5735294117647058,0.4264705882352941
2019-10-03,476,286,190,0.07252038907221692,0.0703095057348226,0.2554451277684084,0.6008403361344538,0.39915966386554624
2019-10-04,476,300,176,0.0864094445758264,0.0919468912867511,0.2526779335314951,0.6302521008403361,0.3697478991596639
2019-10-07,476,305,171,0.09905491481127186,0.0994569479957495,0.2554424364054547,0.6407563025210085,0.3592436974789916
2019-10-08,476,316,160,0.10192966367091137,0.1145720523321832,0.24090626476041901,0.6638655462184874,0.33613445378151263
2019-10-09,476,325,151,0.1015839179692206,0.11676091261707595,0.22623565470669046,0.6827731092436975,0.3172268907563025
2019-10-10,476,335,141,0.11480817337853526,0.12815021137706115,0.2270206365008963,0.7037815126050421,0.296218487394958
2019-10-11,476,355,121,0.15142881461112237,0.16312377255294086,0.23739524815175925,0.7457983193277311,0.2542016806722689
2019-10-14,476,371,105,0.1742354854089748,0.18386447737852196,0.2354024642057976,0.7794117647058824,0.22058823529411764
2019-10-15,476,365,111,0.16231027637324838,0.16502290403652042,0.22916336783214253,0.7668067226890757,0.23319327731092437
2019-10-16,476,365,111,0.16840205180471554,0.1722864710054302,0.2384050889663898,0.7668067226890757,0.23319327731092437
2019-10-17,476,346,130,0.1426685964573577,0.1522120868870409,0.2326255892690952,0.726890756302521,0.27310924369747897
2019-10-18,476,347,129,0.14342496140313546,0.1524505932513221,0.2341994446063037,0.7289915966386554,0.2710084033613445
2019-10-21,476,354,122,0.15389934585786857,0.15898156700625404,0.23496701276713008,0.7436974789915967,0.25630252100840334
2019-10-22,476,361,115,0.15821983050553406,0.15541806075688208,0.2367700021935898,0.7584033613445378,0.2415966386554622
2019-10-23,476,362,114,0.15556241224108744,0.1594015851297071,0.23760396302546857,0.7605042016806722,0.23949579831932774
2019-10-24,476,368,108,0.16988829491361096,0.1738053518217329,0.2364214127096245,0.773109243697479,0.226890756302521
2019-10-25,476,389,87,0.2020066977992273,0.20514495567962804,0.24435229078593976,0.8172268907563025,0.18277310924369747
2019-10-28,476,380,96,0.17760814387200016,0.18304941610778055,0.2330922015504371,0.7983193277310925,0.20168067226890757
2019-10-29,476,387,89,0.2015035255858193,0.21012532318159,0.24030485826096684,0.8130252100840336,0.1869747899159664
2019-10-30,476,378,97,0.18855271909392898,0.1950800365757983,0.24253007077497526,0.7941176470588235,0.20378151260504201
2019-10-31,476,352,124,0.1451868118990435,0.1509869571721743,0.23186803988068214,0.7394957983193278,0.2605042016806723
2019-11-01,476,350,126,0.14244103853839726,0.14357638369699322,0.23237481352714806,0.7352941176470589,0.2647058823529412
2019-11-04,476,347,129,0.1387445259763579,0.14138665607006645,0.23203802154940162,0.7289915966386554,0.2710084033613445
2019-11-05,476,347,129,0.13680201185207738,0.14183111605483995,0.23084850025945391,0.7289915966386554,0.2710084033613445
2019-11-06,476,334,142,0.11200381892863755,0.11304986837207734,0.23079298198747963,0.7016806722689075,0.29831932773109243
2019-11-07,476,331,144,0.11437958007707491,0.1142574660104988,0.23313048766193506,0.6953781512605042,0.3025210084033613
2019-11-08,476,321,155,0.10142635652448999,0.10063378387166305,0.2292503200113845,0.6743697478991597,0.32563025210084034
2019-11-11,476,339,137,0.11752365054047184,0.1190397184752388,0.22586241241682586,0.7121848739495799,0.28781512605042014
2019-11-12,476,344,132,0.12462004570308713,0.12830258110715564,0.22603240582289016,0.7226890756302521,0.2773109243697479
2019-11-13,476,370,106,0.155675693240359,0.1539322803903167,0.23419770753344846,0.7773109243697479,0.22268907563025211
2019-11-14,476,373,103,0.15122188806933795,0.14879897000582615,0.2286735316673794,0.7836134453781513,0.21638655462184875
2019-11-15,476,380,96,0.16279918585971714,0.16156484858413955,0.2286494780033735,0.7983193277310925,0.20168067226890757
2019-11-18,476,370,106,0.15030410971385855,0.15015713181043422,0.22481396878269697,0.7773109243697479,0.22268907563025211
2019-11-19,476,376,100,0.15338815977436424,0.15210231446306574,0.2239154279732875,0.7899159663865546,0.21008403361344538
2019-11-20,476,386,90,0.16910705608550428,0.168281909278535,0.22413103743346952,0.8109243697478992,0.18907563025210083
2019-11-21,476,396,80,0.18955614812325278,0.19112884448296658,0.2224067574557035,0.8319327731092437,0.16806722689075632
2019-11-22,476,393,83,0.18634673496704263,0.1922944756191764,0.22531036423922934,0.8256302521008403,0.17436974789915966
2019-11-25,476,395,81,0.1927090251380544,0.19235364811629735,0.22467044845623052,0.8298319327731093,0.17016806722689076
2019-11-26,476,392,84,0.1796797485046198,0.17908183063145383,0.22288607686124834,0.8235294117647058,0.17647058823529413
2019-11-27,476,391,85,0.18305435831771544,0.18179719334282515,0.22183728322724083,0.8214285714285714,0.17857142857142858
2019-11-29,476,376,100,0.16140390441949726,0.16212568742268912,0.21808150086563488,0.7899159663865546,0.21008403361344538
2019-12-02,476,374,102,0.15778208306890062,0.15793001767660042,0.21837407757122407,0.7857142857142857,0.21428571428571427
2019-12-03,476,382,94,0.16279414425659078,0.16261237664692868,0.2181910416854896,0.8025210084033614,0.19747899159663865
2019-12-04,476,380,96,0.15278006893577514,0.1507442845840172,0.20869088774727618,0.7983193277310925,0.20168067226890757
2019-12-05,476,396,80,0.1911739123124992,0.18578830840903277,0.22068574998427842,0.8319327731092437,0.16806722689075632
2019-12-06,476,397,79,0.19209861795994373,0.18137733130505912,0.22300798355983692,0.8340336134453782,0.16596638655462184
2019-12-09,477,411,66,0.2217143958495541,0.2086351398662655,0.2317404266542488,0.8616352201257862,0.13836477987421383
2019-12-10,477,414,63,0.22534148881469732,0.2083243870423854,0.23394057260338366,0.8679245283018868,0.1320754716981132
2019-12-11,477,411,66,0.22681660932651931,0.2130745337096633,0.23962082233777562,0.8616352201257862,0.13836477987421383
2019-12-12,477,406,71,0.22026026077934116,0.2073917283918627,0.23725584304301406,0.8511530398322851,0.1488469601677149
2019-12-13,477,408,69,0.22562423857904848,0.2142854983544773,0.24353038153841497,0.8553459119496856,0.14465408805031446
2019-12-16,477,417,60,0.246634365383409,0.234536528490928,0.24981705464300014,0.8742138364779874,0.12578616352201258
2019-12-17,477,430,47,0.2836735600263655,0.2703520648698667,0.2569666763544629,0.9014675052410901,0.09853249475890985
2019-12-18,477,430,47,0.28287211048233096,0.2714564638263594,0.2541030085533397,0.9014675052410901,0.09853249475890985
2019-12-19,477,434,43,0.3040693364320312,0.2924500619204015,0.26440861760967493,0.909853249475891,0.09014675052410902
2019-12-20,477,440,37,0.3214502861254251,0.2987573631588525,0.27149735580465995,0.9224318658280922,0.07756813417190776
2019-12-23,477,442,35,0.3401059217167859,0.3198525901456852,0.27453669208998865,0.9266247379454927,0.07337526205450734
2019-12-24,477,449,28,0.3796158719889197,0.3588894404323066,0.2744894477568007,0.9412997903563941,0.05870020964360587
2019-12-26,477,445,32,0.33177225200481303,0.3092633538875271,0.263522267622916,0.9329140461215933,0.06708595387840671
2019-12-27,477,443,34,0.3235322637273849,0.2995884151003902,0.2652831058832041,0.9287211740041929,0.07127882599580712
2019-12-30,477,444,33,0.3301162717176952,0.3060565897588221,0.2674276983467935,0.9308176100628931,0.06918238993710692
2019-12-31,477,439,38,0.31087300467248574,0.2894166176045258,0.26119781721305724,0.9203354297693921,0.07966457023060797
2020-01-02,477,439,38,0.30060301681835033,0.286981989012258,0.2529735162093129,0.9203354297693921,0.07966457023060797
2020-01-03,477,439,38,0.32148655450645786,0.2980050276106489,0.2681318704884437,0.9203354297693921,0.07966457023060797
2020-01-06,477,433,44,0.28661109743734703,0.2704130044638513,0.25574868459390554,0.9077568134171907,0.09224318658280922
2020-01-07,477,425,52,0.2761265662999035,0.2685924283302343,0.24722058289597001,0.8909853249475891,0.1090146750524109
2020-01-08,477,426,51,0.27134910531299905,0.2666394440574939,0.24362923808099873,0.8930817610062893,0.1069182389937107
2020-01-09,477,424,53,0.2594311053731089,0.2502188154579792,0.23768435147735784,0.8888888888888888,0.1111111111111111
2020-01-10,477,423,54,0.24999681832333842,0.2433638254813412,0.2399862979651556,0.8867924528301887,0.11320754716981132
2020-01-13,477,421,56,0.25234034056043064,0.2418210300358507,0.24130940949591806,0.8825995807127882,0.11740041928721175
2020-01-14,477,428,49,0.2708324397318474,0.2604006660273346,0.24070030861452804,0.8972746331236897,0.10272536687631027
2020-01-15,477,422,55,0.2606175194747151,0.2512928338636764,0.2409485883183402,0.8846960167714885,0.11530398322851153
2020-01-16,477,426,51,0.266236819827697,0.2524783543463647,0.24515210302565807,0.8930817610062893,0.1069182389937107
2020-01-17,477,422,55,0.2564037838620426,0.2433432078542514,0.24406709632690815,0.8846960167714885,0.11530398322851153
2020-01-21,477,417,60,0.23829274029294398,0.2288365722641183,0.23629596854148363,0.8742138364779874,0.12578616352201258
2020-01-22,477,426,51,0.26046858068489115,0.2474292624659357,0.24557439666205624,0.8930817610062893,0.1069182389937107
2020-01-23,477,426,51,0.26802358771933327,0.2537356997621223,0.2479428955055955,0.8930817610062893,0.1069182389937107
2020-01-24,477,424,53,0.25844736913693395,0.2473730753369536,0.23581308386851751,0.8888888888888888,0.1111111111111111
2020-01-27,477,421,56,0.246589852221899,0.2332796723922889,0.23189598019674718,0.8825995807127882,0.11740041928721175
2020-01-28,477,422,55,0.2562830891022554,0.2433983828882726,0.23723060100482202,0.8846960167714885,0.11530398322851153
2020-01-29,477,421,56,0.25407491796905096,0.2428930653475725,0.24333474647243786,0.8825995807127882,0.11740041928721175
2020-01-30,477,416,61,0.23294453209390129,0.2218119346701466,0.23123574274708736,0.8721174004192872,0.1278825995807128
2020-01-31,477,413,64,0.2251345871049697,0.2165667688107015,0.22521430995853584,0.8658280922431866,0.13417190775681342
2020-02-03,477,412,65,0.22750514556816495,0.2115540864148626,0.2314667353832551,0.8637316561844863,0.13626834381551362
2020-02-04,477,405,72,0.21338914671308573,0.1999861674316982,0.22640762107039805,0.8490566037735849,0.1509433962264151
2020-02-05,477,407,70,0.2088073027786034,0.1963786271583552,0.22538239462069565,0.8532494758909853,0.14675052410901468
2020-02-06,477,404,73,0.20912330001114646,0.2000612173350864,0.22808970804179127,0.8469601677148847,0.1530398322851153
2020-02-07,477,409,68,0.22047431853297988,0.2041049119558939,0.23079444394380194,0.8574423480083857,0.14255765199161424
2020-02-10,477,411,66,0.22487411969625504,0.2095878265064279,0.23308536900914514,0.8616352201257862,0.13836477987421383
2020-02-11,477,403,74,0.2187975187589367,0.2055330126700618,0.23318532430608663,0.8448637316561844,0.15513626834381553
2020-02-12,477,401,76,0.21413391197941425,0.2059918748987708,0.23272816940203833,0.8406708595387841,0.15932914046121593
2020-02-13,477,396,81,0.2093001517863177,0.2007583194893123,0.22863562371942678,0.8301886792452831,0.16981132075471697
2020-02-14,477,404,73,0.21284539346748185,0.2037970867489567,0.22709767319944021,0.8469601677148847,0.1530398322851153
2020-02-18,477,400,77,0.20999984153362983,0.1962174112487309,0.2270125306634886,0.8385744234800838,0.16142557651991615
2020-02-19,477,397,80,0.2097699313858469,0.2033234684896683,0.22774860335911903,0.8322851153039832,0.16771488469601678
2020-02-20,477,392,85,0.20316163037763965,0.1938132155613312,0.23327190059224417,0.8218029350104822,0.17819706498951782
2020-02-21,477,394,83,0.20747569917058914,0.1924344813603,0.2388085975088402,0.8259958071278826,0.1740041928721174
2020-02-24,477,395,82,0.20164909237857423,0.1932673498809969,0.23207681919154446,0.8280922431865828,0.1719077568134172
2020-02-25,477,386,91,0.19059237973571208,0.184700202980929,0.23039625121324186,0.8092243186582809,0.19077568134171907
2020-02-26,477,377,100,0.17606849621191867,0.1722180159348147,0.2305449939014122,0.790356394129979,0.20964360587002095
2020-02-27,477,387,90,0.187453306610614,0.1791468786256027,0.2347046258233915,0.8113207547169812,0.18867924528301888
2020-02-28,477,383,94,0.1858650643209008,0.178136450992508,0.23212100779290254,0.8029350104821803,0.1970649895178197
2020-03-02,477,378,99,0.18210665622675998,0.1782327916769988,0.2339743583055266,0.7924528301886793,0.20754716981132076
2020-03-03,477,377,99,0.1667321716331955,0.1584633867826432,0.23161185758850464,0.790356394129979,0.20754716981132076
2020-03-04,477,380,97,0.17945206719822504,0.164648154843169,0.24254198691189274,0.7966457023060797,0.20335429769392033
2020-03-05,477,392,85,0.20778602830475482,0.1887016709495719,0.25553967076932016,0.8218029350104822,0.17819706498951782
2020-03-06,477,403,74,0.22745709185916083,0.2119395999358364,0.24310707135375378,0.8448637316561844,0.15513626834381553
2020-03-09,477,406,71,0.23111075852513074,0.214621790599123,0.24482419313375406,0.8511530398322851,0.1488469601677149
2020-03-10,477,393,84,0.20522701457308531,0.1892313195188517,0.23910674485489591,0.8238993710691824,0.1761006289308176
2020-03-11,478,391,87,0.21010895577689578,0.19508455320587645,0.24664760849760292,0.8179916317991632,0.18200836820083682
2020-03-12,479,393,86,0.2094101622238067,0.1889042277659005,0.2472242817174334,0.8204592901878914,0.17954070981210857
2020-03-13,479,396,83,0.21801627802493395,0.2008403193833381,0.24932779849114536,0.826722338204593,0.1732776617954071
2020-03-16,479,396,83,0.21360487572009335,0.1983488532052253,0.25427875622594653,0.826722338204593,0.1732776617954071
2020-03-17,479,395,84,0.211887537790485,0.1912647674123251,0.25827685945355283,0.824634655532359,0.17536534446764093
2020-03-18,479,390,89,0.2109432532758101,0.1937057456291993,0.2604937735375319,0.81419624217119,0.18580375782881003
2020-03-19,480,399,81,0.22352497915137212,0.2048858599529947,0.2688078785031413,0.83125,0.16875
2020-03-20,480,391,89,0.20662345597004103,0.1893647936116036,0.2593150425653076,0.8145833333333333,0.18541666666666667
2020-03-23,480,400,80,0.21948414111174805,0.20221137601630707,0.26216234445660225,0.8333333333333334,0.16666666666666666
2020-03-24,480,389,91,0.18384041609777357,0.17083033069505843,0.25688253289618,0.8104166666666667,0.18958333333333333
2020-03-25,480,358,122,0.13767922889273806,0.12300990500800629,0.24870470312910495,0.7458333333333333,0.25416666666666665
2020-03-26,480,354,126,0.1329304487511669,0.11992534033024065,0.25123202161969355,0.7375,0.2625
2020-03-27,480,316,163,0.08194284894332811,0.0651357636637873,0.23523690244993206,0.6583333333333333,0.33958333333333335
2020-03-30,480,286,194,0.05984556392844606,0.0413789270818212,0.22921357462437258,0.5958333333333333,0.4041666666666667
2020-03-31,480,324,156,0.08996588574322545,0.07629374503031924,0.24427610069574948,0.675,0.325
2020-04-01,480,295,185,0.06569825396874852,0.050913261542941804,0.24361531187913268,0.6145833333333334,0.3854166666666667
2020-04-02,480,322,158,0.10372088255837203,0.08565243530984884,0.25544390052590454,0.6708333333333333,0.32916666666666666
2020-04-03,480,289,191,0.06622412004961344,0.050090730018312796,0.2589883803431674,0.6020833333333333,0.39791666666666664
2020-04-06,480,268,212,0.038070007039491295,0.0289323476394958,0.25379006570457713,0.5583333333333333,0.44166666666666665
2020-04-07,480,200,280,-0.04783208607568621,-0.04615428172890415,0.2529044009598108,0.4166666666666667,0.5833333333333334
2020-04-08,480,237,243,0.0025844217255176424,-0.00141446793286455,0.26055055138067695,0.49375,0.50625
2020-04-09,480,200,280,-0.055486571063456135,-0.0530227312829009,0.25423999585733853,0.4166666666666667,0.5833333333333334
2020-04-13,480,122,358,-0.15095517749053905,-0.1394132152040028,0.24268728331855888,0.25416666666666665,0.7458333333333333
2020-04-14,480,165,315,-0.09053787335708417,-0.10029126796024329,0.25432604402362596,0.34375,0.65625
2020-04-15,480,88,392,-0.20318031565902847,-0.20612319556502073,0.2336720469503109,0.18333333333333332,0.8166666666666667
2020-04-16,480,134,346,-0.15644742417525492,-0.1608585949364579,0.26553285815301414,0.2791666666666667,0.7208333333333333
2020-04-17,480,107,373,-0.20815953487672695,-0.21972303612570004,0.2750853938574071,0.22291666666666668,0.7770833333333333
2020-04-20,480,94,386,-0.20154998425694642,-0.20685026440335735,0.2556387696527579,0.19583333333333333,0.8041666666666667
2020-04-21,480,64,416,-0.23484176781536834,-0.2426705405065738,0.23740163681202567,0.13333333333333333,0.8666666666666667
2020-04-22,480,52,428,-0.2677844106516281,-0.28902652478860524,0.2323587476281194,0.10833333333333334,0.8916666666666667
2020-04-23,480,84,396,-0.192207196463828,-0.2038238298943043,0.24200958920587923,0.175,0.825
2020-04-24,480,95,385,-0.16809549525238202,-0.17105617603717926,0.2371975309450158,0.19791666666666666,0.8020833333333334
2020-04-27,480,130,350,-0.12145293665835859,-0.12798914851187834,0.2524983486255288,0.2708333333333333,0.7291666666666666
2020-04-28,480,122,358,-0.14902921971379282,-0.14988591934945686,0.25468109435034747,0.25416666666666665,0.7458333333333333
2020-04-29,480,137,343,-0.12906057077465086,-0.1373494666870106,0.2672872735356561,0.28541666666666665,0.7145833333333333
2020-04-30,480,127,353,-0.1368162430649328,-0.14410046266585955,0.2636465512952585,0.26458333333333334,0.7354166666666667
2020-05-01,480,101,379,-0.18057771735553757,-0.1852279309189618,0.2556527487053742,0.21041666666666667,0.7895833333333333
2020-05-04,480,106,374,-0.17556970998233654,-0.17974881433326945,0.26022320259336246,0.22083333333333333,0.7791666666666667
2020-05-05,480,99,381,-0.18717483586402134,-0.1964541527298933,0.2579808250140091,0.20625,0.79375
2020-05-06,480,158,322,-0.10997312862195392,-0.1153014630647889,0.27239230692057065,0.32916666666666666,0.6708333333333333
2020-05-07,480,155,325,-0.10525295879901926,-0.11279227662720885,0.2619155479560019,0.3229166666666667,0.6770833333333334
2020-05-08,480,187,293,-0.06666773679676312,-0.0746520909995311,0.2653864670166886,0.38958333333333334,0.6104166666666667
2020-05-11,481,197,284,-0.050155156366198626,-0.0581213835395426,0.2674610067828915,0.4095634095634096,0.5904365904365905
2020-05-12,481,198,283,-0.04518644203552005,-0.0594324378382714,0.28015176852000584,0.41164241164241167,0.5883575883575883
2020-05-13,481,208,273,-0.027909227106376357,-0.045468786820301,0.2939322481882175,0.43243243243243246,0.5675675675675675
2020-05-14,481,188,293,-0.0604981272528362,-0.0706664960389538,0.2986283387008081,0.3908523908523909,0.6091476091476091
2020-05-15,481,186,295,-0.06378209831017805,-0.0795648845730037,0.31625704691862444,0.3866943866943867,0.6133056133056133
2020-05-18,481,215,266,-0.023318440265118312,-0.0369405574812702,0.32035011930131096,0.446985446985447,0.553014553014553
2020-05-19,481,210,271,-0.03578092725561382,-0.0512749546670731,0.3268291845251224,0.4365904365904366,0.5634095634095634
2020-05-20,481,167,314,-0.07595494862952847,-0.0927560600628744,0.3095234981654708,0.3471933471933472,0.6528066528066528
2020-05-21,481,194,287,-0.05281415617679925,-0.0639156390568169,0.3250912289704066,0.40332640332640335,0.5966735966735967
2020-05-22,481,193,288,-0.041386507525828606,-0.05492586211861,0.32208010752694344,0.40124740124740127,0.5987525987525988
2020-05-26,482,209,273,-0.02895881868125695,-0.0416310531398233,0.32972586452443536,0.4336099585062241,0.5663900414937759
2020-05-27,482,236,246,0.0039178995535707915,-0.01094499885645275,0.33451077490358283,0.4896265560165975,0.5103734439834025
2020-05-28,482,245,237,0.015013043624329888,0.0034689081900418,0.3218293969307895,0.508298755186722,0.491701244813278
2020-05-29,482,264,218,0.03925137130858567,0.0238783056691177,0.3215834366296242,0.5477178423236515,0.45228215767634855
2020-06-01,482,248,234,0.027290879201670584,0.0115249932152309,0.32270735466407663,0.5145228215767634,0.4854771784232365
2020-06-02,482,215,267,-0.0069643415672234555,-0.018186139090552403,0.3223103292706308,0.4460580912863071,0.553941908713693
2020-06-03,482,203,279,-0.025750691230522378,-0.048199371033771005,0.3217555722830721,0.4211618257261411,0.578838174273859
2020-06-04,482,203,279,-0.022714885334378838,-0.04243437525411535,0.3335293832152445,0.4211618257261411,0.578838174273859
2020-06-05,482,194,288,-0.03727701548269059,-0.052981886825294755,0.33583287648245846,0.4024896265560166,0.5975103734439834
2020-06-08,482,199,283,-0.028676691625060292,-0.05154934634559895,0.33752146169249075,0.41286307053941906,0.5871369294605809
2020-06-09,482,210,271,-0.010550353830490453,-0.03201358804835085,0.34137130283378386,0.43568464730290457,0.5622406639004149
2020-06-10,482,208,274,-0.012740852421385285,-0.03806578102934085,0.35888831374914754,0.4315352697095436,0.5684647302904564
2020-06-11,483,193,290,-0.03534103287822408,-0.0564184998823981,0.35021730868106593,0.3995859213250518,0.6004140786749482
2020-06-12,483,174,309,-0.062170034478900134,-0.0776064786033663,0.3529390920368199,0.36024844720496896,0.639751552795031
2020-06-15,483,184,299,-0.046576210453439244,-0.069729915982216,0.35866161965120696,0.38095238095238093,0.6190476190476191
2020-06-16,483,188,295,-0.044078076945379956,-0.0715647577437902,0.35866067278443353,0.38923395445134573,0.6107660455486542
2020-06-17,483,210,273,-0.011996411590748138,-0.0357726408381833,0.3653714223372681,0.43478260869565216,0.5652173913043478
2020-06-18,483,196,287,-0.028503584137302862,-0.0552506999134008,0.3527545136652213,0.4057971014492754,0.5942028985507246
2020-06-19,483,200,283,-0.02001085736756328,-0.0498014771961242,0.3582786072790385,0.4140786749482402,0.5859213250517599
2020-06-22,483,194,289,-0.023349479426250923,-0.051347625762558,0.34958460863813273,0.40165631469979296,0.598343685300207
2020-06-23,483,205,278,-0.01613019195062428,-0.0486386652109716,0.3611196936112096,0.4244306418219462,0.5755693581780539
2020-06-24,483,223,260,0.012052839578648738,-0.0288361779138192,0.3383004575428435,0.4616977225672878,0.5383022774327122
2020-06-25,483,246,237,0.03267103689570468,0.0059130571993997,0.3248330109294879,0.5093167701863354,0.4906832298136646
2020-06-26,483,246,237,0.020961042909113842,0.0049959670678489,0.32541794401477653,0.5093167701863354,0.4906832298136646
2020-06-29,483,240,243,0.019262586722939155,-0.0017190976148122,0.3441439314268049,0.4968944099378882,0.5031055900621118
2020-06-30,483,242,241,0.018933296152451793,3.076931269929695e-05,0.34254606422709655,0.5010351966873706,0.4989648033126294
2020-07-01,483,248,235,0.029036070066606207,0.0086052963293581,0.34034091703972297,0.5134575569358178,0.4865424430641822
2020-07-02,483,253,230,0.039850996009779545,0.0116641566497173,0.3238556786411151,0.5238095238095238,0.47619047619047616
2020-07-06,483,253,230,0.03984405003760508,0.0069689653149687,0.3180403756403034,0.5238095238095238,0.47619047619047616
2020-07-07,483,281,202,0.0752953440319511,0.0428833515873829,0.3195798077561332,0.5817805383022774,0.41821946169772256
2020-07-08,483,288,195,0.0897580680781933,0.0569108001435887,0.3132427208372702,0.5962732919254659,0.40372670807453415
2020-07-09,483,267,216,0.06837491706037688,0.0351679972042595,0.31778855470177686,0.5527950310559007,0.4472049689440994
2020-07-10,483,259,224,0.05427667498568849,0.0189037844376966,0.3396478067256085,0.5362318840579711,0.463768115942029
2020-07-13,483,210,273,-0.017645470387318216,-0.0459391136608843,0.33136670351088304,0.43478260869565216,0.5652173913043478
2020-07-14,483,218,265,-0.0022543073410806512,-0.0383257743804427,0.3235989852621911,0.45134575569358176,0.5486542443064182
2020-07-15,483,223,260,0.014179139250265366,-0.0293264788023076,0.3436279377164285,0.4616977225672878,0.5383022774327122
2020-07-16,483,238,245,0.03815746513401429,-0.0069725840110241,0.3393853385388161,0.4927536231884058,0.5072463768115942
2020-07-17,483,234,249,0.02892783491699627,-0.0133207125249066,0.3426732565455777,0.484472049689441,0.515527950310559
2020-07-20,483,234,249,0.034211332726167214,-0.0173631590975161,0.347882753685045,0.484472049689441,0.515527950310559
2020-07-21,483,229,254,0.02566716332954943,-0.0220981880616475,0.3556835779355935,0.474120082815735,0.525879917184265
2020-07-22,483,227,256,0.020962495171500395,-0.0218759029362002,0.3569522297003387,0.4699792960662526,0.5300207039337475
2020-07-23,483,222,261,0.01271741230716052,-0.0281654306470966,0.3427398421112194,0.45962732919254656,0.5403726708074534
2020-07-24,483,205,277,-0.009502739387103774,-0.0470655037037771,0.3610052455249791,0.4244306418219462,0.5734989648033126
2020-07-27,483,209,274,-0.005287081064955348,-0.0447685089384897,0.35560864892721444,0.432712215320911,0.567287784679089
2020-07-28,483,191,292,-0.0223044421890462,-0.0616686843403181,0.35243513463261505,0.39544513457556935,0.6045548654244306
2020-07-29,483,204,279,-0.006558296473003047,-0.0454324270025108,0.3549665288622061,0.422360248447205,0.577639751552795
2020-07-30,483,227,256,0.020035832356470808,-0.0197016623599477,0.37500491733385255,0.4699792960662526,0.5300207039337475
2020-07-31,483,233,250,0.03013994942086058,-0.0138275878445051,0.38110311549828213,0.4824016563146998,0.5175983436853002
2020-08-03,483,243,240,0.04577330178916363,0.000729107713562,0.39166911023229123,0.5031055900621118,0.4968944099378882
2020-08-04,483,266,217,0.09116044960783544,0.0418054836418784,0.4271670091353522,0.5507246376811594,0.4492753623188406
2020-08-05,483,250,233,0.0635903820153793,0.0161014364055285,0.4293602408309809,0.5175983436853002,0.4824016563146998
2020-08-06,483,251,232,0.06684400425410666,0.0153938457827875,0.426698671704127,0.5196687370600414,0.4803312629399586
2020-08-07,483,238,245,0.03532701994295453,-0.0100791743486915,0.42726157479248605,0.4927536231884058,0.5072463768115942
2020-08-10,483,244,239,0.055410050933416964,0.0053568454663157,0.43702068721657517,0.505175983436853,0.494824016563147
2020-08-11,483,247,236,0.06151089279772967,0.0101993116324408,0.44474563241090537,0.5113871635610766,0.4886128364389234
2020-08-12,483,252,231,0.06519712899398179,0.0192820655050633,0.44507550498929555,0.5217391304347826,0.4782608695652174
2020-08-13,483,283,200,0.11744874328982864,0.0651441333570483,0.47466374215706275,0.5859213250517599,0.4140786749482402
2020-08-14,483,282,201,0.11405168622517475,0.0661380085541145,0.4757259257133115,0.5838509316770186,0.4161490683229814
2020-08-17,483,277,206,0.10358965325257745,0.0571208317836455,0.4903036358322569,0.5734989648033126,0.42650103519668736
2020-08-18,483,268,215,0.09095874883701473,0.0403107921475569,0.4832958143388522,0.5548654244306418,0.4451345755693582
2020-08-19,483,279,204,0.10279865300315813,0.0580817175591874,0.45966688528861677,0.577639751552795,0.422360248447205
2020-08-20,483,279,204,0.10202916676125964,0.0583465992614589,0.46676974061238447,0.577639751552795,0.422360248447205
2020-08-21,483,279,204,0.09589389261425876,0.0562082154579028,0.44149595344979514,0.577639751552795,0.422360248447205
2020-08-24,483,291,192,0.11585096496751002,0.0744903499108249,0.4427622814352205,0.6024844720496895,0.39751552795031053
2020-08-25,483,292,191,0.11536348975660457,0.0768427581358712,0.46272613821674613,0.6045548654244306,0.39544513457556935
2020-08-26,483,287,196,0.1121237390775811,0.0755265722487505,0.45710771265987515,0.5942028985507246,0.4057971014492754
2020-08-27,483,288,195,0.12287561398058415,0.0836719840225945,0.4581386764071899,0.5962732919254659,0.40372670807453415
2020-08-28,483,277,206,0.10190190349591195,0.0629225225228153,0.448459411532213,0.5734989648033126,0.42650103519668736
2020-08-31,483,276,207,0.09984156476604031,0.0576169181159413,0.4364245427500643,0.5714285714285714,0.42857142857142855
2020-09-01,483,280,203,0.11650454059599182,0.0652432170411099,0.46307623404523685,0.5797101449275363,0.42028985507246375
2020-09-02,483,279,204,0.10993968088186745,0.057374797289122,0.4624913950140093,0.577639751552795,0.422360248447205
2020-09-03,483,277,206,0.10109282357782155,0.0439306101991843,0.4492047729787469,0.5734989648033126,0.42650103519668736
2020-09-04,483,276,207,0.10140342638966987,0.0452390837318954,0.45414125412215606,0.5714285714285714,0.42857142857142855
2020-09-08,483,281,202,0.10835355488402994,0.0542790827864223,0.4469766192818528,0.5817805383022774,0.41821946169772256
2020-09-09,483,287,196,0.11099331850064931,0.0595675094002976,0.4266650287423552,0.5942028985507246,0.4057971014492754
2020-09-10,483,283,200,0.09708699955322665,0.051304475642472,0.4073820345086953,0.5859213250517599,0.4140786749482402
2020-09-11,483,285,198,0.10708005285942727,0.059534863041879,0.43318696416983254,0.5900621118012422,0.40993788819875776
2020-09-14,483,284,199,0.10590871870355072,0.0543277663014238,0.4448027951195374,0.587991718426501,0.41200828157349895
2020-09-15,483,290,193,0.10580956624949424,0.0613675868045331,0.44624570507241196,0.6004140786749482,0.3995859213250518
2020-09-16,483,285,198,0.10713200791706783,0.0644746050492985,0.4698046824912767,0.5900621118012422,0.40993788819875776
2020-09-17,483,281,202,0.10644861764371048,0.0573396893141988,0.4786352387562033,0.5817805383022774,0.41821946169772256
2020-09-18,484,279,205,0.1057768998486004,0.05646623420392745,0.47701620248340654,0.5764462809917356,0.42355371900826444
2020-09-21,484,280,204,0.10846000947590079,0.05071138490139,0.5037388040102596,0.5785123966942148,0.4214876033057851
2020-09-22,484,280,204,0.10846457098180569,0.052719525302683895,0.5108069842889769,0.5785123966942148,0.4214876033057851
2020-09-23,484,288,196,0.129982361271557,0.06919458377371995,0.5258183461116335,0.5950413223140496,0.4049586776859504
2020-09-24,484,285,199,0.12399572922495432,0.060704078763484,0.52321366231674,0.5888429752066116,0.41115702479338845
2020-09-25,484,288,196,0.13154287470147852,0.0689313583745838,0.5400167269932389,0.5950413223140496,0.4049586776859504
2020-09-28,484,295,189,0.14377622566041354,0.0772439925848048,0.5515676214439806,0.609504132231405,0.390495867768595
2020-09-29,484,293,191,0.14626603186266407,0.07871383229059585,0.5469504509121836,0.6053719008264463,0.39462809917355374
2020-09-30,484,298,186,0.1600594108633997,0.0915074111659699,0.5869802402093758,0.6157024793388429,0.384297520661157
2020-10-01,484,309,175,0.1868788854089448,0.11347643851977225,0.5858670392108759,0.6384297520661157,0.3615702479338843
2020-10-02,484,313,171,0.19627828467640154,0.1343703750710998,0.5735691817674272,0.6466942148760331,0.35330578512396693
2020-10-05,484,304,180,0.14346168939936144,0.10316515141854721,0.5200521407195565,0.628099173553719,0.371900826446281
2020-10-06,484,304,180,0.14040296389523654,0.09846178353155094,0.5088313123049097,0.628099173553719,0.371900826446281
2020-10-07,484,306,178,0.13120306595260942,0.09314105465109801,0.4454213320485981,0.6322314049586777,0.3677685950413223
2020-10-08,484,303,181,0.14130967382747212,0.1041499086752293,0.47425794718255265,0.6260330578512396,0.3739669421487603
2020-10-09,484,295,189,0.1194634712575347,0.09365485520822485,0.47279249841299453,0.609504132231405,0.390495867768595
2020-10-12,484,289,195,0.10822583803118442,0.08430487272083151,0.46570913243167,0.5971074380165289,0.40289256198347106
2020-10-13,484,300,184,0.13030048376445674,0.10006389889179376,0.4925373557586014,0.6198347107438017,0.38016528925619836
2020-10-14,484,300,184,0.12592553602615206,0.09612261166739114,0.513485975983973,0.6198347107438017,0.38016528925619836
2020-10-15,484,303,181,0.13192095225927408,0.09562134395594565,0.5073150434891224,0.6260330578512396,0.3739669421487603
2020-10-16,484,297,187,0.11817180330347171,0.09431154579962739,0.4853391541395814,0.6136363636363636,0.38636363636363635
2020-10-19,484,291,193,0.11212670025360821,0.07680613261118566,0.5083756484896043,0.6012396694214877,0.3987603305785124
2020-10-20,484,273,211,0.08677337503668874,0.0446080179931729,0.522559087174274,0.5640495867768595,0.4359504132231405
2020-10-21,484,276,208,0.09936763445505782,0.0518497161689284,0.5213053724186469,0.5702479338842975,0.4297520661157025
2020-10-22,484,261,223,0.07055193842916949,0.026433417488765702,0.4860329612671042,0.5392561983471075,0.4607438016528926
2020-10-23,484,259,225,0.06487597661646004,0.02345462183652705,0.4477674896513624,0.5351239669421488,0.46487603305785125
2020-10-26,484,268,216,0.07643423321882974,0.03175498993310675,0.4473915336034285,0.5537190082644629,0.4462809917355372
2020-10-27,484,276,208,0.09327941837588385,0.0436627686682868,0.45732629207499875,0.5702479338842975,0.4297520661157025
2020-10-28,484,263,221,0.08552725069448835,0.033371133862536345,0.46463483081763696,0.5433884297520661,0.45661157024793386
2020-10-29,484,270,214,0.08976519303126,0.0417568556757119,0.4686731930793592,0.5578512396694215,0.44214876033057854
2020-10-30,484,270,214,0.10337641631541743,0.052753000250169296,0.48810962662207213,0.5578512396694215,0.44214876033057854
2020-11-02,484,272,212,0.09088958169114629,0.049100609935793446,0.4662047023147279,0.5619834710743802,0.4380165289256198
2020-11-03,484,282,202,0.10669107538112581,0.061929186212065196,0.4732694186047453,0.5826446280991735,0.41735537190082644
2020-11-04,484,276,207,0.09784090203193167,0.05409785573415845,0.4666381516597604,0.5702479338842975,0.42768595041322316
2020-11-05,484,285,199,0.1166311929016165,0.07111260755164689,0.47723705514202713,0.5888429752066116,0.41115702479338845
2020-11-06,484,295,189,0.12695706870629725,0.08849899607585085,0.46683620473521936,0.609504132231405,0.390495867768595
2020-11-09,484,296,188,0.1287175537741267,0.08754563375529265,0.4713342681209104,0.6115702479338843,0.3884297520661157
2020-11-10,484,299,185,0.13800338994594097,0.09580953355946681,0.4719374293577016,0.6177685950413223,0.3822314049586777
2020-11-11,484,297,187,0.13025500805381227,0.08043245814152594,0.47927166815758376,0.6136363636363636,0.38636363636363635
2020-11-12,484,294,190,0.12399676372465257,0.0754666165604478,0.4723026112770174,0.6074380165289256,0.3925619834710744
2020-11-13,484,297,187,0.12349833636269722,0.07740917169564925,0.4618011535383931,0.6136363636363636,0.38636363636363635
2020-11-16,484,292,192,0.11346918512415154,0.07605542766773404,0.4488423905805456,0.6033057851239669,0.39669421487603307
2020-11-17,484,286,198,0.09935908067229729,0.0633502903089874,0.4410531251298924,0.5909090909090909,0.4090909090909091
2020-11-18,484,287,197,0.10167154330786472,0.06291203449513365,0.4306245883777317,0.5929752066115702,0.40702479338842973
2020-11-19,484,288,196,0.09846829013862526,0.06671323969962825,0.4243040734881997,0.5950413223140496,0.4049586776859504
2020-11-20,484,296,188,0.11111962769202609,0.07920852723540689,0.4218351414918298,0.6115702479338843,0.3884297520661157
2020-11-23,484,297,187,0.11376407285045301,0.0768332984749251,0.4308339510955772,0.6136363636363636,0.38636363636363635
2020-11-24,484,279,205,0.08125552904960753,0.0472858521467174,0.4239703269556719,0.5764462809917356,0.42355371900826444
2020-11-25,484,266,218,0.06795562517144961,0.033074916843419955,0.4327339943000902,0.5495867768595041,0.45041322314049587
2020-11-27,484,240,244,0.031635643557648786,-0.0015884830574366,0.41451728439441404,0.49586776859504134,0.5041322314049587
2020-11-30,484,254,230,0.04706398582313495,0.00671180258361355,0.42133909680750403,0.5247933884297521,0.47520661157024796
2020-12-01,484,257,227,0.04941554555826173,0.01655327959197925,0.4046370711388445,0.53099173553719,0.4690082644628099
2020-12-02,484,272,212,0.07470912601338277,0.03840416871735135,0.40395446017699055,0.5619834710743802,0.4380165289256198
2020-12-03,484,278,206,0.09052032335727948,0.05029134903283765,0.41932586976191,0.5743801652892562,0.4256198347107438
2020-12-04,484,280,204,0.10034580428218708,0.052572494676312004,0.4416981277790953,0.5785123966942148,0.4214876033057851
2020-12-07,484,284,200,0.11701109364500045,0.0637812648591935,0.4583342231496655,0.5867768595041323,0.4132231404958678
2020-12-08,484,288,196,0.12314305537314262,0.0726099012277534,0.47183665251284745,0.5950413223140496,0.4049586776859504
2020-12-09,484,309,175,0.14249891405019904,0.09972016890171245,0.4271264442755904,0.6384297520661157,0.3615702479338843
2020-12-10,484,319,165,0.14113081343406414,0.1034074675948035,0.4048258162809027,0.6590909090909091,0.3409090909090909
2020-12-11,484,312,172,0.13779236707518208,0.09894338707532685,0.42381917273569175,0.6446280991735537,0.35537190082644626
2020-12-14,484,303,181,0.12505052093880123,0.08674178712530065,0.42785539222887575,0.6260330578512396,0.3739669421487603
2020-12-15,484,313,171,0.13616378607351956,0.0983782448834801,0.4121564804242091,0.6466942148760331,0.35330578512396693
2020-12-16,484,328,156,0.15422194956611165,0.11764355492095255,0.420366873049464,0.6776859504132231,0.32231404958677684
2020-12-17,484,325,159,0.150581361535884,0.11059111553955465,0.4222502234689458,0.6714876033057852,0.3285123966942149
2020-12-18,484,313,171,0.1341216260857638,0.0904321794563097,0.4214390441929011,0.6466942148760331,0.35330578512396693
2020-12-21,484,305,179,0.13371833102222735,0.0868296784707964,0.4313000462967672,0.6301652892561983,0.36983471074380164
2020-12-22,484,302,182,0.129790482211752,0.0813813026334263,0.43338486446823327,0.6239669421487604,0.3760330578512397
2020-12-23,484,310,174,0.14240561108511013,0.0931194062176733,0.4425373683672927,0.640495867768595,0.359504132231405
2020-12-24,484,329,155,0.15487739357727895,0.1025309061281004,0.4363583663104353,0.6797520661157025,0.3202479338842975
2020-12-28,484,324,160,0.15393378422484955,0.0977938433451319,0.4619666048151536,0.6694214876033058,0.3305785123966942
2020-12-29,484,321,163,0.16414730750882572,0.10030272968613145,0.503511573896389,0.6632231404958677,0.3367768595041322
2020-12-30,484,311,173,0.1553579601197574,0.0899455723894505,0.5300294633509137,0.6425619834710744,0.3574380165289256
2020-12-31,484,321,163,0.15733429944258537,0.0985566431913943,0.5090798775124538,0.6632231404958677,0.3367768595041322
2021-01-04,484,325,159,0.1617542478732025,0.09005579507214906,0.5019547015418645,0.6714876033057852,0.3285123966942149
2021-01-05,484,328,156,0.16616719244507464,0.0953364189177345,0.5349735323954227,0.6776859504132231,0.32231404958677684
2021-01-06,484,343,141,0.1816760748550267,0.11244891110729946,0.5281456090670335,0.7086776859504132,0.29132231404958675
2021-01-07,484,336,148,0.1747660898119546,0.10433720873088835,0.5416402308161651,0.6942148760330579,0.30578512396694213
2021-01-08,484,327,157,0.17362179735132874,0.10738855502476205,0.5582444648107288,0.6756198347107438,0.3243801652892562
2021-01-11,484,326,158,0.16612340405293924,0.09993376897650649,0.5111356964850419,0.6735537190082644,0.32644628099173556
2021-01-12,484,318,166,0.15463264226158413,0.08966530164606774,0.490060783841249,0.6570247933884298,0.34297520661157027
2021-01-13,484,319,165,0.1504811347642712,0.08865230243721185,0.4914942208387601,0.6590909090909091,0.3409090909090909
2021-01-14,484,305,179,0.143546172964007,0.07697037612409971,0.49893405143306085,0.6301652892561983,0.36983471074380164
2021-01-15,484,308,176,0.14782776091220637,0.08181508014047664,0.4810917269144323,0.6363636363636364,0.36363636363636365
2021-01-19,484,310,174,0.14386878906601316,0.0785173521824995,0.4745346049587976,0.640495867768595,0.359504132231405
2021-01-20,484,317,167,0.15836799939442064,0.09465687920270591,0.4849594349506224,0.6549586776859504,0.3450413223140496
2021-01-21,484,313,171,0.15573291393205885,0.09376609870654325,0.47937559329291096,0.6466942148760331,0.35330578512396693
2021-01-22,484,308,176,0.14683522864337703,0.08459790284302575,0.4762689565085573,0.6363636363636364,0.36363636363636365
2021-01-25,484,315,169,0.15709270895266697,0.09681883238220905,0.47781110046544284,0.6508264462809917,0.34917355371900827
2021-01-26,484,325,159,0.1765720104457724,0.10630052785984184,0.47075083333482876,0.6714876033057852,0.3285123966942149
2021-01-27,484,323,161,0.167795858376838,0.1027194591143635,0.4616351518709135,0.6673553719008265,0.33264462809917356
2021-01-28,484,322,162,0.1696667076941006,0.11639196136453,0.445866549667137,0.6652892561983471,0.3347107438016529
2021-01-29,484,319,165,0.160053309077726,0.10783718750486125,0.43159908492717514,0.6590909090909091,0.3409090909090909
2021-02-01,484,334,150,0.1895189784454933,0.12803313782011316,0.44351600498595845,0.6900826446280992,0.30991735537190085
2021-02-02,484,337,147,0.18572740553768982,0.13692692315671146,0.4136892577610949,0.6962809917355371,0.3037190082644628
2021-02-03,484,316,168,0.1482858717735064,0.11327107633236014,0.39955774701087626,0.6528925619834711,0.34710743801652894
2021-02-04,484,307,177,0.14974937426170315,0.09746617787795936,0.427627269598921,0.6342975206611571,0.365702479338843
2021-02-05,484,323,161,0.17239179561233745,0.126697790241395,0.4352097171107661,0.6673553719008265,0.33264462809917356
2021-02-08,484,335,149,0.19595907054960857,0.14250955175130195,0.4461568899546786,0.6921487603305785,0.30785123966942146
2021-02-09,484,332,152,0.19150443690086924,0.13459503780577295,0.4471585422829261,0.6859504132231405,0.3140495867768595
2021-02-10,484,323,161,0.18239594513237406,0.13117664282331526,0.4482463804362323,0.6673553719008265,0.33264462809917356
2021-02-11,484,328,156,0.1841350399090516,0.131456862139329,0.47584437960834947,0.6776859504132231,0.32231404958677684
2021-02-12,484,325,159,0.18021965024107042,0.1245007570150682,0.46750123096955987,0.6714876033057852,0.3285123966942149
2021-02-16,484,321,163,0.18232024423262366,0.1188268570415056,0.47817681983885585,0.6632231404958677,0.3367768595041322
2021-02-17,484,321,163,0.1763979885264972,0.1158254877726431,0.4651619089501214,0.6632231404958677,0.3367768595041322
2021-02-18,484,323,161,0.1754081235404134,0.11743059754133285,0.450323699947332,0.6673553719008265,0.33264462809917356
2021-02-19,484,327,157,0.1861008186467131,0.1138108406501734,0.4598375480753779,0.6756198347107438,0.3243801652892562
2021-02-22,484,331,153,0.19430948269255818,0.11571767430411015,0.48246982694757495,0.6838842975206612,0.31611570247933884
2021-02-23,484,342,142,0.22792770473448584,0.1441060419043518,0.49770319283650316,0.7066115702479339,0.29338842975206614
2021-02-24,484,361,123,0.2665814723276893,0.1783616124300837,0.4926637282327974,0.7458677685950413,0.25413223140495866
2021-02-25,484,366,118,0.2673793319462403,0.18785513179423716,0.4702019219862358,0.756198347107438,0.24380165289256198
2021-02-26,484,379,105,0.285653431642272,0.20832518659907395,0.4928325046197176,0.7830578512396694,0.21694214876033058
2021-03-01,484,394,89,0.31433465442168057,0.23982148809638443,0.4888890298473965,0.8140495867768595,0.18388429752066116
2021-03-02,484,358,126,0.243543531408183,0.16283361783443379,0.45940384877999285,0.7396694214876033,0.2603305785123967
2021-03-03,484,380,104,0.2936376085467673,0.20427313730478208,0.47929517095854834,0.7851239669421488,0.21487603305785125
2021-03-04,484,365,119,0.2667053230177025,0.1723643112675905,0.48620946059620784,0.7541322314049587,0.24586776859504134
2021-03-05,484,388,96,0.3128339434390707,0.21122905585498436,0.497578577335639,0.8016528925619835,0.19834710743801653
2021-03-08,484,405,79,0.36051177082713526,0.2500441010192655,0.5235200446621829,0.8367768595041323,0.16322314049586778
2021-03-09,484,433,51,0.5122919850463564,0.391985166572169,0.6207734813445367,0.8946280991735537,0.10537190082644628
2021-03-10,484,424,60,0.46145346243875407,0.3491398371845068,0.6233261161628045,0.8760330578512396,0.12396694214876033
2021-03-11,484,441,43,0.5507029222983041,0.4241701544589568,0.6469480107092254,0.9111570247933884,0.08884297520661157
2021-03-12,484,469,15,0.741414736345179,0.5913472513222292,0.7362470057196282,0.96900826446281,0.030991735537190084
2021-03-15,484,449,35,0.6180164855106446,0.4807207166617784,0.7200021848812133,0.9276859504132231,0.07231404958677685
2021-03-16,484,475,9,0.880292240862318,0.6737555775851181,0.8566898306445733,0.981404958677686,0.01859504132231405
2021-03-17,484,454,30,0.811284424123552,0.6107060849852093,0.8614289256797155,0.9380165289256198,0.06198347107438017
2021-03-18,484,463,21,0.993109379109222,0.760141958339791,1.0422198104230382,0.9566115702479339,0.04338842975206612
2021-03-19,486,477,9,0.9041498261363797,0.7173051376595853,0.901077222884816,0.9814814814814815,0.018518518518518517
2021-03-22,486,482,4,0.9853430747491753,0.7870604593205371,0.9230821551854307,0.9917695473251029,0.00823045267489712
2021-03-23,486,483,3,1.037038168146904,0.8455387914421296,0.8545025630996809,0.9938271604938271,0.006172839506172839
2021-03-24,486,482,4,0.8170268594157856,0.6745021832705498,0.6830596788660601,0.9917695473251029,0.00823045267489712
2021-03-25,486,482,4,0.7820143255012363,0.64263541833133,0.6493233890935403,0.9917695473251029,0.00823045267489712
2021-03-26,486,463,23,0.643614593907612,0.5166658421409254,0.6172260256328668,0.9526748971193416,0.047325102880658436
2021-03-29,486,460,26,0.7078658024022454,0.5565482056024615,0.6910712356807667,0.9465020576131687,0.053497942386831275
2021-03-30,486,454,32,0.7146443632254336,0.5378353226618202,0.7337615110623216,0.934156378600823,0.06584362139917696
2021-03-31,486,462,24,0.7255312022224856,0.5760606181678256,0.7029402135951621,0.9506172839506173,0.04938271604938271
2021-04-01,486,470,16,0.8148352648764244,0.634959224501589,0.7567888757028416,0.9670781893004116,0.03292181069958848
2021-04-05,486,462,24,0.7626635549249646,0.5852745364739937,0.7372567915162171,0.9506172839506173,0.04938271604938271
2021-04-06,486,469,17,0.8283359610379509,0.666929905945111,0.7426387546431996,0.9650205761316872,0.03497942386831276
2021-04-07,486,460,26,0.6856382079767407,0.5488234560524383,0.64394186310513,0.9465020576131687,0.053497942386831275
2021-04-08,486,466,20,0.6776406966052795,0.5369364092676934,0.6264841696292337,0.9588477366255144,0.0411522633744856
2021-04-09,486,455,31,0.6208733891328276,0.4970812009153066,0.6007445507433946,0.9362139917695473,0.06378600823045268
2021-04-12,486,446,40,0.5995883587894695,0.47122689232154236,0.609002207619793,0.9176954732510288,0.0823045267489712
2021-04-13,486,458,28,0.6415437057064893,0.5094906755080946,0.6079377695683457,0.9423868312757202,0.05761316872427984
2021-04-14,486,449,37,0.6188400204084654,0.49442326573259643,0.6022049379193886,0.9238683127572016,0.07613168724279835
2021-04-15,486,457,29,0.6649794983333188,0.5282269962131696,0.6258610543791787,0.9403292181069959,0.059670781893004114
2021-04-16,486,452,34,0.686887062248217,0.5348024358518847,0.6646726420248239,0.9300411522633745,0.06995884773662552
2021-04-19,486,443,43,0.5911571653078271,0.46513911551530307,0.5909262191125301,0.911522633744856,0.08847736625514403
2021-04-20,486,453,33,0.6260199894048151,0.4837305303123727,0.6070402823266475,0.9320987654320988,0.06790123456790123
2021-04-21,486,460,26,0.679498205026452,0.5207252594301075,0.6287831889880526,0.9465020576131687,0.053497942386831275
2021-04-22,486,454,32,0.6152165974257883,0.4806639210197421,0.5715532146563745,0.934156378600823,0.06584362139917696
2021-04-23,486,457,29,0.5994992133064992,0.487138299841662,0.5207898775531908,0.9403292181069959,0.059670781893004114
2021-04-26,486,458,28,0.5948102980312391,0.48217013948075094,0.5133408824296023,0.9423868312757202,0.05761316872427984
2021-04-27,486,460,26,0.5760876099021753,0.46200556776889057,0.4824648968458503,0.9465020576131687,0.053497942386831275
2021-04-28,486,463,23,0.5446465197408139,0.4385557662130095,0.4414711184210779,0.9526748971193416,0.047325102880658436
2021-04-29,486,460,26,0.4966984179023188,0.40494257697527775,0.4172532132382673,0.9465020576131687,0.053497942386831275
2021-04-30,486,464,22,0.5376150198027237,0.4271108323972326,0.4530344183782115,0.9547325102880658,0.04526748971193416
2021-05-03,486,468,18,0.6157604768012876,0.48838733617606556,0.5001142588775972,0.9629629629629629,0.037037037037037035
2021-05-04,486,470,16,0.6284065310577074,0.5113286749866662,0.5033436273240897,0.9670781893004116,0.03292181069958848
2021-05-05,486,466,20,0.6215790012539378,0.5096641513155881,0.5103054497911007,0.9588477366255144,0.0411522633744856
2021-05-06,486,468,18,0.6360682872691522,0.5206743854042659,0.5103885785722246,0.9629629629629629,0.037037037037037035
2021-05-07,486,468,18,0.606517243349423,0.4917614009875106,0.49301462655333317,0.9629629629629629,0.037037037037037035
2021-05-10,486,466,20,0.5701271226306447,0.4721825778838219,0.4617941766084125,0.9588477366255144,0.0411522633744856
2021-05-11,486,467,19,0.5899852283977228,0.47394960309600315,0.4839430301579863,0.9609053497942387,0.03909465020576132
2021-05-12,486,468,18,0.6319921115990332,0.5303245587582832,0.5063050145368571,0.9629629629629629,0.037037037037037035
2021-05-13,486,468,18,0.6849303992918517,0.5638353704116875,0.5435933538852166,0.9629629629629629,0.037037037037037035
2021-05-14,486,468,18,0.6713297788293657,0.5524634220364041,0.5232311259697465,0.9629629629629629,0.037037037037037035
2021-05-17,486,470,16,0.6755930204552867,0.5610512316913627,0.5275660398695987,0.9670781893004116,0.03292181069958848
2021-05-18,486,469,17,0.5756761123392962,0.4766821530850941,0.4599858105328744,0.9650205761316872,0.03497942386831276
2021-05-19,486,470,16,0.5780943148371533,0.47552922842862355,0.44629335421876326,0.9670781893004116,0.03292181069958848
2021-05-20,486,473,13,0.5672121894312044,0.4653720035488522,0.4441155646670701,0.9732510288065843,0.026748971193415638
2021-05-21,486,473,13,0.56457550333961,0.46350450724819814,0.4333920096694271,0.9732510288065843,0.026748971193415638
2021-05-24,486,471,15,0.5817403598779611,0.4868017997504449,0.4535575720507468,0.9691358024691358,0.030864197530864196
2021-05-25,486,471,15,0.5406226662781428,0.45196024628612586,0.4353318506895516,0.9691358024691358,0.030864197530864196
2021-05-26,486,465,21,0.5103848207388387,0.4294823109300988,0.42555308023676297,0.9567901234567902,0.043209876543209874
2021-05-27,486,463,23,0.5231285953835506,0.4338277454057383,0.4474897311768155,0.9526748971193416,0.047325102880658436
2021-05-28,486,460,26,0.5287601376448006,0.4340472802223352,0.4454199803860799,0.9465020576131687,0.053497942386831275
2021-06-01,486,460,26,0.4980358698903862,0.4177534374983466,0.41957063808888395,0.9465020576131687,0.053497942386831275
2021-06-02,486,464,22,0.4850503858086855,0.4053743676602019,0.4062042982155506,0.9547325102880658,0.04526748971193416
2021-06-03,486,463,23,0.44151163186293546,0.3707122136462877,0.37613111304462526,0.9526748971193416,0.047325102880658436
2021-06-04,486,464,22,0.44175150963618376,0.36870193600374634,0.37625566416272166,0.9547325102880658,0.04526748971193416
2021-06-07,486,462,24,0.4013157243396038,0.3240751457429092,0.3526247744408557,0.9506172839506173,0.04938271604938271
2021-06-08,486,455,31,0.3924822855541325,0.3175219169648762,0.35495348595642556,0.9362139917695473,0.06378600823045268
2021-06-09,486,466,20,0.41317414291853033,0.3363365434210371,0.3512266930787526,0.9588477366255144,0.0411522633744856
2021-06-10,486,460,26,0.4245477338425781,0.34452457477344045,0.3598169071917103,0.9465020576131687,0.053497942386831275
2021-06-11,486,465,21,0.49022461735448536,0.41581009595105356,0.3862338134478069,0.9567901234567902,0.043209876543209874
2021-06-14,486,467,19,0.48014143976319085,0.39474989577997915,0.3695986250359791,0.9609053497942387,0.03909465020576132
2021-06-15,486,468,18,0.4856894316721235,0.41200134788915554,0.37267536665410345,0.9629629629629629,0.037037037037037035
2021-06-16,486,462,24,0.4557671056140775,0.38466828502332606,0.3631291295920664,0.9506172839506173,0.04938271604938271
2021-06-17,486,464,22,0.45583492134470255,0.3820077327298132,0.36434566040900607,0.9547325102880658,0.04526748971193416
2021-06-18,486,465,21,0.44868629643518937,0.3801556646991838,0.3559494317607382,0.9567901234567902,0.043209876543209874
2021-06-21,486,469,17,0.47548704704044514,0.4131919137675546,0.3612082468005229,0.9650205761316872,0.03497942386831276
2021-06-22,486,467,19,0.4748208434390422,0.4023534741984811,0.36094102998288036,0.9609053497942387,0.03909465020576132
2021-06-23,486,470,16,0.48331977206227267,0.4087380951038426,0.3628006948976126,0.9670781893004116,0.03292181069958848
2021-06-24,486,472,14,0.5294123179292728,0.4425363205160133,0.386313644633505,0.9711934156378601,0.02880658436213992
2021-06-25,486,470,16,0.5210647623909032,0.43984537117710854,0.3884033473305152,0.9670781893004116,0.03292181069958848
2021-06-28,486,472,14,0.5651308349223387,0.47552174573543127,0.41773394818542575,0.9711934156378601,0.02880658436213992
2021-06-29,486,472,14,0.5356163944220343,0.45510428686194127,0.39789731286497887,0.9711934156378601,0.02880658436213992
2021-06-30,486,466,20,0.5199019520286358,0.4388020482365699,0.4014038588769553,0.9588477366255144,0.0411522633744856
2021-07-01,486,469,17,0.523759903501018,0.44292407667714534,0.4089977945721182,0.9650205761316872,0.03497942386831276
2021-07-02,486,465,21,0.5120247546395749,0.42783366490591546,0.4028515259454065,0.9567901234567902,0.043209876543209874
2021-07-06,486,466,20,0.5018341948497433,0.42248325610547977,0.39255086940058564,0.9588477366255144,0.0411522633744856
2021-07-07,486,468,18,0.5259362594955381,0.4405916646578988,0.4109765196317575,0.9629629629629629,0.037037037037037035
2021-07-08,486,463,23,0.5225901687372771,0.4344329863726696,0.41453023734186967,0.9526748971193416,0.047325102880658436
2021-07-09,486,467,19,0.5385555971792252,0.4411068076320168,0.42394592235884504,0.9609053497942387,0.03909465020576132
2021-07-12,486,466,20,0.5142559933208963,0.44030973278694985,0.394862626131211,0.9588477366255144,0.0411522633744856
2021-07-13,486,468,18,0.529240744481973,0.45167302674506316,0.3949949436477514,0.9629629629629629,0.037037037037037035
2021-07-14,486,465,21,0.49698159137488296,0.41422328963385546,0.3737612063233799,0.9567901234567902,0.043209876543209874
2021-07-15,486,466,20,0.46282564560814304,0.3993294245668413,0.3503219871870208,0.9588477366255144,0.0411522633744856
2021-07-16,486,462,24,0.4581026461704828,0.3848233697874045,0.3562335779551348,0.9506172839506173,0.04938271604938271
2021-07-19,486,461,25,0.43782514881050905,0.37217035348623534,0.344470505152423,0.948559670781893,0.051440329218107
2021-07-20,486,458,28,0.42027960804936576,0.35584922558907117,0.3457952775654273,0.9423868312757202,0.05761316872427984
2021-07-21,486,461,25,0.43435565041651547,0.3736630309804396,0.346807138537866,0.948559670781893,0.051440329218107
2021-07-22,486,457,29,0.4282408950891753,0.36579379184213556,0.35136171389936893,0.9403292181069959,0.059670781893004114
2021-07-23,486,454,32,0.43289086710219654,0.37153834646345096,0.36108310624820306,0.934156378600823,0.06584362139917696
2021-07-26,486,457,29,0.4557144225489242,0.38764186052112504,0.37423858197737553,0.9403292181069959,0.059670781893004114
2021-07-27,486,457,29,0.4578721081061459,0.38399303289003484,0.3726132019711034,0.9403292181069959,0.059670781893004114
2021-07-28,486,457,29,0.46160198020823595,0.3937365203474207,0.3695916183899815,0.9403292181069959,0.059670781893004114
2021-07-29,486,453,33,0.4355127897573316,0.37466966269697066,0.3600513221660804,0.9320987654320988,0.06790123456790123
2021-07-30,486,451,35,0.44910774406135334,0.3830911817805869,0.3738387686576012,0.9279835390946503,0.0720164609053498
2021-08-02,486,452,34,0.46122588759583744,0.3941784829073386,0.38311867047210635,0.9300411522633745,0.06995884773662552
2021-08-03,486,453,33,0.4567732000037183,0.39011979437497624,0.3734875359388738,0.9320987654320988,0.06790123456790123
2021-08-04,486,453,33,0.4357406040353292,0.3793330006084593,0.3540200873315521,0.9320987654320988,0.06790123456790123
2021-08-05,486,455,31,0.42600744284020087,0.3716945443345988,0.3326365915458456,0.9362139917695473,0.06378600823045268
2021-08-06,486,456,30,0.40996922524484003,0.35108369860976135,0.3300545058623756,0.9382716049382716,0.06172839506172839
2021-08-09,486,457,29,0.42210916959360195,0.3601205044569556,0.339796660671694,0.9403292181069959,0.059670781893004114
2021-08-10,486,457,29,0.4124543648478481,0.35501259780292593,0.33575044092869727,0.9403292181069959,0.059670781893004114
2021-08-11,486,458,28,0.40217815493857073,0.3389992748536012,0.32760132901681155,0.9423868312757202,0.05761316872427984
2021-08-12,486,459,27,0.38815962221103784,0.32673152795240057,0.3194085954266345,0.9444444444444444,0.05555555555555555
2021-08-13,486,461,25,0.39006251210855336,0.3314517159625302,0.3229051337112097,0.948559670781893,0.051440329218107
2021-08-16,486,460,26,0.3764299237926612,0.32772605288562784,0.31309997256094607,0.9465020576131687,0.053497942386831275
2021-08-17,486,450,36,0.3508135249271327,0.30110266825721693,0.31456610643515087,0.9259259259259259,0.07407407407407407
2021-08-18,486,459,27,0.3848969700638133,0.3304615461685335,0.33473418528533455,0.9444444444444444,0.05555555555555555
2021-08-19,486,457,29,0.4061030307183864,0.34683301912612513,0.3488486566705067,0.9403292181069959,0.059670781893004114
2021-08-20,486,459,27,0.4094072277074698,0.3462124296098142,0.35073599820546325,0.9444444444444444,0.05555555555555555
2021-08-23,486,462,24,0.42288157367112994,0.35457702830865956,0.36258378692434456,0.9506172839506173,0.04938271604938271
2021-08-24,486,458,28,0.40673842133589355,0.34451177770640207,0.35662745855917,0.9423868312757202,0.05761316872427984
2021-08-25,486,460,26,0.4027119652690094,0.3443387995574228,0.3455836650607057,0.9465020576131687,0.053497942386831275
2021-08-26,486,456,30,0.4054503859739354,0.34569538827900337,0.3537977853758917,0.9382716049382716,0.06172839506172839
2021-08-27,486,457,29,0.4099570958540791,0.3406447592333758,0.3609738107503801,0.9403292181069959,0.059670781893004114
2021-08-30,486,456,30,0.39378514601805314,0.3322628066454424,0.3592966130990349,0.9382716049382716,0.06172839506172839
2021-08-31,486,455,31,0.40254107696413677,0.33595813677861613,0.36798559968555755,0.9362139917695473,0.06378600823045268
2021-09-01,486,448,38,0.40877195665628036,0.3466190612546258,0.3892034110811777,0.9218106995884774,0.07818930041152264
2021-09-02,486,442,44,0.37431426156486397,0.3142879390061968,0.3944529282418621,0.9094650205761317,0.09053497942386832
2021-09-03,486,453,33,0.421728951088032,0.3552873647932514,0.40442647237440704,0.9320987654320988,0.06790123456790123
2021-09-07,486,458,28,0.43390209549587255,0.35725274878464897,0.412223655054301,0.9423868312757202,0.05761316872427984
2021-09-08,486,461,25,0.469166834430671,0.38345136154367176,0.49062576685545145,0.948559670781893,0.051440329218107
2021-09-09,486,460,26,0.4536424675552898,0.36934041649385746,0.4672059073287658,0.9465020576131687,0.053497942386831275
2021-09-10,486,463,23,0.4819084215736281,0.40594993167950894,0.4401331681020831,0.9526748971193416,0.047325102880658436
2021-09-13,486,462,24,0.47564631681449054,0.39336599396124144,0.43822332929671465,0.9506172839506173,0.04938271604938271
2021-09-14,486,461,25,0.44833663816613123,0.3761346083018849,0.4121685748833654,0.948559670781893,0.051440329218107
2021-09-15,486,456,30,0.4434293947437919,0.3795415627373506,0.39436876162349466,0.9382716049382716,0.06172839506172839
2021-09-16,486,457,29,0.42227533348864743,0.360236622618863,0.3811687729031405,0.9403292181069959,0.059670781893004114
2021-09-17,486,460,26,0.416372073054344,0.3499938368587949,0.37907904664948106,0.9465020576131687,0.053497942386831275
2021-09-20,486,460,26,0.42531871844590924,0.3701072243568492,0.36299646638629623,0.9465020576131687,0.053497942386831275
2021-09-21,486,463,23,0.4701926900373383,0.40724555666078077,0.3808461143384057,0.9526748971193416,0.047325102880658436
2021-09-22,486,461,25,0.47511947265165727,0.40744578339127346,0.403357332803247,0.948559670781893,0.051440329218107
2021-09-23,486,464,22,0.5180844716669862,0.44267774365055546,0.4214700718754219,0.9547325102880658,0.04526748971193416
2021-09-24,486,464,22,0.5245764392817251,0.45072349031261527,0.4305544253372546,0.9547325102880658,0.04526748971193416
2021-09-27,486,460,26,0.4936969519861865,0.417690007571357,0.4190905993094933,0.9465020576131687,0.053497942386831275
2021-09-28,486,458,28,0.4816897064523896,0.41312973785258367,0.4093971177080117,0.9423868312757202,0.05761316872427984
2021-09-29,486,461,25,0.4895301574847433,0.4190896609910135,0.40796060782569205,0.948559670781893,0.051440329218107
2021-09-30,487,459,28,0.4831514092368671,0.4165202802425871,0.4095377121920607,0.9425051334702259,0.057494866529774126
2021-10-01,487,462,25,0.47676298816605134,0.4055457578719756,0.4110275608119215,0.9486652977412731,0.0513347022587269
2021-10-04,487,466,21,0.48147792258422634,0.4121089105230748,0.41356600807779276,0.9568788501026694,0.043121149897330596
2021-10-05,487,460,27,0.4497315093707948,0.3838649289751681,0.40107743966853004,0.944558521560575,0.055441478439425054
2021-10-06,487,459,28,0.4508736314733305,0.3851376460325024,0.41096522922143786,0.9425051334702259,0.057494866529774126
2021-10-07,487,455,32,0.4234183876486453,0.3646866640640718,0.38991935728299987,0.9342915811088296,0.06570841889117043
2021-10-08,487,450,37,0.4005241380962514,0.3427223929599716,0.39472442420547804,0.9240246406570842,0.07597535934291581
2021-10-11,487,441,46,0.3884790318817466,0.3275906370746901,0.3967088704219657,0.9055441478439425,0.0944558521560575
2021-10-12,487,436,51,0.3833026910755522,0.3321812124808441,0.3844327187640717,0.8952772073921971,0.10472279260780287
2021-10-13,487,440,47,0.38508830711140823,0.3358013184623483,0.3849658114198547,0.9034907597535934,0.09650924024640657
2021-10-14,487,440,47,0.4042263784166832,0.3363574676646048,0.4041018007108843,0.9034907597535934,0.09650924024640657
2021-10-15,487,439,48,0.3963404213266868,0.322045573617133,0.4003777786297479,0.9014373716632443,0.09856262833675565
2021-10-18,487,441,46,0.3876592151991996,0.3108960497179873,0.40548835619650975,0.9055441478439425,0.0944558521560575
2021-10-19,487,440,47,0.3825530193836799,0.3155016636970538,0.39811858948701073,0.9034907597535934,0.09650924024640657
2021-10-20,487,438,49,0.37216199989226995,0.3078174397003084,0.39902250484947543,0.8993839835728953,0.10061601642710473
2021-10-21,487,444,43,0.39724897312439633,0.3258700080512913,0.42784670768365624,0.9117043121149897,0.08829568788501027
2021-10-22,487,445,42,0.40130487484413596,0.3228493198470386,0.42734980952132595,0.9137577002053389,0.08624229979466119
2021-10-25,487,443,44,0.3953598442592095,0.3144606344113911,0.42168737554713703,0.9096509240246407,0.09034907597535935
2021-10-26,487,444,43,0.4321145726006936,0.3491363773819487,0.44323963776665787,0.9117043121149897,0.08829568788501027
2021-10-27,487,439,48,0.4262265517685799,0.3544927895360483,0.4363514279398636,0.9014373716632443,0.09856262833675565
2021-10-28,487,456,31,0.4730232996293043,0.3893122070588604,0.4557751078416229,0.9363449691991786,0.06365503080082136
2021-10-29,487,454,33,0.4335017142400658,0.3544737724269409,0.4276883927125762,0.9322381930184805,0.06776180698151951
2021-11-01,487,458,29,0.45676332793271496,0.3688577126680283,0.4305378913848999,0.9404517453798767,0.059548254620123205
2021-11-02,487,451,36,0.4156003045545612,0.331647517162662,0.4154140644745493,0.9260780287474333,0.07392197125256673
2021-11-03,487,442,45,0.3995879991394083,0.3149074270483913,0.41610025835166237,0.9075975359342916,0.09240246406570841
2021-11-04,487,439,48,0.39585867254714807,0.3121846371556158,0.40933600721611557,0.9014373716632443,0.09856262833675565
2021-11-05,487,437,50,0.378378884878396,0.2980932593912089,0.4011789537605068,0.8973305954825462,0.1026694045174538
2021-11-08,487,432,55,0.3798876677838572,0.2944706372839503,0.42528976191524454,0.8870636550308009,0.11293634496919917
2021-11-09,487,425,62,0.31803469466651674,0.2694004713456341,0.3530174506175458,0.8726899383983573,0.1273100616016427
2021-11-10,487,422,65,0.3110898593478392,0.2586481757726533,0.3510356861637484,0.86652977412731,0.13347022587268995
2021-11-11,487,426,61,0.3133454437164918,0.2561403661406789,0.3496658445141933,0.8747433264887063,0.12525667351129363
2021-11-12,487,440,47,0.3566204959798813,0.2963340058906385,0.364081167444063,0.9034907597535934,0.09650924024640657
2021-11-15,487,436,51,0.3320430855197518,0.2834287566348501,0.34902211275626427,0.8952772073921971,0.10472279260780287
2021-11-16,487,427,60,0.30796515724447665,0.2556838697609016,0.3363604071253679,0.8767967145790554,0.12320328542094455
2021-11-17,487,432,55,0.317317206037483,0.2625833474668748,0.32951904547856764,0.8870636550308009,0.11293634496919917
2021-11-18,487,445,42,0.3415647339431626,0.2969370113971139,0.3363529890623172,0.9137577002053389,0.08624229979466119
2021-11-19,487,448,39,0.3354889124247746,0.2851109890573038,0.32399265666987337,0.919917864476386,0.08008213552361396
2021-11-22,487,447,40,0.3469267231197991,0.2933872565430824,0.326779304276741,0.917864476386037,0.08213552361396304
2021-11-23,487,443,44,0.3304477422489772,0.281636318014818,0.3132149616995693,0.9096509240246407,0.09034907597535935
2021-11-24,487,432,55,0.30405855111352276,0.2567900425760563,0.3022124777728278,0.8870636550308009,0.11293634496919917
2021-11-26,487,426,61,0.292208770245347,0.2527610760024135,0.2935937005476409,0.8747433264887063,0.12525667351129363
2021-11-29,487,426,61,0.3063732332084269,0.2600303258756613,0.29968631384734223,0.8747433264887063,0.12525667351129363
2021-11-30,487,431,56,0.31743627257388124,0.2642069509628804,0.30923317228630226,0.8850102669404517,0.11498973305954825
2021-12-01,487,433,54,0.31448436730817875,0.2618209381194525,0.3101592405154418,0.8891170431211499,0.11088295687885011
2021-12-02,487,430,57,0.3168744360231174,0.2673779958189792,0.30711264864131016,0.8829568788501027,0.11704312114989733
2021-12-03,487,437,50,0.3171953232058133,0.2712068117506532,0.29684861335900403,0.8973305954825462,0.1026694045174538
2021-12-06,487,428,59,0.2969764008427774,0.2554913497995006,0.2864701916065562,0.8788501026694046,0.12114989733059549
2021-12-07,487,442,45,0.3119204740677767,0.2651809707615258,0.28995778938114314,0.9075975359342916,0.09240246406570841
2021-12-08,487,440,47,0.3103226552347576,0.2720505376824165,0.29204455113090877,0.9034907597535934,0.09650924024640657
2021-12-09,488,441,47,0.31611915355979964,0.28003070940930963,0.29410466530377743,0.9036885245901639,0.09631147540983606
2021-12-10,489,447,42,0.3050209889332275,0.2582777412433672,0.27274545338607115,0.9141104294478528,0.08588957055214724
2021-12-13,489,444,45,0.3151557725521458,0.2799289041857877,0.28162513143758977,0.9079754601226994,0.09202453987730061
2021-12-14,489,446,43,0.33180283997419774,0.2984524857858686,0.2879823347088583,0.9120654396728016,0.08793456032719836
2021-12-15,489,445,44,0.3137764824443441,0.2859585260525046,0.2799430817433386,0.9100204498977505,0.08997955010224949
2021-12-16,489,439,50,0.3190674830485169,0.2886513170158624,0.2847936441884912,0.8977505112474438,0.10224948875255624
2021-12-17,489,435,54,0.30143197507325686,0.2687912028281378,0.2797235495102037,0.8895705521472392,0.11042944785276074
2021-12-20,489,431,58,0.3027590992043622,0.2686114173193277,0.29009947909317274,0.8813905930470347,0.11860940695296524
2021-12-21,489,434,55,0.3020455640280084,0.2663522510864906,0.2853460803090369,0.8875255623721882,0.11247443762781185
2021-12-22,489,435,54,0.30563134217917853,0.2752836830547065,0.29201014944448506,0.8895705521472392,0.11042944785276074
2021-12-23,489,435,54,0.30443857880244196,0.2713029828828739,0.2906878790650497,0.8895705521472392,0.11042944785276074
2021-12-27,489,431,58,0.3040372771744482,0.2708874164645654,0.29753848247781156,0.8813905930470347,0.11860940695296524
2021-12-28,489,420,69,0.271171168096836,0.2335387386240937,0.2946398656481646,0.8588957055214724,0.1411042944785276
2021-12-29,489,420,69,0.290672079868609,0.2520027868800254,0.30948152883751173,0.8588957055214724,0.1411042944785276
2021-12-30,489,399,90,0.24874370439499904,0.2191370848021236,0.293656566371519,0.8159509202453987,0.18404907975460122
2021-12-31,489,385,104,0.2237119300709738,0.1861287300188427,0.2880266323041279,0.787321063394683,0.21267893660531698
2022-01-03,489,416,73,0.27168097539478625,0.2373807883372385,0.29158508433731395,0.8507157464212679,0.1492842535787321
2022-01-04,489,408,81,0.25157458755614936,0.2196333195013453,0.2787113075884515,0.8343558282208589,0.1656441717791411
2022-01-05,489,408,81,0.2404917793916603,0.220717691634348,0.2636109740602139,0.8343558282208589,0.1656441717791411
2022-01-06,489,406,83,0.24954119848283066,0.2272984449966208,0.27299099844832575,0.8302658486707567,0.16973415132924335
2022-01-07,489,410,79,0.2504791392440566,0.2295960658870128,0.2708701533878122,0.8384458077709611,0.16155419222903886
2022-01-10,489,409,80,0.2411734870492145,0.2223644362023311,0.2611253269603847,0.83640081799591,0.16359918200409
2022-01-11,489,405,84,0.239483624166192,0.2247394276557688,0.25994582041557224,0.8282208588957055,0.17177914110429449
2022-01-12,489,404,85,0.2336842837784901,0.2180771394721885,0.2575760927795454,0.8261758691206544,0.1738241308793456
2022-01-13,489,403,86,0.22135871311733712,0.2065024507571973,0.24911290293071445,0.8241308793456033,0.17586912065439672
2022-01-14,489,409,80,0.24447637216962706,0.2297825553234729,0.2582543364706242,0.83640081799591,0.16359918200409
2022-01-18,489,408,81,0.23384092585870894,0.2226976080530285,0.25262431191528006,0.8343558282208589,0.1656441717791411
2022-01-19,489,405,84,0.2139774190600642,0.2046824308620745,0.24455206293744497,0.8282208588957055,0.17177914110429449
2022-01-20,489,401,86,0.2039921284972861,0.1926926041521879,0.2411949450295307,0.820040899795501,0.17586912065439672
2022-01-21,489,413,76,0.23313798533143315,0.2236934028802075,0.24880727919009238,0.8445807770961146,0.1554192229038855
2022-01-24,489,416,73,0.2446896527480802,0.2284161241502573,0.25576232265567195,0.8507157464212679,0.1492842535787321
2022-01-25,489,421,68,0.2613350187631188,0.2393514956337585,0.2617572337385172,0.8609406952965235,0.1390593047034765
2022-01-26,489,436,53,0.31205397499308524,0.2876119832672028,0.2829081179531354,0.8916155419222904,0.1083844580777096
2022-01-27,489,427,62,0.2963223754501058,0.2789256759896441,0.272459534094248,0.8732106339468303,0.12678936605316973
2022-01-28,489,436,53,0.32368458839162173,0.3066887537696179,0.2796052172221558,0.8916155419222904,0.1083844580777096
2022-01-31,489,434,55,0.30145507758251233,0.2847502995052136,0.26721277831078455,0.8875255623721882,0.11247443762781185
2022-02-01,489,430,59,0.28379595632859494,0.2666075025575833,0.2642189252634863,0.8793456032719836,0.12065439672801637
2022-02-02,489,435,54,0.27975935961650544,0.2656546862626738,0.2525486464288197,0.8895705521472392,0.11042944785276074
2022-02-03,489,431,58,0.27283613937531037,0.2587385648001923,0.2545404291895573,0.8813905930470347,0.11860940695296524
2022-02-04,489,427,61,0.2435235832689985,0.2293622695865609,0.24789483011285765,0.8732106339468303,0.12474437627811862
2022-02-07,489,420,69,0.2324660634464478,0.2312013072802616,0.24417485286965163,0.8588957055214724,0.1411042944785276
2022-02-08,489,423,66,0.22710415112149143,0.2275123245314767,0.2391376862510822,0.8650306748466258,0.13496932515337423
2022-02-09,490,421,69,0.21965702661909267,0.21493105225984124,0.23717017431082296,0.8591836734693877,0.14081632653061224
2022-02-10,490,425,65,0.22903837544911906,0.2174801721791397,0.24273303855874068,0.8673469387755102,0.1326530612244898
2022-02-11,490,424,66,0.2253115316986497,0.21405055654307464,0.24250877423410783,0.8653061224489796,0.1346938775510204
2022-02-14,490,422,68,0.21632134684459764,0.21678038544009792,0.23579832787548666,0.8612244897959184,0.13877551020408163
2022-02-15,490,418,72,0.21471072787087997,0.2118889231604889,0.23506046761515212,0.8530612244897959,0.1469387755102041
2022-02-16,490,411,79,0.20116903660292076,0.19905451667649565,0.2382785999543888,0.8387755102040816,0.16122448979591836
2022-02-17,490,405,85,0.17969839729907974,0.18143661640406167,0.22682055239635782,0.826530612244898,0.17346938775510204
2022-02-18,490,396,94,0.1678461384562968,0.17073580717586284,0.21797878510848204,0.8081632653061225,0.19183673469387755
2022-02-22,490,380,110,0.1478669879466045,0.15673671354649155,0.2121864796926393,0.7755102040816326,0.22448979591836735
2022-02-23,490,377,113,0.14143541675742602,0.14636480084143075,0.21028483474999715,0.7693877551020408,0.23061224489795917
2022-02-24,490,387,103,0.1548569446211097,0.1620097076181237,0.21738733582581254,0.789795918367347,0.21020408163265306
2022-02-25,490,388,102,0.15543967750556661,0.16114509220567136,0.2246135861024646,0.7918367346938775,0.20816326530612245
2022-02-28,490,362,128,0.12410718365736592,0.1235957818383601,0.2240069456263797,0.7387755102040816,0.2612244897959184
2022-03-01,490,381,109,0.15093519581389894,0.1522435440997226,0.22655396076275908,0.7775510204081633,0.22244897959183674
2022-03-02,490,397,93,0.1799356395933637,0.1856296458769405,0.22244405178842333,0.810204081632653,0.18979591836734694
2022-03-03,490,415,75,0.20641152669174967,0.20499667364527505,0.2241005184409324,0.8469387755102041,0.15306122448979592
2022-03-04,490,405,85,0.19088995075899276,0.18614543358735192,0.22786354410236534,0.826530612244898,0.17346938775510204
2022-03-07,490,388,102,0.16870600350628667,0.15512873363118196,0.22848418637235227,0.7918367346938775,0.20816326530612245
2022-03-08,490,389,101,0.16090052641321229,0.14787035379504349,0.2282710617431191,0.7938775510204081,0.20612244897959184
2022-03-09,490,380,110,0.15016499370213252,0.13683331916966474,0.22579503256980155,0.7755102040816326,0.22448979591836735
2022-03-10,490,384,106,0.14937290938553072,0.1451121611899313,0.22148679756460027,0.7836734693877551,0.2163265306122449
2022-03-11,490,394,96,0.16236563089296377,0.1547086947147755,0.2236156856885439,0.8040816326530612,0.19591836734693877
2022-03-14,490,374,116,0.13263666763514026,0.11833669418056064,0.22119608383586398,0.763265306122449,0.23673469387755103
2022-03-15,490,361,129,0.12586883426458184,0.1147400507370962,0.2248565059626439,0.736734693877551,0.26326530612244897
2022-03-16,490,354,136,0.11269090433701479,0.10447578599931925,0.2185739090713367,0.7224489795918367,0.27755102040816326
2022-03-17,490,380,110,0.14396807678911466,0.12405455148782105,0.2286109776383633,0.7755102040816326,0.22448979591836735
2022-03-18,490,381,109,0.14833212948698876,0.12721737533546745,0.2338237670477501,0.7775510204081633,0.22244897959183674
2022-03-21,490,360,130,0.12497224943168968,0.11095191256318965,0.23029466284678302,0.7346938775510204,0.2653061224489796
2022-03-22,490,371,119,0.1350438652602525,0.1147497675245159,0.2329419432239051,0.7571428571428571,0.24285714285714285
2022-03-23,490,365,125,0.1248543106293972,0.09962880855401035,0.2244412783837191,0.7448979591836735,0.25510204081632654
2022-03-24,490,331,159,0.09313924423260452,0.076960639978215,0.22459164963156844,0.6755102040816326,0.32448979591836735
2022-03-25,490,325,165,0.08590549745730362,0.06645291156819785,0.22000377714456884,0.6632653061224489,0.336734693877551
2022-03-28,490,356,134,0.12183851678120441,0.09014210060641265,0.2331289083631228,0.726530612244898,0.27346938775510204
2022-03-29,490,351,139,0.11729327898115621,0.0941867592954807,0.2433437885960608,0.7163265306122449,0.2836734693877551
2022-03-30,490,325,165,0.09829779595526873,0.0829074970491118,0.24410260347251067,0.6632653061224489,0.336734693877551
2022-03-31,490,343,147,0.10994785729460982,0.09370427827681946,0.24163032908290882,0.7,0.3
2022-04-01,490,328,162,0.09772537390835585,0.0808148313558968,0.2525243604504039,0.6693877551020408,0.3306122448979592
2022-04-04,490,320,170,0.09124863863677685,0.07612183560999605,0.2671072926720032,0.6530612244897959,0.3469387755102041
2022-04-05,490,294,196,0.0633881745219394,0.0482955822044325,0.27000716105273737,0.6,0.4
2022-04-06,490,284,206,0.054734509484529244,0.038894053073899704,0.26725118026630823,0.5795918367346938,0.4204081632653061
2022-04-07,490,301,188,0.07175885234015308,0.05142920678060075,0.26426694722641264,0.6142857142857143,0.3836734693877551
2022-04-08,490,296,194,0.06914660412487156,0.04040836210121965,0.2753614342216556,0.6040816326530613,0.39591836734693875
2022-04-11,490,279,211,0.05816783337301408,0.029360682077648602,0.2740379542775341,0.5693877551020409,0.4306122448979592
2022-04-12,491,279,212,0.04663882322552899,0.0297396419421227,0.2566716376790074,0.5682281059063137,0.4317718940936864
2022-04-13,492,281,211,0.053983144321552226,0.04220128686977835,0.25338240502673304,0.5711382113821138,0.42886178861788615
2022-04-14,492,303,189,0.07027685604378264,0.048493666352050296,0.2467257929126654,0.6158536585365854,0.38414634146341464
2022-04-18,492,320,172,0.09045629024726723,0.07177622575570125,0.2565009431563494,0.6504065040650406,0.34959349593495936
2022-04-19,492,334,158,0.10979980041501841,0.07670102329088255,0.2649872037270988,0.6788617886178862,0.32113821138211385
2022-04-20,492,318,174,0.0965160834367912,0.06726523671960069,0.2762007657251575,0.6463414634146342,0.35365853658536583
2022-04-21,492,329,163,0.1107134766316551,0.08349815610982786,0.2748054686428745,0.6686991869918699,0.3313008130081301
2022-04-22,492,299,193,0.0855065994563771,0.06095761379780955,0.2768290202126176,0.6077235772357723,0.39227642276422764
2022-04-25,492,309,183,0.09613870534261768,0.06962336335603345,0.27614580370992214,0.6280487804878049,0.3719512195121951
2022-04-26,492,313,179,0.10247515097153961,0.0725801033974614,0.28279661134821205,0.6361788617886179,0.3638211382113821
2022-04-27,492,323,169,0.10455615744484881,0.07829757123450015,0.2665306505697163,0.6565040650406504,0.3434959349593496
2022-04-28,492,327,165,0.11310937503839988,0.08410888476987075,0.25925895502671953,0.6646341463414634,0.3353658536585366
2022-04-29,492,329,163,0.11590304839540734,0.0862531045007491,0.2676315964456977,0.6686991869918699,0.3313008130081301
2022-05-02,492,312,180,0.09555286209711651,0.06392327488924959,0.26238868030857954,0.6341463414634146,0.36585365853658536
2022-05-03,492,316,176,0.103868029248887,0.0698192786604049,0.26665902037775474,0.6422764227642277,0.35772357723577236
2022-05-04,492,316,176,0.10336172876602878,0.0639407703252492,0.259196901627023,0.6422764227642277,0.35772357723577236
2022-05-05,492,301,191,0.08642925233879808,0.05455862267466235,0.2547385369673017,0.6117886178861789,0.3882113821138211
2022-05-06,492,281,211,0.06882817549215241,0.0346624823589839,0.251012772189197,0.5711382113821138,0.42886178861788615
2022-05-09,492,291,201,0.07868770047255715,0.04944040200374005,0.2582861863689968,0.5914634146341463,0.40853658536585363
2022-05-10,492,302,190,0.09173465501786866,0.05503585333593215,0.269312065097872,0.6138211382113821,0.3861788617886179
2022-05-11,492,314,178,0.10468927244187738,0.06704604502212161,0.2592929794513841,0.6382113821138211,0.3617886178861789
2022-05-12,492,291,201,0.08974512648490843,0.05250030297348335,0.27053352521474294,0.5914634146341463,0.40853658536585363
2022-05-13,492,287,205,0.08482130882194916,0.053143172339644454,0.2658020891104423,0.5833333333333334,0.4166666666666667
2022-05-16,492,283,209,0.07855177058814528,0.054078303130035754,0.2607848967041053,0.5752032520325203,0.4247967479674797
2022-05-17,492,293,198,0.08453262719662731,0.0522511108940909,0.2678353303578756,0.5955284552845529,0.4024390243902439
2022-05-18,492,316,176,0.10836977923602538,0.07786007610447016,0.2675279937700056,0.6422764227642277,0.35772357723577236
2022-05-19,492,321,171,0.10675781272253926,0.07877988864157165,0.2721373690632663,0.6524390243902439,0.3475609756097561
2022-05-20,492,307,185,0.08671835948200447,0.0576981796028329,0.2604200945104468,0.6239837398373984,0.37601626016260165
2022-05-23,492,271,221,0.0493597146794022,0.02629169691309335,0.25075653983989554,0.5508130081300813,0.4491869918699187
2022-05-24,492,284,208,0.05678515931129888,0.029936418861640147,0.24991098069011267,0.5772357723577236,0.42276422764227645
2022-05-25,492,250,242,0.027805937722867855,0.01102020847680725,0.2500650043117187,0.508130081300813,0.491869918699187
2022-05-26,492,250,242,0.025901729048556133,0.00341605758668545,0.25504337276674055,0.508130081300813,0.491869918699187
2022-05-27,492,270,222,0.04289367089992101,0.02441394480675825,0.2587403269698143,0.5487804878048781,0.45121951219512196
2022-05-31,492,240,252,0.005384556728150921,-0.00887288972603855,0.23945153270537345,0.4878048780487805,0.5121951219512195
2022-06-01,492,241,251,0.006286618110726596,-0.01014864789548845,0.2345419129417051,0.4898373983739837,0.5101626016260162
2022-06-02,492,244,248,0.015312356432747355,-0.00079282705697665,0.2405386434027604,0.4959349593495935,0.5040650406504065
2022-06-03,492,266,226,0.037898751596182875,0.01894173918583025,0.24730142550515444,0.540650406504065,0.45934959349593496
2022-06-06,492,243,249,0.007144506995658812,-0.0025320622332909498,0.24688263406300898,0.49390243902439024,0.5060975609756098
2022-06-07,492,228,264,-0.002811433279828356,-0.026075459880841298,0.2557578135912098,0.4634146341463415,0.5365853658536586
2022-06-08,492,206,286,-0.032846654884705,-0.05145042476561755,0.24026329552683978,0.4186991869918699,0.5813008130081301
2022-06-09,492,206,286,-0.0350594469731312,-0.05894938716891495,0.244202114221908,0.4186991869918699,0.5813008130081301
2022-06-10,492,192,300,-0.04867448208411337,-0.07438351133782335,0.2512123772841654,0.3902439024390244,0.6097560975609756
2022-06-13,492,197,295,-0.042234385788560036,-0.058570070639232905,0.2505765706003702,0.40040650406504064,0.5995934959349594
2022-06-14,492,213,279,-0.01929655828000695,-0.0442092756791691,0.25239960951243745,0.4329268292682927,0.5670731707317073
2022-06-15,492,214,278,-0.015439248985318036,-0.04133512028711495,0.2650114179209035,0.4349593495934959,0.5650406504065041
2022-06-16,492,239,253,0.014319210126242942,-0.0120673523148918,0.2781145497619388,0.48577235772357724,0.5142276422764228
2022-06-17,492,218,274,-0.007289612517370489,-0.0307397811366086,0.2776946450647755,0.44308943089430897,0.556910569105691
2022-06-21,492,199,293,-0.028387385059581684,-0.049073994568675894,0.26183720033682617,0.40447154471544716,0.5955284552845529
2022-06-22,492,194,298,-0.029335268989500615,-0.05253227703395785,0.2621617324056575,0.3943089430894309,0.6056910569105691
2022-06-23,492,208,284,-0.013110177094481765,-0.0334891555333958,0.2726771655418463,0.42276422764227645,0.5772357723577236
2022-06-24,492,204,288,-0.025240967204195015,-0.05295261756735835,0.2769800082498516,0.4146341463414634,0.5853658536585366
2022-06-27,492,202,290,-0.020666568995085885,-0.04094817701976465,0.27683443795628715,0.4105691056910569,0.5894308943089431
2022-06-28,492,229,263,0.003615823844335176,-0.0222158634285907,0.2861920794966742,0.4654471544715447,0.5345528455284553
2022-06-29,492,245,247,0.028719228437822916,-0.001996801076587,0.29300712198712586,0.49796747967479676,0.5020325203252033
2022-06-30,492,237,255,0.01630221268885262,-0.00985493912025205,0.2823729451919382,0.4817073170731707,0.5182926829268293
2022-07-01,492,226,266,-0.0001118452184725408,-0.0253240072023971,0.28076348773098797,0.45934959349593496,0.540650406504065
2022-07-05,492,236,256,0.015015218566044302,-0.0068617887816831,0.2789475310885299,0.4796747967479675,0.5203252032520326
2022-07-06,492,228,264,0.013168212782431268,-0.016386951377297,0.2951917185693594,0.4634146341463415,0.5365853658536586
2022-07-07,492,224,268,0.014365398450424323,-0.0175653698357729,0.2998506249593765,0.45528455284552843,0.5447154471544715
2022-07-08,492,248,244,0.035836006181455556,0.0029177761033300498,0.30728696562004815,0.5040650406504065,0.4959349593495935
2022-07-11,492,217,274,0.0043415066707052745,-0.0283475394664984,0.2959296173726502,0.4410569105691057,0.556910569105691
2022-07-12,492,196,296,-0.020069122401335952,-0.0503750383017924,0.29162897288761874,0.3983739837398374,0.6016260162601627
2022-07-13,492,185,307,-0.036610070811433845,-0.06971091009269201,0.2923020790529582,0.37601626016260165,0.6239837398373984
2022-07-14,492,159,333,-0.0731161364935525,-0.1094349099533488,0.28886353247298213,0.3231707317073171,0.676829268292683
2022-07-15,492,148,344,-0.07578039550192651,-0.11296489499909776,0.29338139030184845,0.3008130081300813,0.6991869918699187
2022-07-18,492,158,334,-0.05970391383742148,-0.09147124733798445,0.29434972311983354,0.32113821138211385,0.6788617886178862
2022-07-19,492,150,342,-0.07678564506054951,-0.1089397222414832,0.28990709902592304,0.3048780487804878,0.6951219512195121
2022-07-20,492,136,356,-0.09439846234139848,-0.11842520302551354,0.2680556975534363,0.2764227642276423,0.7235772357723578
2022-07-21,492,154,338,-0.08562326556041937,-0.10599442029186446,0.2731196463634979,0.3130081300813008,0.6869918699186992
2022-07-22,492,150,342,-0.08643535482253392,-0.1071104198045301,0.26521294802370565,0.3048780487804878,0.6951219512195121
2022-07-25,492,154,338,-0.08901939005505521,-0.11358430350660195,0.2535408424845932,0.3130081300813008,0.6869918699186992
2022-07-26,492,176,316,-0.06323689128842369,-0.0844958239239165,0.2510170494961216,0.35772357723577236,0.6422764227642277
2022-07-27,492,180,312,-0.06039235823123725,-0.0851514017878369,0.2627060146839083,0.36585365853658536,0.6341463414634146
2022-07-28,492,172,320,-0.0735774212252663,-0.10003530395753016,0.2691272018297315,0.34959349593495936,0.6504065040650406
2022-07-29,493,164,329,-0.08718252173421416,-0.1141685478679275,0.26453598121922417,0.332657200811359,0.6673427991886409
2022-08-01,493,165,328,-0.09007858782017984,-0.1156155031170713,0.2668442207764991,0.33468559837728196,0.665314401622718
2022-08-02,493,169,324,-0.07779610177771795,-0.1068315924921178,0.2724980068685253,0.34279918864097364,0.6572008113590264
2022-08-03,493,163,330,-0.09172099772430443,-0.1208813080979794,0.25073857359239865,0.3306288032454361,0.6693711967545639
2022-08-04,493,168,325,-0.08273130292460869,-0.1123549312205967,0.2592517003844968,0.3407707910750507,0.6592292089249493
2022-08-05,493,180,313,-0.0747469514085995,-0.1064832479530402,0.26220848591770035,0.36511156186612576,0.6348884381338742
2022-08-08,493,169,324,-0.081301485850769,-0.1143689237486673,0.26089140578309855,0.34279918864097364,0.6572008113590264
2022-08-09,493,166,327,-0.0867849796526789,-0.1206011443600909,0.2645523433270917,0.3367139959432049,0.6632860040567952
2022-08-10,493,155,338,-0.09662815908481256,-0.1211548603391098,0.2531173668995727,0.3144016227180527,0.6855983772819473
2022-08-11,493,146,347,-0.10621474447368705,-0.1293045361581345,0.2522023327065693,0.2961460446247465,0.7038539553752535
2022-08-12,493,140,353,-0.1129713111447265,-0.1355113683266977,0.24942587267509628,0.2839756592292089,0.716024340770791
2022-08-15,493,150,343,-0.09596633546131236,-0.1172423628261027,0.2552522935221943,0.30425963488843816,0.6957403651115619
2022-08-16,493,136,357,-0.0993814338339134,-0.1215262742006817,0.2610219556832272,0.27586206896551724,0.7241379310344828
2022-08-17,493,156,337,-0.06705925014523617,-0.0939151307513967,0.2676349028651882,0.31643002028397565,0.6835699797160243
2022-08-18,493,166,327,-0.051802460225904595,-0.0789758025149093,0.2729599016761356,0.3367139959432049,0.6632860040567952
2022-08-19,493,171,322,-0.04186483691028182,-0.0713064963267046,0.2757636827652173,0.34685598377281945,0.6531440162271805
2022-08-22,493,168,325,-0.054358163652482805,-0.0857589174243762,0.27385895042574904,0.3407707910750507,0.6592292089249493
2022-08-23,493,170,323,-0.056815969099423554,-0.0871138468549531,0.28052889555133403,0.3448275862068966,0.6551724137931034
2022-08-24,493,168,325,-0.06872747709660658,-0.0926119505291364,0.27726224241900266,0.3407707910750507,0.6592292089249493
2022-08-25,493,176,317,-0.05671081881104189,-0.0838117481408763,0.27475956581608335,0.35699797160243407,0.6430020283975659
2022-08-26,493,197,296,-0.0356662628458601,-0.0566687930703001,0.2788994104638651,0.3995943204868154,0.6004056795131846
2022-08-29,493,199,294,-0.035473371352044196,-0.0577637484313805,0.2784524456489521,0.40365111561866124,0.5963488843813387
2022-08-30,493,195,298,-0.036781865937099645,-0.0668745631784206,0.27682223774674997,0.39553752535496955,0.6044624746450304
2022-08-31,493,190,303,-0.0427393615557945,-0.0711296371180573,0.27466977453675545,0.385395537525355,0.6146044624746451
2022-09-01,493,192,301,-0.03392310880846887,-0.0657284361436816,0.2692746348183022,0.3894523326572008,0.6105476673427992
2022-09-02,493,183,310,-0.04421389836574591,-0.0680569608441803,0.2526580947364173,0.3711967545638945,0.6288032454361054
2022-09-06,493,192,301,-0.038576131285713605,-0.0692321755560358,0.26027535283260456,0.3894523326572008,0.6105476673427992
2022-09-07,493,199,294,-0.02673914357553278,-0.0570864741612111,0.26422657769820995,0.40365111561866124,0.5963488843813387
2022-09-08,493,200,293,-0.029200888102592422,-0.0585306434674067,0.276270061548047,0.4056795131845842,0.5943204868154158
2022-09-09,493,213,280,-0.005811196502200785,-0.032418669229109,0.2752246307534714,0.43204868154158216,0.5679513184584178
2022-09-12,493,222,271,0.0053985008818247075,-0.0205431349598174,0.28572424241204053,0.45030425963488846,0.5496957403651116
2022-09-13,493,234,259,0.015982696832407314,-0.0086703981968734,0.2771741440043408,0.4746450304259635,0.5253549695740365
2022-09-14,493,243,250,0.025740974484456412,-0.0025456026473208,0.2791587911169112,0.49290060851926976,0.5070993914807302
2022-09-15,493,240,253,0.018344187788708714,-0.0052937813958013,0.2693261118629868,0.486815415821501,0.513184584178499
2022-09-16,493,233,260,0.013374547153533976,-0.0154479093675642,0.27924204079582765,0.4726166328600406,0.5273833671399595
2022-09-19,493,245,248,0.02698061397804882,-0.0014541811647671,0.28870965175560276,0.4969574036511156,0.5030425963488844
2022-09-20,493,244,249,0.03106560206898441,-0.001250211740397,0.3021430507999029,0.4949290060851927,0.5050709939148073
2022-09-21,493,227,266,0.01412064366659941,-0.0217177582851961,0.3057066889574403,0.460446247464503,0.539553752535497
2022-09-22,493,220,273,0.0024712236265216486,-0.0403989731443409,0.3050574538043745,0.4462474645030426,0.5537525354969574
2022-09-23,493,211,282,-0.0055814934708836245,-0.0442010357296547,0.301825813524176,0.4279918864097363,0.5720081135902637
2022-09-26,493,221,272,0.00782942264573751,-0.0309448561538878,0.2994950524998616,0.4482758620689655,0.5517241379310345
2022-09-27,493,200,293,-0.025950750189676543,-0.0579518059224288,0.28668371010139004,0.4056795131845842,0.5943204868154158
2022-09-28,493,201,292,-0.016326050698492363,-0.0507501001051545,0.28950074784004165,0.4077079107505071,0.592292089249493
2022-09-29,493,196,297,-0.030916695099346775,-0.0636474114774645,0.2764742971445157,0.3975659229208925,0.6024340770791075
2022-09-30,493,200,292,-0.02371085220513141,-0.0496988357123955,0.27961174636669733,0.4056795131845842,0.592292089249493
2022-10-03,493,190,303,-0.035518433719299136,-0.0616613353970658,0.2715433693625279,0.385395537525355,0.6146044624746451
2022-10-04,493,187,306,-0.036279369263082506,-0.0625756483048484,0.26869986515764493,0.3793103448275862,0.6206896551724138
2022-10-05,493,183,310,-0.04715931418596767,-0.0723079854731799,0.26353013903752476,0.3711967545638945,0.6288032454361054
2022-10-06,493,200,293,-0.02962283056847654,-0.0565624409439294,0.2649797471962148,0.4056795131845842,0.5943204868154158
2022-10-07,493,194,299,-0.03008342136669843,-0.0559497377693237,0.2636710143076246,0.3935091277890467,0.6064908722109533
2022-10-10,493,205,288,-0.015414672591037315,-0.0359267610782875,0.260076841429137,0.4158215010141988,0.5841784989858012
2022-10-11,493,223,270,-0.0014791199681635364,-0.0229341393083679,0.26214911864688406,0.45233265720081134,0.5476673427991886
2022-10-12,493,189,304,-0.03891039524321954,-0.0575652223396491,0.2600594126994052,0.38336713995943206,0.6166328600405679
2022-10-13,493,184,309,-0.04047886897826545,-0.0651661064499349,0.26671615122923764,0.37322515212981744,0.6267748478701826
2022-10-14,493,161,332,-0.06494886603615238,-0.0855683375668769,0.25758581541879205,0.3265720081135903,0.6734279918864098
2022-10-17,493,162,331,-0.07717250886852149,-0.1087008826725547,0.25827811289173364,0.3286004056795132,0.6713995943204868
2022-10-18,493,163,330,-0.06958269006089877,-0.0948044860641532,0.26171391371358554,0.3306288032454361,0.6693711967545639
2022-10-19,493,158,335,-0.08923248432370005,-0.1197927579786375,0.2593737385320598,0.3204868154158215,0.6795131845841785
2022-10-20,493,147,346,-0.11042688937698086,-0.1418379173375489,0.2519858765276453,0.29817444219066935,0.7018255578093306
2022-10-21,493,140,353,-0.12321726866399474,-0.1522557631728524,0.2571961192341222,0.2839756592292089,0.716024340770791
2022-10-24,493,128,365,-0.14303565346502894,-0.1695567225818612,0.2424883525776227,0.25963488843813387,0.7403651115618661
2022-10-25,493,120,373,-0.1576305561681792,-0.1869975442739022,0.23630112084055796,0.2434077079107505,0.7565922920892495
2022-10-26,493,116,377,-0.1582576509046186,-0.18307210728603,0.23687970075092762,0.23529411764705882,0.7647058823529411
2022-10-27,493,136,357,-0.12630860542332245,-0.1489034714109554,0.24862276691719987,0.27586206896551724,0.7241379310344828
2022-10-28,493,116,377,-0.1506820189213125,-0.1684187157561433,0.24673919786129042,0.23529411764705882,0.7647058823529411
2022-10-31,493,116,377,-0.15811901424168978,-0.1782777981257169,0.2485270371664891,0.23529411764705882,0.7647058823529411
2022-11-01,493,126,367,-0.13963570607485612,-0.1588202143830225,0.2538131551193783,0.25557809330628806,0.744421906693712
2022-11-02,493,137,356,-0.11273624421103172,-0.1407538832322612,0.2621004103990857,0.2778904665314402,0.7221095334685599
2022-11-03,493,133,360,-0.12134144648777834,-0.1448024905405868,0.26092640553261126,0.2697768762677485,0.7302231237322515
2022-11-04,493,129,364,-0.12995754394714404,-0.1554604734058773,0.2620286355597286,0.2616632860040568,0.7383367139959433
2022-11-07,493,110,383,-0.15686785755070196,-0.1896600922432625,0.260458344099613,0.2231237322515213,0.7768762677484787
2022-11-08,493,113,380,-0.1625670554916965,-0.1927136450139959,0.26027059854553947,0.22920892494929007,0.77079107505071
2022-11-09,493,114,379,-0.1657527440592103,-0.1970831421857803,0.26313269058389205,0.23123732251521298,0.768762677484787
2022-11-10,493,105,388,-0.16563926036773877,-0.1967485783345242,0.26433167370376737,0.2129817444219067,0.7870182555780934
2022-11-11,493,118,375,-0.14799231266359847,-0.1811566947623066,0.27134071936824944,0.23935091277890466,0.7606490872210954
2022-11-14,493,106,387,-0.17195416406727723,-0.2015689971610487,0.26321184504650486,0.2150101419878296,0.7849898580121704
2022-11-15,493,109,384,-0.15535659698701745,-0.180357052885328,0.2613808765862484,0.2210953346855984,0.7789046653144016
2022-11-16,493,121,372,-0.1440217567868514,-0.1757147199243778,0.2670346863815551,0.24543610547667344,0.7545638945233266
2022-11-17,493,121,372,-0.14679773027478255,-0.183544358917471,0.27731893546784175,0.24543610547667344,0.7545638945233266
2022-11-18,493,116,377,-0.15245591737030836,-0.189454703028107,0.27692724541234287,0.23529411764705882,0.7647058823529411
2022-11-21,493,128,365,-0.1252597323321513,-0.1690232383758713,0.2937509605552134,0.25963488843813387,0.7403651115618661
2022-11-22,493,134,359,-0.11825078635742503,-0.1593446190540134,0.28997935408923214,0.2718052738336714,0.7281947261663286
2022-11-23,493,141,352,-0.10774058549439883,-0.1448673827692829,0.2763718746726417,0.28600405679513186,0.7139959432048681
2022-11-25,493,145,348,-0.10660485283121851,-0.1458803811781537,0.2811491173533154,0.29411764705882354,0.7058823529411765
2022-11-28,493,164,329,-0.08051809820543372,-0.1303826648902676,0.2973721661427261,0.332657200811359,0.6673427991886409
2022-11-29,493,172,321,-0.06765579055289384,-0.1141957391391992,0.30142272116956376,0.3488843813387424,0.6511156186612576
2022-11-30,493,181,311,-0.04602439820447516,-0.0959323782741359,0.31492524948712747,0.3671399594320487,0.6308316430020284
2022-12-01,493,193,300,-0.030840060970688817,-0.0776240836819944,0.3194245730230564,0.39148073022312374,0.6085192697768763
2022-12-02,493,164,328,-0.07467026902111956,-0.1253745021577776,0.30966451615315477,0.332657200811359,0.665314401622718
2022-12-05,493,164,329,-0.07365099807018119,-0.120725760819809,0.31538848562464694,0.332657200811359,0.6673427991886409
2022-12-06,493,163,330,-0.07358872343836341,-0.1190815315085327,0.310891710341346,0.3306288032454361,0.6693711967545639
2022-12-07,493,159,334,-0.08160139395023198,-0.1230286009158418,0.31088791684521555,0.3225152129817444,0.6774847870182555
2022-12-08,493,161,332,-0.07895401661253804,-0.1209778061201691,0.31359480366216,0.3265720081135903,0.6734279918864098
2022-12-09,493,157,336,-0.0897094868264196,-0.1298959754285098,0.3054795571151725,0.3184584178498986,0.6815415821501014
2022-12-12,493,176,317,-0.050619097898854985,-0.0783438608876162,0.29765586771152536,0.35699797160243407,0.6430020283975659
2022-12-13,493,177,316,-0.0382573294344776,-0.0742017074616532,0.2967142709052433,0.359026369168357,0.640973630831643
2022-12-14,493,180,313,-0.04290469361349245,-0.0699439336336259,0.2973793097379237,0.36511156186612576,0.6348884381338742
2022-12-15,493,171,322,-0.043000526466436866,-0.0772015016361499,0.30202675998216527,0.34685598377281945,0.6531440162271805
2022-12-16,493,168,325,-0.050817677966026785,-0.0808874299142585,0.2958190795026563,0.3407707910750507,0.6592292089249493
2022-12-19,493,175,318,-0.0462802268685756,-0.0790048727684527,0.3052484357975708,0.35496957403651114,0.6450304259634888
2022-12-20,493,200,293,-0.026207968886882198,-0.055826999410346,0.31097275030906607,0.4056795131845842,0.5943204868154158
2022-12-21,493,187,306,-0.046389226310866526,-0.0739672251585055,0.3010866362145277,0.3793103448275862,0.6206896551724138
2022-12-22,493,191,302,-0.0405299859735187,-0.0641377029684824,0.30890945327982106,0.38742393509127787,0.6125760649087221
2022-12-23,493,189,304,-0.0437031186198309,-0.0691351608644951,0.3031769065914512,0.38336713995943206,0.6166328600405679
2022-12-27,493,184,309,-0.0535445431457339,-0.0782703737675927,0.2982013660938054,0.37322515212981744,0.6267748478701826
2022-12-28,493,173,320,-0.07008905731928385,-0.0970045553969876,0.2921658451867433,0.3509127789046653,0.6490872210953347
2022-12-29,493,173,320,-0.06961696219140498,-0.0949008971924485,0.2943054412503665,0.3509127789046653,0.6490872210953347
2022-12-30,493,190,303,-0.0457137737118333,-0.0678385480393527,0.2974081356826188,0.385395537525355,0.6146044624746451
2023-01-03,493,190,303,-0.04660983501073788,-0.0688942914848014,0.29304813385727724,0.385395537525355,0.6146044624746451
2023-01-04,493,185,308,-0.04821178241615375,-0.0651861679510135,0.2880406877606098,0.3752535496957404,0.6247464503042597
2023-01-05,493,174,319,-0.07469305413991027,-0.0893127660153293,0.273291856965286,0.35294117647058826,0.6470588235294118
2023-01-06,493,178,315,-0.0696481402914358,-0.0797772769509863,0.2726419563671174,0.36105476673427994,0.6389452332657201
2023-01-09,493,177,316,-0.07336118343469177,-0.0881430149101937,0.27130981390424375,0.359026369168357,0.640973630831643
2023-01-10,493,183,310,-0.06547153904740899,-0.0739706517373612,0.2648359562960286,0.3711967545638945,0.6288032454361054
2023-01-11,493,176,317,-0.07002247815851563,-0.0720695455343889,0.25974057796426925,0.35699797160243407,0.6430020283975659
2023-01-12,493,188,305,-0.06555663782000322,-0.0687345409222205,0.26105926720031475,0.3813387423935091,0.6186612576064908
2023-01-13,493,191,302,-0.06100203941193291,-0.0663116399411929,0.2592291690146088,0.38742393509127787,0.6125760649087221
2023-01-17,493,189,304,-0.06014814106396252,-0.0583545877211656,0.26233700703555407,0.38336713995943206,0.6166328600405679
2023-01-18,493,176,317,-0.0792266735920328,-0.0765890161235955,0.25963739551260967,0.35699797160243407,0.6430020283975659
2023-01-19,493,185,308,-0.07388230768163319,-0.0699341257977012,0.2589005611913787,0.3752535496957404,0.6247464503042597
2023-01-20,494,181,313,-0.06985927718008329,-0.07410535751600555,0.26690112533752275,0.36639676113360325,0.6336032388663968
2023-01-23,494,194,300,-0.057057436548257096,-0.0623132456478266,0.2728319118598436,0.39271255060728744,0.6072874493927125
2023-01-24,494,209,285,-0.02878420741664783,-0.0434756981657504,0.28142188426188686,0.4230769230769231,0.5769230769230769
2023-01-25,494,201,293,-0.046717712765763114,-0.0530225932558033,0.2732389226641799,0.4068825910931174,0.5931174089068826
2023-01-26,494,217,277,-0.030080376587834048,-0.0373773561552369,0.274581321851979,0.4392712550607287,0.5607287449392713
2023-01-27,494,226,268,-0.02350042488961613,-0.021610256541624302,0.27645671619359397,0.4574898785425101,0.5425101214574899
2023-01-30,494,218,276,-0.03214449178859115,-0.0311125778746,0.266322607056054,0.44129554655870445,0.5587044534412956
2023-01-31,494,216,278,-0.035110877257866886,-0.032668477441013546,0.2594460265593905,0.43724696356275305,0.562753036437247
2023-02-01,494,200,294,-0.05473360960707025,-0.05599888007991845,0.26037490514352485,0.4048582995951417,0.5951417004048583
2023-02-02,494,197,297,-0.06498035056711807,-0.06477049238843216,0.24792007756095613,0.39878542510121456,0.6012145748987854
2023-02-03,494,198,296,-0.06095689701846505,-0.0582579515313883,0.23976489782832186,0.4008097165991903,0.5991902834008097
2023-02-06,494,198,296,-0.05657427805670134,-0.053909121779238,0.24301655120434257,0.4008097165991903,0.5991902834008097
2023-02-07,494,228,266,-0.0319626016363043,-0.0259064805511666,0.2532400404853096,0.46153846153846156,0.5384615384615384
2023-02-08,494,220,274,-0.031935917267157304,-0.024527464268469648,0.2515087016285686,0.44534412955465585,0.5546558704453441
2023-02-09,494,219,275,-0.03326839212892926,-0.025340301237373748,0.25240647168181146,0.4433198380566802,0.5566801619433198
2023-02-10,494,217,277,-0.03867471992752297,-0.02463427209387605,0.2478767243684264,0.4392712550607287,0.5607287449392713
2023-02-13,494,243,251,-0.018893964680196412,-0.0042126666331976995,0.253641076588099,0.49190283400809715,0.5080971659919028
2023-02-14,494,249,245,-0.003931418450945224,0.00419003761274965,0.250558699053781,0.5040485829959515,0.4959514170040486
2023-02-15,494,256,238,0.0016203580096816864,0.00621187721116715,0.2517593660884072,0.5182186234817814,0.4817813765182186
2023-02-16,494,226,268,-0.028483977446069803,-0.01866657810889215,0.24555569472635644,0.4574898785425101,0.5425101214574899
2023-02-17,494,208,286,-0.04109232982804056,-0.0320957846401441,0.24193474065316228,0.42105263157894735,0.5789473684210527
2023-02-21,494,248,246,-0.007732860610874206,0.00037268128577245,0.24146527331889456,0.5020242914979757,0.4979757085020243
2023-02-22,494,251,243,0.007553185599389706,0.00571900052902545,0.23952851051117247,0.5080971659919028,0.49190283400809715
2023-02-23,494,260,234,0.017541983913591352,0.0145255167256985,0.24571832117626569,0.5263157894736842,0.47368421052631576
2023-02-24,494,280,214,0.03673160370809648,0.03470283589622155,0.2451340170320829,0.5668016194331984,0.4331983805668016
2023-02-27,494,277,217,0.03307406313856673,0.033856229045014896,0.24698119552515077,0.5607287449392713,0.4392712550607287
2023-02-28,494,253,241,0.006453430756122973,0.00793147749168885,0.23553728904201554,0.5121457489878543,0.48785425101214575
2023-03-01,494,253,241,-0.0009362394345125028,0.00403416180275455,0.22674346689258132,0.5121457489878543,0.48785425101214575
2023-03-02,494,282,212,0.03307705347565605,0.033469122054182246,0.23006423744706828,0.5708502024291497,0.4291497975708502
2023-03-03,494,275,219,0.019935033461656662,0.0231111522833632,0.2227178407202267,0.5566801619433198,0.4433198380566802
2023-03-06,494,274,220,0.031978280115322735,0.03105607178027875,0.211053305184789,0.5546558704453441,0.44534412955465585
2023-03-07,494,267,227,0.029947177307934114,0.0186755936781061,0.21662810168326785,0.5404858299595142,0.45951417004048584
2023-03-08,494,284,210,0.05611727035819602,0.0415896792889969,0.22694146664214232,0.5748987854251012,0.4251012145748988
2023-03-09,494,305,189,0.07011532718552156,0.0544174202719557,0.22128713518834367,0.6174089068825911,0.3825910931174089
2023-03-10,494,274,220,0.035973493181194194,0.024555944926962052,0.21640955963507894,0.5546558704453441,0.44534412955465585
2023-03-13,494,271,223,0.03043754204880212,0.01906742743587915,0.21862320849622996,0.548582995951417,0.451417004048583
2023-03-14,494,289,205,0.04580160083863754,0.03789650313645395,0.22334555518934937,0.5850202429149798,0.4149797570850202
2023-03-15,494,294,200,0.06387896984378366,0.0545457918383903,0.2292544160509331,0.5951417004048583,0.4048582995951417
2023-03-16,494,274,220,0.04494941930132687,0.03394907512881825,0.2268377630919397,0.5546558704453441,0.44534412955465585
2023-03-17,494,271,223,0.028260424843047895,0.02258917586374305,0.2189889106397338,0.548582995951417,0.451417004048583
2023-03-20,494,246,248,0.004337065142132391,-0.0036808475878339,0.2159041372080529,0.4979757085020243,0.5020242914979757
2023-03-21,494,239,255,-0.007424913853257372,-0.008651610221508,0.2135424946639365,0.48380566801619435,0.5161943319838057
2023-03-22,494,210,284,-0.02560620751538327,-0.030494953957882702,0.21046665973012182,0.4251012145748988,0.5748987854251012
2023-03-23,494,206,288,-0.034229148481647355,-0.034184988424273,0.20936176435358464,0.41700404858299595,0.582995951417004
2023-03-24,494,219,275,-0.01658715917352313,-0.0208056440112286,0.2150567519789062,0.4433198380566802,0.5566801619433198
2023-03-27,494,202,292,-0.035568405170508875,-0.03899947631890675,0.21755809699262038,0.4089068825910931,0.5910931174089069
2023-03-28,494,178,316,-0.040702746297240786,-0.04710942185503745,0.21821635874776513,0.3603238866396761,0.6396761133603239
2023-03-29,494,172,321,-0.04623973430038849,-0.0598553737089284,0.21753289879119134,0.3481781376518219,0.6497975708502024
2023-03-30,494,163,331,-0.06182405457374006,-0.07130812006401385,0.22393044958676483,0.3299595141700405,0.6700404858299596
2023-03-31,494,173,321,-0.047948997940065616,-0.0609494160909327,0.22624214920124391,0.35020242914979755,0.6497975708502024
2023-04-03,494,207,287,-0.022101976324229305,-0.0417112246877563,0.23258893741103473,0.4190283400809717,0.5809716599190283
2023-04-04,494,199,295,-0.029462541551272925,-0.050106228126685096,0.23332776229467778,0.402834008097166,0.597165991902834
2023-04-05,494,184,310,-0.04475904664314717,-0.06124292293906735,0.2354434192479293,0.3724696356275304,0.6275303643724697
2023-04-06,494,198,296,-0.03084813719593156,-0.0503956147697055,0.2425522858382879,0.4008097165991903,0.5991902834008097
2023-04-10,494,189,305,-0.044206988353612774,-0.07140598560855935,0.24365685996373584,0.3825910931174089,0.6174089068825911
2023-04-11,494,167,327,-0.06675392593600439,-0.0877602902810948,0.23802893673644177,0.33805668016194335,0.6619433198380567
2023-04-12,494,160,334,-0.07545351963085725,-0.10063312174907214,0.23413779835845477,0.32388663967611336,0.6761133603238867
2023-04-13,494,178,316,-0.052193610320451285,-0.0788536123162249,0.24124738071964166,0.3603238866396761,0.6396761133603239
2023-04-14,494,160,334,-0.06525937088940154,-0.08104476195243755,0.23089045040974449,0.32388663967611336,0.6761133603238867
2023-04-17,494,166,328,-0.0626127232300686,-0.08204849177280085,0.23404713164217922,0.3360323886639676,0.6639676113360324
2023-04-18,494,158,336,-0.07109529655527147,-0.0911785962590275,0.23167413591706934,0.31983805668016196,0.680161943319838
2023-04-19,494,172,322,-0.0560462806360279,-0.0782628019416397,0.23598981278099646,0.3481781376518219,0.6518218623481782
2023-04-20,494,165,329,-0.06191004110377923,-0.07733978994253235,0.22889121377486604,0.3340080971659919,0.6659919028340081
2023-04-21,494,145,349,-0.08663720771945496,-0.1008300541162169,0.2286716289956861,0.2935222672064777,0.7064777327935222
2023-04-24,494,153,341,-0.07363243409379715,-0.09688632319314525,0.23987880878008622,0.3097165991902834,0.6902834008097166
2023-04-25,494,187,307,-0.041239963108305654,-0.0578279084077129,0.24341097137430207,0.3785425101214575,0.6214574898785425
2023-04-26,494,187,307,-0.038817092355622224,-0.05331346794987305,0.24197677194508932,0.3785425101214575,0.6214574898785425
2023-04-27,494,207,287,-0.012825700220721803,-0.0358353786764983,0.24733155127378628,0.4190283400809717,0.5809716599190283
2023-04-28,494,219,275,-0.00019685576289039052,-0.027134055310082998,0.24791744169785176,0.4433198380566802,0.5566801619433198
2023-05-01,494,202,292,-0.014266982074077015,-0.035236596671614245,0.240253789003936,0.4089068825910931,0.5910931174089069
2023-05-02,494,255,239,0.03301556261371223,0.0074173478745349995,0.24874427433651838,0.5161943319838057,0.48380566801619435
2023-05-03,494,255,239,0.03030272048908258,0.0091780603314994,0.24666720100418676,0.5161943319838057,0.48380566801619435
2023-05-04,494,241,253,0.012408171206235127,-0.0071990881772814996,0.23956127227999838,0.48785425101214575,0.5121457489878543
2023-05-05,494,205,289,-0.019472010754797313,-0.03234687647608915,0.22292875163578715,0.4149797570850202,0.5850202429149798
2023-05-08,494,247,247,0.013719329722219493,0.0011818312411574,0.23200682507191406,0.5,0.5
2023-05-09,494,256,238,0.03206637317455991,0.0071821435022999,0.24251675201076883,0.5182186234817814,0.4817813765182186
2023-05-10,494,302,192,0.07418908887043967,0.0446949896698727,0.2546488771181746,0.611336032388664,0.38866396761133604
2023-05-11,494,296,198,0.07066503688623475,0.040233999338324555,0.25282474751084266,0.5991902834008097,0.4008097165991903
2023-05-12,494,314,180,0.09590034108296402,0.057702142713904905,0.2688248908537516,0.6356275303643725,0.3643724696356275
2023-05-15,494,305,189,0.08669436184758444,0.05510370075543275,0.26671368687627867,0.6174089068825911,0.3825910931174089
2023-05-16,494,289,205,0.06381016810909522,0.03545729152874415,0.25272400876671103,0.5850202429149798,0.4149797570850202
2023-05-17,494,291,203,0.07226495037469788,0.04202381221246295,0.26140457512073745,0.5890688259109311,0.4109311740890688
2023-05-18,494,271,223,0.04801433516853952,0.018336367088714597,0.25138525418063135,0.548582995951417,0.451417004048583
2023-05-19,494,305,188,0.08604947146285695,0.05888735182480625,0.2641797909706797,0.6174089068825911,0.3805668016194332
2023-05-22,494,301,193,0.0857351764892342,0.06214520082425255,0.26271188194194756,0.6093117408906883,0.39068825910931176
2023-05-23,494,309,185,0.08642075978799686,0.062298989205721605,0.25890307654366307,0.6255060728744939,0.37449392712550605
2023-05-24,494,281,213,0.05456003651144371,0.03534532843560715,0.25870274958750583,0.5688259109311741,0.4311740890688259
2023-05-25,494,280,214,0.05518903079058195,0.019729331438983103,0.2619984900670569,0.5668016194331984,0.4331983805668016
2023-05-26,494,278,216,0.058556465045222196,0.0269200469717991,0.2595629580065897,0.562753036437247,0.43724696356275305
2023-05-30,494,261,233,0.04493925458955379,0.015122193342918151,0.24673912475533763,0.52834008097166,0.4716599190283401
2023-05-31,494,235,259,0.02047003272046214,-0.00924251815619005,0.24369416854002576,0.4757085020242915,0.5242914979757085
2023-06-01,494,231,263,0.01787964671164958,-0.0156787671988749,0.2488313462150939,0.4676113360323887,0.5323886639676113
2023-06-02,494,236,258,0.02433043134898659,-0.0100706554856595,0.25719686210456605,0.4777327935222672,0.5222672064777328
2023-06-05,494,214,280,-0.003945603441476874,-0.03503344090392805,0.24656829591811205,0.4331983805668016,0.5668016194331984
2023-06-06,494,233,261,0.02555946241957465,-0.01249615889277345,0.24879330558860854,0.4716599190283401,0.52834008097166
2023-06-07,494,229,265,0.02197795484579771,-0.0159600262564167,0.25056818239366563,0.46356275303643724,0.5364372469635628
2023-06-08,494,220,274,0.00927746893149807,-0.0270930867263762,0.24918159352967903,0.44534412955465585,0.5546558704453441
2023-06-09,494,236,258,0.02471337817845677,-0.0113002401952756,0.2515148760814079,0.4777327935222672,0.5222672064777328
2023-06-12,494,252,242,0.044632242925927934,0.0024916385763219,0.2599858491163887,0.5101214574898786,0.4898785425101215
2023-06-13,494,276,218,0.07514535055912888,0.0293066145580256,0.27934415878834085,0.5587044534412956,0.44129554655870445
2023-06-14,494,333,161,0.128754479501051,0.08042822863683904,0.2927539486954288,0.6740890688259109,0.3259109311740891
2023-06-15,494,321,173,0.1206290987071899,0.0764772434717213,0.2966944444253635,0.6497975708502024,0.35020242914979755
2023-06-16,494,323,171,0.12048061385798539,0.07843598642700786,0.28835575152506326,0.6538461538461539,0.34615384615384615
2023-06-20,494,358,136,0.1760717703047837,0.1267388429135981,0.3188784694372722,0.7246963562753036,0.27530364372469635
2023-06-21,494,360,134,0.16646863578709511,0.1205602631373954,0.3079003994052775,0.728744939271255,0.27125506072874495
2023-06-22,494,350,144,0.14796007638775616,0.10098316871612376,0.3021144131350887,0.708502024291498,0.291497975708502
2023-06-23,494,344,150,0.13616757641562763,0.09861154056209405,0.293002464506485,0.6963562753036437,0.30364372469635625
2023-06-26,494,318,176,0.11580855378239334,0.07446566383764625,0.2965646453774961,0.6437246963562753,0.3562753036437247
2023-06-27,494,290,204,0.08401749471699158,0.040259984317380704,0.3145705799175105,0.5870445344129555,0.41295546558704455
2023-06-28,494,295,199,0.09630637211221997,0.05981023210138875,0.3253393118363598,0.597165991902834,0.402834008097166
2023-06-29,494,296,198,0.11518108061044557,0.0722355039246108,0.34887754531583504,0.5991902834008097,0.4008097165991903
2023-06-30,494,295,199,0.11319313508030376,0.0717734484811558,0.34655749929612134,0.597165991902834,0.402834008097166
2023-07-03,494,314,180,0.13192628282897617,0.08340350237644875,0.3609091239217856,0.6356275303643725,0.3643724696356275
2023-07-05,494,314,180,0.14242504924930327,0.0902856275030304,0.36148557380720187,0.6356275303643725,0.3643724696356275
2023-07-06,494,325,169,0.13964188746430256,0.09194345298810985,0.35801230648071125,0.6578947368421053,0.34210526315789475
2023-07-07,494,329,165,0.14785928431087245,0.10263385797264665,0.36821476800743885,0.6659919028340081,0.3340080971659919
2023-07-10,494,329,165,0.13481369239534527,0.08959967551145885,0.3524801486507621,0.6659919028340081,0.3340080971659919
2023-07-11,494,331,163,0.14220627381169892,0.0917010692343273,0.3647441769616099,0.6700404858299596,0.3299595141700405
2023-07-12,494,338,156,0.15399474905095517,0.10066108879427535,0.3816145419852275,0.6842105263157895,0.3157894736842105
2023-07-13,494,344,150,0.1676675718449499,0.11640616751131025,0.381936227789311,0.6963562753036437,0.30364372469635625
2023-07-14,494,363,131,0.18425801827082813,0.12594186252702574,0.37522370250126225,0.7348178137651822,0.2651821862348178
2023-07-17,494,366,128,0.19320561398925704,0.13908609651235426,0.3807004011981935,0.7408906882591093,0.2591093117408907
2023-07-18,494,360,134,0.18341470880361688,0.12488364387752945,0.37008232223626014,0.728744939271255,0.27125506072874495
2023-07-19,494,364,130,0.18494682411510097,0.128466940272962,0.3544602247348513,0.7368421052631579,0.2631578947368421
2023-07-20,494,329,165,0.13983204386219555,0.08332767485344325,0.3358713928477546,0.6659919028340081,0.3340080971659919
2023-07-21,494,319,175,0.12787331460819257,0.07686498511813095,0.32058180552688204,0.645748987854251,0.354251012145749
2023-07-24,494,310,184,0.11505855669621191,0.06622384386422606,0.31150873730158063,0.6275303643724697,0.3724696356275304
2023-07-25,494,305,189,0.11401956782836402,0.0629696525840808,0.3130125652796379,0.6174089068825911,0.3825910931174089
2023-07-26,494,307,186,0.11579005530685157,0.06485029014788796,0.30730777878827203,0.6214574898785425,0.3765182186234818
2023-07-27,494,320,174,0.14311532022092752,0.09213800871273285,0.3269148419593442,0.6477732793522267,0.3522267206477733
2023-07-28,494,313,181,0.11832226791759654,0.07207239542735125,0.32177077644526975,0.6336032388663968,0.36639676113360325
2023-07-31,494,307,187,0.10718773911989203,0.06961934545326276,0.30725075993738354,0.6214574898785425,0.3785425101214575
2023-08-01,494,300,194,0.10577834687750709,0.0617287257345402,0.31176367006143807,0.6072874493927125,0.39271255060728744
2023-08-02,494,305,189,0.11065077802064001,0.066432499215139,0.30767305725086835,0.6174089068825911,0.3825910931174089
2023-08-03,494,312,182,0.11102925006069644,0.07004990387969931,0.30417354242448114,0.631578947368421,0.3684210526315789
2023-08-04,494,290,204,0.08762399191090421,0.0482168591346191,0.2914824010261661,0.5870445344129555,0.41295546558704455
2023-08-07,494,295,199,0.09186475049986548,0.0568048605758012,0.2904704844489065,0.597165991902834,0.402834008097166
2023-08-08,494,303,191,0.1003117333035845,0.06006061754039045,0.29909220873940306,0.6133603238866396,0.3866396761133603
2023-08-09,494,311,183,0.1080951729663083,0.0658673572013992,0.29402574227369155,0.6295546558704453,0.37044534412955465
2023-08-10,494,320,174,0.1221039734679773,0.07989157391175755,0.3114431777552705,0.6477732793522267,0.3522267206477733
2023-08-11,494,302,191,0.10184522278052015,0.0607185606140037,0.29707077219910477,0.611336032388664,0.3866396761133603
2023-08-14,494,291,203,0.09234258328723224,0.0460046394656985,0.2962713249596429,0.5890688259109311,0.4109311740890688
2023-08-15,494,276,218,0.07795157660202623,0.03504216747552285,0.29743895231027456,0.5587044534412956,0.44129554655870445
2023-08-16,494,287,207,0.0830098921231541,0.0350492940347465,0.30292350494824566,0.5809716599190283,0.4190283400809717
2023-08-17,494,293,201,0.08309867898421162,0.031825302992376146,0.2928832661492534,0.5931174089068826,0.4068825910931174
2023-08-18,494,295,199,0.09121367613464473,0.0429182852241758,0.29003883026949123,0.597165991902834,0.402834008097166
2023-08-21,494,297,197,0.08758185365381374,0.04679601641838255,0.27952438857964296,0.6012145748987854,0.39878542510121456
2023-08-22,494,312,182,0.10688409100396914,0.06181690592466155,0.2928175493668953,0.631578947368421,0.3684210526315789
2023-08-23,494,328,165,0.13441310614515328,0.08020638038741676,0.31248787445816023,0.6639676113360324,0.3340080971659919
2023-08-24,494,337,157,0.13611739597127817,0.08812636072013755,0.3052303424236975,0.6821862348178138,0.31781376518218624
2023-08-25,494,313,181,0.12088097027431789,0.07450800238414776,0.3043467185008353,0.6336032388663968,0.36639676113360325
2023-08-28,494,304,190,0.11036216489344514,0.0693014648049391,0.2977451374127949,0.6153846153846154,0.38461538461538464
2023-08-29,494,341,153,0.15372339370419735,0.09905100004600706,0.31961088162087903,0.6902834008097166,0.3097165991902834
2023-08-30,494,343,151,0.15794419039415328,0.10545496078897565,0.32674311483449436,0.694331983805668,0.305668016194332
2023-08-31,494,356,138,0.16153626158380835,0.1141253801583953,0.3305950669930194,0.7206477732793523,0.2793522267206478
2023-09-01,494,349,145,0.1659939212562915,0.12316171738339815,0.33347288729323254,0.7064777327935222,0.2935222672064777
2023-09-05,494,347,147,0.16207463952790813,0.12496615518334481,0.34983704921450426,0.7024291497975709,0.2975708502024291
2023-09-06,494,361,133,0.1827813578850844,0.14125870131761403,0.36023341906777634,0.7307692307692307,0.2692307692307692
2023-09-07,494,358,136,0.18029171326379984,0.13866661078524967,0.3650839067286025,0.7246963562753036,0.27530364372469635
2023-09-08,494,338,156,0.14753444511472147,0.1100539737253878,0.3185048623070423,0.6842105263157895,0.3157894736842105
2023-09-11,494,335,159,0.1357958436202292,0.10173444318226174,0.31420686093055494,0.6781376518218624,0.32186234817813764
2023-09-12,494,330,164,0.1162659089152644,0.0857888079685255,0.29241554390492996,0.6680161943319838,0.3319838056680162
2023-09-13,494,313,181,0.10856417716758428,0.0718176893784415,0.3026243922020808,0.6336032388663968,0.36639676113360325
2023-09-14,494,336,157,0.14081242746089664,0.10425979768026225,0.3225816086059131,0.680161943319838,0.31781376518218624
2023-09-15,494,333,161,0.13057073463668598,0.09249131016967245,0.3137211789476296,0.6740890688259109,0.3259109311740891
2023-09-18,494,331,163,0.12805113343304714,0.09202518552091815,0.30046877551594586,0.6700404858299596,0.3299595141700405
2023-09-19,494,346,147,0.14410464550912364,0.1064968917424564,0.3091732351014706,0.7004048582995951,0.2975708502024291
2023-09-20,494,332,162,0.136991464969309,0.09483482745457145,0.3209664664636321,0.6720647773279352,0.32793522267206476
2023-09-21,494,338,156,0.15281201619891777,0.11290868989038311,0.330531944214429,0.6842105263157895,0.3157894736842105
2023-09-22,494,361,133,0.18434570781780216,0.1412749222843634,0.35047247163170786,0.7307692307692307,0.2692307692307692
2023-09-25,494,361,133,0.1898171778220481,0.14794433569324433,0.34772630133734095,0.7307692307692307,0.2692307692307692
2023-09-26,494,378,116,0.21890865889849412,0.16933331981440441,0.35870404338570644,0.7651821862348178,0.23481781376518218
2023-09-27,494,393,101,0.24634996164919284,0.19291493315402825,0.37108665580369404,0.7955465587044535,0.20445344129554655
2023-09-28,494,398,96,0.2636491948850547,0.2170070889895139,0.37544981334829275,0.805668016194332,0.19433198380566802
2023-09-29,494,384,110,0.23680174971862503,0.18694830124452394,0.3633624370346369,0.7773279352226721,0.22267206477732793
2023-10-02,494,399,95,0.2599321545139724,0.21497959379476955,0.3837459696805704,0.8076923076923077,0.19230769230769232
2023-10-03,494,405,89,0.2810663685987903,0.2370663436428177,0.39573736671227566,0.819838056680162,0.18016194331983806
2023-10-04,494,379,115,0.22970130796572683,0.18538147445798753,0.37217311601199493,0.7672064777327935,0.23279352226720648
2023-10-05,494,350,144,0.18343429230452094,0.14526777436774113,0.3464498372295418,0.708502024291498,0.291497975708502
2023-10-06,494,352,142,0.18393294930747853,0.1422439959169278,0.3434147469751939,0.7125506072874493,0.2874493927125506
2023-10-09,494,371,123,0.19683735444407527,0.14889493599680115,0.34522739409857767,0.7510121457489879,0.24898785425101214
2023-10-10,494,384,110,0.23448288182874025,0.18174575787451158,0.36973841824059756,0.7773279352226721,0.22267206477732793
2023-10-11,494,389,105,0.23928500437989292,0.1896597991679903,0.36870446764121484,0.7874493927125507,0.2125506072874494
2023-10-12,494,395,99,0.24239131525362348,0.18589978216184067,0.3742441982689222,0.7995951417004049,0.20040485829959515
2023-10-13,494,406,88,0.2627824902454293,0.20474952588191642,0.38196994564039366,0.8218623481781376,0.17813765182186234
2023-10-16,494,389,105,0.22179323396649717,0.16896967241011024,0.3569702805292225,0.7874493927125507,0.2125506072874494
2023-10-17,494,400,94,0.2520827266891527,0.1995590625727494,0.37361737155507574,0.8097165991902834,0.1902834008097166
2023-10-18,494,378,116,0.2171632651045756,0.1730259453944368,0.3535661857027562,0.7651821862348178,0.23481781376518218
2023-10-19,494,369,125,0.19303891502337034,0.1507429662668241,0.3390449415068825,0.7469635627530364,0.25303643724696356
2023-10-20,494,361,133,0.1855652439407736,0.1416774969141756,0.33476218731748975,0.7307692307692307,0.2692307692307692
2023-10-23,494,372,122,0.19312213028993974,0.1501798259221557,0.32884571562721465,0.7530364372469636,0.24696356275303644
2023-10-24,494,359,135,0.1682685233092123,0.13030090153002943,0.32321427318158147,0.7267206477732794,0.2732793522267207
2023-10-25,494,333,161,0.14082331124611855,0.0993287747689614,0.3199075404778423,0.6740890688259109,0.3259109311740891
2023-10-26,494,312,182,0.11920216409199452,0.0683242198777658,0.31140024900289287,0.631578947368421,0.3684210526315789
2023-10-27,494,316,178,0.12908200686208532,0.08739439058593575,0.3264665178141523,0.6396761133603239,0.3603238866396761
2023-10-30,494,314,180,0.12547632007852558,0.08235669239829599,0.3326689794992759,0.6356275303643725,0.3643724696356275
2023-10-31,494,286,208,0.09186124940232378,0.05214659954471555,0.3321692092492577,0.5789473684210527,0.42105263157894735
2023-11-01,494,281,213,0.08261981582824841,0.0399047202777861,0.3257386832623418,0.5688259109311741,0.4311740890688259
2023-11-02,494,282,212,0.08731584662301782,0.0446595589335291,0.32768246537005596,0.5708502024291497,0.4291497975708502
2023-11-03,494,308,186,0.11223360733439061,0.06987654932787385,0.3353609764480071,0.6234817813765182,0.3765182186234818
2023-11-06,494,311,183,0.1303198760883248,0.08075395462018105,0.3485728080941546,0.6295546558704453,0.37044534412955465
2023-11-07,494,307,187,0.12505851361833545,0.07379467958374315,0.3717256186103902,0.6214574898785425,0.3785425101214575
2023-11-08,494,307,187,0.12740023945399195,0.0748639056077027,0.390540780917572,0.6214574898785425,0.3785425101214575
2023-11-09,494,304,190,0.12480554166862559,0.0724386764671408,0.3882251222264668,0.6153846153846154,0.38461538461538464
2023-11-10,494,307,187,0.13144199913542814,0.0762138574571507,0.380155228391607,0.6214574898785425,0.3785425101214575
2023-11-13,494,268,226,0.05985434006607051,0.02206623516405035,0.31713314833485406,0.5425101214574899,0.4574898785425101
2023-11-14,494,272,222,0.06075477582643431,0.0193715748383669,0.30503095220499576,0.5506072874493927,0.4493927125506073
2023-11-15,494,285,209,0.07931541407745497,0.0324407969994494,0.31961817884997235,0.5769230769230769,0.4230769230769231
2023-11-16,494,263,231,0.04835262724381951,0.0138635563168797,0.29890286630749946,0.5323886639676113,0.4676113360323887
2023-11-17,494,258,236,0.049102620565945054,0.01077827367741055,0.3095878421645556,0.5222672064777328,0.4777327935222672
2023-11-20,494,251,243,0.04195159475831454,0.00418111444702735,0.3036401537472859,0.5080971659919028,0.49190283400809715
2023-11-21,494,234,260,0.0313588880716135,-0.010514109774659,0.31597091818220746,0.47368421052631576,0.5263157894736842
2023-11-22,494,242,252,0.04403882622691561,-0.007147074632827851,0.33983162037186465,0.4898785425101215,0.5101214574898786
2023-11-24,494,214,280,0.015059063279079112,-0.0300015686799866,0.3167261961473546,0.4331983805668016,0.5668016194331984
2023-11-27,494,211,283,0.003941931775663749,-0.0363921744980241,0.28660213139014584,0.4271255060728745,0.5728744939271255
2023-11-28,494,197,297,-0.006366887032009681,-0.0465856073626994,0.2948513666123834,0.39878542510121456,0.6012145748987854
2023-11-29,494,221,273,0.019347890050402262,-0.0235314488466317,0.3067824369233024,0.4473684210526316,0.5526315789473685
2023-11-30,494,226,268,0.02598196997085554,-0.0200081278226451,0.30910264217575767,0.4574898785425101,0.5425101214574899
2023-12-01,494,209,285,0.006642440237121823,-0.037083062269146996,0.30287269900128966,0.4230769230769231,0.5769230769230769
2023-12-04,494,228,266,0.02827120618441846,-0.01958268946369185,0.30889372409719085,0.46153846153846156,0.5384615384615384
2023-12-05,494,245,249,0.047095672236515417,-0.0045219491887905,0.321123367545251,0.4959514170040486,0.5040485829959515
2023-12-06,494,254,240,0.06558011412026987,0.00835559651001425,0.3477906349236555,0.5141700404858299,0.48582995951417
2023-12-07,494,264,230,0.08099603310870199,0.0168804178980963,0.37492366771732466,0.5344129554655871,0.46558704453441296
2023-12-08,494,262,231,0.08998912221223239,0.01666727643887115,0.48443945175396014,0.5303643724696356,0.4676113360323887
2023-12-11,494,247,247,0.06818088576928978,-0.00023549301090080622,0.4039017233976742,0.5,0.5
2023-12-12,494,271,223,0.0902512768184244,0.01885606208822985,0.4117655415516942,0.548582995951417,0.451417004048583
2023-12-13,494,252,242,0.07303001140561312,0.00528086891870245,0.40221726601993296,0.5101214574898786,0.4898785425101215
2023-12-14,494,272,222,0.09680034765483767,0.0203053027882843,0.4349390332730021,0.5506072874493927,0.4493927125506073
2023-12-15,494,276,218,0.10524304155526759,0.0297695461771002,0.41904783761686715,0.5587044534412956,0.44129554655870445
2023-12-18,495,297,198,0.12936806444153748,0.0483298444603723,0.4208210483007732,0.6,0.4
2023-12-19,495,311,184,0.14883357266048153,0.0631498496096758,0.43639450743056135,0.6282828282828283,0.3717171717171717
2023-12-20,495,316,179,0.170203412653714,0.0737308151053908,0.48472924011697893,0.6383838383838384,0.3616161616161616
2023-12-21,495,320,175,0.16448832350885906,0.0708989114932896,0.4723451224311475,0.6464646464646465,0.35353535353535354
2023-12-22,495,311,184,0.15257243101274226,0.0572062337706071,0.4614047636419691,0.6282828282828283,0.3717171717171717
2023-12-26,495,324,171,0.17186755535674347,0.07723752900529,0.4812162436726065,0.6545454545454545,0.34545454545454546
2023-12-27,495,315,180,0.16394602444466552,0.0644379307812701,0.4853074057889455,0.6363636363636364,0.36363636363636365
2023-12-28,495,310,185,0.16692355129212005,0.0572656344148052,0.521797010563394,0.6262626262626263,0.37373737373737376
2023-12-29,495,320,175,0.18686723248006554,0.0781383891876412,0.5217582066458271,0.6464646464646465,0.35353535353535354
2024-01-02,495,317,178,0.16877667838013802,0.0691387005688008,0.4638353930089871,0.6404040404040404,0.3595959595959596
2024-01-03,495,330,165,0.19028508861517918,0.0908359398539324,0.4755750052315531,0.6666666666666666,0.3333333333333333
2024-01-04,495,333,162,0.19369082156820638,0.0890248388297929,0.5096876461093545,0.6727272727272727,0.32727272727272727
2024-01-05,495,309,186,0.1656715488397122,0.0676783181450069,0.47387377962062494,0.6242424242424243,0.37575757575757573
2024-01-08,495,319,176,0.1810283250782196,0.0818649510668123,0.4966162902575357,0.6444444444444445,0.35555555555555557
2024-01-09,495,295,200,0.1611086127458223,0.0570273302966815,0.5085481679367413,0.5959595959595959,0.40404040404040403
2024-01-10,495,300,195,0.16399488634017154,0.057833602995414,0.5179848793832419,0.6060606060606061,0.3939393939393939
2024-01-11,495,303,192,0.16492740858552069,0.0657570776586942,0.5106515979602911,0.6121212121212121,0.3878787878787879
2024-01-12,495,294,201,0.14995289542438747,0.0546121801029459,0.4571900873252567,0.593939393939394,0.40606060606060607
2024-01-16,495,316,179,0.16129179192776621,0.06998440175521,0.41155823679506504,0.6383838383838384,0.3616161616161616
2024-01-17,495,322,173,0.1736113199019328,0.0844613746211191,0.44958328976804873,0.6505050505050505,0.34949494949494947
2024-01-18,495,313,182,0.16803242869507232,0.0756285599132284,0.44185375100963137,0.6323232323232323,0.36767676767676766
2024-01-19,495,336,159,0.19085209276914175,0.0978099768275635,0.4815248782399987,0.6787878787878788,0.3212121212121212
2024-01-22,495,343,152,0.2183324553465918,0.124764335601851,0.5400526024800308,0.692929292929293,0.30707070707070705
2024-01-23,495,323,172,0.17331211190386908,0.0884924138236293,0.49370398999667253,0.6525252525252525,0.3474747474747475
2024-01-24,495,322,173,0.1697268881872092,0.0905520173504306,0.4717206930077002,0.6505050505050505,0.34949494949494947
2024-01-25,495,326,169,0.17421057318071217,0.0902626830411215,0.4720782827328463,0.6585858585858586,0.3414141414141414
2024-01-26,495,336,159,0.17994274904051807,0.0972678348007183,0.4783526968028892,0.6787878787878788,0.3212121212121212
2024-01-29,495,329,166,0.17215511407263925,0.0867154715452227,0.4797820314947916,0.6646464646464646,0.33535353535353535
2024-01-30,495,334,161,0.16786541116078077,0.090275552726379,0.4325550176623085,0.6747474747474748,0.32525252525252524
2024-01-31,495,335,160,0.17319597331139394,0.0959025480798241,0.3941979878630934,0.6767676767676768,0.32323232323232326
2024-02-01,495,332,163,0.1463845388451914,0.0824129250534886,0.3590155184926006,0.6707070707070707,0.3292929292929293
2024-02-02,495,309,186,0.11443472721828728,0.0578639202236965,0.31350050099949744,0.6242424242424243,0.37575757575757573
2024-02-05,495,304,191,0.09973008610534999,0.0560478182334585,0.2983969939677041,0.6141414141414141,0.38585858585858585
2024-02-06,495,322,173,0.11515046764795689,0.0661274941565326,0.30491740976576626,0.6505050505050505,0.34949494949494947
2024-02-07,495,329,166,0.13909117373824545,0.0809560315516644,0.3318000772060657,0.6646464646464646,0.33535353535353535
2024-02-08,495,318,177,0.12383964013213478,0.0608374007572658,0.33244858455129234,0.6424242424242425,0.3575757575757576
2024-02-09,495,321,174,0.1368928319944981,0.0702161558846883,0.33173478224727465,0.6484848484848484,0.3515151515151515
2024-02-12,495,328,167,0.14540207512090292,0.0768185034881578,0.33822819458287856,0.6626262626262627,0.3373737373737374
2024-02-13,495,317,178,0.14300318112907862,0.0717822675663995,0.3483007563380709,0.6404040404040404,0.3595959595959596
2024-02-14,495,296,199,0.12426616509862366,0.0536438160603249,0.3404106870055259,0.597979797979798,0.402020202020202
2024-02-15,495,287,208,0.1155277541572021,0.0466789920496275,0.33123982805901264,0.5797979797979798,0.4202020202020202
2024-02-16,495,284,211,0.11280603818073583,0.0460588593736122,0.3210760971577331,0.5737373737373738,0.4262626262626263
2024-02-20,495,305,190,0.14028397316678332,0.0591304416885358,0.365401458960133,0.6161616161616161,0.3838383838383838
2024-02-21,495,310,185,0.15094214473135148,0.0672197834849752,0.3832003080820408,0.6262626262626263,0.37373737373737376
2024-02-22,495,336,159,0.17696036737580312,0.0956023558059553,0.40286175845770217,0.6787878787878788,0.3212121212121212
2024-02-23,495,325,170,0.17191504635001117,0.0979903938812787,0.39907507287258737,0.6565656565656566,0.3434343434343434
2024-02-26,495,331,164,0.17568178739505044,0.0970054669983873,0.3857350427936113,0.6686868686868687,0.33131313131313134
2024-02-27,495,346,149,0.18799554800784385,0.1080224038628916,0.4049093366449068,0.6989898989898989,0.301010101010101
2024-02-28,495,345,150,0.19546785497789626,0.1106874901049719,0.40988183024193736,0.696969696969697,0.30303030303030304
2024-02-29,495,350,145,0.1982115039981976,0.1223082204866834,0.4039942003344479,0.7070707070707071,0.29292929292929293
2024-03-01,495,346,149,0.18605718046772368,0.1090359603241628,0.4025752826429823,0.6989898989898989,0.301010101010101
2024-03-04,495,347,148,0.1918698170878399,0.1132783723565207,0.4175996476704173,0.701010101010101,0.298989898989899
2024-03-05,495,325,170,0.17863854099276555,0.0982287005197639,0.42370520002619716,0.6565656565656566,0.3434343434343434
2024-03-06,495,320,175,0.1760107117491468,0.0889141391139609,0.4538133827440026,0.6464646464646465,0.35353535353535354
2024-03-07,495,346,149,0.20166000253175045,0.1211074615727285,0.4669830665514408,0.6989898989898989,0.301010101010101
2024-03-08,495,346,149,0.20582872310371567,0.1279751810482472,0.46942268477965143,0.6989898989898989,0.301010101010101
2024-03-11,495,363,132,0.2373433031552745,0.1428206631218262,0.5050444300295494,0.7333333333333333,0.26666666666666666
2024-03-12,495,380,115,0.2728886391505444,0.1678520331610049,0.5636113844300872,0.7676767676767676,0.23232323232323232
2024-03-13,495,395,99,0.2893569120912993,0.198504863986006,0.5783499123221134,0.797979797979798,0.2
2024-03-14,495,363,132,0.2513777931057423,0.1691077873521635,0.5729836479842474,0.7333333333333333,0.26666666666666666
2024-03-15,495,386,109,0.2869933927951783,0.2034105961051602,0.6130195111017819,0.7797979797979798,0.2202020202020202
2024-03-18,495,387,108,0.2824355609752575,0.1933782621648152,0.6319798029603827,0.7818181818181819,0.21818181818181817
2024-03-19,495,397,98,0.2930376886210548,0.2096152965824123,0.5643100571884158,0.802020202020202,0.19797979797979798
2024-03-20,495,381,114,0.27078231437164346,0.191606466964568,0.5550726674142984,0.7696969696969697,0.23030303030303031
2024-03-21,495,383,112,0.24848271951121198,0.1839922011518113,0.48310053628606114,0.7737373737373737,0.22626262626262628
2024-03-22,495,402,93,0.2981752722922071,0.2259773868053438,0.5520612356304848,0.8121212121212121,0.18787878787878787
2024-03-25,495,411,84,0.3068281649991887,0.2401159103110197,0.5667299972769639,0.8303030303030303,0.1696969696969697
2024-03-26,495,396,99,0.2993434035417986,0.2232684138043312,0.5958928830468254,0.8,0.2
2024-03-27,495,393,102,0.30229504493165577,0.2134153072376046,0.6502356314700141,0.793939393939394,0.20606060606060606
2024-03-28,495,386,109,0.30131478955861135,0.2115585162033824,0.6471352579031489,0.7797979797979798,0.2202020202020202
2024-04-01,495,380,115,0.2891601808549868,0.2009360885682625,0.6339786978148791,0.7676767676767676,0.23232323232323232
2024-04-02,495,379,116,0.2941451466945653,0.2025279435740803,0.6512131067853324,0.7656565656565657,0.23434343434343435
2024-04-03,495,371,124,0.27984705732123455,0.1932468794727364,0.6558685213998876,0.7494949494949495,0.2505050505050505
2024-04-04,495,367,128,0.27028740815533553,0.1793032519674815,0.6427002078769716,0.7414141414141414,0.2585858585858586
2024-04-05,495,379,116,0.29555204228200616,0.1998738547313423,0.6710356691140312,0.7656565656565657,0.23434343434343435
2024-04-08,495,379,116,0.3147233829428759,0.2108223522354217,0.7203203119749089,0.7656565656565657,0.23434343434343435
2024-04-09,495,377,118,0.31208935761747314,0.2078150901473869,0.7350797112575954,0.7616161616161616,0.2383838383838384
2024-04-10,495,381,114,0.2950702963971225,0.2033257730910682,0.6612011159685335,0.7696969696969697,0.23030303030303031
2024-04-11,495,376,119,0.29555137380448665,0.199825661052311,0.6862637969893108,0.7595959595959596,0.2404040404040404
2024-04-12,495,381,114,0.30375887183206013,0.2106450452890114,0.7037297686997982,0.7696969696969697,0.23030303030303031
2024-04-15,495,367,128,0.2807374077826634,0.1910870698182638,0.6747627095433261,0.7414141414141414,0.2585858585858586
2024-04-16,495,364,131,0.2814640588286495,0.1953554268350583,0.6696924292420385,0.7353535353535353,0.26464646464646463
2024-04-17,495,369,126,0.2773431852433217,0.1774326079001451,0.6597577822317587,0.7454545454545455,0.2545454545454545
2024-04-18,495,371,124,0.2792618670255386,0.1948091112015471,0.6325487771884294,0.7494949494949495,0.2505050505050505
2024-04-19,495,378,117,0.29752954403554455,0.1968413418659163,0.6764929021633014,0.7636363636363637,0.23636363636363636
2024-04-22,495,386,109,0.3202136435451352,0.2159533507135129,0.7349655198604109,0.7797979797979798,0.2202020202020202
2024-04-23,495,382,113,0.3135683251619801,0.200614407292013,0.7286032391627093,0.7717171717171717,0.22828282828282828
2024-04-24,495,379,116,0.3141378596769558,0.1932998295482157,0.7700185981244262,0.7656565656565657,0.23434343434343435
2024-04-25,495,382,113,0.33934642811848437,0.2069795738983508,0.8225864856825295,0.7717171717171717,0.22828282828282828
2024-04-26,495,397,98,0.3635088268721284,0.2392340998558615,0.7986127500941759,0.802020202020202,0.19797979797979798
2024-04-29,495,394,101,0.3436727987738198,0.2291049339775281,0.7756525267264235,0.795959595959596,0.20404040404040405
2024-04-30,495,391,104,0.3237493583558039,0.2064108093030807,0.777325684909723,0.7898989898989899,0.2101010101010101
2024-05-01,495,385,110,0.3120047425677211,0.1954627941902518,0.7586458030226926,0.7777777777777778,0.2222222222222222
2024-05-02,495,391,104,0.33420111977341915,0.213073897160938,0.7572511686961779,0.7898989898989899,0.2101010101010101
2024-05-03,495,389,106,0.32109656204446224,0.2116830514193997,0.7077667659145,0.7858585858585858,0.21414141414141413
2024-05-06,496,396,100,0.34303109818598776,0.2273209060022818,0.7167241151789077,0.7983870967741935,0.20161290322580644
2024-05-07,496,387,109,0.31539181641361874,0.19976635650195806,0.6325668774974972,0.780241935483871,0.21975806451612903
2024-05-08,496,394,102,0.310912855445659,0.21721402686937458,0.5689961250676021,0.7943548387096774,0.2056451612903226
2024-05-09,496,381,115,0.29439720679586706,0.20319272304243868,0.5611564474921091,0.7681451612903226,0.2318548387096774
2024-05-10,496,383,113,0.2945825000605721,0.2044560488737592,0.5566885233272042,0.7721774193548387,0.22782258064516128
2024-05-13,496,377,119,0.277934551236568,0.19075360130923852,0.5345754206617673,0.7600806451612904,0.2399193548387097
2024-05-14,496,376,120,0.2658727675395117,0.18027515358558274,0.5345429311791909,0.7580645161290323,0.24193548387096775
2024-05-15,496,366,130,0.2508636350503563,0.16219176070360514,0.5286986938989752,0.7379032258064516,0.2620967741935484
2024-05-16,496,381,115,0.2624954730941697,0.17784589968393788,0.5224082090938237,0.7681451612903226,0.2318548387096774
2024-05-17,496,374,122,0.2397432007585529,0.1648185743629175,0.48493532532801875,0.7540322580645161,0.24596774193548387
2024-05-20,496,380,116,0.22392303230497224,0.16265873314810875,0.431325342286519,0.7661290322580645,0.23387096774193547
2024-05-21,496,387,109,0.24078407792918868,0.17139019450855675,0.4597029975573157,0.780241935483871,0.21975806451612903
2024-05-22,496,392,104,0.25128849300759487,0.17901330501932727,0.4653387398867697,0.7903225806451613,0.20967741935483872
2024-05-23,496,399,97,0.26636367567840696,0.1870578793712881,0.4657591627426984,0.8044354838709677,0.19556451612903225
2024-05-24,496,402,94,0.279094054860921,0.1960310317211915,0.48471475315958346,0.8104838709677419,0.18951612903225806
2024-05-28,496,408,88,0.2793962690356665,0.19925937947822475,0.4932558704443954,0.8225806451612904,0.1774193548387097
2024-05-29,496,409,87,0.2717973713456556,0.19898269723630174,0.46683582392636414,0.8245967741935484,0.17540322580645162
2024-05-30,496,395,101,0.2502091926992694,0.18527872251230945,0.42413140097568836,0.7963709677419355,0.20362903225806453
2024-05-31,496,398,98,0.25693553020293447,0.19058738358038135,0.4390439712570386,0.8024193548387096,0.1975806451612903
2024-06-03,496,398,98,0.25761503584599144,0.17077997677381004,0.46066694648218126,0.8024193548387096,0.1975806451612903
2024-06-04,496,394,102,0.2413290782728812,0.15361790624224556,0.472047843437369,0.7943548387096774,0.2056451612903226
2024-06-05,496,398,98,0.260776132044352,0.17501891379586731,0.49977373264494546,0.8024193548387096,0.1975806451612903
2024-06-06,496,399,97,0.253019160662357,0.16832046901397385,0.4873278012216699,0.8044354838709677,0.19556451612903225
2024-06-07,496,392,104,0.2438539789758344,0.15594717598867963,0.4762033960921061,0.7903225806451613,0.20967741935483872
2024-06-10,496,400,96,0.2485715535577628,0.1661128965698233,0.42549350863606156,0.8064516129032258,0.1935483870967742
2024-06-11,496,408,88,0.2543397578598944,0.16824352234539497,0.44460144353880166,0.8225806451612904,0.1774193548387097
2024-06-12,496,406,90,0.24283190408139224,0.16511079859143235,0.4273795094356108,0.8185483870967742,0.1814516129032258
2024-06-13,496,404,92,0.23611340632645456,0.15486470497283766,0.42040478535206466,0.8145161290322581,0.18548387096774194
2024-06-14,496,405,91,0.2522656808100392,0.16718155544134888,0.4432590107629114,0.8165322580645161,0.18346774193548387
2024-06-17,496,395,101,0.2307418762532167,0.15288933187393555,0.40879442728540527,0.7963709677419355,0.20362903225806453
2024-06-18,496,394,101,0.23565019391928746,0.1583319448143635,0.41714959784509237,0.7943548387096774,0.20362903225806453
2024-06-20,496,400,96,0.2480733441488813,0.1675086974864482,0.4310699910487303,0.8064516129032258,0.1935483870967742
2024-06-21,496,398,98,0.24946336053105353,0.17505920662750252,0.4321519757882786,0.8024193548387096,0.1975806451612903
2024-06-24,496,401,95,0.24751991628387585,0.1754716534592565,0.42080882607899694,0.8084677419354839,0.19153225806451613
2024-06-25,496,392,104,0.24390346942075977,0.17028039889597674,0.43360811579968045,0.7903225806451613,0.20967741935483872
2024-06-26,496,389,107,0.24925989391670486,0.1576612468391144,0.45356507498283083,0.7842741935483871,0.2157258064516129
2024-06-27,496,373,123,0.2228312727830589,0.14645902950291095,0.43124542038508085,0.7520161290322581,0.24798387096774194
2024-06-28,496,365,131,0.20984747510014418,0.1316249846505962,0.4193198992161734,0.7358870967741935,0.26411290322580644
2024-07-01,496,366,130,0.20419771781880916,0.1245824289630724,0.4122785675547729,0.7379032258064516,0.2620967741935484
2024-07-02,496,362,134,0.20229747247639693,0.1304232015902853,0.3852505411730966,0.7298387096774194,0.2701612903225806
2024-07-03,496,361,135,0.19158940485361772,0.1196792890673419,0.37431460212076184,0.7278225806451613,0.2721774193548387
2024-07-05,496,365,131,0.19272236865057354,0.1250173742535538,0.3698182093244298,0.7358870967741935,0.26411290322580644
2024-07-08,496,375,121,0.21574668778864559,0.13715545202232243,0.39637895530415085,0.7560483870967742,0.2439516129032258
2024-07-09,496,373,123,0.2061149214318737,0.13545976617863137,0.3710652961713945,0.7520161290322581,0.24798387096774194
2024-07-10,496,356,140,0.19012233904718817,0.12410452570786955,0.3551290389572716,0.717741935483871,0.28225806451612906
2024-07-11,496,347,149,0.18334437907469534,0.10845697320159695,0.36171165239464603,0.6995967741935484,0.3004032258064516
2024-07-12,496,340,156,0.17312403972590212,0.10367921011941836,0.35540271499666337,0.6854838709677419,0.31451612903225806
2024-07-15,496,336,160,0.1733405500061225,0.1033544237034518,0.3541686228802031,0.6774193548387096,0.3225806451612903
2024-07-16,496,340,156,0.17834056292747488,0.1067418552697735,0.36410995685790154,0.6854838709677419,0.31451612903225806
2024-07-17,496,342,154,0.16638229777933772,0.10186401891523805,0.35399264605133757,0.6895161290322581,0.31048387096774194
2024-07-18,496,339,157,0.16810917525108807,0.10231883387342225,0.3534453798029428,0.6834677419354839,0.3165322580645161
2024-07-19,496,335,161,0.1674304179909107,0.10163408945872625,0.3614976896188022,0.6754032258064516,0.3245967741935484
2024-07-22,496,336,160,0.16947487943908926,0.0903187181717034,0.3590548334419635,0.6774193548387096,0.3225806451612903
2024-07-23,496,332,164,0.16842882592732641,0.09725627212510354,0.3551573793829178,0.6693548387096774,0.33064516129032256
2024-07-24,496,340,156,0.16934569841475325,0.10620606321484954,0.34597593298238105,0.6854838709677419,0.31451612903225806
2024-07-25,496,332,164,0.1626854156772012,0.08943770670130749,0.35486333679384563,0.6693548387096774,0.33064516129032256
2024-07-26,496,324,172,0.15556072654335182,0.0874908287268021,0.3473017813130737,0.6532258064516129,0.3467741935483871
2024-07-29,496,337,159,0.16742676275052976,0.09920858794914464,0.3514757689526723,0.6794354838709677,0.32056451612903225
2024-07-30,496,339,157,0.15890401446261798,0.09306147361259204,0.3384877202705851,0.6834677419354839,0.3165322580645161
2024-07-31,496,321,175,0.14734456519449243,0.08626195650237375,0.3376260919962755,0.6471774193548387,0.3528225806451613
2024-08-01,496,333,163,0.15457531111954756,0.0941361714934274,0.332772445102034,0.6713709677419355,0.3286290322580645
2024-08-02,496,340,156,0.16676444977865895,0.1030756016970233,0.3393066072107331,0.6854838709677419,0.31451612903225806
2024-08-05,496,340,156,0.16896014265594894,0.10656988489232005,0.33272227122520287,0.6854838709677419,0.31451612903225806
2024-08-06,496,350,146,0.17742019579102808,0.12166842149700616,0.3375777821330694,0.7056451612903226,0.29435483870967744
2024-08-07,496,339,157,0.1650026248098987,0.10945411324627494,0.3368586870167209,0.6834677419354839,0.3165322580645161
2024-08-08,496,353,143,0.18241124284089477,0.12880387280185504,0.3421176701370785,0.7116935483870968,0.28830645161290325
2024-08-09,496,369,127,0.1990378506002476,0.1468299304100775,0.34633737273549503,0.7439516129032258,0.2560483870967742
2024-08-12,496,380,116,0.20908957827987032,0.1588043430046587,0.34651115432326257,0.7661290322580645,0.23387096774193547
2024-08-13,496,382,114,0.21257115033437696,0.15629578294724594,0.3559237893575624,0.7701612903225806,0.22983870967741934
2024-08-14,496,389,107,0.22882380173085065,0.1756390361209797,0.3460933188204271,0.7842741935483871,0.2157258064516129
2024-08-15,496,400,96,0.23216413962849275,0.1903841425041552,0.32133523856020413,0.8064516129032258,0.1935483870967742
2024-08-16,496,396,100,0.2319258563474152,0.18563983838201556,0.32548142682134157,0.7983870967741935,0.20161290322580644
2024-08-19,496,396,100,0.23634785000554132,0.1905221842751194,0.3353590784602582,0.7983870967741935,0.20161290322580644
2024-08-20,496,402,94,0.2462403245449484,0.20049027960432314,0.3407675115454838,0.8104838709677419,0.18951612903225806
2024-08-21,496,397,99,0.2407317739104407,0.1989374362299552,0.3332500093623853,0.8004032258064516,0.19959677419354838
2024-08-22,496,396,100,0.224084282558176,0.18891815185933236,0.31080988437769114,0.7983870967741935,0.20161290322580644
2024-08-23,496,399,97,0.20971633202656545,0.17279942130204445,0.29242211296092463,0.8044354838709677,0.19556451612903225
2024-08-26,496,409,87,0.24162827092280342,0.20007990766906486,0.31334159551598617,0.8245967741935484,0.17540322580645162
2024-08-27,496,404,92,0.2353103615388976,0.2046993411412263,0.30373058317164414,0.8145161290322581,0.18548387096774194
2024-08-28,496,403,93,0.22731738475010022,0.19636793309480466,0.28781370183294763,0.8125,0.1875
2024-08-29,496,399,97,0.22192993888644888,0.19303848684740355,0.294947089450711,0.8044354838709677,0.19556451612903225
2024-08-30,496,392,104,0.20212094165197844,0.18320382003304664,0.2827057020485702,0.7903225806451613,0.20967741935483872
2024-09-03,496,384,112,0.17967272390313854,0.16961009636883123,0.26767876159605875,0.7741935483870968,0.22580645161290322
2024-09-04,496,365,131,0.1466610863747409,0.13252054871222735,0.2579574781107403,0.7358870967741935,0.26411290322580644
2024-09-05,496,377,119,0.1745941534654738,0.16078335675807148,0.27135186687839546,0.7600806451612904,0.2399193548387097
2024-09-06,496,369,127,0.16705894611761687,0.15484946052085086,0.2632380978570953,0.7439516129032258,0.2560483870967742
2024-09-09,496,389,107,0.1968703945717023,0.17620813935601903,0.2778856981217472,0.7842741935483871,0.2157258064516129
2024-09-10,496,393,103,0.19937413283487537,0.1813239219015936,0.2813378488957203,0.7923387096774194,0.20766129032258066
2024-09-11,496,385,111,0.1917869511049936,0.17459784819808405,0.28121931248506415,0.7762096774193549,0.22379032258064516
2024-09-12,496,395,101,0.2100317394156416,0.1882929246700324,0.2912819871958588,0.7963709677419355,0.20362903225806453
2024-09-13,496,394,102,0.21835531733241867,0.1956445334319134,0.29762873231554654,0.7943548387096774,0.2056451612903226
2024-09-16,496,397,99,0.2218733938893395,0.19303877341192965,0.2972659440164258,0.8004032258064516,0.19959677419354838
2024-09-17,496,407,89,0.23719430696488772,0.2057172940385253,0.307591406355029,0.8205645161290323,0.17943548387096775
2024-09-18,496,408,88,0.24784233261871833,0.21249184213341038,0.30881624731040186,0.8225806451612904,0.1774193548387097
2024-09-19,496,410,86,0.24618331789065934,0.21789955422326174,0.3122724944457836,0.8266129032258065,0.17338709677419356
2024-09-20,496,410,86,0.26335750134459723,0.22210765264128268,0.3275418200626148,0.8266129032258065,0.17338709677419356
2024-09-23,496,418,78,0.2810573830989082,0.24455349151554007,0.32952447950186214,0.842741935483871,0.15725806451612903
2024-09-24,496,425,71,0.30247721784565973,0.2654874485760169,0.3380998385496181,0.8568548387096774,0.1431451612903226
2024-09-25,496,422,74,0.2961901845161474,0.26188745347536324,0.32856683195498715,0.8508064516129032,0.14919354838709678
2024-09-26,496,432,64,0.31624624151972514,0.28034311000027345,0.3372400621940752,0.8709677419354839,0.12903225806451613
2024-09-27,496,427,69,0.30825450021991224,0.28622300205423157,0.324570480741297,0.8608870967741935,0.13911290322580644
2024-09-30,496,427,69,0.30186308449625304,0.2795389187887444,0.3174203745449808,0.8608870967741935,0.13911290322580644
2024-10-01,496,432,64,0.3174408074111652,0.29543620233999,0.32092775518947436,0.8709677419354839,0.12903225806451613
2024-10-02,496,428,68,0.308142289957552,0.29523845569241236,0.30623562043982194,0.8629032258064516,0.13709677419354838
2024-10-03,496,431,65,0.3251062823330011,0.31144275129165055,0.31622690776275586,0.8689516129032258,0.1310483870967742
2024-10-04,497,430,67,0.3087149989539839,0.2899905138083414,0.31111141374304996,0.8651911468812877,0.13480885311871227
2024-10-07,497,426,71,0.29497972833025643,0.2773308815859359,0.3012074159793336,0.8571428571428571,0.14285714285714285
2024-10-08,497,425,72,0.2971362091651773,0.2763818386923402,0.3031511354849672,0.8551307847082495,0.1448692152917505
2024-10-09,497,421,76,0.2886842250062051,0.2790134497138907,0.30050496466773297,0.8470824949698189,0.1529175050301811
2024-10-10,497,419,78,0.2842724836114434,0.2703419549879493,0.3079851841562773,0.8430583501006036,0.15694164989939638
2024-10-11,497,423,74,0.2903375692698534,0.2755436546521874,0.31667073264051243,0.8511066398390342,0.1488933601609658
2024-10-14,497,426,71,0.32187428977615634,0.3037561745614427,0.3361700455460863,0.8571428571428571,0.14285714285714285
2024-10-15,497,432,64,0.33756531657320865,0.3180505153681265,0.3513476941848041,0.869215291750503,0.12877263581488935
2024-10-16,497,432,65,0.3238373643424322,0.3000286054631413,0.3498825470210309,0.869215291750503,0.13078470824949698
2024-10-17,497,432,65,0.3156805165075068,0.2892286534273955,0.35004686813325003,0.869215291750503,0.13078470824949698
2024-10-18,497,441,56,0.35700718515623675,0.3183625985102578,0.379482758454812,0.8873239436619719,0.11267605633802817
2024-10-21,497,441,56,0.3722031113928438,0.3316875795786032,0.3986421949836751,0.8873239436619719,0.11267605633802817
2024-10-22,497,446,51,0.39692103667017364,0.3506748334381735,0.41050978983292197,0.89738430583501,0.10261569416498995
2024-10-23,497,449,48,0.40498975984554264,0.3603517400038938,0.4048930664338724,0.903420523138833,0.096579476861167
2024-10-24,497,444,53,0.38670727464876614,0.3442752198887195,0.4034713578851317,0.8933601609657947,0.10663983903420524
2024-10-25,497,448,49,0.41710100293587243,0.3626282864093828,0.420169097535425,0.9014084507042254,0.09859154929577464
2024-10-28,497,457,40,0.42337314555053185,0.3705137180461222,0.41921375542851336,0.9195171026156942,0.08048289738430583
2024-10-29,497,461,36,0.4400607404857711,0.3871844433530795,0.42478417717596656,0.9275653923541247,0.07243460764587525
2024-10-30,497,457,40,0.4199317077060501,0.3784126527412379,0.42196823143003426,0.9195171026156942,0.08048289738430583
2024-10-31,497,453,44,0.40766007934359094,0.3632076763265348,0.42875210569137284,0.9114688128772636,0.08853118712273642
2024-11-01,497,450,47,0.3939831954091921,0.346976783117277,0.43359416473473894,0.9054325955734407,0.09456740442655935
2024-11-04,497,448,49,0.372377299499994,0.3345346014180417,0.41107742416046505,0.9014084507042254,0.09859154929577464
2024-11-05,497,445,52,0.3374613425120264,0.2837820369449584,0.39032740507247743,0.8953722334004024,0.10462776659959759
2024-11-06,497,445,52,0.35170719891284974,0.2941425459822919,0.40148302832963384,0.8953722334004024,0.10462776659959759
2024-11-07,497,450,47,0.36143870711876197,0.3040758720061656,0.39614081762721054,0.9054325955734407,0.09456740442655935
2024-11-08,497,453,44,0.357884363875536,0.3000403072908424,0.39618683539683464,0.9114688128772636,0.08853118712273642
2024-11-11,497,457,40,0.3868417680995781,0.324008144919,0.423364417371256,0.9195171026156942,0.08048289738430583
2024-11-12,497,455,42,0.379866899821084,0.3158835786101022,0.4234075186221119,0.9154929577464789,0.08450704225352113
2024-11-13,497,450,47,0.37634437353902245,0.3195125887471068,0.42637216149602614,0.9054325955734407,0.09456740442655935
2024-11-14,497,444,53,0.34559895391246825,0.2967185445833287,0.401206031785903,0.8933601609657947,0.10663983903420524
2024-11-15,497,440,57,0.33902846717474266,0.2925318722786401,0.39791576334299933,0.8853118712273642,0.11468812877263582
2024-11-18,497,442,55,0.3485337193105938,0.29286362483781,0.412011878376146,0.8893360160965795,0.11066398390342053
2024-11-19,497,438,59,0.33148376779901023,0.2803333388283036,0.41374836967191186,0.8812877263581489,0.11871227364185111
2024-11-20,497,435,62,0.3197974952249968,0.2720844995248679,0.4089404582628246,0.8752515090543259,0.12474849094567404
2024-11-21,497,433,64,0.3196058376561405,0.2716850503884525,0.421557436185961,0.8712273641851107,0.12877263581488935
2024-11-22,497,434,63,0.3122764734382574,0.2516113677681992,0.42051667427415707,0.8732394366197183,0.1267605633802817
2024-11-25,497,433,64,0.30176917563771527,0.2452382582671852,0.42092854362399806,0.8712273641851107,0.12877263581488935
2024-11-26,497,438,59,0.31183377840981924,0.2530542992469333,0.42825111214522593,0.8812877263581489,0.11871227364185111
2024-11-27,497,435,62,0.3112345397189211,0.2553954584328803,0.43536729708961824,0.8752515090543259,0.12474849094567404
2024-11-29,497,432,65,0.30273503325160167,0.2557532389075823,0.4253463270475519,0.869215291750503,0.13078470824949698
2024-12-02,497,421,76,0.27996410019264845,0.2265728136654377,0.4590758263770402,0.8470824949698189,0.1529175050301811
2024-12-03,497,417,80,0.25787440937076855,0.2211863862040293,0.41032893578303853,0.8390342052313883,0.16096579476861167
2024-12-04,497,415,82,0.2580130622239061,0.2232710048552151,0.3877128413818959,0.8350100603621731,0.16498993963782696
2024-12-05,497,423,74,0.2874363274504667,0.2391002989886426,0.4134082656907952,0.8511066398390342,0.1488933601609658
2024-12-06,497,426,71,0.32358553354593783,0.2521680744490848,0.4498177937129846,0.8571428571428571,0.14285714285714285
2024-12-09,497,425,72,0.3227619551707592,0.2586549286474646,0.48756027196469437,0.8551307847082495,0.1448692152917505
2024-12-10,497,423,74,0.32822840032526535,0.2645898588687723,0.5121442872712731,0.8511066398390342,0.1488933601609658
2024-12-11,497,421,76,0.3264091083403092,0.2543398525429523,0.5237707696585223,0.8470824949698189,0.1529175050301811
2024-12-12,497,415,82,0.3149636304334325,0.247419991812809,0.5250425777579594,0.8350100603621731,0.16498993963782696
2024-12-13,497,409,88,0.28696739135359284,0.2173432622434048,0.49118005228762934,0.8229376257545271,0.17706237424547283
2024-12-16,497,405,92,0.26062513180909586,0.1973424793205247,0.4737887537630909,0.8148893360160966,0.1851106639839034
2024-12-17,497,398,99,0.26000013031180524,0.2046855288714872,0.4762457976326847,0.8008048289738431,0.19919517102615694
2024-12-18,497,398,99,0.2640775894090615,0.2115734453119537,0.47275299341176885,0.8008048289738431,0.19919517102615694
2024-12-19,497,390,107,0.254578500556589,0.1954469161494878,0.4798148592511105,0.7847082494969819,0.2152917505030181
2024-12-20,497,399,98,0.2799481226023009,0.222886306959843,0.4922255609374479,0.8028169014084507,0.19718309859154928
2024-12-23,497,397,100,0.2812394430675836,0.2212705845204872,0.4897671426631553,0.7987927565392354,0.2012072434607646
2024-12-24,497,406,91,0.2901200114690665,0.2257403514318452,0.5164236623093507,0.8169014084507042,0.18309859154929578
2024-12-26,497,406,91,0.29127999602442767,0.2297425382486753,0.5032235384815344,0.8169014084507042,0.18309859154929578
2024-12-27,497,401,96,0.290971151934186,0.2229437264023341,0.5128287016763647,0.806841046277666,0.193158953722334
2024-12-30,497,401,96,0.2856736462294122,0.2195521466680441,0.5047142370829852,0.806841046277666,0.193158953722334
2024-12-31,497,406,91,0.29631363845762687,0.2235724926313254,0.5253518751321999,0.8169014084507042,0.18309859154929578
2025-01-02,497,408,89,0.29762132704853544,0.2267723705123348,0.5400630246525188,0.8209255533199196,0.1790744466800805
2025-01-03,497,409,88,0.31389515586113187,0.2277627838819216,0.578047694031008,0.8229376257545271,0.17706237424547283
2025-01-06,497,409,88,0.31870198812728423,0.2349492963828039,0.5903336265178705,0.8229376257545271,0.17706237424547283
2025-01-07,497,406,91,0.3095640729085115,0.2237981671472975,0.5934934737065277,0.8169014084507042,0.18309859154929578
2025-01-08,497,398,99,0.2944793837640664,0.2019239996938118,0.5954655890334182,0.8008048289738431,0.19919517102615694
2025-01-10,497,407,90,0.2851680858971254,0.2094703922256777,0.5335278656344321,0.8189134808853119,0.18108651911468812
2025-01-13,497,400,96,0.2697925312592084,0.1990999460509344,0.5003863117926877,0.8048289738430584,0.193158953722334
2025-01-14,497,397,100,0.2767536119713019,0.1975187851291167,0.5202598294623676,0.7987927565392354,0.2012072434607646
2025-01-15,497,398,99,0.27543123222671134,0.1976095315238064,0.5221456419965268,0.8008048289738431,0.19919517102615694
2025-01-16,497,396,101,0.28025508134974725,0.1970057624831931,0.5327951073561118,0.7967806841046278,0.20321931589537223
2025-01-17,497,394,103,0.2887207133421874,0.1978935242585273,0.5542209191855245,0.7927565392354124,0.20724346076458752
2025-01-21,497,389,108,0.26969464888015765,0.1877884675234791,0.529950730739282,0.7826961770623743,0.21730382293762576
2025-01-22,497,371,126,0.21695506402150344,0.1533896570579627,0.49150438277691133,0.7464788732394366,0.2535211267605634
2025-01-23,497,361,136,0.20671430734299118,0.1472215255654083,0.4777322054164072,0.7263581488933601,0.27364185110663986
2025-01-24,497,369,128,0.22464903831487065,0.1634433093846277,0.4998554136567371,0.7424547283702213,0.2575452716297787
2025-01-27,497,376,121,0.2338927486526034,0.1766783691819213,0.5158424321309337,0.7565392354124748,0.24346076458752516
2025-01-28,497,377,120,0.23431922144152256,0.1691479181915636,0.520667133822806,0.7585513078470825,0.2414486921529175
2025-01-29,497,378,118,0.23462202533360252,0.1717187027107904,0.5203076013092228,0.7605633802816901,0.23742454728370221
2025-01-30,497,371,126,0.21305827982464287,0.1550813933769985,0.4809135449815228,0.7464788732394366,0.2535211267605634
2025-01-31,497,358,139,0.201812526561427,0.1374048817670494,0.49716858384894386,0.7203219315895373,0.2796780684104628
2025-02-03,497,368,129,0.21682198200737596,0.1594125000019393,0.4956577181896539,0.7404426559356136,0.2595573440643863
2025-02-04,497,357,140,0.20317570527502662,0.1381475568027568,0.5121697087439484,0.7183098591549296,0.28169014084507044
2025-02-05,497,366,131,0.2131742012904057,0.1483911629487082,0.4913571347049777,0.7364185110663984,0.2635814889336016
2025-02-06,497,369,128,0.22586412695086772,0.1522468267606846,0.5052982942748455,0.7424547283702213,0.2575452716297787
2025-02-07,497,360,137,0.20777043082475857,0.1445785038892224,0.46332976082312155,0.7243460764587525,0.27565392354124746
2025-02-10,497,362,135,0.20387692787009457,0.1400495169048679,0.4529394436598291,0.7283702213279678,0.2716297786720322
2025-02-11,497,348,149,0.18196903348899066,0.1129164906450239,0.4475048043607357,0.7002012072434608,0.29979879275653926
2025-02-12,497,353,144,0.18479086172627482,0.1210923369713958,0.4368321596974298,0.710261569416499,0.289738430583501
2025-02-13,497,354,143,0.18926400408325525,0.1241418892640557,0.44383697031042046,0.7122736418511066,0.28772635814889336
2025-02-14,497,367,130,0.22460824610874794,0.1537857255721444,0.4747376074007099,0.738430583501006,0.26156941649899396
2025-02-18,497,363,134,0.22031409835650412,0.1530394956415726,0.46654201977519916,0.7303822937625755,0.26961770623742454
2025-02-19,497,363,134,0.2117180112489374,0.1503412281967844,0.43500291890299986,0.7303822937625755,0.26961770623742454
2025-02-20,497,375,122,0.2325642831265124,0.1684996162336611,0.44527796697421174,0.7545271629778671,0.2454728370221328
2025-02-21,497,374,123,0.23621571428662533,0.1657287610894611,0.4669779700408716,0.7525150905432596,0.24748490945674045
2025-02-24,497,376,121,0.24120307779663533,0.170363586176669,0.484732792619777,0.7565392354124748,0.24346076458752516
2025-02-25,497,367,130,0.22301282229583144,0.1583685651131123,0.4635506576257244,0.738430583501006,0.26156941649899396
2025-02-26,497,375,122,0.20496890118676803,0.1654615417690004,0.40227108526067035,0.7545271629778671,0.2454728370221328
2025-02-27,497,367,130,0.20809973386314493,0.1605439912134552,0.41624199492167413,0.738430583501006,0.26156941649899396
2025-02-28,497,368,129,0.19795144794541203,0.1475875022939865,0.4057526003790977,0.7404426559356136,0.2595573440643863
2025-03-03,497,371,126,0.21108705411759981,0.1548257725940365,0.4210495881784654,0.7464788732394366,0.2535211267605634
2025-03-04,497,367,130,0.1950569691046756,0.1340627262994025,0.4122201096384621,0.738430583501006,0.26156941649899396
2025-03-05,497,355,142,0.18056291295414711,0.1307064758700491,0.4039256226303843,0.7142857142857143,0.2857142857142857
2025-03-06,497,357,140,0.17963406259044534,0.129752333430847,0.42374195094628364,0.7183098591549296,0.28169014084507044
2025-03-07,497,358,139,0.1956701676471471,0.1429704805785439,0.42874689673655786,0.7203219315895373,0.2796780684104628
2025-03-10,497,356,141,0.18843541921007995,0.1294475837020487,0.4311686006889405,0.716297786720322,0.2837022132796781
2025-03-11,497,343,154,0.17420128134029772,0.1137482665601825,0.42720636091209124,0.6901408450704225,0.30985915492957744
2025-03-12,497,345,152,0.18017602295045057,0.1196603833601799,0.43222430962417646,0.6941649899396378,0.3058350100603622
2025-03-13,497,346,151,0.17831149528675375,0.1206240221439998,0.43611122555989523,0.6961770623742455,0.3038229376257545
2025-03-14,497,342,155,0.16901240147145627,0.1083521529736719,0.44164993192029384,0.6881287726358148,0.3118712273641851
2025-03-17,497,347,150,0.17825426838640127,0.1195062267822315,0.47399400537178116,0.6981891348088531,0.30181086519114686
2025-03-18,497,345,152,0.18882363905282676,0.120976163461874,0.49744761964104883,0.6941649899396378,0.3058350100603622
2025-03-19,497,353,144,0.1987155228889163,0.1346506401545242,0.495536196865251,0.710261569416499,0.289738430583501
2025-03-20,497,348,149,0.1943762761184329,0.1396274722388704,0.46491016377182387,0.7002012072434608,0.29979879275653926
2025-03-21,497,346,151,0.1800096470414276,0.1382626893861491,0.4352925066519905,0.6961770623742455,0.3038229376257545
2025-03-24,497,327,170,0.1460032734893934,0.124414077593348,0.390313596759703,0.6579476861167002,0.3420523138832998
2025-03-25,497,322,175,0.1352553281522868,0.1173849465260012,0.3735053373317366,0.647887323943662,0.352112676056338
2025-03-26,497,331,166,0.1403926208938007,0.1336011522913325,0.3597153974342953,0.6659959758551308,0.33400402414486924
2025-03-27,497,330,167,0.14162716247496368,0.1279188917059734,0.3508911155124616,0.6639839034205232,0.33601609657947684
2025-03-28,498,333,165,0.13178804708305536,0.11970604244477084,0.34340988886541457,0.6686746987951807,0.3313253012048193
2025-03-31,499,326,173,0.13312866435627072,0.1088040615111933,0.35753104147547804,0.6533066132264529,0.3466933867735471
2025-04-01,499,315,184,0.1162612351716988,0.0978636669574035,0.3577212464385699,0.6312625250501002,0.3687374749498998
2025-04-02,499,312,187,0.10318828084593797,0.0839793815623142,0.35138210061865793,0.625250501002004,0.374749498997996
2025-04-03,499,327,172,0.12324086272587245,0.1051584443202158,0.35419351117610837,0.655310621242485,0.34468937875751504
2025-04-04,499,321,178,0.09979455903394915,0.0875512093185639,0.31156506147233853,0.6432865731462926,0.35671342685370744
2025-04-07,499,339,160,0.12071898942342323,0.1059164785531372,0.31867514984827283,0.6793587174348698,0.32064128256513025
2025-04-08,499,321,178,0.08977265185387509,0.0816913707845969,0.2924145579782411,0.6432865731462926,0.35671342685370744
2025-04-09,499,306,193,0.07603283141699436,0.0670586805326258,0.2963561494223964,0.6132264529058116,0.3867735470941884
2025-04-10,499,295,204,0.07327327480529831,0.0632645082116873,0.31045386799137287,0.591182364729459,0.4088176352705411
2025-04-11,499,302,197,0.07576527625387475,0.0700178108419242,0.3035185415248031,0.6052104208416834,0.39478957915831664
2025-04-14,499,319,180,0.10038707222174591,0.0943077603322382,0.3227591794923581,0.6392785571142284,0.36072144288577157
2025-04-15,499,336,163,0.13278710804952215,0.1252357374915498,0.33288685295752607,0.6733466933867736,0.32665330661322645
2025-04-16,499,338,161,0.13549913652597936,0.1213719814477167,0.32847805601146457,0.6773547094188377,0.3226452905811623
2025-04-17,499,345,154,0.15257979539750258,0.1337842684812831,0.34121739506747456,0.6913827655310621,0.30861723446893785
2025-04-21,499,345,154,0.1520989879482424,0.1323004275819166,0.34744850270993366,0.6913827655310621,0.30861723446893785
2025-04-22,499,340,159,0.14818987925311966,0.1301185128106594,0.3530246631318598,0.6813627254509018,0.3186372745490982
2025-04-23,499,349,150,0.1684643530118267,0.1451283204271389,0.3809291409449121,0.6993987975951904,0.30060120240480964
2025-04-24,499,342,157,0.1568400772498416,0.1331956934164935,0.38054907865194715,0.685370741482966,0.31462925851703405
2025-04-25,499,340,159,0.1375269264831808,0.1159944018662768,0.35038395319710064,0.6813627254509018,0.3186372745490982
2025-04-28,499,339,160,0.12896312587847925,0.116331285021185,0.3297936267391745,0.6793587174348698,0.32064128256513025
2025-04-29,499,324,175,0.11416502449852835,0.1056556143029674,0.32797688607503456,0.6492985971943888,0.35070140280561124
2025-04-30,499,330,169,0.1197345685413141,0.1109266839460125,0.32144713992232216,0.6613226452905812,0.33867735470941884
2025-05-01,499,326,173,0.11528774816157775,0.1046996936239088,0.3259808075348063,0.6533066132264529,0.3466933867735471
2025-05-02,499,345,154,0.14384086261201626,0.1320953235360233,0.3409274616367146,0.6913827655310621,0.30861723446893785
2025-05-05,499,306,193,0.08800828764285909,0.0773599508439819,0.3207864801157772,0.6132264529058116,0.3867735470941884
2025-05-06,499,258,241,0.014151992134662752,0.0104284724900964,0.281895962437585,0.5170340681362725,0.48296593186372744
2025-05-07,499,244,255,0.0016328239148317096,-0.0053929823719327,0.2829753080351056,0.48897795591182364,0.5110220440881763
2025-05-08,499,219,280,-0.0241676937232073,-0.0319331943984391,0.2802652853620792,0.43887775551102204,0.561122244488978
2025-05-09,499,283,216,0.05551999759078585,0.0460647404655838,0.31858877330708546,0.5671342685370742,0.43286573146292584
2025-05-12,499,259,240,0.022188403462710084,0.0137982267516798,0.31596658731397087,0.5190380761523046,0.48096192384769537
2025-05-13,499,262,237,0.027148999209606024,0.0144930370313953,0.31072708016161693,0.5250501002004008,0.4749498997995992
2025-05-14,499,271,228,0.038074036183903565,0.0227608554786533,0.3176139039646271,0.5430861723446894,0.45691382765531063
2025-05-15,499,275,224,0.038738262784475425,0.0340582719699813,0.3267022527399569,0.5511022044088176,0.44889779559118237
2025-05-16,499,260,239,0.01881967711468687,0.0114854388885867,0.3121654448209677,0.5210420841683366,0.4789579158316633
2025-05-19,499,256,243,0.016849555717348804,0.0095353542675205,0.3123239664467707,0.5130260521042084,0.48697394789579157
2025-05-20,499,242,257,-0.003958301739988547,-0.0104456870526919,0.30106367027562614,0.4849699398797595,0.5150300601202404
2025-05-21,499,260,239,0.019738444786406687,0.013456053043567,0.30879885351944214,0.5210420841683366,0.4789579158316633
2025-05-22,499,273,226,0.03194552000863631,0.0273121801064897,0.31973731386190063,0.5470941883767535,0.4529058116232465
2025-05-23,499,282,217,0.051687015255025934,0.0419442928673523,0.33222143234250345,0.5651302605210421,0.4348697394789579
2025-05-27,499,288,211,0.056690573970911574,0.0501113439094507,0.34637894007176395,0.5771543086172345,0.4228456913827655
2025-05-28,499,303,196,0.07519987445877076,0.0623818525519848,0.357905602180671,0.6072144288577155,0.3927855711422846
2025-05-29,499,305,194,0.07345509478763017,0.0628112041682948,0.3550167527719027,0.6112224448897795,0.38877755511022044
2025-05-30,499,312,187,0.08326993854534884,0.0763810447308996,0.3569733324127882,0.625250501002004,0.374749498997996
2025-06-02,499,314,185,0.09417904485627865,0.0911035716124346,0.3564429404421372,0.6292585170340681,0.37074148296593185
2025-06-03,499,322,177,0.10985288810757242,0.09785302599427,0.36869386407615534,0.6452905811623246,0.35470941883767537
2025-06-04,499,312,187,0.09463852843758329,0.0787438051676403,0.3699321351509607,0.625250501002004,0.374749498997996
2025-06-05,499,309,190,0.09163635113985155,0.0749092255571604,0.3566252626698786,0.6192384769539078,0.3807615230460922
2025-06-06,499,314,185,0.10076391879673562,0.0905054980309962,0.3557337688545441,0.6292585170340681,0.37074148296593185
2025-06-09,499,317,182,0.10219490843298605,0.0911508072991373,0.36334624328255893,0.6352705410821643,0.36472945891783565
2025-06-10,499,318,181,0.10421501347998181,0.0916279500763681,0.3542917360110458,0.6372745490981964,0.3627254509018036
2025-06-11,499,341,158,0.13731868150774904,0.1101662749470895,0.3627945815690107,0.6833667334669339,0.3166332665330661
2025-06-12,499,339,160,0.13818976840058672,0.1035302162747564,0.38197728123295605,0.6793587174348698,0.32064128256513025
2025-06-13,499,336,163,0.1379392868847664,0.110857173374721,0.38893253163667124,0.6733466933867736,0.32665330661322645
2025-06-16,499,339,160,0.13956009720394422,0.1226559799992645,0.3821629274800834,0.6793587174348698,0.32064128256513025
2025-06-17,499,345,154,0.1544017282059218,0.1344727988974607,0.38976052440535564,0.6913827655310621,0.30861723446893785
2025-06-18,499,347,152,0.1627619139546104,0.1414083729215054,0.39197720545686077,0.6953907815631263,0.3046092184368738
2025-06-20,499,344,155,0.14965026943050988,0.1289790393833279,0.3794604689132528,0.6893787575150301,0.3106212424849699
2025-06-23,499,329,170,0.12180855316088876,0.0971236614005006,0.3666265148166846,0.6593186372745491,0.3406813627254509
2025-06-24,499,328,171,0.1184656303592406,0.097673958557906,0.3712217635738084,0.657314629258517,0.342685370741483
2025-06-25,499,321,178,0.1142485716173511,0.0915365832937169,0.38001385095599083,0.6432865731462926,0.35671342685370744
2025-06-26,499,329,170,0.12990055509860354,0.1046302833179377,0.3884972315541176,0.6593186372745491,0.3406813627254509
2025-06-27,499,328,171,0.12596504100585262,0.1055855150819422,0.3830777101963955,0.657314629258517,0.342685370741483
2025-06-30,499,333,166,0.13347729502541136,0.1141962560117122,0.38082086319040304,0.6673346693386774,0.33266533066132264
2025-07-01,499,327,172,0.13199792880101296,0.111552601469135,0.38673589069126835,0.655310621242485,0.34468937875751504
2025-07-02,499,327,172,0.13341534068754943,0.1102011697970313,0.39413026178654864,0.655310621242485,0.34468937875751504
2025-07-03,499,337,162,0.14879920874401223,0.1220043721222288,0.39240102754136547,0.6753507014028056,0.3246492985971944
2025-07-07,499,331,168,0.1415033376719519,0.1172802069832559,0.39340614505465266,0.6633266533066132,0.3366733466933868
2025-07-08,499,331,168,0.1365519906513867,0.1114995116961663,0.380046257604092,0.6633266533066132,0.3366733466933868
2025-07-09,499,336,163,0.1467990734150553,0.1242937853107344,0.3834945517405222,0.6733466933867736,0.32665330661322645
2025-07-10,499,335,164,0.14295441335397957,0.1182940588942123,0.3753345781814111,0.6713426853707415,0.3286573146292585
2025-07-11,499,346,153,0.14874808548575336,0.1289149001338083,0.3688333954153305,0.6933867735470942,0.3066132264529058
2025-07-14,499,333,166,0.13700577799066735,0.1165357185415856,0.3732157942921949,0.6673346693386774,0.33266533066132264
2025-07-15,499,328,171,0.12920196465564357,0.0993576269118132,0.3778181412167973,0.657314629258517,0.342685370741483
2025-07-16,499,312,187,0.106169343439953,0.0773599508439819,0.3693675132080523,0.625250501002004,0.374749498997996
2025-07-17,499,319,180,0.11594160810903827,0.0778817798589286,0.3696806802249325,0.6392785571142284,0.36072144288577157
2025-07-18,499,299,200,0.08878416981172327,0.0433572542872302,0.365362401622246,0.5991983967935872,0.40080160320641284
2025-07-21,499,301,198,0.09893640059072542,0.050704977156565,0.38223207125790604,0.6032064128256514,0.3967935871743487
2025-07-22,499,310,189,0.1097594244100288,0.0661307732934228,0.38042102153787355,0.6212424849699398,0.3787575150300601
2025-07-23,499,328,171,0.12562954450406189,0.0838234557834805,0.3840423115955523,0.657314629258517,0.342685370741483
2025-07-24,499,321,178,0.12703364989245658,0.0852731787771963,0.3916176438129751,0.6432865731462926,0.35671342685370744
2025-07-25,499,316,183,0.12144755975602407,0.0707592241567345,0.38456739450174776,0.6332665330661322,0.3667334669338677
2025-07-28,499,334,165,0.14890361262686114,0.0902881127048793,0.41471822360914656,0.6693386773547094,0.3306613226452906
2025-07-29,499,339,160,0.15521492269594042,0.0987982195793422,0.4111618900928978,0.6793587174348698,0.32064128256513025
2025-07-30,499,331,168,0.14713859901701118,0.0963236932618252,0.42075920264654926,0.6633266533066132,0.3366733466933868
2025-07-31,499,343,156,0.15251591036357093,0.1089628866928613,0.40139552343581986,0.687374749498998,0.312625250501002
2025-08-01,499,340,159,0.1552816930382521,0.0917302786171392,0.41970499770061126,0.6813627254509018,0.3186372745490982
2025-08-04,499,342,157,0.15380412570630686,0.100339045596778,0.41164568623469777,0.685370741482966,0.31462925851703405
2025-08-05,499,334,165,0.16092836312030298,0.0981309828838625,0.4298437586959228,0.6693386773547094,0.3306613226452906
2025-08-06,499,352,147,0.18855383581784343,0.1146805938447779,0.45693000933310235,0.7054108216432866,0.29458917835671344
2025-08-07,499,371,128,0.22381954610444554,0.145768743928645,0.48563822996156025,0.7434869739478958,0.2565130260521042
2025-08-08,499,371,128,0.21283217725561757,0.1356810509564472,0.46151093039248303,0.7434869739478958,0.2565130260521042
2025-08-11,499,365,134,0.2143617509237188,0.1395220127578864,0.4631476611909207,0.7314629258517034,0.2685370741482966
2025-08-12,499,350,149,0.19032317156974637,0.1248053269084559,0.4449296135167502,0.7014028056112225,0.2985971943887776
2025-08-13,499,338,161,0.17311945543814247,0.101420958747376,0.44030054905859406,0.6773547094188377,0.3226452905811623
2025-08-14,499,340,159,0.18306666209582015,0.1130858963840666,0.44762954313853354,0.6813627254509018,0.3186372745490982
2025-08-15,499,339,160,0.17695698111828637,0.1142200921267526,0.4435317729948099,0.6793587174348698,0.32064128256513025
2025-08-18,499,341,158,0.17563579533962703,0.1091860129430346,0.44507993060101425,0.6833667334669339,0.3166332665330661
2025-08-19,499,335,164,0.15272553825391433,0.09418580549382,0.422798273672041,0.6713426853707415,0.3286573146292585
2025-08-20,499,337,162,0.15888754662112578,0.1068543276957709,0.4034137399651332,0.6753507014028056,0.3246492985971944
2025-08-21,499,335,164,0.15968003410324455,0.1045172192542589,0.41208983997482507,0.6713426853707415,0.3286573146292585
2025-08-22,499,334,165,0.16212435938697753,0.0991084355885381,0.4151918065138043,0.6693386773547094,0.3306613226452906
2025-08-25,499,331,168,0.1599821686429633,0.0969140817264988,0.4182017531677751,0.6633266533066132,0.3366733466933868
2025-08-26,499,326,173,0.16027965071225578,0.0896426348172141,0.4294531848051652,0.6533066132264529,0.3466933867735471
2025-08-27,499,317,182,0.14310396017622926,0.0774143631072175,0.41282256147849533,0.6352705410821643,0.36472945891783565
2025-08-28,499,305,194,0.14092566260131356,0.0704854885697836,0.43019478861982896,0.6112224448897795,0.38877755511022044
2025-08-29,499,299,200,0.13228648677545354,0.0744096630604018,0.43409447656833205,0.5991983967935872,0.40080160320641284
2025-09-02,499,293,206,0.12341785773795172,0.0677386120178484,0.4310546674566731,0.5871743486973948,0.41282565130260523
2025-09-03,499,294,205,0.13516758382052918,0.0754461785972804,0.44331332487314956,0.5891783567134269,0.41082164328657317
2025-09-04,499,289,210,0.12036194484950664,0.0630069782600832,0.4392200297955401,0.5791583166332666,0.42084168336673344
2025-09-05,499,296,203,0.1405414276232662,0.0839949347841351,0.46911978766899176,0.593186372745491,0.40681362725450904
2025-09-08,499,294,205,0.14240223403007046,0.0779471218551512,0.4836055562533782,0.5891783567134269,0.41082164328657317
2025-09-09,499,306,193,0.15163400199477273,0.082746916823001,0.49230125488271176,0.6132264529058116,0.3867735470941884
2025-09-10,499,313,186,0.1650435972061845,0.0945011740475638,0.5048970846278155,0.627254509018036,0.3727454909819639
2025-09-11,499,317,182,0.16638033206772948,0.084277049832123,0.48799013511318673,0.6352705410821643,0.36472945891783565
2025-09-12,499,330,169,0.17621139706393824,0.1055555673293129,0.46910074805518287,0.6613226452905812,0.33867735470941884
2025-09-15,499,321,178,0.16062214725599494,0.0939847826310387,0.4409724809869004,0.6432865731462926,0.35671342685370744
2025-09-16,499,317,182,0.14801383590582626,0.0867733327403896,0.42529641994478395,0.6352705410821643,0.36472945891783565
2025-09-17,499,308,191,0.1353972790762292,0.0766564436241057,0.41488206141376455,0.6172344689378757,0.38276553106212424
2025-09-18,499,308,191,0.1272964177942086,0.0796393550629026,0.38233289962310624,0.6172344689378757,0.38276553106212424
2025-09-19,499,312,187,0.12284189167644463,0.0814567388855374,0.37120579038506324,0.625250501002004,0.374749498997996
2025-09-22,499,311,188,0.1216381770160797,0.0745644265772378,0.3722711504457804,0.6232464929859719,0.37675350701402804
2025-09-23,499,316,183,0.12706577465606045,0.0793334111300128,0.37187618899529634,0.6332665330661322,0.3667334669338677
2025-09-24,499,310,189,0.12119017033543611,0.0731850953917709,0.36726503388958476,0.6212424849699398,0.3787575150300601
2025-09-25,499,307,192,0.11994062685984708,0.0705755210496974,0.375375780883799,0.6152304609218436,0.3847695390781563
2025-09-26,499,307,192,0.1214436304862818,0.0757182831995484,0.3684710953944717,0.6152304609218436,0.3847695390781563
2025-09-29,499,311,188,0.12912571897342556,0.0778337715981154,0.3760727005435992,0.6232464929859719,0.37675350701402804
2025-09-30,499,307,192,0.11619866190453712,0.071990524181698,0.3673834569737258,0.6152304609218436,0.3847695390781563
2025-10-01,499,298,201,0.10528721390655159,0.0640116096818428,0.36202254497426467,0.5971943887775552,0.4028056112224449
2025-10-02,499,298,201,0.10277812958275284,0.0567479902726897,0.3655833111992379,0.5971943887775552,0.4028056112224449
2025-10-03,499,302,197,0.11988870992558215,0.0754828227534154,0.38365594547187076,0.6052104208416834,0.39478957915831664
2025-10-06,499,301,197,0.11843065437394171,0.0692132975047943,0.3723384193020065,0.6032064128256514,0.39478957915831664
2025-10-07,499,302,197,0.1269688210962379,0.0675232829295109,0.3994914138225786,0.6052104208416834,0.39478957915831664
2025-10-08,499,302,197,0.11533836146307636,0.059101091133507,0.3982199085882865,0.6052104208416834,0.39478957915831664
2025-10-09,499,304,195,0.1247823098412248,0.0691427224414187,0.40616059758654927,0.6092184368737475,0.3907815631262525
2025-10-10,499,306,193,0.13429166787214644,0.0708503990036688,0.3875966783775803,0.6132264529058116,0.3867735470941884
2025-10-13,499,298,201,0.11917719643198318,0.0611765458960724,0.38831136764931057,0.5971943887775552,0.4028056112224449
2025-10-14,499,300,199,0.12268360885182633,0.065838343778442,0.3954150241317163,0.6012024048096193,0.39879759519038077
2025-10-15,499,288,211,0.10731534530742105,0.0501115534938263,0.38856867102881265,0.5771543086172345,0.4228456913827655
2025-10-16,499,287,212,0.10171432010453102,0.0395713452798087,0.38626966686203673,0.5751503006012024,0.4248496993987976
2025-10-17,499,292,207,0.11527496589758912,0.0443193142013536,0.40198836489120077,0.5851703406813628,0.4148296593186373
2025-10-20,499,283,216,0.10747609327875358,0.0396592441817229,0.4097858598881289,0.5671342685370742,0.43286573146292584
2025-10-21,499,284,215,0.1104421561252387,0.0438252998092394,0.41352564856084845,0.5691382765531062,0.4308617234468938
2025-10-22,499,283,216,0.10817787237879645,0.0404981218767135,0.4126098566002012,0.5671342685370742,0.43286573146292584
2025-10-23,499,288,211,0.11147180901121487,0.0515207514853885,0.4004874643050016,0.5771543086172345,0.4228456913827655
2025-10-24,499,287,212,0.10700954243007185,0.0453476154264562,0.39443709830595575,0.5751503006012024,0.4248496993987976
2025-10-27,499,297,202,0.12235456766364135,0.0562082140250563,0.40217297246089967,0.5951903807615231,0.40480961923847697
2025-10-28,499,303,196,0.1271577835223047,0.0623548393501165,0.41396642686835433,0.6072144288577155,0.3927855711422846
2025-10-29,499,304,195,0.1358744753746967,0.0684629595873929,0.41855673886179007,0.6092184368737475,0.3907815631262525
2025-10-30,499,300,199,0.13132748300837718,0.0581983100770369,0.4143783893765546,0.6012024048096193,0.39879759519038077
2025-10-31,499,310,189,0.13564557700248134,0.063102472650155,0.4126788873277784,0.6212424849699398,0.3787575150300601
2025-11-03,499,312,187,0.13949767809287245,0.0696719109881287,0.4078369120706669,0.625250501002004,0.374749498997996
2025-11-04,499,321,178,0.15541357631289762,0.0841310421568144,0.4319770348736392,0.6432865731462926,0.35671342685370744
2025-11-05,499,314,185,0.14991584200644867,0.0822355104619709,0.4311107565803841,0.6292585170340681,0.37074148296593185
2025-11-06,499,312,187,0.15487726357056522,0.0765692114531477,0.4447943563236037,0.625250501002004,0.374749498997996
2025-11-07,499,299,200,0.1290070218244001,0.0545471199440719,0.4210845600233294,0.5991983967935872,0.40080160320641284
2025-11-10,499,256,243,0.07291285715141156,0.0130215135641515,0.3603716394434833,0.5130260521042084,0.48697394789579157
2025-11-11,499,262,237,0.08041191163810818,0.0263686436996275,0.35676511689372487,0.5250501002004008,0.4749498997995992
2025-11-12,498,264,234,0.08098521183721619,0.027179605256504952,0.3393652601284118,0.5301204819277109,0.46987951807228917
2025-11-13,499,267,232,0.07793942724424327,0.0175289230328385,0.343146758196246,0.5350701402805611,0.4649298597194389
2025-11-14,499,264,235,0.07711110666907958,0.0126952792454317,0.3530225411095452,0.5290581162324649,0.4709418837675351
2025-11-17,499,265,234,0.08212078906863976,0.0165165955023673,0.3554283744391324,0.531062124248497,0.46893787575150303
2025-11-18,499,280,219,0.10079884822792738,0.0416525778888821,0.36209877864831114,0.561122244488978,0.43887775551102204
2025-11-19,499,286,213,0.11164778161176263,0.0497469262219862,0.3531742004990772,0.5731462925851704,0.42685370741482964
2025-11-20,499,279,220,0.09737339838755517,0.0409114201753759,0.33356612820775294,0.5591182364729459,0.4408817635270541
2025-11-21,499,287,212,0.10445070726252048,0.0410117441923567,0.33819216652638096,0.5751503006012024,0.4248496993987976
2025-11-24,499,278,221,0.10733208365573539,0.044597208348849,0.3526752385862441,0.5571142284569138,0.44288577154308617
2025-11-25,499,270,229,0.09977472746047077,0.033915201136351,0.3572443874918325,0.5410821643286573,0.4589178356713427
2025-11-26,499,258,241,0.08158979468154652,0.0063438471775674,0.3530892898578706,0.5170340681362725,0.48296593186372744
2025-11-28,499,245,254,0.06488933480011769,-0.0064105127583592,0.3670844813369374,0.4909819639278557,0.5090180360721442
2025-12-01,499,242,257,0.059393877663402705,-0.0094437893213522,0.36014451032464256,0.4849699398797595,0.5150300601202404
2025-12-02,499,245,254,0.06383249027698991,-0.0033748885351364,0.36805682211516205,0.4909819639278557,0.5090180360721442
2025-12-03,499,243,256,0.05872635437341847,-0.0088796899763823,0.3707267719679007,0.48697394789579157,0.5130260521042084
2025-12-04,499,245,254,0.05090590612632876,-0.0068809943655061,0.3492196206734793,0.4909819639278557,0.5090180360721442
2025-12-05,499,247,252,0.06271522545882009,-0.0006727708170628,0.3633353387946114,0.49498997995991983,0.5050100200400801
2025-12-08,499,242,257,0.05253509278367449,-0.0093460766473898,0.3509448931387459,0.4849699398797595,0.5150300601202404
2025-12-09,499,258,241,0.06728014280377778,0.006807705276306,0.3553866887085424,0.5170340681362725,0.48296593186372744
2025-12-10,499,262,236,0.0755436156121493,0.016086909031822,0.3686126371812088,0.5250501002004008,0.4729458917835671
2025-12-11,499,271,228,0.08640161117318278,0.0246876514956408,0.3657463230382705,0.5430861723446894,0.45691382765531063
2025-12-12,498,276,222,0.09921675741060836,0.03854270386602075,0.3729758665472869,0.5542168674698795,0.4457831325301205
2025-12-15,499,261,238,0.07859645953074361,0.0274675313836201,0.3445850614635956,0.5230460921843687,0.47695390781563124
2025-12-16,499,261,238,0.07885807767793555,0.0200516665611374,0.34337171994516263,0.5230460921843687,0.47695390781563124
2025-12-17,499,254,245,0.06865457687466807,0.0145126418759951,0.3413779895538879,0.5090180360721442,0.4909819639278557
2025-12-18,499,256,243,0.0705164065099872,0.0093503880728671,0.3330577269507927,0.5130260521042084,0.48697394789579157
2025-12-19,499,263,236,0.07811944802065406,0.0177482553597971,0.3466407221594079,0.5270541082164328,0.4729458917835671
2025-12-22,499,283,216,0.09458790648527644,0.0393760522722026,0.3348235055565333,0.5671342685370742,0.43286573146292584
2025-12-23,499,307,192,0.11884058263587001,0.0706327282403518,0.3416158327522858,0.6152304609218436,0.3847695390781563
2025-12-24,499,293,206,0.11258999473780609,0.054161254480219,0.3616886138326403,0.5871743486973948,0.41282565130260523
2025-12-26,499,305,194,0.12538655591378617,0.0669660616277583,0.36121551985374445,0.6112224448897795,0.38877755511022044
2025-12-29,499,302,197,0.12550296495079427,0.0673854475154187,0.37070478924200867,0.6052104208416834,0.39478957915831664
2025-12-30,499,309,190,0.1312845739473191,0.0707044289366383,0.3771308466866091,0.6192384769539078,0.3807615230460922
