date,top_decile_count,retained_count,added_count,dropped_count,retention_rate,turnover_rate
2011-01-03,43,0,43,0,,
2011-01-04,43,41,2,2,0.9534883720930233,0.08888888888888889
2011-01-05,43,41,2,2,0.9534883720930233,0.08888888888888889
2011-01-06,43,41,2,2,0.9534883720930233,0.08888888888888889
2011-01-07,43,40,3,3,0.9302325581395349,0.13043478260869565
2011-01-10,43,39,4,4,0.9069767441860465,0.1702127659574468
2011-01-11,43,42,1,1,0.9767441860465116,0.045454545454545456
2011-01-12,43,41,2,2,0.9534883720930233,0.08888888888888889
2011-01-13,43,40,3,3,0.9302325581395349,0.13043478260869565
2011-01-14,43,38,5,5,0.8837209302325582,0.20833333333333334
2011-01-18,43,39,4,4,0.9069767441860465,0.1702127659574468
2011-01-19,43,40,3,3,0.9302325581395349,0.13043478260869565
2011-01-20,43,39,4,4,0.9069767441860465,0.1702127659574468
2011-01-21,43,40,3,3,0.9302325581395349,0.13043478260869565
2011-01-24,43,39,4,4,0.9069767441860465,0.1702127659574468
2011-01-25,43,39,4,4,0.9069767441860465,0.1702127659574468
2011-01-26,43,41,2,2,0.9534883720930233,0.08888888888888889
2011-01-27,43,40,3,3,0.9302325581395349,0.13043478260869565
2011-01-28,43,41,2,2,0.9534883720930233,0.08888888888888889
2011-01-31,43,43,0,0,1.0,0.0
2011-02-01,43,40,3,3,0.9302325581395349,0.13043478260869565
2011-02-02,43,41,2,2,0.9534883720930233,0.08888888888888889
2011-02-03,43,42,1,1,0.9767441860465116,0.045454545454545456
2011-02-04,43,41,2,2,0.9534883720930233,0.08888888888888889
2011-02-07,43,41,2,2,0.9534883720930233,0.08888888888888889
2011-02-08,43,41,2,2,0.9534883720930233,0.08888888888888889
2011-02-09,43,42,1,1,0.9767441860465116,0.045454545454545456
2011-02-10,43,43,0,0,1.0,0.0
2011-02-11,43,42,1,1,0.9767441860465116,0.045454545454545456
2011-02-14,43,41,2,2,0.9534883720930233,0.08888888888888889
2011-02-15,43,40,3,3,0.9302325581395349,0.13043478260869565
2011-02-16,43,40,3,3,0.9302325581395349,0.13043478260869565
2011-02-17,43,40,3,3,0.9302325581395349,0.13043478260869565
2011-02-18,43,38,5,5,0.8837209302325582,0.20833333333333334
2011-02-22,43,38,5,5,0.8837209302325582,0.20833333333333334
2011-02-23,43,40,3,3,0.9302325581395349,0.13043478260869565
2011-02-24,43,41,2,2,0.9534883720930233,0.08888888888888889
2011-02-25,43,41,2,2,0.9534883720930233,0.08888888888888889
2011-02-28,43,37,6,6,0.8604651162790697,0.24489795918367346
2011-03-01,43,41,2,2,0.9534883720930233,0.08888888888888889
2011-03-02,43,41,2,2,0.9534883720930233,0.08888888888888889
2011-03-03,43,40,3,3,0.9302325581395349,0.13043478260869565
2011-03-04,43,38,5,5,0.8837209302325582,0.20833333333333334
2011-03-07,43,39,4,4,0.9069767441860465,0.1702127659574468
2011-03-08,43,38,5,5,0.8837209302325582,0.20833333333333334
2011-03-09,43,40,3,3,0.9302325581395349,0.13043478260869565
2011-03-10,43,41,2,2,0.9534883720930233,0.08888888888888889
2011-03-11,43,39,4,4,0.9069767441860465,0.1702127659574468
2011-03-14,43,41,2,2,0.9534883720930233,0.08888888888888889
2011-03-15,43,40,3,3,0.9302325581395349,0.13043478260869565
2011-03-16,43,41,2,2,0.9534883720930233,0.08888888888888889
2011-03-17,43,42,1,1,0.9767441860465116,0.045454545454545456
2011-03-18,43,40,3,3,0.9302325581395349,0.13043478260869565
2011-03-21,43,42,1,1,0.9767441860465116,0.045454545454545456
2011-03-22,43,39,4,4,0.9069767441860465,0.1702127659574468
2011-03-23,43,40,3,3,0.9302325581395349,0.13043478260869565
2011-03-24,43,39,4,4,0.9069767441860465,0.1702127659574468
2011-03-25,43,40,3,3,0.9302325581395349,0.13043478260869565
2011-03-28,43,41,2,2,0.9534883720930233,0.08888888888888889
2011-03-29,43,42,1,1,0.9767441860465116,0.045454545454545456
2011-03-30,43,39,4,4,0.9069767441860465,0.1702127659574468
2011-03-31,43,40,3,3,0.9302325581395349,0.13043478260869565
2011-04-01,43,41,2,2,0.9534883720930233,0.08888888888888889
2011-04-04,43,41,2,2,0.9534883720930233,0.08888888888888889
2011-04-05,43,41,2,2,0.9534883720930233,0.08888888888888889
2011-04-06,43,41,2,2,0.9534883720930233,0.08888888888888889
2011-04-07,43,41,2,2,0.9534883720930233,0.08888888888888889
2011-04-08,43,40,3,3,0.9302325581395349,0.13043478260869565
2011-04-11,43,39,4,4,0.9069767441860465,0.1702127659574468
2011-04-12,43,41,2,2,0.9534883720930233,0.08888888888888889
2011-04-13,43,41,2,2,0.9534883720930233,0.08888888888888889
2011-04-14,43,39,4,4,0.9069767441860465,0.1702127659574468
2011-04-15,43,42,1,1,0.9767441860465116,0.045454545454545456
2011-04-18,43,38,5,5,0.8837209302325582,0.20833333333333334
2011-04-19,43,39,4,4,0.9069767441860465,0.1702127659574468
2011-04-20,43,39,4,4,0.9069767441860465,0.1702127659574468
2011-04-21,43,40,3,3,0.9302325581395349,0.13043478260869565
2011-04-25,43,40,3,3,0.9302325581395349,0.13043478260869565
2011-04-26,43,41,2,2,0.9534883720930233,0.08888888888888889
2011-04-27,43,39,4,4,0.9069767441860465,0.1702127659574468
2011-04-28,43,40,3,3,0.9302325581395349,0.13043478260869565
2011-04-29,43,37,6,6,0.8604651162790697,0.24489795918367346
2011-05-02,43,41,2,2,0.9534883720930233,0.08888888888888889
2011-05-03,43,41,2,2,0.9534883720930233,0.08888888888888889
2011-05-04,43,41,2,2,0.9534883720930233,0.08888888888888889
2011-05-05,43,40,3,3,0.9302325581395349,0.13043478260869565
2011-05-06,43,40,3,3,0.9302325581395349,0.13043478260869565
2011-05-09,43,42,1,1,0.9767441860465116,0.045454545454545456
2011-05-10,43,42,1,1,0.9767441860465116,0.045454545454545456
2011-05-11,43,40,3,3,0.9302325581395349,0.13043478260869565
2011-05-12,43,41,2,2,0.9534883720930233,0.08888888888888889
2011-05-13,43,41,2,2,0.9534883720930233,0.08888888888888889
2011-05-16,43,41,2,2,0.9534883720930233,0.08888888888888889
2011-05-17,43,39,4,4,0.9069767441860465,0.1702127659574468
2011-05-18,43,42,1,1,0.9767441860465116,0.045454545454545456
2011-05-19,43,40,3,3,0.9302325581395349,0.13043478260869565
2011-05-20,43,39,4,4,0.9069767441860465,0.1702127659574468
2011-05-23,43,40,3,3,0.9302325581395349,0.13043478260869565
2011-05-24,43,39,4,4,0.9069767441860465,0.1702127659574468
2011-05-25,43,37,6,6,0.8604651162790697,0.24489795918367346
2011-05-26,43,39,4,4,0.9069767441860465,0.1702127659574468
2011-05-27,43,42,1,1,0.9767441860465116,0.045454545454545456
2011-05-31,43,37,6,6,0.8604651162790697,0.24489795918367346
2011-06-01,43,39,4,4,0.9069767441860465,0.1702127659574468
2011-06-02,43,38,5,5,0.8837209302325582,0.20833333333333334
2011-06-03,43,40,3,3,0.9302325581395349,0.13043478260869565
2011-06-06,43,36,7,7,0.8372093023255814,0.28
2011-06-07,43,39,4,4,0.9069767441860465,0.1702127659574468
2011-06-08,43,40,3,3,0.9302325581395349,0.13043478260869565
2011-06-09,43,40,3,3,0.9302325581395349,0.13043478260869565
2011-06-10,43,39,4,4,0.9069767441860465,0.1702127659574468
2011-06-13,43,38,5,5,0.8837209302325582,0.20833333333333334
2011-06-14,43,39,4,4,0.9069767441860465,0.1702127659574468
2011-06-15,43,41,2,2,0.9534883720930233,0.08888888888888889
2011-06-16,43,41,2,2,0.9534883720930233,0.08888888888888889
2011-06-17,43,39,4,4,0.9069767441860465,0.1702127659574468
2011-06-20,43,40,3,3,0.9302325581395349,0.13043478260869565
2011-06-21,43,40,3,3,0.9302325581395349,0.13043478260869565
2011-06-22,43,41,2,2,0.9534883720930233,0.08888888888888889
2011-06-23,43,40,3,3,0.9302325581395349,0.13043478260869565
2011-06-24,43,40,3,3,0.9302325581395349,0.13043478260869565
2011-06-27,43,38,5,5,0.8837209302325582,0.20833333333333334
2011-06-28,43,40,3,3,0.9302325581395349,0.13043478260869565
2011-06-29,43,41,2,2,0.9534883720930233,0.08888888888888889
2011-06-30,43,40,3,3,0.9302325581395349,0.13043478260869565
2011-07-01,43,42,1,1,0.9767441860465116,0.045454545454545456
2011-07-05,43,40,3,3,0.9302325581395349,0.13043478260869565
2011-07-06,43,38,5,5,0.8837209302325582,0.20833333333333334
2011-07-07,43,39,4,4,0.9069767441860465,0.1702127659574468
2011-07-08,43,39,4,4,0.9069767441860465,0.1702127659574468
2011-07-11,43,36,7,7,0.8372093023255814,0.28
2011-07-12,43,39,4,4,0.9069767441860465,0.1702127659574468
2011-07-13,43,39,4,4,0.9069767441860465,0.1702127659574468
2011-07-14,43,39,4,4,0.9069767441860465,0.1702127659574468
2011-07-15,43,40,3,3,0.9302325581395349,0.13043478260869565
2011-07-18,43,40,3,3,0.9302325581395349,0.13043478260869565
2011-07-19,43,38,5,5,0.8837209302325582,0.20833333333333334
2011-07-20,43,42,1,1,0.9767441860465116,0.045454545454545456
2011-07-21,43,42,1,1,0.9767441860465116,0.045454545454545456
2011-07-22,43,40,3,3,0.9302325581395349,0.13043478260869565
2011-07-25,43,42,1,1,0.9767441860465116,0.045454545454545456
2011-07-26,43,42,1,1,0.9767441860465116,0.045454545454545456
2011-07-27,43,40,3,3,0.9302325581395349,0.13043478260869565
2011-07-28,43,41,2,2,0.9534883720930233,0.08888888888888889
2011-07-29,43,41,2,2,0.9534883720930233,0.08888888888888889
2011-08-01,43,43,0,0,1.0,0.0
2011-08-02,43,42,1,1,0.9767441860465116,0.045454545454545456
2011-08-03,43,41,2,2,0.9534883720930233,0.08888888888888889
2011-08-04,43,40,3,3,0.9302325581395349,0.13043478260869565
2011-08-05,43,39,4,4,0.9069767441860465,0.1702127659574468
2011-08-08,43,41,2,2,0.9534883720930233,0.08888888888888889
2011-08-09,43,41,2,2,0.9534883720930233,0.08888888888888889
2011-08-10,43,40,3,3,0.9302325581395349,0.13043478260869565
2011-08-11,43,40,3,3,0.9302325581395349,0.13043478260869565
2011-08-12,43,40,3,3,0.9302325581395349,0.13043478260869565
2011-08-15,43,42,1,1,0.9767441860465116,0.045454545454545456
2011-08-16,43,41,2,2,0.9534883720930233,0.08888888888888889
2011-08-17,43,41,2,2,0.9534883720930233,0.08888888888888889
2011-08-18,43,41,2,2,0.9534883720930233,0.08888888888888889
2011-08-19,43,42,1,1,0.9767441860465116,0.045454545454545456
2011-08-22,43,41,2,2,0.9534883720930233,0.08888888888888889
2011-08-23,43,40,3,3,0.9302325581395349,0.13043478260869565
2011-08-24,43,42,1,1,0.9767441860465116,0.045454545454545456
2011-08-25,43,41,2,2,0.9534883720930233,0.08888888888888889
2011-08-26,43,39,4,4,0.9069767441860465,0.1702127659574468
2011-08-29,43,41,2,2,0.9534883720930233,0.08888888888888889
2011-08-30,43,42,1,1,0.9767441860465116,0.045454545454545456
2011-08-31,43,39,4,4,0.9069767441860465,0.1702127659574468
2011-09-01,43,40,3,3,0.9302325581395349,0.13043478260869565
2011-09-02,43,40,3,3,0.9302325581395349,0.13043478260869565
2011-09-06,43,37,6,6,0.8604651162790697,0.24489795918367346
2011-09-07,43,40,3,3,0.9302325581395349,0.13043478260869565
2011-09-08,43,39,4,4,0.9069767441860465,0.1702127659574468
2011-09-09,43,42,1,1,0.9767441860465116,0.045454545454545456
2011-09-12,43,41,2,2,0.9534883720930233,0.08888888888888889
2011-09-13,43,40,3,3,0.9302325581395349,0.13043478260869565
2011-09-14,43,40,3,3,0.9302325581395349,0.13043478260869565
2011-09-15,43,41,2,2,0.9534883720930233,0.08888888888888889
2011-09-16,43,41,2,2,0.9534883720930233,0.08888888888888889
2011-09-19,43,39,4,4,0.9069767441860465,0.1702127659574468
2011-09-20,43,39,4,4,0.9069767441860465,0.1702127659574468
2011-09-21,43,41,2,2,0.9534883720930233,0.08888888888888889
2011-09-22,43,40,3,3,0.9302325581395349,0.13043478260869565
2011-09-23,43,41,2,2,0.9534883720930233,0.08888888888888889
2011-09-26,43,42,1,1,0.9767441860465116,0.045454545454545456
2011-09-27,43,42,1,1,0.9767441860465116,0.045454545454545456
2011-09-28,43,40,3,3,0.9302325581395349,0.13043478260869565
2011-09-29,43,42,1,1,0.9767441860465116,0.045454545454545456
2011-09-30,43,41,2,2,0.9534883720930233,0.08888888888888889
2011-10-03,43,39,4,4,0.9069767441860465,0.1702127659574468
2011-10-04,43,40,3,3,0.9302325581395349,0.13043478260869565
2011-10-05,43,41,2,2,0.9534883720930233,0.08888888888888889
2011-10-06,43,40,3,3,0.9302325581395349,0.13043478260869565
2011-10-07,43,42,1,1,0.9767441860465116,0.045454545454545456
2011-10-10,43,41,2,2,0.9534883720930233,0.08888888888888889
2011-10-11,43,40,3,3,0.9302325581395349,0.13043478260869565
2011-10-12,43,40,3,3,0.9302325581395349,0.13043478260869565
2011-10-13,43,40,3,3,0.9302325581395349,0.13043478260869565
2011-10-14,43,41,2,2,0.9534883720930233,0.08888888888888889
2011-10-17,43,41,2,2,0.9534883720930233,0.08888888888888889
2011-10-18,43,41,2,2,0.9534883720930233,0.08888888888888889
2011-10-19,43,41,2,2,0.9534883720930233,0.08888888888888889
2011-10-20,43,40,3,3,0.9302325581395349,0.13043478260869565
2011-10-21,43,40,3,3,0.9302325581395349,0.13043478260869565
2011-10-24,43,41,2,2,0.9534883720930233,0.08888888888888889
2011-10-25,43,39,4,4,0.9069767441860465,0.1702127659574468
2011-10-26,43,41,2,2,0.9534883720930233,0.08888888888888889
2011-10-27,43,40,3,3,0.9302325581395349,0.13043478260869565
2011-10-28,43,40,3,3,0.9302325581395349,0.13043478260869565
2011-10-31,43,40,3,3,0.9302325581395349,0.13043478260869565
2011-11-01,43,40,3,3,0.9302325581395349,0.13043478260869565
2011-11-02,43,40,3,3,0.9302325581395349,0.13043478260869565
2011-11-03,43,40,3,3,0.9302325581395349,0.13043478260869565
2011-11-04,43,37,6,6,0.8604651162790697,0.24489795918367346
2011-11-07,43,39,4,4,0.9069767441860465,0.1702127659574468
2011-11-08,43,38,5,5,0.8837209302325582,0.20833333333333334
2011-11-09,43,42,1,1,0.9767441860465116,0.045454545454545456
2011-11-10,43,40,3,3,0.9302325581395349,0.13043478260869565
2011-11-11,43,42,1,1,0.9767441860465116,0.045454545454545456
2011-11-14,43,40,3,3,0.9302325581395349,0.13043478260869565
2011-11-15,43,40,3,3,0.9302325581395349,0.13043478260869565
2011-11-16,43,39,4,4,0.9069767441860465,0.1702127659574468
2011-11-17,43,38,5,5,0.8837209302325582,0.20833333333333334
2011-11-18,43,40,3,3,0.9302325581395349,0.13043478260869565
2011-11-21,43,42,1,1,0.9767441860465116,0.045454545454545456
2011-11-22,43,40,3,3,0.9302325581395349,0.13043478260869565
2011-11-23,43,39,4,4,0.9069767441860465,0.1702127659574468
2011-11-25,43,38,5,5,0.8837209302325582,0.20833333333333334
2011-11-28,43,38,5,5,0.8837209302325582,0.20833333333333334
2011-11-29,43,40,3,3,0.9302325581395349,0.13043478260869565
2011-11-30,43,38,5,5,0.8837209302325582,0.20833333333333334
2011-12-01,43,39,4,4,0.9069767441860465,0.1702127659574468
2011-12-02,43,41,2,2,0.9534883720930233,0.08888888888888889
2011-12-05,43,41,2,2,0.9534883720930233,0.08888888888888889
2011-12-06,43,40,3,3,0.9302325581395349,0.13043478260869565
2011-12-07,43,42,1,1,0.9767441860465116,0.045454545454545456
2011-12-08,43,40,3,3,0.9302325581395349,0.13043478260869565
2011-12-09,43,41,2,2,0.9534883720930233,0.08888888888888889
2011-12-12,43,42,1,1,0.9767441860465116,0.045454545454545456
2011-12-13,43,40,3,3,0.9302325581395349,0.13043478260869565
2011-12-14,44,41,3,2,0.9534883720930233,0.10869565217391304
2011-12-15,44,41,3,3,0.9318181818181818,0.1276595744680851
2011-12-16,44,43,1,1,0.9772727272727273,0.044444444444444446
2011-12-19,44,40,4,4,0.9090909090909091,0.16666666666666666
2011-12-20,44,41,3,3,0.9318181818181818,0.1276595744680851
2011-12-21,44,42,2,2,0.9545454545454546,0.08695652173913043
2011-12-22,44,42,2,2,0.9545454545454546,0.08695652173913043
2011-12-23,44,40,4,4,0.9090909090909091,0.16666666666666666
2011-12-27,44,43,1,1,0.9772727272727273,0.044444444444444446
2011-12-28,44,42,2,2,0.9545454545454546,0.08695652173913043
2011-12-29,44,42,2,2,0.9545454545454546,0.08695652173913043
2011-12-30,44,41,3,3,0.9318181818181818,0.1276595744680851
2012-01-03,44,41,3,3,0.9318181818181818,0.1276595744680851
2012-01-04,44,40,4,4,0.9090909090909091,0.16666666666666666
2012-01-05,44,42,2,2,0.9545454545454546,0.08695652173913043
2012-01-06,44,40,4,4,0.9090909090909091,0.16666666666666666
2012-01-09,44,42,2,2,0.9545454545454546,0.08695652173913043
2012-01-10,44,41,3,3,0.9318181818181818,0.1276595744680851
2012-01-11,44,41,3,3,0.9318181818181818,0.1276595744680851
2012-01-12,44,43,1,1,0.9772727272727273,0.044444444444444446
2012-01-13,44,41,3,3,0.9318181818181818,0.1276595744680851
2012-01-17,44,41,3,3,0.9318181818181818,0.1276595744680851
2012-01-18,44,40,4,4,0.9090909090909091,0.16666666666666666
2012-01-19,44,42,2,2,0.9545454545454546,0.08695652173913043
2012-01-20,44,40,4,4,0.9090909090909091,0.16666666666666666
2012-01-23,44,42,2,2,0.9545454545454546,0.08695652173913043
2012-01-24,44,42,2,2,0.9545454545454546,0.08695652173913043
2012-01-25,44,42,2,2,0.9545454545454546,0.08695652173913043
2012-01-26,44,43,1,1,0.9772727272727273,0.044444444444444446
2012-01-27,44,41,3,3,0.9318181818181818,0.1276595744680851
2012-01-30,44,42,2,2,0.9545454545454546,0.08695652173913043
2012-01-31,44,41,3,3,0.9318181818181818,0.1276595744680851
2012-02-01,44,42,2,2,0.9545454545454546,0.08695652173913043
2012-02-02,44,42,2,2,0.9545454545454546,0.08695652173913043
2012-02-03,44,40,4,4,0.9090909090909091,0.16666666666666666
2012-02-06,44,41,3,3,0.9318181818181818,0.1276595744680851
2012-02-07,44,42,2,2,0.9545454545454546,0.08695652173913043
2012-02-08,44,42,2,2,0.9545454545454546,0.08695652173913043
2012-02-09,44,40,4,4,0.9090909090909091,0.16666666666666666
2012-02-10,44,42,2,2,0.9545454545454546,0.08695652173913043
2012-02-13,44,41,3,3,0.9318181818181818,0.1276595744680851
2012-02-14,44,42,2,2,0.9545454545454546,0.08695652173913043
2012-02-15,44,43,1,1,0.9772727272727273,0.044444444444444446
2012-02-16,44,43,1,1,0.9772727272727273,0.044444444444444446
2012-02-17,44,40,4,4,0.9090909090909091,0.16666666666666666
2012-02-21,44,41,3,3,0.9318181818181818,0.1276595744680851
2012-02-22,44,38,6,6,0.8636363636363636,0.24
2012-02-23,44,40,4,4,0.9090909090909091,0.16666666666666666
2012-02-24,44,41,3,3,0.9318181818181818,0.1276595744680851
2012-02-27,44,40,4,4,0.9090909090909091,0.16666666666666666
2012-02-28,44,40,4,4,0.9090909090909091,0.16666666666666666
2012-02-29,44,40,4,4,0.9090909090909091,0.16666666666666666
2012-03-01,44,43,1,1,0.9772727272727273,0.044444444444444446
2012-03-02,44,41,3,3,0.9318181818181818,0.1276595744680851
2012-03-05,44,41,3,3,0.9318181818181818,0.1276595744680851
2012-03-06,44,41,3,3,0.9318181818181818,0.1276595744680851
2012-03-07,44,41,3,3,0.9318181818181818,0.1276595744680851
2012-03-08,44,42,2,2,0.9545454545454546,0.08695652173913043
2012-03-09,44,40,4,4,0.9090909090909091,0.16666666666666666
2012-03-12,44,42,2,2,0.9545454545454546,0.08695652173913043
2012-03-13,44,43,1,1,0.9772727272727273,0.044444444444444446
2012-03-14,44,41,3,3,0.9318181818181818,0.1276595744680851
2012-03-15,44,42,2,2,0.9545454545454546,0.08695652173913043
2012-03-16,44,42,2,2,0.9545454545454546,0.08695652173913043
2012-03-19,44,42,2,2,0.9545454545454546,0.08695652173913043
2012-03-20,44,41,3,3,0.9318181818181818,0.1276595744680851
2012-03-21,44,43,1,1,0.9772727272727273,0.044444444444444446
2012-03-22,44,41,3,3,0.9318181818181818,0.1276595744680851
2012-03-23,44,39,5,5,0.8863636363636364,0.20408163265306123
2012-03-26,44,41,3,3,0.9318181818181818,0.1276595744680851
2012-03-27,44,42,2,2,0.9545454545454546,0.08695652173913043
2012-03-28,44,41,3,3,0.9318181818181818,0.1276595744680851
2012-03-29,44,41,3,3,0.9318181818181818,0.1276595744680851
2012-03-30,44,40,4,4,0.9090909090909091,0.16666666666666666
2012-04-02,44,40,4,4,0.9090909090909091,0.16666666666666666
2012-04-03,44,40,4,4,0.9090909090909091,0.16666666666666666
2012-04-04,44,41,3,3,0.9318181818181818,0.1276595744680851
2012-04-05,44,41,3,3,0.9318181818181818,0.1276595744680851
2012-04-09,44,41,3,3,0.9318181818181818,0.1276595744680851
2012-04-10,44,40,4,4,0.9090909090909091,0.16666666666666666
2012-04-11,44,42,2,2,0.9545454545454546,0.08695652173913043
2012-04-12,44,42,2,2,0.9545454545454546,0.08695652173913043
2012-04-13,44,42,2,2,0.9545454545454546,0.08695652173913043
2012-04-16,44,42,2,2,0.9545454545454546,0.08695652173913043
2012-04-17,44,42,2,2,0.9545454545454546,0.08695652173913043
2012-04-18,44,42,2,2,0.9545454545454546,0.08695652173913043
2012-04-19,44,42,2,2,0.9545454545454546,0.08695652173913043
2012-04-20,44,41,3,3,0.9318181818181818,0.1276595744680851
2012-04-23,44,40,4,4,0.9090909090909091,0.16666666666666666
2012-04-24,44,42,2,2,0.9545454545454546,0.08695652173913043
2012-04-25,44,40,4,4,0.9090909090909091,0.16666666666666666
2012-04-26,44,42,2,2,0.9545454545454546,0.08695652173913043
2012-04-27,44,43,1,1,0.9772727272727273,0.044444444444444446
2012-04-30,44,40,4,4,0.9090909090909091,0.16666666666666666
2012-05-01,44,41,3,3,0.9318181818181818,0.1276595744680851
2012-05-02,44,42,2,2,0.9545454545454546,0.08695652173913043
2012-05-03,44,39,5,5,0.8863636363636364,0.20408163265306123
2012-05-04,44,41,3,3,0.9318181818181818,0.1276595744680851
2012-05-07,44,44,0,0,1.0,0.0
2012-05-08,44,41,3,3,0.9318181818181818,0.1276595744680851
2012-05-09,44,43,1,1,0.9772727272727273,0.044444444444444446
2012-05-10,44,43,1,1,0.9772727272727273,0.044444444444444446
2012-05-11,44,42,2,2,0.9545454545454546,0.08695652173913043
2012-05-14,44,44,0,0,1.0,0.0
2012-05-15,44,41,3,3,0.9318181818181818,0.1276595744680851
2012-05-16,44,43,1,1,0.9772727272727273,0.044444444444444446
2012-05-17,44,43,1,1,0.9772727272727273,0.044444444444444446
2012-05-18,44,42,2,2,0.9545454545454546,0.08695652173913043
2012-05-21,44,40,4,4,0.9090909090909091,0.16666666666666666
2012-05-22,44,43,1,1,0.9772727272727273,0.044444444444444446
2012-05-23,44,40,4,4,0.9090909090909091,0.16666666666666666
2012-05-24,44,42,2,2,0.9545454545454546,0.08695652173913043
2012-05-25,44,41,3,3,0.9318181818181818,0.1276595744680851
2012-05-29,44,43,1,1,0.9772727272727273,0.044444444444444446
2012-05-30,44,43,1,1,0.9772727272727273,0.044444444444444446
2012-05-31,44,42,2,2,0.9545454545454546,0.08695652173913043
2012-06-01,44,42,2,2,0.9545454545454546,0.08695652173913043
2012-06-04,44,42,2,2,0.9545454545454546,0.08695652173913043
2012-06-05,44,43,1,1,0.9772727272727273,0.044444444444444446
2012-06-06,44,43,1,1,0.9772727272727273,0.044444444444444446
2012-06-07,44,41,3,3,0.9318181818181818,0.1276595744680851
2012-06-08,44,44,0,0,1.0,0.0
2012-06-11,44,42,2,2,0.9545454545454546,0.08695652173913043
2012-06-12,44,43,1,1,0.9772727272727273,0.044444444444444446
2012-06-13,44,41,3,3,0.9318181818181818,0.1276595744680851
2012-06-14,44,42,2,2,0.9545454545454546,0.08695652173913043
2012-06-15,44,42,2,2,0.9545454545454546,0.08695652173913043
2012-06-18,44,41,3,3,0.9318181818181818,0.1276595744680851
2012-06-19,44,43,1,1,0.9772727272727273,0.044444444444444446
2012-06-20,44,43,1,1,0.9772727272727273,0.044444444444444446
2012-06-21,44,41,3,3,0.9318181818181818,0.1276595744680851
2012-06-22,44,41,3,3,0.9318181818181818,0.1276595744680851
2012-06-25,44,41,3,3,0.9318181818181818,0.1276595744680851
2012-06-26,44,42,2,2,0.9545454545454546,0.08695652173913043
2012-06-27,44,41,3,3,0.9318181818181818,0.1276595744680851
2012-06-28,44,40,4,4,0.9090909090909091,0.16666666666666666
2012-06-29,44,43,1,1,0.9772727272727273,0.044444444444444446
2012-07-02,44,39,5,5,0.8863636363636364,0.20408163265306123
2012-07-03,44,40,4,4,0.9090909090909091,0.16666666666666666
2012-07-05,44,39,5,5,0.8863636363636364,0.20408163265306123
2012-07-06,44,40,4,4,0.9090909090909091,0.16666666666666666
2012-07-09,44,42,2,2,0.9545454545454546,0.08695652173913043
2012-07-10,44,41,3,3,0.9318181818181818,0.1276595744680851
2012-07-11,44,42,2,2,0.9545454545454546,0.08695652173913043
2012-07-12,44,43,1,1,0.9772727272727273,0.044444444444444446
2012-07-13,44,41,3,3,0.9318181818181818,0.1276595744680851
2012-07-16,44,39,5,5,0.8863636363636364,0.20408163265306123
2012-07-17,44,40,4,4,0.9090909090909091,0.16666666666666666
2012-07-18,44,41,3,3,0.9318181818181818,0.1276595744680851
2012-07-19,44,41,3,3,0.9318181818181818,0.1276595744680851
2012-07-20,44,40,4,4,0.9090909090909091,0.16666666666666666
2012-07-23,44,41,3,3,0.9318181818181818,0.1276595744680851
2012-07-24,44,43,1,1,0.9772727272727273,0.044444444444444446
2012-07-25,44,41,3,3,0.9318181818181818,0.1276595744680851
2012-07-26,44,41,3,3,0.9318181818181818,0.1276595744680851
2012-07-27,44,43,1,1,0.9772727272727273,0.044444444444444446
2012-07-30,44,42,2,2,0.9545454545454546,0.08695652173913043
2012-07-31,44,41,3,3,0.9318181818181818,0.1276595744680851
2012-08-01,44,38,6,6,0.8636363636363636,0.24
2012-08-02,44,41,3,3,0.9318181818181818,0.1276595744680851
2012-08-03,44,41,3,3,0.9318181818181818,0.1276595744680851
2012-08-06,44,41,3,3,0.9318181818181818,0.1276595744680851
2012-08-07,44,39,5,5,0.8863636363636364,0.20408163265306123
2012-08-08,44,39,5,5,0.8863636363636364,0.20408163265306123
2012-08-09,44,41,3,3,0.9318181818181818,0.1276595744680851
2012-08-10,44,41,3,3,0.9318181818181818,0.1276595744680851
2012-08-13,44,40,4,4,0.9090909090909091,0.16666666666666666
2012-08-14,44,42,2,2,0.9545454545454546,0.08695652173913043
2012-08-15,44,42,2,2,0.9545454545454546,0.08695652173913043
2012-08-16,44,42,2,2,0.9545454545454546,0.08695652173913043
2012-08-17,44,38,6,6,0.8636363636363636,0.24
2012-08-20,44,42,2,2,0.9545454545454546,0.08695652173913043
2012-08-21,44,43,1,1,0.9772727272727273,0.044444444444444446
2012-08-22,44,41,3,3,0.9318181818181818,0.1276595744680851
2012-08-23,44,42,2,2,0.9545454545454546,0.08695652173913043
2012-08-24,44,40,4,4,0.9090909090909091,0.16666666666666666
2012-08-27,44,42,2,2,0.9545454545454546,0.08695652173913043
2012-08-28,44,43,1,1,0.9772727272727273,0.044444444444444446
2012-08-29,44,41,3,3,0.9318181818181818,0.1276595744680851
2012-08-30,44,42,2,2,0.9545454545454546,0.08695652173913043
2012-08-31,44,41,3,3,0.9318181818181818,0.1276595744680851
2012-09-04,44,41,3,3,0.9318181818181818,0.1276595744680851
2012-09-05,44,41,3,3,0.9318181818181818,0.1276595744680851
2012-09-06,44,42,2,2,0.9545454545454546,0.08695652173913043
2012-09-07,44,41,3,3,0.9318181818181818,0.1276595744680851
2012-09-10,44,40,4,4,0.9090909090909091,0.16666666666666666
2012-09-11,44,41,3,3,0.9318181818181818,0.1276595744680851
2012-09-12,44,42,2,2,0.9545454545454546,0.08695652173913043
2012-09-13,44,43,1,1,0.9772727272727273,0.044444444444444446
2012-09-14,44,41,3,3,0.9318181818181818,0.1276595744680851
2012-09-17,44,41,3,3,0.9318181818181818,0.1276595744680851
2012-09-18,44,41,3,3,0.9318181818181818,0.1276595744680851
2012-09-19,44,43,1,1,0.9772727272727273,0.044444444444444446
2012-09-20,44,42,2,2,0.9545454545454546,0.08695652173913043
2012-09-21,44,40,4,4,0.9090909090909091,0.16666666666666666
2012-09-24,44,42,2,2,0.9545454545454546,0.08695652173913043
2012-09-25,44,43,1,1,0.9772727272727273,0.044444444444444446
2012-09-26,44,41,3,3,0.9318181818181818,0.1276595744680851
2012-09-27,44,41,3,3,0.9318181818181818,0.1276595744680851
2012-09-28,44,41,3,3,0.9318181818181818,0.1276595744680851
2012-10-01,44,41,3,3,0.9318181818181818,0.1276595744680851
2012-10-02,44,41,3,3,0.9318181818181818,0.1276595744680851
2012-10-03,44,41,3,3,0.9318181818181818,0.1276595744680851
2012-10-04,44,40,4,4,0.9090909090909091,0.16666666666666666
2012-10-05,44,40,4,4,0.9090909090909091,0.16666666666666666
2012-10-08,44,40,4,4,0.9090909090909091,0.16666666666666666
2012-10-09,44,40,4,4,0.9090909090909091,0.16666666666666666
2012-10-10,44,41,3,3,0.9318181818181818,0.1276595744680851
2012-10-11,44,40,4,4,0.9090909090909091,0.16666666666666666
2012-10-12,44,42,2,2,0.9545454545454546,0.08695652173913043
2012-10-15,44,40,4,4,0.9090909090909091,0.16666666666666666
2012-10-16,44,41,3,3,0.9318181818181818,0.1276595744680851
2012-10-17,44,41,3,3,0.9318181818181818,0.1276595744680851
2012-10-18,44,40,4,4,0.9090909090909091,0.16666666666666666
2012-10-19,44,40,4,4,0.9090909090909091,0.16666666666666666
2012-10-22,44,40,4,4,0.9090909090909091,0.16666666666666666
2012-10-23,44,41,3,3,0.9318181818181818,0.1276595744680851
2012-10-24,44,42,2,2,0.9545454545454546,0.08695652173913043
2012-10-25,44,39,5,5,0.8863636363636364,0.20408163265306123
2012-10-26,44,40,4,4,0.9090909090909091,0.16666666666666666
2012-10-31,44,41,3,3,0.9318181818181818,0.1276595744680851
2012-11-01,44,41,3,3,0.9318181818181818,0.1276595744680851
2012-11-02,44,43,1,1,0.9772727272727273,0.044444444444444446
2012-11-05,44,41,3,3,0.9318181818181818,0.1276595744680851
2012-11-06,44,42,2,2,0.9545454545454546,0.08695652173913043
2012-11-07,44,40,4,4,0.9090909090909091,0.16666666666666666
2012-11-08,44,40,4,4,0.9090909090909091,0.16666666666666666
2012-11-09,44,42,2,2,0.9545454545454546,0.08695652173913043
2012-11-12,44,40,4,4,0.9090909090909091,0.16666666666666666
2012-11-13,44,40,4,4,0.9090909090909091,0.16666666666666666
2012-11-14,44,42,2,2,0.9545454545454546,0.08695652173913043
2012-11-15,44,42,2,2,0.9545454545454546,0.08695652173913043
2012-11-16,44,42,2,2,0.9545454545454546,0.08695652173913043
2012-11-19,44,42,2,2,0.9545454545454546,0.08695652173913043
2012-11-20,44,39,5,5,0.8863636363636364,0.20408163265306123
2012-11-21,44,43,1,1,0.9772727272727273,0.044444444444444446
2012-11-23,44,43,1,1,0.9772727272727273,0.044444444444444446
2012-11-26,44,43,1,1,0.9772727272727273,0.044444444444444446
2012-11-27,44,41,3,3,0.9318181818181818,0.1276595744680851
2012-11-28,44,42,2,2,0.9545454545454546,0.08695652173913043
2012-11-29,44,41,3,3,0.9318181818181818,0.1276595744680851
2012-11-30,44,42,2,2,0.9545454545454546,0.08695652173913043
2012-12-03,44,42,2,2,0.9545454545454546,0.08695652173913043
2012-12-04,44,40,4,4,0.9090909090909091,0.16666666666666666
2012-12-05,44,42,2,2,0.9545454545454546,0.08695652173913043
2012-12-06,44,41,3,3,0.9318181818181818,0.1276595744680851
2012-12-07,44,42,2,2,0.9545454545454546,0.08695652173913043
2012-12-10,44,42,2,2,0.9545454545454546,0.08695652173913043
2012-12-11,44,44,0,0,1.0,0.0
2012-12-12,44,43,1,1,0.9772727272727273,0.044444444444444446
2012-12-13,44,43,1,1,0.9772727272727273,0.044444444444444446
2012-12-14,44,41,3,3,0.9318181818181818,0.1276595744680851
2012-12-17,44,41,3,3,0.9318181818181818,0.1276595744680851
2012-12-18,44,40,4,4,0.9090909090909091,0.16666666666666666
2012-12-19,44,41,3,3,0.9318181818181818,0.1276595744680851
2012-12-20,44,42,2,2,0.9545454545454546,0.08695652173913043
2012-12-21,44,42,2,2,0.9545454545454546,0.08695652173913043
2012-12-24,44,43,1,1,0.9772727272727273,0.044444444444444446
2012-12-26,44,41,3,3,0.9318181818181818,0.1276595744680851
2012-12-27,44,42,2,2,0.9545454545454546,0.08695652173913043
2012-12-28,44,42,2,2,0.9545454545454546,0.08695652173913043
2012-12-31,44,41,3,3,0.9318181818181818,0.1276595744680851
2013-01-02,44,42,2,2,0.9545454545454546,0.08695652173913043
2013-01-03,44,42,2,2,0.9545454545454546,0.08695652173913043
2013-01-04,44,42,2,2,0.9545454545454546,0.08695652173913043
2013-01-07,44,42,2,2,0.9545454545454546,0.08695652173913043
2013-01-08,44,41,3,3,0.9318181818181818,0.1276595744680851
2013-01-09,44,42,2,2,0.9545454545454546,0.08695652173913043
2013-01-10,44,42,2,2,0.9545454545454546,0.08695652173913043
2013-01-11,44,43,1,1,0.9772727272727273,0.044444444444444446
2013-01-14,44,42,2,2,0.9545454545454546,0.08695652173913043
2013-01-15,44,41,3,3,0.9318181818181818,0.1276595744680851
2013-01-16,44,41,3,3,0.9318181818181818,0.1276595744680851
2013-01-17,44,39,5,5,0.8863636363636364,0.20408163265306123
2013-01-18,44,41,3,3,0.9318181818181818,0.1276595744680851
2013-01-22,44,40,4,4,0.9090909090909091,0.16666666666666666
2013-01-23,44,41,3,3,0.9318181818181818,0.1276595744680851
2013-01-24,44,41,3,3,0.9318181818181818,0.1276595744680851
2013-01-25,44,41,3,3,0.9318181818181818,0.1276595744680851
2013-01-28,44,42,2,2,0.9545454545454546,0.08695652173913043
2013-01-29,44,42,2,2,0.9545454545454546,0.08695652173913043
2013-01-30,44,43,1,1,0.9772727272727273,0.044444444444444446
2013-01-31,44,42,2,2,0.9545454545454546,0.08695652173913043
2013-02-01,44,42,2,2,0.9545454545454546,0.08695652173913043
2013-02-04,44,41,3,3,0.9318181818181818,0.1276595744680851
2013-02-05,44,42,2,2,0.9545454545454546,0.08695652173913043
2013-02-06,44,41,3,3,0.9318181818181818,0.1276595744680851
2013-02-07,44,42,2,2,0.9545454545454546,0.08695652173913043
2013-02-08,44,42,2,2,0.9545454545454546,0.08695652173913043
2013-02-11,44,44,0,0,1.0,0.0
2013-02-12,44,42,2,2,0.9545454545454546,0.08695652173913043
2013-02-13,44,42,2,2,0.9545454545454546,0.08695652173913043
2013-02-14,44,41,3,3,0.9318181818181818,0.1276595744680851
2013-02-15,44,42,2,2,0.9545454545454546,0.08695652173913043
2013-02-19,44,41,3,3,0.9318181818181818,0.1276595744680851
2013-02-20,44,42,2,2,0.9545454545454546,0.08695652173913043
2013-02-21,44,41,3,3,0.9318181818181818,0.1276595744680851
2013-02-22,44,43,1,1,0.9772727272727273,0.044444444444444446
2013-02-25,44,41,3,3,0.9318181818181818,0.1276595744680851
2013-02-26,44,40,4,4,0.9090909090909091,0.16666666666666666
2013-02-27,44,42,2,2,0.9545454545454546,0.08695652173913043
2013-02-28,44,42,2,2,0.9545454545454546,0.08695652173913043
2013-03-01,44,42,2,2,0.9545454545454546,0.08695652173913043
2013-03-04,44,42,2,2,0.9545454545454546,0.08695652173913043
2013-03-05,44,42,2,2,0.9545454545454546,0.08695652173913043
2013-03-06,44,41,3,3,0.9318181818181818,0.1276595744680851
2013-03-07,44,42,2,2,0.9545454545454546,0.08695652173913043
2013-03-08,44,44,0,0,1.0,0.0
2013-03-11,44,42,2,2,0.9545454545454546,0.08695652173913043
2013-03-12,44,44,0,0,1.0,0.0
2013-03-13,44,42,2,2,0.9545454545454546,0.08695652173913043
2013-03-14,44,41,3,3,0.9318181818181818,0.1276595744680851
2013-03-15,44,42,2,2,0.9545454545454546,0.08695652173913043
2013-03-18,44,41,3,3,0.9318181818181818,0.1276595744680851
2013-03-19,44,39,5,5,0.8863636363636364,0.20408163265306123
2013-03-20,44,41,3,3,0.9318181818181818,0.1276595744680851
2013-03-21,44,41,3,3,0.9318181818181818,0.1276595744680851
2013-03-22,44,41,3,3,0.9318181818181818,0.1276595744680851
2013-03-25,44,39,5,5,0.8863636363636364,0.20408163265306123
2013-03-26,44,41,3,3,0.9318181818181818,0.1276595744680851
2013-03-27,44,41,3,3,0.9318181818181818,0.1276595744680851
2013-03-28,44,43,1,1,0.9772727272727273,0.044444444444444446
2013-04-01,44,41,3,3,0.9318181818181818,0.1276595744680851
2013-04-02,44,43,1,1,0.9772727272727273,0.044444444444444446
2013-04-03,44,42,2,2,0.9545454545454546,0.08695652173913043
2013-04-04,44,42,2,2,0.9545454545454546,0.08695652173913043
2013-04-05,44,42,2,2,0.9545454545454546,0.08695652173913043
2013-04-08,44,43,1,1,0.9772727272727273,0.044444444444444446
2013-04-09,44,42,2,2,0.9545454545454546,0.08695652173913043
2013-04-10,44,40,4,4,0.9090909090909091,0.16666666666666666
2013-04-11,44,40,4,4,0.9090909090909091,0.16666666666666666
2013-04-12,44,39,5,5,0.8863636363636364,0.20408163265306123
2013-04-15,44,41,3,3,0.9318181818181818,0.1276595744680851
2013-04-16,44,43,1,1,0.9772727272727273,0.044444444444444446
2013-04-17,44,42,2,2,0.9545454545454546,0.08695652173913043
2013-04-18,44,41,3,3,0.9318181818181818,0.1276595744680851
2013-04-19,44,39,5,5,0.8863636363636364,0.20408163265306123
2013-04-22,44,40,4,4,0.9090909090909091,0.16666666666666666
2013-04-23,44,41,3,3,0.9318181818181818,0.1276595744680851
2013-04-24,44,40,4,4,0.9090909090909091,0.16666666666666666
2013-04-25,44,42,2,2,0.9545454545454546,0.08695652173913043
2013-04-26,44,41,3,3,0.9318181818181818,0.1276595744680851
2013-04-29,44,41,3,3,0.9318181818181818,0.1276595744680851
2013-04-30,44,42,2,2,0.9545454545454546,0.08695652173913043
2013-05-01,44,38,6,6,0.8636363636363636,0.24
2013-05-02,44,39,5,5,0.8863636363636364,0.20408163265306123
2013-05-03,44,39,5,5,0.8863636363636364,0.20408163265306123
2013-05-06,44,42,2,2,0.9545454545454546,0.08695652173913043
2013-05-07,44,40,4,4,0.9090909090909091,0.16666666666666666
2013-05-08,44,40,4,4,0.9090909090909091,0.16666666666666666
2013-05-09,44,41,3,3,0.9318181818181818,0.1276595744680851
2013-05-10,44,42,2,2,0.9545454545454546,0.08695652173913043
2013-05-13,44,42,2,2,0.9545454545454546,0.08695652173913043
2013-05-14,44,40,4,4,0.9090909090909091,0.16666666666666666
2013-05-15,44,41,3,3,0.9318181818181818,0.1276595744680851
2013-05-16,44,41,3,3,0.9318181818181818,0.1276595744680851
2013-05-17,44,40,4,4,0.9090909090909091,0.16666666666666666
2013-05-20,44,42,2,2,0.9545454545454546,0.08695652173913043
2013-05-21,44,39,5,5,0.8863636363636364,0.20408163265306123
2013-05-22,45,40,5,4,0.9090909090909091,0.1836734693877551
2013-05-23,45,40,5,5,0.8888888888888888,0.2
2013-05-24,45,40,5,5,0.8888888888888888,0.2
2013-05-28,45,43,2,2,0.9555555555555556,0.0851063829787234
2013-05-29,45,40,5,5,0.8888888888888888,0.2
2013-05-30,45,42,3,3,0.9333333333333333,0.125
2013-05-31,45,40,5,5,0.8888888888888888,0.2
2013-06-03,45,40,5,5,0.8888888888888888,0.2
2013-06-04,45,42,3,3,0.9333333333333333,0.125
2013-06-05,45,44,1,1,0.9777777777777777,0.043478260869565216
2013-06-06,45,43,2,2,0.9555555555555556,0.0851063829787234
2013-06-07,45,41,4,4,0.9111111111111111,0.16326530612244897
2013-06-10,45,43,2,2,0.9555555555555556,0.0851063829787234
2013-06-11,45,43,2,2,0.9555555555555556,0.0851063829787234
2013-06-12,45,42,3,3,0.9333333333333333,0.125
2013-06-13,45,41,4,4,0.9111111111111111,0.16326530612244897
2013-06-14,45,43,2,2,0.9555555555555556,0.0851063829787234
2013-06-17,45,43,2,2,0.9555555555555556,0.0851063829787234
2013-06-18,45,43,2,2,0.9555555555555556,0.0851063829787234
2013-06-19,45,41,4,4,0.9111111111111111,0.16326530612244897
2013-06-20,45,42,3,3,0.9333333333333333,0.125
2013-06-21,45,43,2,2,0.9555555555555556,0.0851063829787234
2013-06-24,45,42,3,3,0.9333333333333333,0.125
2013-06-25,45,43,2,2,0.9555555555555556,0.0851063829787234
2013-06-26,45,43,2,2,0.9555555555555556,0.0851063829787234
2013-06-27,45,42,3,3,0.9333333333333333,0.125
2013-06-28,45,42,3,3,0.9333333333333333,0.125
2013-07-01,45,43,2,2,0.9555555555555556,0.0851063829787234
2013-07-02,45,43,2,2,0.9555555555555556,0.0851063829787234
2013-07-03,45,40,5,5,0.8888888888888888,0.2
2013-07-05,45,44,1,1,0.9777777777777777,0.043478260869565216
2013-07-08,45,44,1,1,0.9777777777777777,0.043478260869565216
2013-07-09,45,44,1,1,0.9777777777777777,0.043478260869565216
2013-07-10,45,45,0,0,1.0,0.0
2013-07-11,45,43,2,2,0.9555555555555556,0.0851063829787234
2013-07-12,45,44,1,1,0.9777777777777777,0.043478260869565216
2013-07-15,45,44,1,1,0.9777777777777777,0.043478260869565216
2013-07-16,45,44,1,1,0.9777777777777777,0.043478260869565216
2013-07-17,45,44,1,1,0.9777777777777777,0.043478260869565216
2013-07-18,45,44,1,1,0.9777777777777777,0.043478260869565216
2013-07-19,45,43,2,2,0.9555555555555556,0.0851063829787234
2013-07-22,45,42,3,3,0.9333333333333333,0.125
2013-07-23,45,42,3,3,0.9333333333333333,0.125
2013-07-24,45,41,4,4,0.9111111111111111,0.16326530612244897
2013-07-25,45,42,3,3,0.9333333333333333,0.125
2013-07-26,45,42,3,3,0.9333333333333333,0.125
2013-07-29,45,42,3,3,0.9333333333333333,0.125
2013-07-30,45,40,5,5,0.8888888888888888,0.2
2013-07-31,45,41,4,4,0.9111111111111111,0.16326530612244897
2013-08-01,45,42,3,3,0.9333333333333333,0.125
2013-08-02,45,42,3,3,0.9333333333333333,0.125
2013-08-05,45,40,5,5,0.8888888888888888,0.2
2013-08-06,45,39,6,6,0.8666666666666667,0.23529411764705882
2013-08-07,45,43,2,2,0.9555555555555556,0.0851063829787234
2013-08-08,45,43,2,2,0.9555555555555556,0.0851063829787234
2013-08-09,45,41,4,4,0.9111111111111111,0.16326530612244897
2013-08-12,45,43,2,2,0.9555555555555556,0.0851063829787234
2013-08-13,45,41,4,4,0.9111111111111111,0.16326530612244897
2013-08-14,45,42,3,3,0.9333333333333333,0.125
2013-08-15,45,43,2,2,0.9555555555555556,0.0851063829787234
2013-08-16,45,42,3,3,0.9333333333333333,0.125
2013-08-19,45,43,2,2,0.9555555555555556,0.0851063829787234
2013-08-20,45,42,3,3,0.9333333333333333,0.125
2013-08-21,45,42,3,3,0.9333333333333333,0.125
2013-08-22,45,41,4,4,0.9111111111111111,0.16326530612244897
2013-08-23,45,43,2,2,0.9555555555555556,0.0851063829787234
2013-08-26,45,43,2,2,0.9555555555555556,0.0851063829787234
2013-08-27,45,44,1,1,0.9777777777777777,0.043478260869565216
2013-08-28,45,44,1,1,0.9777777777777777,0.043478260869565216
2013-08-29,45,44,1,1,0.9777777777777777,0.043478260869565216
2013-08-30,45,42,3,3,0.9333333333333333,0.125
2013-09-03,45,43,2,2,0.9555555555555556,0.0851063829787234
2013-09-04,45,42,3,3,0.9333333333333333,0.125
2013-09-05,45,43,2,2,0.9555555555555556,0.0851063829787234
2013-09-06,45,43,2,2,0.9555555555555556,0.0851063829787234
2013-09-09,45,43,2,2,0.9555555555555556,0.0851063829787234
2013-09-10,45,43,2,2,0.9555555555555556,0.0851063829787234
2013-09-11,45,41,4,4,0.9111111111111111,0.16326530612244897
2013-09-12,45,41,4,4,0.9111111111111111,0.16326530612244897
2013-09-13,45,42,3,3,0.9333333333333333,0.125
2013-09-16,45,43,2,2,0.9555555555555556,0.0851063829787234
2013-09-17,45,41,4,4,0.9111111111111111,0.16326530612244897
2013-09-18,45,40,5,5,0.8888888888888888,0.2
2013-09-19,45,41,4,4,0.9111111111111111,0.16326530612244897
2013-09-20,45,40,5,5,0.8888888888888888,0.2
2013-09-23,45,43,2,2,0.9555555555555556,0.0851063829787234
2013-09-24,45,43,2,2,0.9555555555555556,0.0851063829787234
2013-09-25,45,43,2,2,0.9555555555555556,0.0851063829787234
2013-09-26,45,43,2,2,0.9555555555555556,0.0851063829787234
2013-09-27,45,43,2,2,0.9555555555555556,0.0851063829787234
2013-09-30,45,42,3,3,0.9333333333333333,0.125
2013-10-01,45,43,2,2,0.9555555555555556,0.0851063829787234
2013-10-02,45,44,1,1,0.9777777777777777,0.043478260869565216
2013-10-03,45,43,2,2,0.9555555555555556,0.0851063829787234
2013-10-04,45,45,0,0,1.0,0.0
2013-10-07,45,44,1,1,0.9777777777777777,0.043478260869565216
2013-10-08,45,43,2,2,0.9555555555555556,0.0851063829787234
2013-10-09,45,44,1,1,0.9777777777777777,0.043478260869565216
2013-10-10,45,44,1,1,0.9777777777777777,0.043478260869565216
2013-10-11,45,44,1,1,0.9777777777777777,0.043478260869565216
2013-10-14,45,43,2,2,0.9555555555555556,0.0851063829787234
2013-10-15,45,41,4,4,0.9111111111111111,0.16326530612244897
2013-10-16,45,42,3,3,0.9333333333333333,0.125
2013-10-17,45,41,4,4,0.9111111111111111,0.16326530612244897
2013-10-18,45,42,3,3,0.9333333333333333,0.125
2013-10-21,45,41,4,4,0.9111111111111111,0.16326530612244897
2013-10-22,45,42,3,3,0.9333333333333333,0.125
2013-10-23,45,41,4,4,0.9111111111111111,0.16326530612244897
2013-10-24,45,41,4,4,0.9111111111111111,0.16326530612244897
2013-10-25,45,41,4,4,0.9111111111111111,0.16326530612244897
2013-10-28,45,44,1,1,0.9777777777777777,0.043478260869565216
2013-10-29,45,43,2,2,0.9555555555555556,0.0851063829787234
2013-10-30,45,41,4,4,0.9111111111111111,0.16326530612244897
2013-10-31,45,40,5,5,0.8888888888888888,0.2
2013-11-01,45,43,2,2,0.9555555555555556,0.0851063829787234
2013-11-04,45,42,3,3,0.9333333333333333,0.125
2013-11-05,45,42,3,3,0.9333333333333333,0.125
2013-11-06,45,42,3,3,0.9333333333333333,0.125
2013-11-07,45,42,3,3,0.9333333333333333,0.125
2013-11-08,45,41,4,4,0.9111111111111111,0.16326530612244897
2013-11-11,45,41,4,4,0.9111111111111111,0.16326530612244897
2013-11-12,45,43,2,2,0.9555555555555556,0.0851063829787234
2013-11-13,45,43,2,2,0.9555555555555556,0.0851063829787234
2013-11-14,45,42,3,3,0.9333333333333333,0.125
2013-11-15,45,43,2,2,0.9555555555555556,0.0851063829787234
2013-11-18,45,42,3,3,0.9333333333333333,0.125
2013-11-19,45,43,2,2,0.9555555555555556,0.0851063829787234
2013-11-20,45,42,3,3,0.9333333333333333,0.125
2013-11-21,45,42,3,3,0.9333333333333333,0.125
2013-11-22,45,42,3,3,0.9333333333333333,0.125
2013-11-25,45,42,3,3,0.9333333333333333,0.125
2013-11-26,45,41,4,4,0.9111111111111111,0.16326530612244897
2013-11-27,45,42,3,3,0.9333333333333333,0.125
2013-11-29,45,42,3,3,0.9333333333333333,0.125
2013-12-02,45,44,1,1,0.9777777777777777,0.043478260869565216
2013-12-03,45,42,3,3,0.9333333333333333,0.125
2013-12-04,45,43,2,2,0.9555555555555556,0.0851063829787234
2013-12-05,45,44,1,1,0.9777777777777777,0.043478260869565216
2013-12-06,45,43,2,2,0.9555555555555556,0.0851063829787234
2013-12-09,45,44,1,1,0.9777777777777777,0.043478260869565216
2013-12-10,45,42,3,3,0.9333333333333333,0.125
2013-12-11,45,42,3,3,0.9333333333333333,0.125
2013-12-12,45,42,3,3,0.9333333333333333,0.125
2013-12-13,45,43,2,2,0.9555555555555556,0.0851063829787234
2013-12-16,45,43,2,2,0.9555555555555556,0.0851063829787234
2013-12-17,45,41,4,4,0.9111111111111111,0.16326530612244897
2013-12-18,45,44,1,1,0.9777777777777777,0.043478260869565216
2013-12-19,45,41,4,4,0.9111111111111111,0.16326530612244897
2013-12-20,45,44,1,1,0.9777777777777777,0.043478260869565216
2013-12-23,45,44,1,1,0.9777777777777777,0.043478260869565216
2013-12-24,45,42,3,3,0.9333333333333333,0.125
2013-12-26,45,44,1,1,0.9777777777777777,0.043478260869565216
2013-12-27,45,44,1,1,0.9777777777777777,0.043478260869565216
2013-12-30,45,44,1,1,0.9777777777777777,0.043478260869565216
2013-12-31,45,44,1,1,0.9777777777777777,0.043478260869565216
2014-01-02,45,43,2,2,0.9555555555555556,0.0851063829787234
2014-01-03,45,40,5,5,0.8888888888888888,0.2
2014-01-06,45,42,3,3,0.9333333333333333,0.125
2014-01-07,45,43,2,2,0.9555555555555556,0.0851063829787234
2014-01-08,45,41,4,4,0.9111111111111111,0.16326530612244897
2014-01-09,45,43,2,2,0.9555555555555556,0.0851063829787234
2014-01-10,45,44,1,1,0.9777777777777777,0.043478260869565216
2014-01-13,45,43,2,2,0.9555555555555556,0.0851063829787234
2014-01-14,45,43,2,2,0.9555555555555556,0.0851063829787234
2014-01-15,45,42,3,3,0.9333333333333333,0.125
2014-01-16,45,43,2,2,0.9555555555555556,0.0851063829787234
2014-01-17,45,44,1,1,0.9777777777777777,0.043478260869565216
2014-01-21,45,44,1,1,0.9777777777777777,0.043478260869565216
2014-01-22,45,43,2,2,0.9555555555555556,0.0851063829787234
2014-01-23,45,42,3,3,0.9333333333333333,0.125
2014-01-24,45,45,0,0,1.0,0.0
2014-01-27,45,43,2,2,0.9555555555555556,0.0851063829787234
2014-01-28,45,44,1,1,0.9777777777777777,0.043478260869565216
2014-01-29,45,44,1,1,0.9777777777777777,0.043478260869565216
2014-01-30,45,44,1,1,0.9777777777777777,0.043478260869565216
2014-01-31,45,43,2,2,0.9555555555555556,0.0851063829787234
2014-02-03,45,45,0,0,1.0,0.0
2014-02-04,45,43,2,2,0.9555555555555556,0.0851063829787234
2014-02-05,45,43,2,2,0.9555555555555556,0.0851063829787234
2014-02-06,45,42,3,3,0.9333333333333333,0.125
2014-02-07,45,43,2,2,0.9555555555555556,0.0851063829787234
2014-02-10,45,41,4,4,0.9111111111111111,0.16326530612244897
2014-02-11,45,42,3,3,0.9333333333333333,0.125
2014-02-12,45,43,2,2,0.9555555555555556,0.0851063829787234
2014-02-13,45,43,2,2,0.9555555555555556,0.0851063829787234
2014-02-14,45,42,3,3,0.9333333333333333,0.125
2014-02-18,45,43,2,2,0.9555555555555556,0.0851063829787234
2014-02-19,45,44,1,1,0.9777777777777777,0.043478260869565216
2014-02-20,45,43,2,2,0.9555555555555556,0.0851063829787234
2014-02-21,45,42,3,3,0.9333333333333333,0.125
2014-02-24,45,43,2,2,0.9555555555555556,0.0851063829787234
2014-02-25,45,43,2,2,0.9555555555555556,0.0851063829787234
2014-02-26,45,44,1,1,0.9777777777777777,0.043478260869565216
2014-02-27,45,44,1,1,0.9777777777777777,0.043478260869565216
2014-02-28,45,45,0,0,1.0,0.0
2014-03-03,45,45,0,0,1.0,0.0
2014-03-04,45,43,2,2,0.9555555555555556,0.0851063829787234
2014-03-05,45,44,1,1,0.9777777777777777,0.043478260869565216
2014-03-06,45,43,2,2,0.9555555555555556,0.0851063829787234
2014-03-07,45,43,2,2,0.9555555555555556,0.0851063829787234
2014-03-10,45,43,2,2,0.9555555555555556,0.0851063829787234
2014-03-11,45,43,2,2,0.9555555555555556,0.0851063829787234
2014-03-12,45,45,0,0,1.0,0.0
2014-03-13,45,44,1,1,0.9777777777777777,0.043478260869565216
2014-03-14,45,42,3,3,0.9333333333333333,0.125
2014-03-17,45,43,2,2,0.9555555555555556,0.0851063829787234
2014-03-18,45,43,2,2,0.9555555555555556,0.0851063829787234
2014-03-19,45,43,2,2,0.9555555555555556,0.0851063829787234
2014-03-20,45,43,2,2,0.9555555555555556,0.0851063829787234
2014-03-21,45,43,2,2,0.9555555555555556,0.0851063829787234
2014-03-24,45,44,1,1,0.9777777777777777,0.043478260869565216
2014-03-25,45,43,2,2,0.9555555555555556,0.0851063829787234
2014-03-26,45,43,2,2,0.9555555555555556,0.0851063829787234
2014-03-27,45,43,2,2,0.9555555555555556,0.0851063829787234
2014-03-28,45,44,1,1,0.9777777777777777,0.043478260869565216
2014-03-31,45,43,2,2,0.9555555555555556,0.0851063829787234
2014-04-01,45,43,2,2,0.9555555555555556,0.0851063829787234
2014-04-02,45,44,1,1,0.9777777777777777,0.043478260869565216
2014-04-03,45,44,1,1,0.9777777777777777,0.043478260869565216
2014-04-04,45,41,4,4,0.9111111111111111,0.16326530612244897
2014-04-07,45,43,2,2,0.9555555555555556,0.0851063829787234
2014-04-08,45,43,2,2,0.9555555555555556,0.0851063829787234
2014-04-09,45,43,2,2,0.9555555555555556,0.0851063829787234
2014-04-10,45,44,1,1,0.9777777777777777,0.043478260869565216
2014-04-11,45,42,3,3,0.9333333333333333,0.125
2014-04-14,45,43,2,2,0.9555555555555556,0.0851063829787234
2014-04-15,45,44,1,1,0.9777777777777777,0.043478260869565216
2014-04-16,45,43,2,2,0.9555555555555556,0.0851063829787234
2014-04-17,45,44,1,1,0.9777777777777777,0.043478260869565216
2014-04-21,45,40,5,5,0.8888888888888888,0.2
2014-04-22,45,44,1,1,0.9777777777777777,0.043478260869565216
2014-04-23,45,44,1,1,0.9777777777777777,0.043478260869565216
2014-04-24,45,42,3,3,0.9333333333333333,0.125
2014-04-25,45,43,2,2,0.9555555555555556,0.0851063829787234
2014-04-28,45,44,1,1,0.9777777777777777,0.043478260869565216
2014-04-29,45,44,1,1,0.9777777777777777,0.043478260869565216
2014-04-30,45,44,1,1,0.9777777777777777,0.043478260869565216
2014-05-01,45,43,2,2,0.9555555555555556,0.0851063829787234
2014-05-02,45,44,1,1,0.9777777777777777,0.043478260869565216
2014-05-05,45,45,0,0,1.0,0.0
2014-05-06,45,42,3,3,0.9333333333333333,0.125
2014-05-07,45,42,3,3,0.9333333333333333,0.125
2014-05-08,45,42,3,3,0.9333333333333333,0.125
2014-05-09,45,42,3,3,0.9333333333333333,0.125
2014-05-12,45,40,5,5,0.8888888888888888,0.2
2014-05-13,45,43,2,2,0.9555555555555556,0.0851063829787234
2014-05-14,45,44,1,1,0.9777777777777777,0.043478260869565216
2014-05-15,45,41,4,4,0.9111111111111111,0.16326530612244897
2014-05-16,45,42,3,3,0.9333333333333333,0.125
2014-05-19,45,42,3,3,0.9333333333333333,0.125
2014-05-20,45,43,2,2,0.9555555555555556,0.0851063829787234
2014-05-21,45,43,2,2,0.9555555555555556,0.0851063829787234
2014-05-22,45,43,2,2,0.9555555555555556,0.0851063829787234
2014-05-23,45,42,3,3,0.9333333333333333,0.125
2014-05-27,45,41,4,4,0.9111111111111111,0.16326530612244897
2014-05-28,45,41,4,4,0.9111111111111111,0.16326530612244897
2014-05-29,45,42,3,3,0.9333333333333333,0.125
2014-05-30,45,42,3,3,0.9333333333333333,0.125
2014-06-02,45,41,4,4,0.9111111111111111,0.16326530612244897
2014-06-03,45,44,1,1,0.9777777777777777,0.043478260869565216
2014-06-04,45,41,4,4,0.9111111111111111,0.16326530612244897
2014-06-05,45,42,3,3,0.9333333333333333,0.125
2014-06-06,45,42,3,3,0.9333333333333333,0.125
2014-06-09,45,43,2,2,0.9555555555555556,0.0851063829787234
2014-06-10,45,43,2,2,0.9555555555555556,0.0851063829787234
2014-06-11,45,44,1,1,0.9777777777777777,0.043478260869565216
2014-06-12,45,43,2,2,0.9555555555555556,0.0851063829787234
2014-06-13,45,44,1,1,0.9777777777777777,0.043478260869565216
2014-06-16,45,43,2,2,0.9555555555555556,0.0851063829787234
2014-06-17,45,42,3,3,0.9333333333333333,0.125
2014-06-18,45,43,2,2,0.9555555555555556,0.0851063829787234
2014-06-19,46,42,4,3,0.9333333333333333,0.14285714285714285
2014-06-20,46,43,3,3,0.9347826086956522,0.12244897959183673
2014-06-23,46,45,1,1,0.9782608695652174,0.0425531914893617
2014-06-24,46,43,3,3,0.9347826086956522,0.12244897959183673
2014-06-25,46,44,2,2,0.9565217391304348,0.08333333333333333
2014-06-26,46,44,2,2,0.9565217391304348,0.08333333333333333
2014-06-27,46,44,2,2,0.9565217391304348,0.08333333333333333
2014-06-30,46,42,4,4,0.9130434782608695,0.16
2014-07-01,46,43,3,3,0.9347826086956522,0.12244897959183673
2014-07-02,46,45,1,1,0.9782608695652174,0.0425531914893617
2014-07-03,46,45,1,1,0.9782608695652174,0.0425531914893617
2014-07-07,46,44,2,2,0.9565217391304348,0.08333333333333333
2014-07-08,46,43,3,3,0.9347826086956522,0.12244897959183673
2014-07-09,46,43,3,3,0.9347826086956522,0.12244897959183673
2014-07-10,46,45,1,1,0.9782608695652174,0.0425531914893617
2014-07-11,46,44,2,2,0.9565217391304348,0.08333333333333333
2014-07-14,46,45,1,1,0.9782608695652174,0.0425531914893617
2014-07-15,46,45,1,1,0.9782608695652174,0.0425531914893617
2014-07-16,46,44,2,2,0.9565217391304348,0.08333333333333333
2014-07-17,46,44,2,2,0.9565217391304348,0.08333333333333333
2014-07-18,46,43,3,3,0.9347826086956522,0.12244897959183673
2014-07-21,46,45,1,1,0.9782608695652174,0.0425531914893617
2014-07-22,46,44,2,2,0.9565217391304348,0.08333333333333333
2014-07-23,46,45,1,1,0.9782608695652174,0.0425531914893617
2014-07-24,46,44,2,2,0.9565217391304348,0.08333333333333333
2014-07-25,46,43,3,3,0.9347826086956522,0.12244897959183673
2014-07-28,46,42,4,4,0.9130434782608695,0.16
2014-07-29,46,43,3,3,0.9347826086956522,0.12244897959183673
2014-07-30,46,42,4,4,0.9130434782608695,0.16
2014-07-31,46,45,1,1,0.9782608695652174,0.0425531914893617
2014-08-01,46,44,2,2,0.9565217391304348,0.08333333333333333
2014-08-04,46,42,4,4,0.9130434782608695,0.16
2014-08-05,46,43,3,3,0.9347826086956522,0.12244897959183673
2014-08-06,46,43,3,3,0.9347826086956522,0.12244897959183673
2014-08-07,46,41,5,5,0.8913043478260869,0.19607843137254902
2014-08-08,46,43,3,3,0.9347826086956522,0.12244897959183673
2014-08-11,46,45,1,1,0.9782608695652174,0.0425531914893617
2014-08-12,46,44,2,2,0.9565217391304348,0.08333333333333333
2014-08-13,46,43,3,3,0.9347826086956522,0.12244897959183673
2014-08-14,46,44,2,2,0.9565217391304348,0.08333333333333333
2014-08-15,46,44,2,2,0.9565217391304348,0.08333333333333333
2014-08-18,46,46,0,0,1.0,0.0
2014-08-19,46,44,2,2,0.9565217391304348,0.08333333333333333
2014-08-20,46,42,4,4,0.9130434782608695,0.16
2014-08-21,46,44,2,2,0.9565217391304348,0.08333333333333333
2014-08-22,46,43,3,3,0.9347826086956522,0.12244897959183673
2014-08-25,46,43,3,3,0.9347826086956522,0.12244897959183673
2014-08-26,46,43,3,3,0.9347826086956522,0.12244897959183673
2014-08-27,46,43,3,3,0.9347826086956522,0.12244897959183673
2014-08-28,46,43,3,3,0.9347826086956522,0.12244897959183673
2014-08-29,46,42,4,4,0.9130434782608695,0.16
2014-09-02,46,45,1,1,0.9782608695652174,0.0425531914893617
2014-09-03,46,43,3,3,0.9347826086956522,0.12244897959183673
2014-09-04,46,41,5,5,0.8913043478260869,0.19607843137254902
2014-09-05,46,42,4,4,0.9130434782608695,0.16
2014-09-08,46,42,4,4,0.9130434782608695,0.16
2014-09-09,46,43,3,3,0.9347826086956522,0.12244897959183673
2014-09-10,46,43,3,3,0.9347826086956522,0.12244897959183673
2014-09-11,46,43,3,3,0.9347826086956522,0.12244897959183673
2014-09-12,46,44,2,2,0.9565217391304348,0.08333333333333333
2014-09-15,46,46,0,0,1.0,0.0
2014-09-16,46,43,3,3,0.9347826086956522,0.12244897959183673
2014-09-17,46,45,1,1,0.9782608695652174,0.0425531914893617
2014-09-18,46,44,2,2,0.9565217391304348,0.08333333333333333
2014-09-19,46,44,2,2,0.9565217391304348,0.08333333333333333
2014-09-22,46,44,2,2,0.9565217391304348,0.08333333333333333
2014-09-23,46,44,2,2,0.9565217391304348,0.08333333333333333
2014-09-24,46,44,2,2,0.9565217391304348,0.08333333333333333
2014-09-25,46,45,1,1,0.9782608695652174,0.0425531914893617
2014-09-26,46,45,1,1,0.9782608695652174,0.0425531914893617
2014-09-29,46,45,1,1,0.9782608695652174,0.0425531914893617
2014-09-30,46,43,3,3,0.9347826086956522,0.12244897959183673
2014-10-01,46,42,4,4,0.9130434782608695,0.16
2014-10-02,46,44,2,2,0.9565217391304348,0.08333333333333333
2014-10-03,46,44,2,2,0.9565217391304348,0.08333333333333333
2014-10-06,46,44,2,2,0.9565217391304348,0.08333333333333333
2014-10-07,46,42,4,4,0.9130434782608695,0.16
2014-10-08,46,45,1,1,0.9782608695652174,0.0425531914893617
2014-10-09,46,44,2,2,0.9565217391304348,0.08333333333333333
2014-10-10,46,43,3,3,0.9347826086956522,0.12244897959183673
2014-10-13,46,44,2,2,0.9565217391304348,0.08333333333333333
2014-10-14,46,44,2,2,0.9565217391304348,0.08333333333333333
2014-10-15,46,45,1,1,0.9782608695652174,0.0425531914893617
2014-10-16,46,44,2,2,0.9565217391304348,0.08333333333333333
2014-10-17,46,40,6,6,0.8695652173913043,0.23076923076923078
2014-10-20,46,44,2,2,0.9565217391304348,0.08333333333333333
2014-10-21,46,43,3,3,0.9347826086956522,0.12244897959183673
2014-10-22,46,43,3,3,0.9347826086956522,0.12244897959183673
2014-10-23,46,41,5,5,0.8913043478260869,0.19607843137254902
2014-10-24,46,44,2,2,0.9565217391304348,0.08333333333333333
2014-10-27,46,42,4,4,0.9130434782608695,0.16
2014-10-28,46,41,5,5,0.8913043478260869,0.19607843137254902
2014-10-29,46,42,4,4,0.9130434782608695,0.16
2014-10-30,46,41,5,5,0.8913043478260869,0.19607843137254902
2014-10-31,46,43,3,3,0.9347826086956522,0.12244897959183673
2014-11-03,46,44,2,2,0.9565217391304348,0.08333333333333333
2014-11-04,46,42,4,4,0.9130434782608695,0.16
2014-11-05,46,42,4,4,0.9130434782608695,0.16
2014-11-06,46,42,4,4,0.9130434782608695,0.16
2014-11-07,46,42,4,4,0.9130434782608695,0.16
2014-11-10,46,39,7,7,0.8478260869565217,0.2641509433962264
2014-11-11,46,41,5,5,0.8913043478260869,0.19607843137254902
2014-11-12,46,42,4,4,0.9130434782608695,0.16
2014-11-13,46,44,2,2,0.9565217391304348,0.08333333333333333
2014-11-14,46,43,3,3,0.9347826086956522,0.12244897959183673
2014-11-17,46,42,4,4,0.9130434782608695,0.16
2014-11-18,46,43,3,3,0.9347826086956522,0.12244897959183673
2014-11-19,46,43,3,3,0.9347826086956522,0.12244897959183673
2014-11-20,46,41,5,5,0.8913043478260869,0.19607843137254902
2014-11-21,46,40,6,6,0.8695652173913043,0.23076923076923078
2014-11-24,46,42,4,4,0.9130434782608695,0.16
2014-11-25,46,42,4,4,0.9130434782608695,0.16
2014-11-26,46,40,6,6,0.8695652173913043,0.23076923076923078
2014-11-28,46,44,2,2,0.9565217391304348,0.08333333333333333
2014-12-01,46,42,4,4,0.9130434782608695,0.16
2014-12-02,46,42,4,4,0.9130434782608695,0.16
2014-12-03,46,43,3,3,0.9347826086956522,0.12244897959183673
2014-12-04,46,44,2,2,0.9565217391304348,0.08333333333333333
2014-12-05,46,44,2,2,0.9565217391304348,0.08333333333333333
2014-12-08,46,43,3,3,0.9347826086956522,0.12244897959183673
2014-12-09,46,45,1,1,0.9782608695652174,0.0425531914893617
2014-12-10,46,44,2,2,0.9565217391304348,0.08333333333333333
2014-12-11,46,42,4,4,0.9130434782608695,0.16
2014-12-12,46,45,1,1,0.9782608695652174,0.0425531914893617
2014-12-15,46,43,3,3,0.9347826086956522,0.12244897959183673
2014-12-16,46,43,3,3,0.9347826086956522,0.12244897959183673
2014-12-17,46,43,3,3,0.9347826086956522,0.12244897959183673
2014-12-18,46,43,3,3,0.9347826086956522,0.12244897959183673
2014-12-19,46,42,4,4,0.9130434782608695,0.16
2014-12-22,46,44,2,2,0.9565217391304348,0.08333333333333333
2014-12-23,46,43,3,3,0.9347826086956522,0.12244897959183673
2014-12-24,46,45,1,1,0.9782608695652174,0.0425531914893617
2014-12-26,46,45,1,1,0.9782608695652174,0.0425531914893617
2014-12-29,46,44,2,2,0.9565217391304348,0.08333333333333333
2014-12-30,46,43,3,3,0.9347826086956522,0.12244897959183673
2014-12-31,46,41,5,5,0.8913043478260869,0.19607843137254902
2015-01-02,46,42,4,4,0.9130434782608695,0.16
2015-01-05,46,44,2,2,0.9565217391304348,0.08333333333333333
2015-01-06,46,43,3,3,0.9347826086956522,0.12244897959183673
2015-01-07,46,41,5,5,0.8913043478260869,0.19607843137254902
2015-01-08,46,39,7,7,0.8478260869565217,0.2641509433962264
2015-01-09,46,42,4,4,0.9130434782608695,0.16
2015-01-12,46,44,2,2,0.9565217391304348,0.08333333333333333
2015-01-13,46,43,3,3,0.9347826086956522,0.12244897959183673
2015-01-14,46,41,5,5,0.8913043478260869,0.19607843137254902
2015-01-15,46,42,4,4,0.9130434782608695,0.16
2015-01-16,46,42,4,4,0.9130434782608695,0.16
2015-01-20,46,43,3,3,0.9347826086956522,0.12244897959183673
2015-01-21,46,41,5,5,0.8913043478260869,0.19607843137254902
2015-01-22,46,42,4,4,0.9130434782608695,0.16
2015-01-23,46,40,6,6,0.8695652173913043,0.23076923076923078
2015-01-26,46,42,4,4,0.9130434782608695,0.16
2015-01-27,46,40,6,6,0.8695652173913043,0.23076923076923078
2015-01-28,46,43,3,3,0.9347826086956522,0.12244897959183673
2015-01-29,46,45,1,1,0.9782608695652174,0.0425531914893617
2015-01-30,46,40,6,6,0.8695652173913043,0.23076923076923078
2015-02-02,46,44,2,2,0.9565217391304348,0.08333333333333333
2015-02-03,46,44,2,2,0.9565217391304348,0.08333333333333333
2015-02-04,46,42,4,4,0.9130434782608695,0.16
2015-02-05,46,41,5,5,0.8913043478260869,0.19607843137254902
2015-02-06,46,44,2,2,0.9565217391304348,0.08333333333333333
2015-02-09,46,45,1,1,0.9782608695652174,0.0425531914893617
2015-02-10,46,43,3,3,0.9347826086956522,0.12244897959183673
2015-02-11,46,42,4,4,0.9130434782608695,0.16
2015-02-12,46,43,3,3,0.9347826086956522,0.12244897959183673
2015-02-13,46,42,4,4,0.9130434782608695,0.16
2015-02-17,46,43,3,3,0.9347826086956522,0.12244897959183673
2015-02-18,46,43,3,3,0.9347826086956522,0.12244897959183673
2015-02-19,46,41,5,5,0.8913043478260869,0.19607843137254902
2015-02-20,46,43,3,3,0.9347826086956522,0.12244897959183673
2015-02-23,46,44,2,2,0.9565217391304348,0.08333333333333333
2015-02-24,46,41,5,5,0.8913043478260869,0.19607843137254902
2015-02-25,46,42,4,4,0.9130434782608695,0.16
2015-02-26,46,41,5,5,0.8913043478260869,0.19607843137254902
2015-02-27,46,42,4,4,0.9130434782608695,0.16
2015-03-02,46,41,5,5,0.8913043478260869,0.19607843137254902
2015-03-03,46,42,4,4,0.9130434782608695,0.16
2015-03-04,46,39,7,7,0.8478260869565217,0.2641509433962264
2015-03-05,46,43,3,3,0.9347826086956522,0.12244897959183673
2015-03-06,46,43,3,3,0.9347826086956522,0.12244897959183673
2015-03-09,46,41,5,5,0.8913043478260869,0.19607843137254902
2015-03-10,46,39,7,7,0.8478260869565217,0.2641509433962264
2015-03-11,46,42,4,4,0.9130434782608695,0.16
2015-03-12,46,38,8,8,0.8260869565217391,0.2962962962962963
2015-03-13,46,41,5,5,0.8913043478260869,0.19607843137254902
2015-03-16,46,42,4,4,0.9130434782608695,0.16
2015-03-17,46,41,5,5,0.8913043478260869,0.19607843137254902
2015-03-18,46,42,4,4,0.9130434782608695,0.16
2015-03-19,46,41,5,5,0.8913043478260869,0.19607843137254902
2015-03-20,46,41,5,5,0.8913043478260869,0.19607843137254902
2015-03-23,46,41,5,5,0.8913043478260869,0.19607843137254902
2015-03-24,46,41,5,5,0.8913043478260869,0.19607843137254902
2015-03-25,46,43,3,3,0.9347826086956522,0.12244897959183673
2015-03-26,46,43,3,3,0.9347826086956522,0.12244897959183673
2015-03-27,46,44,2,2,0.9565217391304348,0.08333333333333333
2015-03-30,46,43,3,3,0.9347826086956522,0.12244897959183673
2015-03-31,46,45,1,1,0.9782608695652174,0.0425531914893617
2015-04-01,46,44,2,2,0.9565217391304348,0.08333333333333333
2015-04-02,46,43,3,3,0.9347826086956522,0.12244897959183673
2015-04-06,46,44,2,2,0.9565217391304348,0.08333333333333333
2015-04-07,46,43,3,3,0.9347826086956522,0.12244897959183673
2015-04-08,46,44,2,2,0.9565217391304348,0.08333333333333333
2015-04-09,46,44,2,2,0.9565217391304348,0.08333333333333333
2015-04-10,46,41,5,5,0.8913043478260869,0.19607843137254902
2015-04-13,46,43,3,3,0.9347826086956522,0.12244897959183673
2015-04-14,46,43,3,3,0.9347826086956522,0.12244897959183673
2015-04-15,46,43,3,3,0.9347826086956522,0.12244897959183673
2015-04-16,46,43,3,3,0.9347826086956522,0.12244897959183673
2015-04-17,46,44,2,2,0.9565217391304348,0.08333333333333333
2015-04-20,46,45,1,1,0.9782608695652174,0.0425531914893617
2015-04-21,46,44,2,2,0.9565217391304348,0.08333333333333333
2015-04-22,46,44,2,2,0.9565217391304348,0.08333333333333333
2015-04-23,46,42,4,4,0.9130434782608695,0.16
2015-04-24,46,44,2,2,0.9565217391304348,0.08333333333333333
2015-04-27,46,44,2,2,0.9565217391304348,0.08333333333333333
2015-04-28,46,42,4,4,0.9130434782608695,0.16
2015-04-29,46,41,5,5,0.8913043478260869,0.19607843137254902
2015-04-30,46,43,3,3,0.9347826086956522,0.12244897959183673
2015-05-01,46,43,3,3,0.9347826086956522,0.12244897959183673
2015-05-04,46,44,2,2,0.9565217391304348,0.08333333333333333
2015-05-05,46,45,1,1,0.9782608695652174,0.0425531914893617
2015-05-06,46,44,2,2,0.9565217391304348,0.08333333333333333
2015-05-07,46,43,3,3,0.9347826086956522,0.12244897959183673
2015-05-08,46,45,1,1,0.9782608695652174,0.0425531914893617
2015-05-11,46,43,3,3,0.9347826086956522,0.12244897959183673
2015-05-12,46,44,2,2,0.9565217391304348,0.08333333333333333
2015-05-13,46,43,3,3,0.9347826086956522,0.12244897959183673
2015-05-14,46,43,3,3,0.9347826086956522,0.12244897959183673
2015-05-15,46,40,6,6,0.8695652173913043,0.23076923076923078
2015-05-18,46,43,3,3,0.9347826086956522,0.12244897959183673
2015-05-19,46,41,5,5,0.8913043478260869,0.19607843137254902
2015-05-20,46,42,4,4,0.9130434782608695,0.16
2015-05-21,46,44,2,2,0.9565217391304348,0.08333333333333333
2015-05-22,46,43,3,3,0.9347826086956522,0.12244897959183673
2015-05-26,46,44,2,2,0.9565217391304348,0.08333333333333333
2015-05-27,46,44,2,2,0.9565217391304348,0.08333333333333333
2015-05-28,46,43,3,3,0.9347826086956522,0.12244897959183673
2015-05-29,46,43,3,3,0.9347826086956522,0.12244897959183673
2015-06-01,46,42,4,4,0.9130434782608695,0.16
2015-06-02,46,44,2,2,0.9565217391304348,0.08333333333333333
2015-06-03,46,44,2,2,0.9565217391304348,0.08333333333333333
2015-06-04,46,44,2,2,0.9565217391304348,0.08333333333333333
2015-06-05,46,44,2,2,0.9565217391304348,0.08333333333333333
2015-06-08,46,44,2,2,0.9565217391304348,0.08333333333333333
2015-06-09,46,44,2,2,0.9565217391304348,0.08333333333333333
2015-06-10,46,43,3,3,0.9347826086956522,0.12244897959183673
2015-06-11,46,45,1,1,0.9782608695652174,0.0425531914893617
2015-06-12,46,43,3,3,0.9347826086956522,0.12244897959183673
2015-06-15,46,44,2,2,0.9565217391304348,0.08333333333333333
2015-06-16,46,42,4,4,0.9130434782608695,0.16
2015-06-17,46,41,5,5,0.8913043478260869,0.19607843137254902
2015-06-18,46,42,4,4,0.9130434782608695,0.16
2015-06-19,46,44,2,2,0.9565217391304348,0.08333333333333333
2015-06-22,46,43,3,3,0.9347826086956522,0.12244897959183673
2015-06-23,46,43,3,3,0.9347826086956522,0.12244897959183673
2015-06-24,46,43,3,3,0.9347826086956522,0.12244897959183673
2015-06-25,46,43,3,3,0.9347826086956522,0.12244897959183673
2015-06-26,46,43,3,3,0.9347826086956522,0.12244897959183673
2015-06-29,46,42,4,4,0.9130434782608695,0.16
2015-06-30,46,43,3,3,0.9347826086956522,0.12244897959183673
2015-07-01,46,43,3,3,0.9347826086956522,0.12244897959183673
2015-07-02,46,44,2,2,0.9565217391304348,0.08333333333333333
2015-07-06,46,43,3,3,0.9347826086956522,0.12244897959183673
2015-07-07,46,43,3,3,0.9347826086956522,0.12244897959183673
2015-07-08,46,43,3,3,0.9347826086956522,0.12244897959183673
2015-07-09,46,44,2,2,0.9565217391304348,0.08333333333333333
2015-07-10,46,43,3,3,0.9347826086956522,0.12244897959183673
2015-07-13,46,43,3,3,0.9347826086956522,0.12244897959183673
2015-07-14,46,43,3,3,0.9347826086956522,0.12244897959183673
2015-07-15,46,44,2,2,0.9565217391304348,0.08333333333333333
2015-07-16,46,42,4,4,0.9130434782608695,0.16
2015-07-17,46,44,2,2,0.9565217391304348,0.08333333333333333
2015-07-20,46,45,1,1,0.9782608695652174,0.0425531914893617
2015-07-21,46,45,1,1,0.9782608695652174,0.0425531914893617
2015-07-22,46,44,2,2,0.9565217391304348,0.08333333333333333
2015-07-23,46,44,2,2,0.9565217391304348,0.08333333333333333
2015-07-24,46,43,3,3,0.9347826086956522,0.12244897959183673
2015-07-27,46,43,3,3,0.9347826086956522,0.12244897959183673
2015-07-28,46,45,1,1,0.9782608695652174,0.0425531914893617
2015-07-29,46,43,3,3,0.9347826086956522,0.12244897959183673
2015-07-30,46,43,3,3,0.9347826086956522,0.12244897959183673
2015-07-31,46,40,6,6,0.8695652173913043,0.23076923076923078
2015-08-03,46,44,2,2,0.9565217391304348,0.08333333333333333
2015-08-04,46,45,1,1,0.9782608695652174,0.0425531914893617
2015-08-05,46,44,2,2,0.9565217391304348,0.08333333333333333
2015-08-06,46,44,2,2,0.9565217391304348,0.08333333333333333
2015-08-07,46,46,0,0,1.0,0.0
2015-08-10,46,44,2,2,0.9565217391304348,0.08333333333333333
2015-08-11,46,43,3,3,0.9347826086956522,0.12244897959183673
2015-08-12,46,44,2,2,0.9565217391304348,0.08333333333333333
2015-08-13,46,44,2,2,0.9565217391304348,0.08333333333333333
2015-08-14,46,42,4,4,0.9130434782608695,0.16
2015-08-17,46,43,3,3,0.9347826086956522,0.12244897959183673
2015-08-18,46,44,2,2,0.9565217391304348,0.08333333333333333
2015-08-19,46,43,3,3,0.9347826086956522,0.12244897959183673
2015-08-20,46,44,2,2,0.9565217391304348,0.08333333333333333
2015-08-21,46,44,2,2,0.9565217391304348,0.08333333333333333
2015-08-24,46,44,2,2,0.9565217391304348,0.08333333333333333
2015-08-25,46,45,1,1,0.9782608695652174,0.0425531914893617
2015-08-26,46,43,3,3,0.9347826086956522,0.12244897959183673
2015-08-27,46,43,3,3,0.9347826086956522,0.12244897959183673
2015-08-28,46,43,3,3,0.9347826086956522,0.12244897959183673
2015-08-31,46,44,2,2,0.9565217391304348,0.08333333333333333
2015-09-01,46,44,2,2,0.9565217391304348,0.08333333333333333
2015-09-02,46,44,2,2,0.9565217391304348,0.08333333333333333
2015-09-03,46,44,2,2,0.9565217391304348,0.08333333333333333
2015-09-04,46,44,2,2,0.9565217391304348,0.08333333333333333
2015-09-08,46,44,2,2,0.9565217391304348,0.08333333333333333
2015-09-09,46,43,3,3,0.9347826086956522,0.12244897959183673
2015-09-10,46,43,3,3,0.9347826086956522,0.12244897959183673
2015-09-11,46,45,1,1,0.9782608695652174,0.0425531914893617
2015-09-14,46,45,1,1,0.9782608695652174,0.0425531914893617
2015-09-15,46,45,1,1,0.9782608695652174,0.0425531914893617
2015-09-16,46,46,0,0,1.0,0.0
2015-09-17,46,45,1,1,0.9782608695652174,0.0425531914893617
2015-09-18,46,45,1,1,0.9782608695652174,0.0425531914893617
2015-09-21,46,44,2,2,0.9565217391304348,0.08333333333333333
2015-09-22,46,41,5,5,0.8913043478260869,0.19607843137254902
2015-09-23,46,43,3,3,0.9347826086956522,0.12244897959183673
2015-09-24,46,43,3,3,0.9347826086956522,0.12244897959183673
2015-09-25,46,44,2,2,0.9565217391304348,0.08333333333333333
2015-09-28,46,44,2,2,0.9565217391304348,0.08333333333333333
2015-09-29,46,44,2,2,0.9565217391304348,0.08333333333333333
2015-09-30,46,45,1,1,0.9782608695652174,0.0425531914893617
2015-10-01,46,43,3,3,0.9347826086956522,0.12244897959183673
2015-10-02,46,43,3,3,0.9347826086956522,0.12244897959183673
2015-10-05,46,44,2,2,0.9565217391304348,0.08333333333333333
2015-10-06,46,45,1,1,0.9782608695652174,0.0425531914893617
2015-10-07,46,44,2,2,0.9565217391304348,0.08333333333333333
2015-10-08,46,44,2,2,0.9565217391304348,0.08333333333333333
2015-10-09,46,42,4,4,0.9130434782608695,0.16
2015-10-12,46,42,4,4,0.9130434782608695,0.16
2015-10-13,46,42,4,4,0.9130434782608695,0.16
2015-10-14,46,43,3,3,0.9347826086956522,0.12244897959183673
2015-10-15,46,44,2,2,0.9565217391304348,0.08333333333333333
2015-10-16,46,42,4,4,0.9130434782608695,0.16
2015-10-19,46,44,2,2,0.9565217391304348,0.08333333333333333
2015-10-20,46,42,4,4,0.9130434782608695,0.16
2015-10-21,46,42,4,4,0.9130434782608695,0.16
2015-10-22,46,42,4,4,0.9130434782608695,0.16
2015-10-23,46,43,3,3,0.9347826086956522,0.12244897959183673
2015-10-26,46,41,5,5,0.8913043478260869,0.19607843137254902
2015-10-27,46,42,4,4,0.9130434782608695,0.16
2015-10-28,46,43,3,3,0.9347826086956522,0.12244897959183673
2015-10-29,46,42,4,4,0.9130434782608695,0.16
2015-10-30,46,43,3,3,0.9347826086956522,0.12244897959183673
2015-11-02,46,43,3,3,0.9347826086956522,0.12244897959183673
2015-11-03,46,45,1,1,0.9782608695652174,0.0425531914893617
2015-11-04,46,45,1,1,0.9782608695652174,0.0425531914893617
2015-11-05,46,40,6,6,0.8695652173913043,0.23076923076923078
2015-11-06,46,42,4,4,0.9130434782608695,0.16
2015-11-09,46,40,6,6,0.8695652173913043,0.23076923076923078
2015-11-10,46,42,4,4,0.9130434782608695,0.16
2015-11-11,46,43,3,3,0.9347826086956522,0.12244897959183673
2015-11-12,46,44,2,2,0.9565217391304348,0.08333333333333333
2015-11-13,46,41,5,5,0.8913043478260869,0.19607843137254902
2015-11-16,46,40,6,6,0.8695652173913043,0.23076923076923078
2015-11-17,46,44,2,2,0.9565217391304348,0.08333333333333333
2015-11-18,46,43,3,3,0.9347826086956522,0.12244897959183673
2015-11-19,46,43,3,3,0.9347826086956522,0.12244897959183673
2015-11-20,46,41,5,5,0.8913043478260869,0.19607843137254902
2015-11-23,46,42,4,4,0.9130434782608695,0.16
2015-11-24,46,43,3,3,0.9347826086956522,0.12244897959183673
2015-11-25,46,41,5,5,0.8913043478260869,0.19607843137254902
2015-11-27,46,42,4,4,0.9130434782608695,0.16
2015-11-30,46,42,4,4,0.9130434782608695,0.16
2015-12-01,46,43,3,3,0.9347826086956522,0.12244897959183673
2015-12-02,46,42,4,4,0.9130434782608695,0.16
2015-12-03,46,42,4,4,0.9130434782608695,0.16
2015-12-04,46,45,1,1,0.9782608695652174,0.0425531914893617
2015-12-07,46,43,3,3,0.9347826086956522,0.12244897959183673
2015-12-08,46,41,5,5,0.8913043478260869,0.19607843137254902
2015-12-09,46,43,3,3,0.9347826086956522,0.12244897959183673
2015-12-10,46,44,2,2,0.9565217391304348,0.08333333333333333
2015-12-11,46,42,4,4,0.9130434782608695,0.16
2015-12-14,46,42,4,4,0.9130434782608695,0.16
2015-12-15,46,44,2,2,0.9565217391304348,0.08333333333333333
2015-12-16,46,44,2,2,0.9565217391304348,0.08333333333333333
2015-12-17,46,44,2,2,0.9565217391304348,0.08333333333333333
2015-12-18,46,44,2,2,0.9565217391304348,0.08333333333333333
2015-12-21,46,43,3,3,0.9347826086956522,0.12244897959183673
2015-12-22,46,44,2,2,0.9565217391304348,0.08333333333333333
2015-12-23,46,45,1,1,0.9782608695652174,0.0425531914893617
2015-12-24,46,42,4,4,0.9130434782608695,0.16
2015-12-28,46,44,2,2,0.9565217391304348,0.08333333333333333
2015-12-29,46,44,2,2,0.9565217391304348,0.08333333333333333
2015-12-30,46,44,2,2,0.9565217391304348,0.08333333333333333
2015-12-31,46,44,2,2,0.9565217391304348,0.08333333333333333
2016-01-04,46,43,3,3,0.9347826086956522,0.12244897959183673
2016-01-05,46,42,4,4,0.9130434782608695,0.16
2016-01-06,46,43,3,3,0.9347826086956522,0.12244897959183673
2016-01-07,46,44,2,2,0.9565217391304348,0.08333333333333333
2016-01-08,46,44,2,2,0.9565217391304348,0.08333333333333333
2016-01-11,46,42,4,4,0.9130434782608695,0.16
2016-01-12,46,44,2,2,0.9565217391304348,0.08333333333333333
2016-01-13,46,44,2,2,0.9565217391304348,0.08333333333333333
2016-01-14,46,42,4,4,0.9130434782608695,0.16
2016-01-15,46,43,3,3,0.9347826086956522,0.12244897959183673
2016-01-19,46,44,2,2,0.9565217391304348,0.08333333333333333
2016-01-20,46,43,3,3,0.9347826086956522,0.12244897959183673
2016-01-21,46,43,3,3,0.9347826086956522,0.12244897959183673
2016-01-22,46,45,1,1,0.9782608695652174,0.0425531914893617
2016-01-25,46,44,2,2,0.9565217391304348,0.08333333333333333
2016-01-26,46,44,2,2,0.9565217391304348,0.08333333333333333
2016-01-27,46,43,3,3,0.9347826086956522,0.12244897959183673
2016-01-28,46,43,3,3,0.9347826086956522,0.12244897959183673
2016-01-29,46,43,3,3,0.9347826086956522,0.12244897959183673
2016-02-01,46,43,3,3,0.9347826086956522,0.12244897959183673
2016-02-02,46,43,3,3,0.9347826086956522,0.12244897959183673
2016-02-03,46,44,2,2,0.9565217391304348,0.08333333333333333
2016-02-04,46,43,3,3,0.9347826086956522,0.12244897959183673
2016-02-05,46,40,6,6,0.8695652173913043,0.23076923076923078
2016-02-08,46,42,4,4,0.9130434782608695,0.16
2016-02-09,46,44,2,2,0.9565217391304348,0.08333333333333333
2016-02-10,46,43,3,3,0.9347826086956522,0.12244897959183673
2016-02-11,46,44,2,2,0.9565217391304348,0.08333333333333333
2016-02-12,46,40,6,6,0.8695652173913043,0.23076923076923078
2016-02-16,46,41,5,5,0.8913043478260869,0.19607843137254902
2016-02-17,46,42,4,4,0.9130434782608695,0.16
2016-02-18,46,41,5,5,0.8913043478260869,0.19607843137254902
2016-02-19,46,42,4,4,0.9130434782608695,0.16
2016-02-22,46,41,5,5,0.8913043478260869,0.19607843137254902
2016-02-23,46,41,5,5,0.8913043478260869,0.19607843137254902
2016-02-24,46,43,3,3,0.9347826086956522,0.12244897959183673
2016-02-25,46,42,4,4,0.9130434782608695,0.16
2016-02-26,46,44,2,2,0.9565217391304348,0.08333333333333333
2016-02-29,46,43,3,3,0.9347826086956522,0.12244897959183673
2016-03-01,46,42,4,4,0.9130434782608695,0.16
2016-03-02,46,43,3,3,0.9347826086956522,0.12244897959183673
2016-03-03,46,44,2,2,0.9565217391304348,0.08333333333333333
2016-03-04,46,44,2,2,0.9565217391304348,0.08333333333333333
2016-03-07,46,42,4,4,0.9130434782608695,0.16
2016-03-08,46,41,5,5,0.8913043478260869,0.19607843137254902
2016-03-09,46,41,5,5,0.8913043478260869,0.19607843137254902
2016-03-10,46,43,3,3,0.9347826086956522,0.12244897959183673
2016-03-11,46,44,2,2,0.9565217391304348,0.08333333333333333
2016-03-14,46,45,1,1,0.9782608695652174,0.0425531914893617
2016-03-15,46,43,3,3,0.9347826086956522,0.12244897959183673
2016-03-16,46,45,1,1,0.9782608695652174,0.0425531914893617
2016-03-17,46,41,5,5,0.8913043478260869,0.19607843137254902
2016-03-18,46,41,5,5,0.8913043478260869,0.19607843137254902
2016-03-21,46,43,3,3,0.9347826086956522,0.12244897959183673
2016-03-22,46,44,2,2,0.9565217391304348,0.08333333333333333
2016-03-23,46,45,1,1,0.9782608695652174,0.0425531914893617
2016-03-24,46,43,3,3,0.9347826086956522,0.12244897959183673
2016-03-28,46,40,6,6,0.8695652173913043,0.23076923076923078
2016-03-29,46,41,5,5,0.8913043478260869,0.19607843137254902
2016-03-30,46,43,3,3,0.9347826086956522,0.12244897959183673
2016-03-31,47,44,3,2,0.9565217391304348,0.10204081632653061
2016-04-01,47,46,1,1,0.9787234042553191,0.041666666666666664
2016-04-04,47,44,3,3,0.9361702127659575,0.12
2016-04-05,47,44,3,3,0.9361702127659575,0.12
2016-04-06,47,44,3,3,0.9361702127659575,0.12
2016-04-07,47,44,3,3,0.9361702127659575,0.12
2016-04-08,47,44,3,3,0.9361702127659575,0.12
2016-04-11,47,43,4,4,0.9148936170212766,0.1568627450980392
2016-04-12,47,44,3,3,0.9361702127659575,0.12
2016-04-13,47,45,2,2,0.9574468085106383,0.08163265306122448
2016-04-14,47,45,2,2,0.9574468085106383,0.08163265306122448
2016-04-15,47,44,3,3,0.9361702127659575,0.12
2016-04-18,47,44,3,3,0.9361702127659575,0.12
2016-04-19,47,42,5,5,0.8936170212765957,0.19230769230769232
2016-04-20,47,42,5,5,0.8936170212765957,0.19230769230769232
2016-04-21,47,44,3,3,0.9361702127659575,0.12
2016-04-22,47,41,6,6,0.8723404255319149,0.22641509433962265
2016-04-25,47,42,5,5,0.8936170212765957,0.19230769230769232
2016-04-26,47,43,4,4,0.9148936170212766,0.1568627450980392
2016-04-27,47,44,3,3,0.9361702127659575,0.12
2016-04-28,47,45,2,2,0.9574468085106383,0.08163265306122448
2016-04-29,47,44,3,3,0.9361702127659575,0.12
2016-05-02,47,46,1,1,0.9787234042553191,0.041666666666666664
2016-05-03,47,45,2,2,0.9574468085106383,0.08163265306122448
2016-05-04,47,45,2,2,0.9574468085106383,0.08163265306122448
2016-05-05,47,45,2,2,0.9574468085106383,0.08163265306122448
2016-05-06,47,42,5,5,0.8936170212765957,0.19230769230769232
2016-05-09,47,45,2,2,0.9574468085106383,0.08163265306122448
2016-05-10,47,44,3,3,0.9361702127659575,0.12
2016-05-11,47,44,3,3,0.9361702127659575,0.12
2016-05-12,47,43,4,4,0.9148936170212766,0.1568627450980392
2016-05-13,47,44,3,3,0.9361702127659575,0.12
2016-05-16,47,45,2,2,0.9574468085106383,0.08163265306122448
2016-05-17,47,45,2,2,0.9574468085106383,0.08163265306122448
2016-05-18,47,46,1,1,0.9787234042553191,0.041666666666666664
2016-05-19,47,41,6,6,0.8723404255319149,0.22641509433962265
2016-05-20,47,44,3,3,0.9361702127659575,0.12
2016-05-23,47,44,3,3,0.9361702127659575,0.12
2016-05-24,47,45,2,2,0.9574468085106383,0.08163265306122448
2016-05-25,47,42,5,5,0.8936170212765957,0.19230769230769232
2016-05-26,47,42,5,5,0.8936170212765957,0.19230769230769232
2016-05-27,47,41,6,6,0.8723404255319149,0.22641509433962265
2016-05-31,47,44,3,3,0.9361702127659575,0.12
2016-06-01,47,44,3,3,0.9361702127659575,0.12
2016-06-02,47,43,4,4,0.9148936170212766,0.1568627450980392
2016-06-03,47,44,3,3,0.9361702127659575,0.12
2016-06-06,47,44,3,3,0.9361702127659575,0.12
2016-06-07,47,41,6,6,0.8723404255319149,0.22641509433962265
2016-06-08,47,45,2,2,0.9574468085106383,0.08163265306122448
2016-06-09,47,45,2,2,0.9574468085106383,0.08163265306122448
2016-06-10,47,43,4,4,0.9148936170212766,0.1568627450980392
2016-06-13,47,43,4,4,0.9148936170212766,0.1568627450980392
2016-06-14,47,43,4,4,0.9148936170212766,0.1568627450980392
2016-06-15,47,45,2,2,0.9574468085106383,0.08163265306122448
2016-06-16,47,44,3,3,0.9361702127659575,0.12
2016-06-17,47,44,3,3,0.9361702127659575,0.12
2016-06-20,47,43,4,4,0.9148936170212766,0.1568627450980392
2016-06-21,47,45,2,2,0.9574468085106383,0.08163265306122448
2016-06-22,47,45,2,2,0.9574468085106383,0.08163265306122448
2016-06-23,47,44,3,3,0.9361702127659575,0.12
2016-06-24,47,46,1,1,0.9787234042553191,0.041666666666666664
2016-06-27,47,44,3,3,0.9361702127659575,0.12
2016-06-28,47,45,2,2,0.9574468085106383,0.08163265306122448
2016-06-29,47,46,1,1,0.9787234042553191,0.041666666666666664
2016-06-30,47,45,2,2,0.9574468085106383,0.08163265306122448
2016-07-01,47,45,2,2,0.9574468085106383,0.08163265306122448
2016-07-05,47,44,3,3,0.9361702127659575,0.12
2016-07-06,47,44,3,3,0.9361702127659575,0.12
2016-07-07,47,41,6,6,0.8723404255319149,0.22641509433962265
2016-07-08,47,45,2,2,0.9574468085106383,0.08163265306122448
2016-07-11,47,42,5,5,0.8936170212765957,0.19230769230769232
2016-07-12,47,41,6,6,0.8723404255319149,0.22641509433962265
2016-07-13,47,44,3,3,0.9361702127659575,0.12
2016-07-14,47,45,2,2,0.9574468085106383,0.08163265306122448
2016-07-15,47,43,4,4,0.9148936170212766,0.1568627450980392
2016-07-18,47,46,1,1,0.9787234042553191,0.041666666666666664
2016-07-19,47,44,3,3,0.9361702127659575,0.12
2016-07-20,47,43,4,4,0.9148936170212766,0.1568627450980392
2016-07-21,47,44,3,3,0.9361702127659575,0.12
2016-07-22,47,43,4,4,0.9148936170212766,0.1568627450980392
2016-07-25,47,42,5,5,0.8936170212765957,0.19230769230769232
2016-07-26,47,42,5,5,0.8936170212765957,0.19230769230769232
2016-07-27,47,40,7,7,0.851063829787234,0.25925925925925924
2016-07-28,47,44,3,3,0.9361702127659575,0.12
2016-07-29,47,45,2,2,0.9574468085106383,0.08163265306122448
2016-08-01,47,43,4,4,0.9148936170212766,0.1568627450980392
2016-08-02,47,44,3,3,0.9361702127659575,0.12
2016-08-03,47,44,3,3,0.9361702127659575,0.12
2016-08-04,47,46,1,1,0.9787234042553191,0.041666666666666664
2016-08-05,47,44,3,3,0.9361702127659575,0.12
2016-08-08,47,43,4,4,0.9148936170212766,0.1568627450980392
2016-08-09,47,42,5,5,0.8936170212765957,0.19230769230769232
2016-08-10,47,40,7,7,0.851063829787234,0.25925925925925924
2016-08-11,47,42,5,5,0.8936170212765957,0.19230769230769232
2016-08-12,47,44,3,3,0.9361702127659575,0.12
2016-08-15,47,44,3,3,0.9361702127659575,0.12
2016-08-16,47,44,3,3,0.9361702127659575,0.12
2016-08-17,47,44,3,3,0.9361702127659575,0.12
2016-08-18,47,42,5,5,0.8936170212765957,0.19230769230769232
2016-08-19,47,43,4,4,0.9148936170212766,0.1568627450980392
2016-08-22,47,44,3,3,0.9361702127659575,0.12
2016-08-23,47,42,5,5,0.8936170212765957,0.19230769230769232
2016-08-24,47,41,6,6,0.8723404255319149,0.22641509433962265
2016-08-25,47,42,5,5,0.8936170212765957,0.19230769230769232
2016-08-26,47,41,6,6,0.8723404255319149,0.22641509433962265
2016-08-29,47,42,5,5,0.8936170212765957,0.19230769230769232
2016-08-30,47,44,3,3,0.9361702127659575,0.12
2016-08-31,47,44,3,3,0.9361702127659575,0.12
2016-09-01,47,45,2,2,0.9574468085106383,0.08163265306122448
2016-09-02,47,46,1,1,0.9787234042553191,0.041666666666666664
2016-09-06,47,45,2,2,0.9574468085106383,0.08163265306122448
2016-09-07,47,43,4,4,0.9148936170212766,0.1568627450980392
2016-09-08,47,45,2,2,0.9574468085106383,0.08163265306122448
2016-09-09,47,43,4,4,0.9148936170212766,0.1568627450980392
2016-09-12,47,43,4,4,0.9148936170212766,0.1568627450980392
2016-09-13,47,46,1,1,0.9787234042553191,0.041666666666666664
2016-09-14,47,45,2,2,0.9574468085106383,0.08163265306122448
2016-09-15,47,46,1,1,0.9787234042553191,0.041666666666666664
2016-09-16,47,45,2,2,0.9574468085106383,0.08163265306122448
2016-09-19,47,44,3,3,0.9361702127659575,0.12
2016-09-20,47,44,3,3,0.9361702127659575,0.12
2016-09-21,47,43,4,4,0.9148936170212766,0.1568627450980392
2016-09-22,47,43,4,4,0.9148936170212766,0.1568627450980392
2016-09-23,47,45,2,2,0.9574468085106383,0.08163265306122448
2016-09-26,47,43,4,4,0.9148936170212766,0.1568627450980392
2016-09-27,47,43,4,4,0.9148936170212766,0.1568627450980392
2016-09-28,47,44,3,3,0.9361702127659575,0.12
2016-09-29,47,43,4,4,0.9148936170212766,0.1568627450980392
2016-09-30,47,43,4,4,0.9148936170212766,0.1568627450980392
2016-10-03,47,44,3,3,0.9361702127659575,0.12
2016-10-04,47,44,3,3,0.9361702127659575,0.12
2016-10-05,47,44,3,3,0.9361702127659575,0.12
2016-10-06,47,45,2,2,0.9574468085106383,0.08163265306122448
2016-10-07,47,44,3,3,0.9361702127659575,0.12
2016-10-10,47,43,4,4,0.9148936170212766,0.1568627450980392
2016-10-11,47,44,3,3,0.9361702127659575,0.12
2016-10-12,47,44,3,3,0.9361702127659575,0.12
2016-10-13,47,44,3,3,0.9361702127659575,0.12
2016-10-14,47,44,3,3,0.9361702127659575,0.12
2016-10-17,47,46,1,1,0.9787234042553191,0.041666666666666664
2016-10-18,47,45,2,2,0.9574468085106383,0.08163265306122448
2016-10-19,47,45,2,2,0.9574468085106383,0.08163265306122448
2016-10-20,47,43,4,4,0.9148936170212766,0.1568627450980392
2016-10-21,47,42,5,5,0.8936170212765957,0.19230769230769232
2016-10-24,47,41,6,6,0.8723404255319149,0.22641509433962265
2016-10-25,47,44,3,3,0.9361702127659575,0.12
2016-10-26,47,44,3,3,0.9361702127659575,0.12
2016-10-27,47,44,3,3,0.9361702127659575,0.12
2016-10-28,47,44,3,3,0.9361702127659575,0.12
2016-10-31,47,42,5,5,0.8936170212765957,0.19230769230769232
2016-11-01,47,45,2,2,0.9574468085106383,0.08163265306122448
2016-11-02,47,45,2,2,0.9574468085106383,0.08163265306122448
2016-11-03,47,44,3,3,0.9361702127659575,0.12
2016-11-04,47,43,4,4,0.9148936170212766,0.1568627450980392
2016-11-07,47,41,6,6,0.8723404255319149,0.22641509433962265
2016-11-08,47,41,6,6,0.8723404255319149,0.22641509433962265
2016-11-09,47,44,3,3,0.9361702127659575,0.12
2016-11-10,47,44,3,3,0.9361702127659575,0.12
2016-11-11,47,43,4,4,0.9148936170212766,0.1568627450980392
2016-11-14,47,42,5,5,0.8936170212765957,0.19230769230769232
2016-11-15,47,44,3,3,0.9361702127659575,0.12
2016-11-16,47,45,2,2,0.9574468085106383,0.08163265306122448
2016-11-17,47,44,3,3,0.9361702127659575,0.12
2016-11-18,47,43,4,4,0.9148936170212766,0.1568627450980392
2016-11-21,47,44,3,3,0.9361702127659575,0.12
2016-11-22,47,43,4,4,0.9148936170212766,0.1568627450980392
2016-11-23,47,43,4,4,0.9148936170212766,0.1568627450980392
2016-11-25,47,41,6,6,0.8723404255319149,0.22641509433962265
2016-11-28,47,43,4,4,0.9148936170212766,0.1568627450980392
2016-11-29,47,44,3,3,0.9361702127659575,0.12
2016-11-30,47,45,2,2,0.9574468085106383,0.08163265306122448
2016-12-01,47,44,3,3,0.9361702127659575,0.12
2016-12-02,47,44,3,3,0.9361702127659575,0.12
2016-12-05,47,43,4,4,0.9148936170212766,0.1568627450980392
2016-12-06,47,44,3,3,0.9361702127659575,0.12
2016-12-07,47,44,3,3,0.9361702127659575,0.12
2016-12-08,47,42,5,5,0.8936170212765957,0.19230769230769232
2016-12-09,47,42,5,5,0.8936170212765957,0.19230769230769232
2016-12-12,47,42,5,5,0.8936170212765957,0.19230769230769232
2016-12-13,47,43,4,4,0.9148936170212766,0.1568627450980392
2016-12-14,47,43,4,4,0.9148936170212766,0.1568627450980392
2016-12-15,47,41,6,6,0.8723404255319149,0.22641509433962265
2016-12-16,47,45,2,2,0.9574468085106383,0.08163265306122448
2016-12-19,47,42,5,5,0.8936170212765957,0.19230769230769232
2016-12-20,47,44,3,3,0.9361702127659575,0.12
2016-12-21,47,43,4,4,0.9148936170212766,0.1568627450980392
2016-12-22,47,42,5,5,0.8936170212765957,0.19230769230769232
2016-12-23,47,44,3,3,0.9361702127659575,0.12
2016-12-27,47,45,2,2,0.9574468085106383,0.08163265306122448
2016-12-28,47,45,2,2,0.9574468085106383,0.08163265306122448
2016-12-29,47,45,2,2,0.9574468085106383,0.08163265306122448
2016-12-30,47,43,4,4,0.9148936170212766,0.1568627450980392
2017-01-03,47,44,3,3,0.9361702127659575,0.12
2017-01-04,47,45,2,2,0.9574468085106383,0.08163265306122448
2017-01-05,47,42,5,5,0.8936170212765957,0.19230769230769232
2017-01-06,47,43,4,4,0.9148936170212766,0.1568627450980392
2017-01-09,47,44,3,3,0.9361702127659575,0.12
2017-01-10,47,44,3,3,0.9361702127659575,0.12
2017-01-11,47,43,4,4,0.9148936170212766,0.1568627450980392
2017-01-12,47,45,2,2,0.9574468085106383,0.08163265306122448
2017-01-13,47,43,4,4,0.9148936170212766,0.1568627450980392
2017-01-17,47,43,4,4,0.9148936170212766,0.1568627450980392
2017-01-18,47,44,3,3,0.9361702127659575,0.12
2017-01-19,47,44,3,3,0.9361702127659575,0.12
2017-01-20,47,45,2,2,0.9574468085106383,0.08163265306122448
2017-01-23,47,44,3,3,0.9361702127659575,0.12
2017-01-24,47,42,5,5,0.8936170212765957,0.19230769230769232
2017-01-25,47,42,5,5,0.8936170212765957,0.19230769230769232
2017-01-26,47,43,4,4,0.9148936170212766,0.1568627450980392
2017-01-27,47,42,5,5,0.8936170212765957,0.19230769230769232
2017-01-30,47,43,4,4,0.9148936170212766,0.1568627450980392
2017-01-31,47,43,4,4,0.9148936170212766,0.1568627450980392
2017-02-01,47,45,2,2,0.9574468085106383,0.08163265306122448
2017-02-02,47,42,5,5,0.8936170212765957,0.19230769230769232
2017-02-03,47,44,3,3,0.9361702127659575,0.12
2017-02-06,47,41,6,6,0.8723404255319149,0.22641509433962265
2017-02-07,47,42,5,5,0.8936170212765957,0.19230769230769232
2017-02-08,47,44,3,3,0.9361702127659575,0.12
2017-02-09,47,43,4,4,0.9148936170212766,0.1568627450980392
2017-02-10,47,41,6,6,0.8723404255319149,0.22641509433962265
2017-02-13,47,44,3,3,0.9361702127659575,0.12
2017-02-14,47,44,3,3,0.9361702127659575,0.12
2017-02-15,47,45,2,2,0.9574468085106383,0.08163265306122448
2017-02-16,47,45,2,2,0.9574468085106383,0.08163265306122448
2017-02-17,47,44,3,3,0.9361702127659575,0.12
2017-02-21,47,46,1,1,0.9787234042553191,0.041666666666666664
2017-02-22,47,46,1,1,0.9787234042553191,0.041666666666666664
2017-02-23,47,45,2,2,0.9574468085106383,0.08163265306122448
2017-02-24,47,44,3,3,0.9361702127659575,0.12
2017-02-27,47,42,5,5,0.8936170212765957,0.19230769230769232
2017-02-28,47,43,4,4,0.9148936170212766,0.1568627450980392
2017-03-01,47,44,3,3,0.9361702127659575,0.12
2017-03-02,47,44,3,3,0.9361702127659575,0.12
2017-03-03,47,45,2,2,0.9574468085106383,0.08163265306122448
2017-03-06,47,44,3,3,0.9361702127659575,0.12
2017-03-07,47,44,3,3,0.9361702127659575,0.12
2017-03-08,47,46,1,1,0.9787234042553191,0.041666666666666664
2017-03-09,47,45,2,2,0.9574468085106383,0.08163265306122448
2017-03-10,47,44,3,3,0.9361702127659575,0.12
2017-03-13,47,44,3,3,0.9361702127659575,0.12
2017-03-14,47,45,2,2,0.9574468085106383,0.08163265306122448
2017-03-15,47,45,2,2,0.9574468085106383,0.08163265306122448
2017-03-16,47,44,3,3,0.9361702127659575,0.12
2017-03-17,47,45,2,2,0.9574468085106383,0.08163265306122448
2017-03-20,47,43,4,4,0.9148936170212766,0.1568627450980392
2017-03-21,47,46,1,1,0.9787234042553191,0.041666666666666664
2017-03-22,47,44,3,3,0.9361702127659575,0.12
2017-03-23,47,44,3,3,0.9361702127659575,0.12
2017-03-24,47,46,1,1,0.9787234042553191,0.041666666666666664
2017-03-27,47,46,1,1,0.9787234042553191,0.041666666666666664
2017-03-28,47,45,2,2,0.9574468085106383,0.08163265306122448
2017-03-29,47,46,1,1,0.9787234042553191,0.041666666666666664
2017-03-30,47,46,1,1,0.9787234042553191,0.041666666666666664
2017-03-31,47,45,2,2,0.9574468085106383,0.08163265306122448
2017-04-03,47,46,1,1,0.9787234042553191,0.041666666666666664
2017-04-04,47,45,2,2,0.9574468085106383,0.08163265306122448
2017-04-05,47,45,2,2,0.9574468085106383,0.08163265306122448
2017-04-06,47,44,3,3,0.9361702127659575,0.12
2017-04-07,47,46,1,1,0.9787234042553191,0.041666666666666664
2017-04-10,47,45,2,2,0.9574468085106383,0.08163265306122448
2017-04-11,47,45,2,2,0.9574468085106383,0.08163265306122448
2017-04-12,47,45,2,2,0.9574468085106383,0.08163265306122448
2017-04-13,47,41,6,6,0.8723404255319149,0.22641509433962265
2017-04-17,47,44,3,3,0.9361702127659575,0.12
2017-04-18,47,44,3,3,0.9361702127659575,0.12
2017-04-19,47,45,2,2,0.9574468085106383,0.08163265306122448
2017-04-20,47,44,3,3,0.9361702127659575,0.12
2017-04-21,47,44,3,3,0.9361702127659575,0.12
2017-04-24,47,46,1,1,0.9787234042553191,0.041666666666666664
2017-04-25,47,45,2,2,0.9574468085106383,0.08163265306122448
2017-04-26,47,44,3,3,0.9361702127659575,0.12
2017-04-27,47,45,2,2,0.9574468085106383,0.08163265306122448
2017-04-28,47,45,2,2,0.9574468085106383,0.08163265306122448
2017-05-01,47,45,2,2,0.9574468085106383,0.08163265306122448
2017-05-02,47,45,2,2,0.9574468085106383,0.08163265306122448
2017-05-03,47,46,1,1,0.9787234042553191,0.041666666666666664
2017-05-04,47,45,2,2,0.9574468085106383,0.08163265306122448
2017-05-05,47,46,1,1,0.9787234042553191,0.041666666666666664
2017-05-08,47,46,1,1,0.9787234042553191,0.041666666666666664
2017-05-09,47,44,3,3,0.9361702127659575,0.12
2017-05-10,47,45,2,2,0.9574468085106383,0.08163265306122448
2017-05-11,47,45,2,2,0.9574468085106383,0.08163265306122448
2017-05-12,47,45,2,2,0.9574468085106383,0.08163265306122448
2017-05-15,47,46,1,1,0.9787234042553191,0.041666666666666664
2017-05-16,47,45,2,2,0.9574468085106383,0.08163265306122448
2017-05-17,47,44,3,3,0.9361702127659575,0.12
2017-05-18,47,45,2,2,0.9574468085106383,0.08163265306122448
2017-05-19,47,45,2,2,0.9574468085106383,0.08163265306122448
2017-05-22,47,45,2,2,0.9574468085106383,0.08163265306122448
2017-05-23,47,46,1,1,0.9787234042553191,0.041666666666666664
2017-05-24,47,45,2,2,0.9574468085106383,0.08163265306122448
2017-05-25,47,43,4,4,0.9148936170212766,0.1568627450980392
2017-05-26,47,43,4,4,0.9148936170212766,0.1568627450980392
2017-05-30,47,43,4,4,0.9148936170212766,0.1568627450980392
2017-05-31,47,44,3,3,0.9361702127659575,0.12
2017-06-01,47,45,2,2,0.9574468085106383,0.08163265306122448
2017-06-02,47,46,1,1,0.9787234042553191,0.041666666666666664
2017-06-05,47,44,3,3,0.9361702127659575,0.12
2017-06-06,47,43,4,4,0.9148936170212766,0.1568627450980392
2017-06-07,47,45,2,2,0.9574468085106383,0.08163265306122448
2017-06-08,47,45,2,2,0.9574468085106383,0.08163265306122448
2017-06-09,47,46,1,1,0.9787234042553191,0.041666666666666664
2017-06-12,47,46,1,1,0.9787234042553191,0.041666666666666664
2017-06-13,47,45,2,2,0.9574468085106383,0.08163265306122448
2017-06-14,47,45,2,2,0.9574468085106383,0.08163265306122448
2017-06-15,47,46,1,1,0.9787234042553191,0.041666666666666664
2017-06-16,47,44,3,3,0.9361702127659575,0.12
2017-06-19,47,44,3,3,0.9361702127659575,0.12
2017-06-20,47,45,2,2,0.9574468085106383,0.08163265306122448
2017-06-21,47,47,0,0,1.0,0.0
2017-06-22,47,45,2,2,0.9574468085106383,0.08163265306122448
2017-06-23,47,46,1,1,0.9787234042553191,0.041666666666666664
2017-06-26,47,44,3,3,0.9361702127659575,0.12
2017-06-27,47,45,2,2,0.9574468085106383,0.08163265306122448
2017-06-28,47,43,4,4,0.9148936170212766,0.1568627450980392
2017-06-29,47,45,2,2,0.9574468085106383,0.08163265306122448
2017-06-30,47,46,1,1,0.9787234042553191,0.041666666666666664
2017-07-03,47,46,1,1,0.9787234042553191,0.041666666666666664
2017-07-05,47,44,3,3,0.9361702127659575,0.12
2017-07-06,47,44,3,3,0.9361702127659575,0.12
2017-07-07,47,47,0,0,1.0,0.0
2017-07-10,47,46,1,1,0.9787234042553191,0.041666666666666664
2017-07-11,47,43,4,4,0.9148936170212766,0.1568627450980392
2017-07-12,47,45,2,2,0.9574468085106383,0.08163265306122448
2017-07-13,47,46,1,1,0.9787234042553191,0.041666666666666664
2017-07-14,47,46,1,1,0.9787234042553191,0.041666666666666664
2017-07-17,47,43,4,4,0.9148936170212766,0.1568627450980392
2017-07-18,47,45,2,2,0.9574468085106383,0.08163265306122448
2017-07-19,47,43,4,4,0.9148936170212766,0.1568627450980392
2017-07-20,47,44,3,3,0.9361702127659575,0.12
2017-07-21,47,43,4,4,0.9148936170212766,0.1568627450980392
2017-07-24,47,43,4,4,0.9148936170212766,0.1568627450980392
2017-07-25,47,46,1,1,0.9787234042553191,0.041666666666666664
2017-07-26,47,45,2,2,0.9574468085106383,0.08163265306122448
2017-07-27,47,41,6,6,0.8723404255319149,0.22641509433962265
2017-07-28,47,46,1,1,0.9787234042553191,0.041666666666666664
2017-07-31,47,44,3,3,0.9361702127659575,0.12
2017-08-01,47,45,2,2,0.9574468085106383,0.08163265306122448
2017-08-02,47,45,2,2,0.9574468085106383,0.08163265306122448
2017-08-03,47,44,3,3,0.9361702127659575,0.12
2017-08-04,47,44,3,3,0.9361702127659575,0.12
2017-08-07,47,43,4,4,0.9148936170212766,0.1568627450980392
2017-08-08,47,47,0,0,1.0,0.0
2017-08-09,47,45,2,2,0.9574468085106383,0.08163265306122448
2017-08-10,47,44,3,3,0.9361702127659575,0.12
2017-08-11,47,44,3,3,0.9361702127659575,0.12
2017-08-14,47,43,4,4,0.9148936170212766,0.1568627450980392
2017-08-15,47,44,3,3,0.9361702127659575,0.12
2017-08-16,47,43,4,4,0.9148936170212766,0.1568627450980392
2017-08-17,47,43,4,4,0.9148936170212766,0.1568627450980392
2017-08-18,47,44,3,3,0.9361702127659575,0.12
2017-08-21,47,42,5,5,0.8936170212765957,0.19230769230769232
2017-08-22,47,43,4,4,0.9148936170212766,0.1568627450980392
2017-08-23,47,43,4,4,0.9148936170212766,0.1568627450980392
2017-08-24,47,45,2,2,0.9574468085106383,0.08163265306122448
2017-08-25,47,45,2,2,0.9574468085106383,0.08163265306122448
2017-08-28,47,43,4,4,0.9148936170212766,0.1568627450980392
2017-08-29,47,46,1,1,0.9787234042553191,0.041666666666666664
2017-08-30,47,45,2,2,0.9574468085106383,0.08163265306122448
2017-08-31,47,45,2,2,0.9574468085106383,0.08163265306122448
2017-09-01,47,42,5,5,0.8936170212765957,0.19230769230769232
2017-09-05,47,44,3,3,0.9361702127659575,0.12
2017-09-06,47,44,3,3,0.9361702127659575,0.12
2017-09-07,47,44,3,3,0.9361702127659575,0.12
2017-09-08,47,46,1,1,0.9787234042553191,0.041666666666666664
2017-09-11,47,43,4,4,0.9148936170212766,0.1568627450980392
2017-09-12,47,44,3,3,0.9361702127659575,0.12
2017-09-13,47,43,4,4,0.9148936170212766,0.1568627450980392
2017-09-14,47,43,4,4,0.9148936170212766,0.1568627450980392
2017-09-15,47,45,2,2,0.9574468085106383,0.08163265306122448
2017-09-18,47,44,3,3,0.9361702127659575,0.12
2017-09-19,47,44,3,3,0.9361702127659575,0.12
2017-09-20,47,43,4,4,0.9148936170212766,0.1568627450980392
2017-09-21,47,43,4,4,0.9148936170212766,0.1568627450980392
2017-09-22,47,44,3,3,0.9361702127659575,0.12
2017-09-25,47,45,2,2,0.9574468085106383,0.08163265306122448
2017-09-26,47,44,3,3,0.9361702127659575,0.12
2017-09-27,47,45,2,2,0.9574468085106383,0.08163265306122448
2017-09-28,47,46,1,1,0.9787234042553191,0.041666666666666664
2017-09-29,47,44,3,3,0.9361702127659575,0.12
2017-10-02,47,42,5,5,0.8936170212765957,0.19230769230769232
2017-10-03,47,43,4,4,0.9148936170212766,0.1568627450980392
2017-10-04,47,43,4,4,0.9148936170212766,0.1568627450980392
2017-10-05,47,45,2,2,0.9574468085106383,0.08163265306122448
2017-10-06,47,41,6,6,0.8723404255319149,0.22641509433962265
2017-10-09,47,44,3,3,0.9361702127659575,0.12
2017-10-10,47,41,6,6,0.8723404255319149,0.22641509433962265
2017-10-11,47,44,3,3,0.9361702127659575,0.12
2017-10-12,47,43,4,4,0.9148936170212766,0.1568627450980392
2017-10-13,47,43,4,4,0.9148936170212766,0.1568627450980392
2017-10-16,47,44,3,3,0.9361702127659575,0.12
2017-10-17,47,43,4,4,0.9148936170212766,0.1568627450980392
2017-10-18,47,44,3,3,0.9361702127659575,0.12
2017-10-19,47,44,3,3,0.9361702127659575,0.12
2017-10-20,47,45,2,2,0.9574468085106383,0.08163265306122448
2017-10-23,47,42,5,5,0.8936170212765957,0.19230769230769232
2017-10-24,47,43,4,4,0.9148936170212766,0.1568627450980392
2017-10-25,47,45,2,2,0.9574468085106383,0.08163265306122448
2017-10-26,47,45,2,2,0.9574468085106383,0.08163265306122448
2017-10-27,47,42,5,5,0.8936170212765957,0.19230769230769232
2017-10-30,47,45,2,2,0.9574468085106383,0.08163265306122448
2017-10-31,47,44,3,3,0.9361702127659575,0.12
2017-11-01,48,44,4,3,0.9361702127659575,0.13725490196078433
2017-11-02,48,43,5,5,0.8958333333333334,0.18867924528301888
2017-11-03,48,42,6,6,0.875,0.2222222222222222
2017-11-06,48,43,5,5,0.8958333333333334,0.18867924528301888
2017-11-07,48,45,3,3,0.9375,0.11764705882352941
2017-11-08,48,44,4,4,0.9166666666666666,0.15384615384615385
2017-11-09,48,40,8,8,0.8333333333333334,0.2857142857142857
2017-11-10,48,42,6,6,0.875,0.2222222222222222
2017-11-13,48,45,3,3,0.9375,0.11764705882352941
2017-11-14,48,43,5,5,0.8958333333333334,0.18867924528301888
2017-11-15,48,46,2,2,0.9583333333333334,0.08
2017-11-16,48,45,3,3,0.9375,0.11764705882352941
2017-11-17,48,45,3,3,0.9375,0.11764705882352941
2017-11-20,48,45,3,3,0.9375,0.11764705882352941
2017-11-21,48,46,2,2,0.9583333333333334,0.08
2017-11-22,48,46,2,2,0.9583333333333334,0.08
2017-11-24,48,45,3,3,0.9375,0.11764705882352941
2017-11-27,48,46,2,2,0.9583333333333334,0.08
2017-11-28,48,44,4,4,0.9166666666666666,0.15384615384615385
2017-11-29,48,44,4,4,0.9166666666666666,0.15384615384615385
2017-11-30,48,46,2,2,0.9583333333333334,0.08
2017-12-01,48,43,5,5,0.8958333333333334,0.18867924528301888
2017-12-04,48,46,2,2,0.9583333333333334,0.08
2017-12-05,48,45,3,3,0.9375,0.11764705882352941
2017-12-06,48,44,4,4,0.9166666666666666,0.15384615384615385
2017-12-07,48,46,2,2,0.9583333333333334,0.08
2017-12-08,48,46,2,2,0.9583333333333334,0.08
2017-12-11,48,47,1,1,0.9791666666666666,0.04081632653061224
2017-12-12,48,46,2,2,0.9583333333333334,0.08
2017-12-13,48,46,2,2,0.9583333333333334,0.08
2017-12-14,48,44,4,4,0.9166666666666666,0.15384615384615385
2017-12-15,48,45,3,3,0.9375,0.11764705882352941
2017-12-18,48,45,3,3,0.9375,0.11764705882352941
2017-12-19,48,47,1,1,0.9791666666666666,0.04081632653061224
2017-12-20,48,45,3,3,0.9375,0.11764705882352941
2017-12-21,48,47,1,1,0.9791666666666666,0.04081632653061224
2017-12-22,48,46,2,2,0.9583333333333334,0.08
2017-12-26,48,46,2,2,0.9583333333333334,0.08
2017-12-27,48,46,2,2,0.9583333333333334,0.08
2017-12-28,48,46,2,2,0.9583333333333334,0.08
2017-12-29,48,43,5,5,0.8958333333333334,0.18867924528301888
2018-01-02,48,45,3,3,0.9375,0.11764705882352941
2018-01-03,48,45,3,3,0.9375,0.11764705882352941
2018-01-04,48,45,3,3,0.9375,0.11764705882352941
2018-01-05,48,48,0,0,1.0,0.0
2018-01-08,48,47,1,1,0.9791666666666666,0.04081632653061224
2018-01-09,48,46,2,2,0.9583333333333334,0.08
2018-01-10,48,46,2,2,0.9583333333333334,0.08
2018-01-11,48,46,2,2,0.9583333333333334,0.08
2018-01-12,48,46,2,2,0.9583333333333334,0.08
2018-01-16,48,46,2,2,0.9583333333333334,0.08
2018-01-17,48,45,3,3,0.9375,0.11764705882352941
2018-01-18,48,46,2,2,0.9583333333333334,0.08
2018-01-19,48,46,2,2,0.9583333333333334,0.08
2018-01-22,48,48,0,0,1.0,0.0
2018-01-23,48,45,3,3,0.9375,0.11764705882352941
2018-01-24,48,47,1,1,0.9791666666666666,0.04081632653061224
2018-01-25,48,47,1,1,0.9791666666666666,0.04081632653061224
2018-01-26,48,46,2,2,0.9583333333333334,0.08
2018-01-29,48,46,2,2,0.9583333333333334,0.08
2018-01-30,48,45,3,3,0.9375,0.11764705882352941
2018-01-31,48,47,1,1,0.9791666666666666,0.04081632653061224
2018-02-01,48,46,2,2,0.9583333333333334,0.08
2018-02-02,48,43,5,5,0.8958333333333334,0.18867924528301888
2018-02-05,48,46,2,2,0.9583333333333334,0.08
2018-02-06,48,46,2,2,0.9583333333333334,0.08
2018-02-07,48,46,2,2,0.9583333333333334,0.08
2018-02-08,48,45,3,3,0.9375,0.11764705882352941
2018-02-09,48,47,1,1,0.9791666666666666,0.04081632653061224
2018-02-12,48,47,1,1,0.9791666666666666,0.04081632653061224
2018-02-13,48,45,3,3,0.9375,0.11764705882352941
2018-02-14,48,46,2,2,0.9583333333333334,0.08
2018-02-15,48,45,3,3,0.9375,0.11764705882352941
2018-02-16,48,46,2,2,0.9583333333333334,0.08
2018-02-20,48,45,3,3,0.9375,0.11764705882352941
2018-02-21,48,44,4,4,0.9166666666666666,0.15384615384615385
2018-02-22,48,46,2,2,0.9583333333333334,0.08
2018-02-23,48,46,2,2,0.9583333333333334,0.08
2018-02-26,48,46,2,2,0.9583333333333334,0.08
2018-02-27,48,46,2,2,0.9583333333333334,0.08
2018-02-28,48,44,4,4,0.9166666666666666,0.15384615384615385
2018-03-01,48,44,4,4,0.9166666666666666,0.15384615384615385
2018-03-02,48,44,4,4,0.9166666666666666,0.15384615384615385
2018-03-05,48,44,4,4,0.9166666666666666,0.15384615384615385
2018-03-06,48,45,3,3,0.9375,0.11764705882352941
2018-03-07,48,47,1,1,0.9791666666666666,0.04081632653061224
2018-03-08,48,46,2,2,0.9583333333333334,0.08
2018-03-09,48,46,2,2,0.9583333333333334,0.08
2018-03-12,48,44,4,4,0.9166666666666666,0.15384615384615385
2018-03-13,48,45,3,3,0.9375,0.11764705882352941
2018-03-14,48,46,2,2,0.9583333333333334,0.08
2018-03-15,48,44,4,4,0.9166666666666666,0.15384615384615385
2018-03-16,48,45,3,3,0.9375,0.11764705882352941
2018-03-19,48,46,2,2,0.9583333333333334,0.08
2018-03-20,48,45,3,3,0.9375,0.11764705882352941
2018-03-21,48,44,4,4,0.9166666666666666,0.15384615384615385
2018-03-22,48,46,2,2,0.9583333333333334,0.08
2018-03-23,48,45,3,3,0.9375,0.11764705882352941
2018-03-26,48,46,2,2,0.9583333333333334,0.08
2018-03-27,48,45,3,3,0.9375,0.11764705882352941
2018-03-28,48,41,7,7,0.8541666666666666,0.2545454545454545
2018-03-29,48,45,3,3,0.9375,0.11764705882352941
2018-04-02,48,44,4,4,0.9166666666666666,0.15384615384615385
2018-04-03,48,45,3,3,0.9375,0.11764705882352941
2018-04-04,48,45,3,3,0.9375,0.11764705882352941
2018-04-05,48,46,2,2,0.9583333333333334,0.08
2018-04-06,48,45,3,3,0.9375,0.11764705882352941
2018-04-09,48,45,3,3,0.9375,0.11764705882352941
2018-04-10,48,46,2,2,0.9583333333333334,0.08
2018-04-11,48,46,2,2,0.9583333333333334,0.08
2018-04-12,48,46,2,2,0.9583333333333334,0.08
2018-04-13,48,46,2,2,0.9583333333333334,0.08
2018-04-16,48,47,1,1,0.9791666666666666,0.04081632653061224
2018-04-17,48,46,2,2,0.9583333333333334,0.08
2018-04-18,48,47,1,1,0.9791666666666666,0.04081632653061224
2018-04-19,48,45,3,3,0.9375,0.11764705882352941
2018-04-20,48,46,2,2,0.9583333333333334,0.08
2018-04-23,48,46,2,2,0.9583333333333334,0.08
2018-04-24,48,46,2,2,0.9583333333333334,0.08
2018-04-25,48,45,3,3,0.9375,0.11764705882352941
2018-04-26,48,43,5,5,0.8958333333333334,0.18867924528301888
2018-04-27,48,42,6,6,0.875,0.2222222222222222
2018-04-30,48,44,4,4,0.9166666666666666,0.15384615384615385
2018-05-01,48,45,3,3,0.9375,0.11764705882352941
2018-05-02,48,47,1,1,0.9791666666666666,0.04081632653061224
2018-05-03,48,45,3,3,0.9375,0.11764705882352941
2018-05-04,48,43,5,5,0.8958333333333334,0.18867924528301888
2018-05-07,48,47,1,1,0.9791666666666666,0.04081632653061224
2018-05-08,48,46,2,2,0.9583333333333334,0.08
2018-05-09,48,46,2,2,0.9583333333333334,0.08
2018-05-10,48,45,3,3,0.9375,0.11764705882352941
2018-05-11,48,45,3,3,0.9375,0.11764705882352941
2018-05-14,48,46,2,2,0.9583333333333334,0.08
2018-05-15,48,47,1,1,0.9791666666666666,0.04081632653061224
2018-05-16,48,47,1,1,0.9791666666666666,0.04081632653061224
2018-05-17,48,46,2,2,0.9583333333333334,0.08
2018-05-18,48,46,2,2,0.9583333333333334,0.08
2018-05-21,48,47,1,1,0.9791666666666666,0.04081632653061224
2018-05-22,48,47,1,1,0.9791666666666666,0.04081632653061224
2018-05-23,48,44,4,4,0.9166666666666666,0.15384615384615385
2018-05-24,48,44,4,4,0.9166666666666666,0.15384615384615385
2018-05-25,48,43,5,5,0.8958333333333334,0.18867924528301888
2018-05-29,48,44,4,4,0.9166666666666666,0.15384615384615385
2018-05-30,48,46,2,2,0.9583333333333334,0.08
2018-05-31,48,45,3,3,0.9375,0.11764705882352941
2018-06-01,48,45,3,3,0.9375,0.11764705882352941
2018-06-04,48,45,3,3,0.9375,0.11764705882352941
2018-06-05,48,46,2,2,0.9583333333333334,0.08
2018-06-06,48,47,1,1,0.9791666666666666,0.04081632653061224
2018-06-07,48,47,1,1,0.9791666666666666,0.04081632653061224
2018-06-08,48,45,3,3,0.9375,0.11764705882352941
2018-06-11,48,44,4,4,0.9166666666666666,0.15384615384615385
2018-06-12,48,46,2,2,0.9583333333333334,0.08
2018-06-13,48,45,3,3,0.9375,0.11764705882352941
2018-06-14,48,45,3,3,0.9375,0.11764705882352941
2018-06-15,48,45,3,3,0.9375,0.11764705882352941
2018-06-18,48,45,3,3,0.9375,0.11764705882352941
2018-06-19,48,46,2,2,0.9583333333333334,0.08
2018-06-20,48,46,2,2,0.9583333333333334,0.08
2018-06-21,48,43,5,5,0.8958333333333334,0.18867924528301888
2018-06-22,48,45,3,3,0.9375,0.11764705882352941
2018-06-25,48,47,1,1,0.9791666666666666,0.04081632653061224
2018-06-26,48,47,1,1,0.9791666666666666,0.04081632653061224
2018-06-27,48,46,2,2,0.9583333333333334,0.08
2018-06-28,48,45,3,3,0.9375,0.11764705882352941
2018-06-29,48,45,3,3,0.9375,0.11764705882352941
2018-07-02,48,45,3,3,0.9375,0.11764705882352941
2018-07-03,48,46,2,2,0.9583333333333334,0.08
2018-07-05,48,44,4,4,0.9166666666666666,0.15384615384615385
2018-07-06,48,45,3,3,0.9375,0.11764705882352941
2018-07-09,48,45,3,3,0.9375,0.11764705882352941
2018-07-10,48,45,3,3,0.9375,0.11764705882352941
2018-07-11,48,47,1,1,0.9791666666666666,0.04081632653061224
2018-07-12,48,46,2,2,0.9583333333333334,0.08
2018-07-13,48,45,3,3,0.9375,0.11764705882352941
2018-07-16,48,46,2,2,0.9583333333333334,0.08
2018-07-17,48,47,1,1,0.9791666666666666,0.04081632653061224
2018-07-18,48,47,1,1,0.9791666666666666,0.04081632653061224
2018-07-19,48,46,2,2,0.9583333333333334,0.08
2018-07-20,48,47,1,1,0.9791666666666666,0.04081632653061224
2018-07-23,48,46,2,2,0.9583333333333334,0.08
2018-07-24,48,46,2,2,0.9583333333333334,0.08
2018-07-25,48,46,2,2,0.9583333333333334,0.08
2018-07-26,48,46,2,2,0.9583333333333334,0.08
2018-07-27,48,44,4,4,0.9166666666666666,0.15384615384615385
2018-07-30,48,46,2,2,0.9583333333333334,0.08
2018-07-31,48,47,1,1,0.9791666666666666,0.04081632653061224
2018-08-01,48,46,2,2,0.9583333333333334,0.08
2018-08-02,48,45,3,3,0.9375,0.11764705882352941
2018-08-03,48,46,2,2,0.9583333333333334,0.08
2018-08-06,48,45,3,3,0.9375,0.11764705882352941
2018-08-07,48,45,3,3,0.9375,0.11764705882352941
2018-08-08,48,46,2,2,0.9583333333333334,0.08
2018-08-09,48,46,2,2,0.9583333333333334,0.08
2018-08-10,48,45,3,3,0.9375,0.11764705882352941
2018-08-13,48,46,2,2,0.9583333333333334,0.08
2018-08-14,48,46,2,2,0.9583333333333334,0.08
2018-08-15,48,46,2,2,0.9583333333333334,0.08
2018-08-16,48,46,2,2,0.9583333333333334,0.08
2018-08-17,48,46,2,2,0.9583333333333334,0.08
2018-08-20,48,46,2,2,0.9583333333333334,0.08
2018-08-21,48,46,2,2,0.9583333333333334,0.08
2018-08-22,48,45,3,3,0.9375,0.11764705882352941
2018-08-23,48,44,4,4,0.9166666666666666,0.15384615384615385
2018-08-24,48,45,3,3,0.9375,0.11764705882352941
2018-08-27,48,44,4,4,0.9166666666666666,0.15384615384615385
2018-08-28,48,43,5,5,0.8958333333333334,0.18867924528301888
2018-08-29,48,47,1,1,0.9791666666666666,0.04081632653061224
2018-08-30,48,44,4,4,0.9166666666666666,0.15384615384615385
2018-08-31,48,44,4,4,0.9166666666666666,0.15384615384615385
2018-09-04,48,45,3,3,0.9375,0.11764705882352941
2018-09-05,48,44,4,4,0.9166666666666666,0.15384615384615385
2018-09-06,48,45,3,3,0.9375,0.11764705882352941
2018-09-07,48,45,3,3,0.9375,0.11764705882352941
2018-09-10,48,46,2,2,0.9583333333333334,0.08
2018-09-11,48,47,1,1,0.9791666666666666,0.04081632653061224
2018-09-12,48,47,1,1,0.9791666666666666,0.04081632653061224
2018-09-13,48,46,2,2,0.9583333333333334,0.08
2018-09-14,48,46,2,2,0.9583333333333334,0.08
2018-09-17,48,44,4,4,0.9166666666666666,0.15384615384615385
2018-09-18,48,46,2,2,0.9583333333333334,0.08
2018-09-19,48,46,2,2,0.9583333333333334,0.08
2018-09-20,48,46,2,2,0.9583333333333334,0.08
2018-09-21,48,46,2,2,0.9583333333333334,0.08
2018-09-24,48,46,2,2,0.9583333333333334,0.08
2018-09-25,48,44,4,4,0.9166666666666666,0.15384615384615385
2018-09-26,48,46,2,2,0.9583333333333334,0.08
2018-09-27,48,45,3,3,0.9375,0.11764705882352941
2018-09-28,48,44,4,4,0.9166666666666666,0.15384615384615385
2018-10-01,48,45,3,3,0.9375,0.11764705882352941
2018-10-02,48,46,2,2,0.9583333333333334,0.08
2018-10-03,48,45,3,3,0.9375,0.11764705882352941
2018-10-04,48,46,2,2,0.9583333333333334,0.08
2018-10-05,48,47,1,1,0.9791666666666666,0.04081632653061224
2018-10-08,48,44,4,4,0.9166666666666666,0.15384615384615385
2018-10-09,48,45,3,3,0.9375,0.11764705882352941
2018-10-10,48,45,3,3,0.9375,0.11764705882352941
2018-10-11,48,46,2,2,0.9583333333333334,0.08
2018-10-12,48,43,5,5,0.8958333333333334,0.18867924528301888
2018-10-15,48,45,3,3,0.9375,0.11764705882352941
2018-10-16,48,45,3,3,0.9375,0.11764705882352941
2018-10-17,48,45,3,3,0.9375,0.11764705882352941
2018-10-18,48,45,3,3,0.9375,0.11764705882352941
2018-10-19,48,45,3,3,0.9375,0.11764705882352941
2018-10-22,48,46,2,2,0.9583333333333334,0.08
2018-10-23,48,45,3,3,0.9375,0.11764705882352941
2018-10-24,48,47,1,1,0.9791666666666666,0.04081632653061224
2018-10-25,48,44,4,4,0.9166666666666666,0.15384615384615385
2018-10-26,48,45,3,3,0.9375,0.11764705882352941
2018-10-29,48,45,3,3,0.9375,0.11764705882352941
2018-10-30,48,45,3,3,0.9375,0.11764705882352941
2018-10-31,48,44,4,4,0.9166666666666666,0.15384615384615385
2018-11-01,48,44,4,4,0.9166666666666666,0.15384615384615385
2018-11-02,48,41,7,7,0.8541666666666666,0.2545454545454545
2018-11-05,48,45,3,3,0.9375,0.11764705882352941
2018-11-06,48,43,5,5,0.8958333333333334,0.18867924528301888
2018-11-07,48,46,2,2,0.9583333333333334,0.08
2018-11-08,48,43,5,5,0.8958333333333334,0.18867924528301888
2018-11-09,48,44,4,4,0.9166666666666666,0.15384615384615385
2018-11-12,48,46,2,2,0.9583333333333334,0.08
2018-11-13,48,45,3,3,0.9375,0.11764705882352941
2018-11-14,48,47,1,1,0.9791666666666666,0.04081632653061224
2018-11-15,48,45,3,3,0.9375,0.11764705882352941
2018-11-16,48,45,3,3,0.9375,0.11764705882352941
2018-11-19,48,44,4,4,0.9166666666666666,0.15384615384615385
2018-11-20,48,46,2,2,0.9583333333333334,0.08
2018-11-21,48,42,6,6,0.875,0.2222222222222222
2018-11-23,48,42,6,6,0.875,0.2222222222222222
2018-11-26,48,45,3,3,0.9375,0.11764705882352941
2018-11-27,48,43,5,5,0.8958333333333334,0.18867924528301888
2018-11-28,48,43,5,5,0.8958333333333334,0.18867924528301888
2018-11-29,48,43,5,5,0.8958333333333334,0.18867924528301888
2018-11-30,48,42,6,6,0.875,0.2222222222222222
2018-12-03,48,41,7,7,0.8541666666666666,0.2545454545454545
2018-12-04,48,44,4,4,0.9166666666666666,0.15384615384615385
2018-12-06,48,46,2,2,0.9583333333333334,0.08
2018-12-07,48,47,1,1,0.9791666666666666,0.04081632653061224
2018-12-10,48,44,4,4,0.9166666666666666,0.15384615384615385
2018-12-11,48,44,4,4,0.9166666666666666,0.15384615384615385
2018-12-12,48,44,4,4,0.9166666666666666,0.15384615384615385
2018-12-13,48,45,3,3,0.9375,0.11764705882352941
2018-12-14,48,46,2,2,0.9583333333333334,0.08
2018-12-17,48,47,1,1,0.9791666666666666,0.04081632653061224
2018-12-18,48,45,3,3,0.9375,0.11764705882352941
2018-12-19,48,45,3,3,0.9375,0.11764705882352941
2018-12-20,48,45,3,3,0.9375,0.11764705882352941
2018-12-21,48,45,3,3,0.9375,0.11764705882352941
2018-12-24,48,45,3,3,0.9375,0.11764705882352941
2018-12-26,48,46,2,2,0.9583333333333334,0.08
2018-12-27,48,45,3,3,0.9375,0.11764705882352941
2018-12-28,48,46,2,2,0.9583333333333334,0.08
2018-12-31,48,44,4,4,0.9166666666666666,0.15384615384615385
2019-01-02,48,44,4,4,0.9166666666666666,0.15384615384615385
2019-01-03,48,44,4,4,0.9166666666666666,0.15384615384615385
2019-01-04,48,47,1,1,0.9791666666666666,0.04081632653061224
2019-01-07,48,46,2,2,0.9583333333333334,0.08
2019-01-08,48,43,5,5,0.8958333333333334,0.18867924528301888
2019-01-09,48,43,5,5,0.8958333333333334,0.18867924528301888
2019-01-10,48,43,5,5,0.8958333333333334,0.18867924528301888
2019-01-11,48,43,5,5,0.8958333333333334,0.18867924528301888
2019-01-14,48,45,3,3,0.9375,0.11764705882352941
2019-01-15,48,45,3,3,0.9375,0.11764705882352941
2019-01-16,48,45,3,3,0.9375,0.11764705882352941
2019-01-17,48,45,3,3,0.9375,0.11764705882352941
2019-01-18,48,46,2,2,0.9583333333333334,0.08
2019-01-22,48,45,3,3,0.9375,0.11764705882352941
2019-01-23,48,45,3,3,0.9375,0.11764705882352941
2019-01-24,48,44,4,4,0.9166666666666666,0.15384615384615385
2019-01-25,48,46,2,2,0.9583333333333334,0.08
2019-01-28,48,41,7,7,0.8541666666666666,0.2545454545454545
2019-01-29,48,46,2,2,0.9583333333333334,0.08
2019-01-30,48,46,2,2,0.9583333333333334,0.08
2019-01-31,48,43,5,5,0.8958333333333334,0.18867924528301888
2019-02-01,48,46,2,2,0.9583333333333334,0.08
2019-02-04,48,43,5,5,0.8958333333333334,0.18867924528301888
2019-02-05,48,42,6,6,0.875,0.2222222222222222
2019-02-06,48,45,3,3,0.9375,0.11764705882352941
2019-02-07,48,46,2,2,0.9583333333333334,0.08
2019-02-08,48,45,3,3,0.9375,0.11764705882352941
2019-02-11,48,41,7,7,0.8541666666666666,0.2545454545454545
2019-02-12,48,45,3,3,0.9375,0.11764705882352941
2019-02-13,48,43,5,5,0.8958333333333334,0.18867924528301888
2019-02-14,48,46,2,2,0.9583333333333334,0.08
2019-02-15,48,45,3,3,0.9375,0.11764705882352941
2019-02-19,48,46,2,2,0.9583333333333334,0.08
2019-02-20,48,44,4,4,0.9166666666666666,0.15384615384615385
2019-02-21,48,43,5,5,0.8958333333333334,0.18867924528301888
2019-02-22,48,47,1,1,0.9791666666666666,0.04081632653061224
2019-02-25,48,46,2,2,0.9583333333333334,0.08
2019-02-26,48,44,4,4,0.9166666666666666,0.15384615384615385
2019-02-27,48,44,4,4,0.9166666666666666,0.15384615384615385
2019-02-28,48,42,6,6,0.875,0.2222222222222222
2019-03-01,48,43,5,5,0.8958333333333334,0.18867924528301888
2019-03-04,48,46,2,2,0.9583333333333334,0.08
2019-03-05,48,46,2,2,0.9583333333333334,0.08
2019-03-06,48,44,4,4,0.9166666666666666,0.15384615384615385
2019-03-07,48,46,2,2,0.9583333333333334,0.08
2019-03-08,48,46,2,2,0.9583333333333334,0.08
2019-03-11,48,46,2,2,0.9583333333333334,0.08
2019-03-12,48,46,2,2,0.9583333333333334,0.08
2019-03-13,48,46,2,2,0.9583333333333334,0.08
2019-03-14,48,46,2,2,0.9583333333333334,0.08
2019-03-15,48,45,3,3,0.9375,0.11764705882352941
2019-03-18,48,43,5,5,0.8958333333333334,0.18867924528301888
2019-03-19,48,47,1,1,0.9791666666666666,0.04081632653061224
2019-03-20,48,44,4,4,0.9166666666666666,0.15384615384615385
2019-03-21,48,45,3,3,0.9375,0.11764705882352941
2019-03-22,48,46,2,2,0.9583333333333334,0.08
2019-03-25,48,44,4,4,0.9166666666666666,0.15384615384615385
2019-03-26,48,48,0,0,1.0,0.0
2019-03-27,48,47,1,1,0.9791666666666666,0.04081632653061224
2019-03-28,48,45,3,3,0.9375,0.11764705882352941
2019-03-29,48,45,3,3,0.9375,0.11764705882352941
2019-04-01,48,45,3,3,0.9375,0.11764705882352941
2019-04-02,48,45,3,3,0.9375,0.11764705882352941
2019-04-03,48,46,2,2,0.9583333333333334,0.08
2019-04-04,48,47,1,1,0.9791666666666666,0.04081632653061224
2019-04-05,48,46,2,2,0.9583333333333334,0.08
2019-04-08,48,47,1,1,0.9791666666666666,0.04081632653061224
2019-04-09,48,46,2,2,0.9583333333333334,0.08
2019-04-10,48,45,3,3,0.9375,0.11764705882352941
2019-04-11,48,46,2,2,0.9583333333333334,0.08
2019-04-12,48,46,2,2,0.9583333333333334,0.08
2019-04-15,48,46,2,2,0.9583333333333334,0.08
2019-04-16,48,45,3,3,0.9375,0.11764705882352941
2019-04-17,48,45,3,3,0.9375,0.11764705882352941
2019-04-18,48,47,1,1,0.9791666666666666,0.04081632653061224
2019-04-22,48,46,2,2,0.9583333333333334,0.08
2019-04-23,48,46,2,2,0.9583333333333334,0.08
2019-04-24,48,47,1,1,0.9791666666666666,0.04081632653061224
2019-04-25,48,46,2,2,0.9583333333333334,0.08
2019-04-26,48,46,2,2,0.9583333333333334,0.08
2019-04-29,48,46,2,2,0.9583333333333334,0.08
2019-04-30,48,45,3,3,0.9375,0.11764705882352941
2019-05-01,48,45,3,3,0.9375,0.11764705882352941
2019-05-02,48,46,2,2,0.9583333333333334,0.08
2019-05-03,48,45,3,3,0.9375,0.11764705882352941
2019-05-06,48,45,3,3,0.9375,0.11764705882352941
2019-05-07,48,46,2,2,0.9583333333333334,0.08
2019-05-08,48,45,3,3,0.9375,0.11764705882352941
2019-05-09,48,46,2,2,0.9583333333333334,0.08
2019-05-10,48,43,5,5,0.8958333333333334,0.18867924528301888
2019-05-13,48,43,5,5,0.8958333333333334,0.18867924528301888
2019-05-14,48,45,3,3,0.9375,0.11764705882352941
2019-05-15,48,43,5,5,0.8958333333333334,0.18867924528301888
2019-05-16,48,46,2,2,0.9583333333333334,0.08
2019-05-17,48,45,3,3,0.9375,0.11764705882352941
2019-05-20,48,45,3,3,0.9375,0.11764705882352941
2019-05-21,48,45,3,3,0.9375,0.11764705882352941
2019-05-22,48,46,2,2,0.9583333333333334,0.08
2019-05-23,48,47,1,1,0.9791666666666666,0.04081632653061224
2019-05-24,48,43,5,5,0.8958333333333334,0.18867924528301888
2019-05-28,48,45,3,3,0.9375,0.11764705882352941
2019-05-29,48,45,3,3,0.9375,0.11764705882352941
2019-05-30,48,44,4,4,0.9166666666666666,0.15384615384615385
2019-05-31,48,45,3,3,0.9375,0.11764705882352941
2019-06-03,48,43,5,5,0.8958333333333334,0.18867924528301888
2019-06-04,48,45,3,3,0.9375,0.11764705882352941
2019-06-05,48,44,4,4,0.9166666666666666,0.15384615384615385
2019-06-06,48,41,7,7,0.8541666666666666,0.2545454545454545
2019-06-07,48,46,2,2,0.9583333333333334,0.08
2019-06-10,48,46,2,2,0.9583333333333334,0.08
2019-06-11,48,46,2,2,0.9583333333333334,0.08
2019-06-12,48,40,8,8,0.8333333333333334,0.2857142857142857
2019-06-13,48,45,3,3,0.9375,0.11764705882352941
2019-06-14,48,46,2,2,0.9583333333333334,0.08
2019-06-17,48,44,4,4,0.9166666666666666,0.15384615384615385
2019-06-18,48,47,1,1,0.9791666666666666,0.04081632653061224
2019-06-19,48,43,5,5,0.8958333333333334,0.18867924528301888
2019-06-20,48,44,4,4,0.9166666666666666,0.15384615384615385
2019-06-21,48,44,4,4,0.9166666666666666,0.15384615384615385
2019-06-24,48,44,4,4,0.9166666666666666,0.15384615384615385
2019-06-25,48,45,3,3,0.9375,0.11764705882352941
2019-06-26,48,40,8,8,0.8333333333333334,0.2857142857142857
2019-06-27,48,45,3,3,0.9375,0.11764705882352941
2019-06-28,48,44,4,4,0.9166666666666666,0.15384615384615385
2019-07-01,48,44,4,4,0.9166666666666666,0.15384615384615385
2019-07-02,48,44,4,4,0.9166666666666666,0.15384615384615385
2019-07-03,48,44,4,4,0.9166666666666666,0.15384615384615385
2019-07-05,48,46,2,2,0.9583333333333334,0.08
2019-07-08,48,45,3,3,0.9375,0.11764705882352941
2019-07-09,48,43,5,5,0.8958333333333334,0.18867924528301888
2019-07-10,48,42,6,6,0.875,0.2222222222222222
2019-07-11,48,44,4,4,0.9166666666666666,0.15384615384615385
2019-07-12,48,45,3,3,0.9375,0.11764705882352941
2019-07-15,48,46,2,2,0.9583333333333334,0.08
2019-07-16,48,46,2,2,0.9583333333333334,0.08
2019-07-17,48,45,3,3,0.9375,0.11764705882352941
2019-07-18,48,45,3,3,0.9375,0.11764705882352941
2019-07-19,48,44,4,4,0.9166666666666666,0.15384615384615385
2019-07-22,48,44,4,4,0.9166666666666666,0.15384615384615385
2019-07-23,48,45,3,3,0.9375,0.11764705882352941
2019-07-24,48,45,3,3,0.9375,0.11764705882352941
2019-07-25,48,41,7,7,0.8541666666666666,0.2545454545454545
2019-07-26,48,43,5,5,0.8958333333333334,0.18867924528301888
2019-07-29,48,42,6,6,0.875,0.2222222222222222
2019-07-30,48,46,2,2,0.9583333333333334,0.08
2019-07-31,48,44,4,4,0.9166666666666666,0.15384615384615385
2019-08-01,48,47,1,1,0.9791666666666666,0.04081632653061224
2019-08-02,48,46,2,2,0.9583333333333334,0.08
2019-08-05,48,44,4,4,0.9166666666666666,0.15384615384615385
2019-08-06,48,46,2,2,0.9583333333333334,0.08
2019-08-07,48,47,1,1,0.9791666666666666,0.04081632653061224
2019-08-08,48,46,2,2,0.9583333333333334,0.08
2019-08-09,48,46,2,2,0.9583333333333334,0.08
2019-08-12,48,47,1,1,0.9791666666666666,0.04081632653061224
2019-08-13,48,46,2,2,0.9583333333333334,0.08
2019-08-14,48,45,3,3,0.9375,0.11764705882352941
2019-08-15,48,44,4,4,0.9166666666666666,0.15384615384615385
2019-08-16,48,45,3,3,0.9375,0.11764705882352941
2019-08-19,48,46,2,2,0.9583333333333334,0.08
2019-08-20,48,45,3,3,0.9375,0.11764705882352941
2019-08-21,48,47,1,1,0.9791666666666666,0.04081632653061224
2019-08-22,48,44,4,4,0.9166666666666666,0.15384615384615385
2019-08-23,48,44,4,4,0.9166666666666666,0.15384615384615385
2019-08-26,48,45,3,3,0.9375,0.11764705882352941
2019-08-27,48,45,3,3,0.9375,0.11764705882352941
2019-08-28,48,43,5,5,0.8958333333333334,0.18867924528301888
2019-08-29,48,43,5,5,0.8958333333333334,0.18867924528301888
2019-08-30,48,44,4,4,0.9166666666666666,0.15384615384615385
2019-09-03,48,44,4,4,0.9166666666666666,0.15384615384615385
2019-09-04,48,42,6,6,0.875,0.2222222222222222
2019-09-05,48,42,6,6,0.875,0.2222222222222222
2019-09-06,48,42,6,6,0.875,0.2222222222222222
2019-09-09,48,45,3,3,0.9375,0.11764705882352941
2019-09-10,48,44,4,4,0.9166666666666666,0.15384615384615385
2019-09-11,48,44,4,4,0.9166666666666666,0.15384615384615385
2019-09-12,48,44,4,4,0.9166666666666666,0.15384615384615385
2019-09-13,48,43,5,5,0.8958333333333334,0.18867924528301888
2019-09-16,48,45,3,3,0.9375,0.11764705882352941
2019-09-17,48,45,3,3,0.9375,0.11764705882352941
2019-09-18,48,45,3,3,0.9375,0.11764705882352941
2019-09-19,48,45,3,3,0.9375,0.11764705882352941
2019-09-20,48,44,4,4,0.9166666666666666,0.15384615384615385
2019-09-23,48,45,3,3,0.9375,0.11764705882352941
2019-09-24,48,44,4,4,0.9166666666666666,0.15384615384615385
2019-09-25,48,44,4,4,0.9166666666666666,0.15384615384615385
2019-09-26,48,45,3,3,0.9375,0.11764705882352941
2019-09-27,48,45,3,3,0.9375,0.11764705882352941
2019-09-30,48,44,4,4,0.9166666666666666,0.15384615384615385
2019-10-01,48,45,3,3,0.9375,0.11764705882352941
2019-10-02,48,44,4,4,0.9166666666666666,0.15384615384615385
2019-10-03,48,46,2,2,0.9583333333333334,0.08
2019-10-04,48,43,5,5,0.8958333333333334,0.18867924528301888
2019-10-07,48,43,5,5,0.8958333333333334,0.18867924528301888
2019-10-08,48,44,4,4,0.9166666666666666,0.15384615384615385
2019-10-09,48,45,3,3,0.9375,0.11764705882352941
2019-10-10,48,43,5,5,0.8958333333333334,0.18867924528301888
2019-10-11,48,45,3,3,0.9375,0.11764705882352941
2019-10-14,48,44,4,4,0.9166666666666666,0.15384615384615385
2019-10-15,48,43,5,5,0.8958333333333334,0.18867924528301888
2019-10-16,48,45,3,3,0.9375,0.11764705882352941
2019-10-17,48,44,4,4,0.9166666666666666,0.15384615384615385
2019-10-18,48,47,1,1,0.9791666666666666,0.04081632653061224
2019-10-21,48,45,3,3,0.9375,0.11764705882352941
2019-10-22,48,43,5,5,0.8958333333333334,0.18867924528301888
2019-10-23,48,46,2,2,0.9583333333333334,0.08
2019-10-24,48,44,4,4,0.9166666666666666,0.15384615384615385
2019-10-25,48,43,5,5,0.8958333333333334,0.18867924528301888
2019-10-28,48,43,5,5,0.8958333333333334,0.18867924528301888
2019-10-29,48,43,5,5,0.8958333333333334,0.18867924528301888
2019-10-30,48,43,5,5,0.8958333333333334,0.18867924528301888
2019-10-31,48,43,5,5,0.8958333333333334,0.18867924528301888
2019-11-01,48,41,7,7,0.8541666666666666,0.2545454545454545
2019-11-04,48,44,4,4,0.9166666666666666,0.15384615384615385
2019-11-05,48,43,5,5,0.8958333333333334,0.18867924528301888
2019-11-06,48,45,3,3,0.9375,0.11764705882352941
2019-11-07,48,45,3,3,0.9375,0.11764705882352941
2019-11-08,48,45,3,3,0.9375,0.11764705882352941
2019-11-11,48,43,5,5,0.8958333333333334,0.18867924528301888
2019-11-12,48,43,5,5,0.8958333333333334,0.18867924528301888
2019-11-13,48,43,5,5,0.8958333333333334,0.18867924528301888
2019-11-14,48,43,5,5,0.8958333333333334,0.18867924528301888
2019-11-15,48,46,2,2,0.9583333333333334,0.08
2019-11-18,48,44,4,4,0.9166666666666666,0.15384615384615385
2019-11-19,48,45,3,3,0.9375,0.11764705882352941
2019-11-20,48,44,4,4,0.9166666666666666,0.15384615384615385
2019-11-21,48,44,4,4,0.9166666666666666,0.15384615384615385
2019-11-22,48,45,3,3,0.9375,0.11764705882352941
2019-11-25,48,45,3,3,0.9375,0.11764705882352941
2019-11-26,48,47,1,1,0.9791666666666666,0.04081632653061224
2019-11-27,48,44,4,4,0.9166666666666666,0.15384615384615385
2019-11-29,48,43,5,5,0.8958333333333334,0.18867924528301888
2019-12-02,48,45,3,3,0.9375,0.11764705882352941
2019-12-03,48,41,7,7,0.8541666666666666,0.2545454545454545
2019-12-04,48,43,5,5,0.8958333333333334,0.18867924528301888
2019-12-05,48,43,5,5,0.8958333333333334,0.18867924528301888
2019-12-06,48,43,5,5,0.8958333333333334,0.18867924528301888
2019-12-09,48,42,6,6,0.875,0.2222222222222222
2019-12-10,48,43,5,5,0.8958333333333334,0.18867924528301888
2019-12-11,48,44,4,4,0.9166666666666666,0.15384615384615385
2019-12-12,48,42,6,6,0.875,0.2222222222222222
2019-12-13,48,44,4,4,0.9166666666666666,0.15384615384615385
2019-12-16,48,48,0,0,1.0,0.0
2019-12-17,48,45,3,3,0.9375,0.11764705882352941
2019-12-18,48,45,3,3,0.9375,0.11764705882352941
2019-12-19,48,44,4,4,0.9166666666666666,0.15384615384615385
2019-12-20,48,44,4,4,0.9166666666666666,0.15384615384615385
2019-12-23,48,46,2,2,0.9583333333333334,0.08
2019-12-24,48,46,2,2,0.9583333333333334,0.08
2019-12-26,48,45,3,3,0.9375,0.11764705882352941
2019-12-27,48,45,3,3,0.9375,0.11764705882352941
2019-12-30,48,44,4,4,0.9166666666666666,0.15384615384615385
2019-12-31,48,45,3,3,0.9375,0.11764705882352941
2020-01-02,48,40,8,8,0.8333333333333334,0.2857142857142857
2020-01-03,48,44,4,4,0.9166666666666666,0.15384615384615385
2020-01-06,48,46,2,2,0.9583333333333334,0.08
2020-01-07,48,45,3,3,0.9375,0.11764705882352941
2020-01-08,48,46,2,2,0.9583333333333334,0.08
2020-01-09,48,44,4,4,0.9166666666666666,0.15384615384615385
2020-01-10,48,45,3,3,0.9375,0.11764705882352941
2020-01-13,48,46,2,2,0.9583333333333334,0.08
2020-01-14,48,46,2,2,0.9583333333333334,0.08
2020-01-15,48,44,4,4,0.9166666666666666,0.15384615384615385
2020-01-16,48,43,5,5,0.8958333333333334,0.18867924528301888
2020-01-17,48,46,2,2,0.9583333333333334,0.08
2020-01-21,48,42,6,6,0.875,0.2222222222222222
2020-01-22,48,43,5,5,0.8958333333333334,0.18867924528301888
2020-01-23,48,45,3,3,0.9375,0.11764705882352941
2020-01-24,48,45,3,3,0.9375,0.11764705882352941
2020-01-27,48,45,3,3,0.9375,0.11764705882352941
2020-01-28,48,43,5,5,0.8958333333333334,0.18867924528301888
2020-01-29,48,47,1,1,0.9791666666666666,0.04081632653061224
2020-01-30,48,47,1,1,0.9791666666666666,0.04081632653061224
2020-01-31,48,47,1,1,0.9791666666666666,0.04081632653061224
2020-02-03,48,46,2,2,0.9583333333333334,0.08
2020-02-04,48,45,3,3,0.9375,0.11764705882352941
2020-02-05,48,47,1,1,0.9791666666666666,0.04081632653061224
2020-02-06,48,45,3,3,0.9375,0.11764705882352941
2020-02-07,48,45,3,3,0.9375,0.11764705882352941
2020-02-10,48,48,0,0,1.0,0.0
2020-02-11,48,47,1,1,0.9791666666666666,0.04081632653061224
2020-02-12,48,47,1,1,0.9791666666666666,0.04081632653061224
2020-02-13,48,47,1,1,0.9791666666666666,0.04081632653061224
2020-02-14,48,45,3,3,0.9375,0.11764705882352941
2020-02-18,48,45,3,3,0.9375,0.11764705882352941
2020-02-19,48,45,3,3,0.9375,0.11764705882352941
2020-02-20,48,46,2,2,0.9583333333333334,0.08
2020-02-21,48,47,1,1,0.9791666666666666,0.04081632653061224
2020-02-24,48,46,2,2,0.9583333333333334,0.08
2020-02-25,48,45,3,3,0.9375,0.11764705882352941
2020-02-26,48,43,5,5,0.8958333333333334,0.18867924528301888
2020-02-27,48,41,7,7,0.8541666666666666,0.2545454545454545
2020-02-28,48,44,4,4,0.9166666666666666,0.15384615384615385
2020-03-02,48,45,3,3,0.9375,0.11764705882352941
2020-03-03,48,45,3,3,0.9375,0.11764705882352941
2020-03-04,48,45,3,3,0.9375,0.11764705882352941
2020-03-05,48,44,4,4,0.9166666666666666,0.15384615384615385
2020-03-06,48,43,5,5,0.8958333333333334,0.18867924528301888
2020-03-09,48,43,5,5,0.8958333333333334,0.18867924528301888
2020-03-10,48,45,3,3,0.9375,0.11764705882352941
2020-03-11,48,46,2,2,0.9583333333333334,0.08
2020-03-12,48,45,3,3,0.9375,0.11764705882352941
2020-03-13,48,45,3,3,0.9375,0.11764705882352941
2020-03-16,48,46,2,2,0.9583333333333334,0.08
2020-03-17,48,44,4,4,0.9166666666666666,0.15384615384615385
2020-03-18,48,44,4,4,0.9166666666666666,0.15384615384615385
2020-03-19,48,44,4,4,0.9166666666666666,0.15384615384615385
2020-03-20,48,44,4,4,0.9166666666666666,0.15384615384615385
2020-03-23,48,44,4,4,0.9166666666666666,0.15384615384615385
2020-03-24,48,45,3,3,0.9375,0.11764705882352941
2020-03-25,48,46,2,2,0.9583333333333334,0.08
2020-03-26,48,45,3,3,0.9375,0.11764705882352941
2020-03-27,48,43,5,5,0.8958333333333334,0.18867924528301888
2020-03-30,48,44,4,4,0.9166666666666666,0.15384615384615385
2020-03-31,48,45,3,3,0.9375,0.11764705882352941
2020-04-01,48,43,5,5,0.8958333333333334,0.18867924528301888
2020-04-02,48,44,4,4,0.9166666666666666,0.15384615384615385
2020-04-03,48,41,7,7,0.8541666666666666,0.2545454545454545
2020-04-06,48,44,4,4,0.9166666666666666,0.15384615384615385
2020-04-07,48,43,5,5,0.8958333333333334,0.18867924528301888
2020-04-08,48,42,6,6,0.875,0.2222222222222222
2020-04-09,48,42,6,6,0.875,0.2222222222222222
2020-04-13,48,41,7,7,0.8541666666666666,0.2545454545454545
2020-04-14,48,43,5,5,0.8958333333333334,0.18867924528301888
2020-04-15,48,40,8,8,0.8333333333333334,0.2857142857142857
2020-04-16,48,40,8,8,0.8333333333333334,0.2857142857142857
2020-04-17,48,41,7,7,0.8541666666666666,0.2545454545454545
2020-04-20,48,42,6,6,0.875,0.2222222222222222
2020-04-21,48,40,8,8,0.8333333333333334,0.2857142857142857
2020-04-22,48,42,6,6,0.875,0.2222222222222222
2020-04-23,48,42,6,6,0.875,0.2222222222222222
2020-04-24,48,42,6,6,0.875,0.2222222222222222
2020-04-27,48,42,6,6,0.875,0.2222222222222222
2020-04-28,48,42,6,6,0.875,0.2222222222222222
2020-04-29,48,44,4,4,0.9166666666666666,0.15384615384615385
2020-04-30,48,44,4,4,0.9166666666666666,0.15384615384615385
2020-05-01,48,43,5,5,0.8958333333333334,0.18867924528301888
2020-05-04,48,45,3,3,0.9375,0.11764705882352941
2020-05-05,48,46,2,2,0.9583333333333334,0.08
2020-05-06,48,41,7,7,0.8541666666666666,0.2545454545454545
2020-05-07,48,46,2,2,0.9583333333333334,0.08
2020-05-08,48,44,4,4,0.9166666666666666,0.15384615384615385
2020-05-11,49,42,7,6,0.875,0.23636363636363636
2020-05-12,49,41,8,8,0.8367346938775511,0.2807017543859649
2020-05-13,49,47,2,2,0.9591836734693877,0.0784313725490196
2020-05-14,49,46,3,3,0.9387755102040817,0.11538461538461539
2020-05-15,49,46,3,3,0.9387755102040817,0.11538461538461539
2020-05-18,49,43,6,6,0.8775510204081632,0.21818181818181817
2020-05-19,49,43,6,6,0.8775510204081632,0.21818181818181817
2020-05-20,49,44,5,5,0.8979591836734694,0.18518518518518517
2020-05-21,49,43,6,6,0.8775510204081632,0.21818181818181817
2020-05-22,49,42,7,7,0.8571428571428571,0.25
2020-05-26,49,44,5,5,0.8979591836734694,0.18518518518518517
2020-05-27,49,43,6,6,0.8775510204081632,0.21818181818181817
2020-05-28,49,46,3,3,0.9387755102040817,0.11538461538461539
2020-05-29,49,45,4,4,0.9183673469387755,0.1509433962264151
2020-06-01,49,45,4,4,0.9183673469387755,0.1509433962264151
2020-06-02,49,43,6,6,0.8775510204081632,0.21818181818181817
2020-06-03,49,44,5,5,0.8979591836734694,0.18518518518518517
2020-06-04,49,47,2,2,0.9591836734693877,0.0784313725490196
2020-06-05,49,44,5,5,0.8979591836734694,0.18518518518518517
2020-06-08,49,47,2,2,0.9591836734693877,0.0784313725490196
2020-06-09,49,44,5,5,0.8979591836734694,0.18518518518518517
2020-06-10,49,48,1,1,0.9795918367346939,0.04
2020-06-11,49,48,1,1,0.9795918367346939,0.04
2020-06-12,49,48,1,1,0.9795918367346939,0.04
2020-06-15,49,46,3,3,0.9387755102040817,0.11538461538461539
2020-06-16,49,44,5,5,0.8979591836734694,0.18518518518518517
2020-06-17,49,45,4,4,0.9183673469387755,0.1509433962264151
2020-06-18,49,44,5,5,0.8979591836734694,0.18518518518518517
2020-06-19,49,45,4,4,0.9183673469387755,0.1509433962264151
2020-06-22,49,45,4,4,0.9183673469387755,0.1509433962264151
2020-06-23,49,46,3,3,0.9387755102040817,0.11538461538461539
2020-06-24,49,44,5,5,0.8979591836734694,0.18518518518518517
2020-06-25,49,41,8,8,0.8367346938775511,0.2807017543859649
2020-06-26,49,45,4,4,0.9183673469387755,0.1509433962264151
2020-06-29,49,45,4,4,0.9183673469387755,0.1509433962264151
2020-06-30,49,45,4,4,0.9183673469387755,0.1509433962264151
2020-07-01,49,47,2,2,0.9591836734693877,0.0784313725490196
2020-07-02,49,46,3,3,0.9387755102040817,0.11538461538461539
2020-07-06,49,46,3,3,0.9387755102040817,0.11538461538461539
2020-07-07,49,44,5,5,0.8979591836734694,0.18518518518518517
2020-07-08,49,47,2,2,0.9591836734693877,0.0784313725490196
2020-07-09,49,46,3,3,0.9387755102040817,0.11538461538461539
2020-07-10,49,47,2,2,0.9591836734693877,0.0784313725490196
2020-07-13,49,44,5,5,0.8979591836734694,0.18518518518518517
2020-07-14,49,44,5,5,0.8979591836734694,0.18518518518518517
2020-07-15,49,42,7,7,0.8571428571428571,0.25
2020-07-16,49,45,4,4,0.9183673469387755,0.1509433962264151
2020-07-17,49,44,5,5,0.8979591836734694,0.18518518518518517
2020-07-20,49,45,4,4,0.9183673469387755,0.1509433962264151
2020-07-21,49,43,6,6,0.8775510204081632,0.21818181818181817
2020-07-22,49,44,5,5,0.8979591836734694,0.18518518518518517
2020-07-23,49,45,4,4,0.9183673469387755,0.1509433962264151
2020-07-24,49,47,2,2,0.9591836734693877,0.0784313725490196
2020-07-27,49,48,1,1,0.9795918367346939,0.04
2020-07-28,49,48,1,1,0.9795918367346939,0.04
2020-07-29,49,46,3,3,0.9387755102040817,0.11538461538461539
2020-07-30,49,47,2,2,0.9591836734693877,0.0784313725490196
2020-07-31,49,47,2,2,0.9591836734693877,0.0784313725490196
2020-08-03,49,48,1,1,0.9795918367346939,0.04
2020-08-04,49,47,2,2,0.9591836734693877,0.0784313725490196
2020-08-05,49,47,2,2,0.9591836734693877,0.0784313725490196
2020-08-06,49,47,2,2,0.9591836734693877,0.0784313725490196
2020-08-07,49,47,2,2,0.9591836734693877,0.0784313725490196
2020-08-10,49,48,1,1,0.9795918367346939,0.04
2020-08-11,49,49,0,0,1.0,0.0
2020-08-12,49,48,1,1,0.9795918367346939,0.04
2020-08-13,49,45,4,4,0.9183673469387755,0.1509433962264151
2020-08-14,49,46,3,3,0.9387755102040817,0.11538461538461539
2020-08-17,49,46,3,3,0.9387755102040817,0.11538461538461539
2020-08-18,49,45,4,4,0.9183673469387755,0.1509433962264151
2020-08-19,49,47,2,2,0.9591836734693877,0.0784313725490196
2020-08-20,49,45,4,4,0.9183673469387755,0.1509433962264151
2020-08-21,49,45,4,4,0.9183673469387755,0.1509433962264151
2020-08-24,49,47,2,2,0.9591836734693877,0.0784313725490196
2020-08-25,49,46,3,3,0.9387755102040817,0.11538461538461539
2020-08-26,49,47,2,2,0.9591836734693877,0.0784313725490196
2020-08-27,49,47,2,2,0.9591836734693877,0.0784313725490196
2020-08-28,49,46,3,3,0.9387755102040817,0.11538461538461539
2020-08-31,49,48,1,1,0.9795918367346939,0.04
2020-09-01,49,44,5,5,0.8979591836734694,0.18518518518518517
2020-09-02,49,47,2,2,0.9591836734693877,0.0784313725490196
2020-09-03,49,45,4,4,0.9183673469387755,0.1509433962264151
2020-09-04,49,49,0,0,1.0,0.0
2020-09-08,49,45,4,4,0.9183673469387755,0.1509433962264151
2020-09-09,49,46,3,3,0.9387755102040817,0.11538461538461539
2020-09-10,49,47,2,2,0.9591836734693877,0.0784313725490196
2020-09-11,49,46,3,3,0.9387755102040817,0.11538461538461539
2020-09-14,49,46,3,3,0.9387755102040817,0.11538461538461539
2020-09-15,49,46,3,3,0.9387755102040817,0.11538461538461539
2020-09-16,49,47,2,2,0.9591836734693877,0.0784313725490196
2020-09-17,49,48,1,1,0.9795918367346939,0.04
2020-09-18,49,47,2,2,0.9591836734693877,0.0784313725490196
2020-09-21,49,47,2,2,0.9591836734693877,0.0784313725490196
2020-09-22,49,48,1,1,0.9795918367346939,0.04
2020-09-23,49,45,4,4,0.9183673469387755,0.1509433962264151
2020-09-24,49,46,3,3,0.9387755102040817,0.11538461538461539
2020-09-25,49,46,3,3,0.9387755102040817,0.11538461538461539
2020-09-28,49,48,1,1,0.9795918367346939,0.04
2020-09-29,49,47,2,2,0.9591836734693877,0.0784313725490196
2020-09-30,49,48,1,1,0.9795918367346939,0.04
2020-10-01,49,47,2,2,0.9591836734693877,0.0784313725490196
2020-10-02,49,47,2,2,0.9591836734693877,0.0784313725490196
2020-10-05,49,45,4,4,0.9183673469387755,0.1509433962264151
2020-10-06,49,47,2,2,0.9591836734693877,0.0784313725490196
2020-10-07,49,46,3,3,0.9387755102040817,0.11538461538461539
2020-10-08,49,47,2,2,0.9591836734693877,0.0784313725490196
2020-10-09,49,47,2,2,0.9591836734693877,0.0784313725490196
2020-10-12,49,45,4,4,0.9183673469387755,0.1509433962264151
2020-10-13,49,48,1,1,0.9795918367346939,0.04
2020-10-14,49,47,2,2,0.9591836734693877,0.0784313725490196
2020-10-15,49,48,1,1,0.9795918367346939,0.04
2020-10-16,49,47,2,2,0.9591836734693877,0.0784313725490196
2020-10-19,49,46,3,3,0.9387755102040817,0.11538461538461539
2020-10-20,49,45,4,4,0.9183673469387755,0.1509433962264151
2020-10-21,49,47,2,2,0.9591836734693877,0.0784313725490196
2020-10-22,49,46,3,3,0.9387755102040817,0.11538461538461539
2020-10-23,49,46,3,3,0.9387755102040817,0.11538461538461539
2020-10-26,49,46,3,3,0.9387755102040817,0.11538461538461539
2020-10-27,49,47,2,2,0.9591836734693877,0.0784313725490196
2020-10-28,49,46,3,3,0.9387755102040817,0.11538461538461539
2020-10-29,49,49,0,0,1.0,0.0
2020-10-30,49,47,2,2,0.9591836734693877,0.0784313725490196
2020-11-02,49,47,2,2,0.9591836734693877,0.0784313725490196
2020-11-03,49,47,2,2,0.9591836734693877,0.0784313725490196
2020-11-04,49,46,3,3,0.9387755102040817,0.11538461538461539
2020-11-05,49,46,3,3,0.9387755102040817,0.11538461538461539
2020-11-06,49,45,4,4,0.9183673469387755,0.1509433962264151
2020-11-09,49,46,3,3,0.9387755102040817,0.11538461538461539
2020-11-10,49,46,3,3,0.9387755102040817,0.11538461538461539
2020-11-11,49,45,4,4,0.9183673469387755,0.1509433962264151
2020-11-12,49,46,3,3,0.9387755102040817,0.11538461538461539
2020-11-13,49,47,2,2,0.9591836734693877,0.0784313725490196
2020-11-16,49,47,2,2,0.9591836734693877,0.0784313725490196
2020-11-17,49,47,2,2,0.9591836734693877,0.0784313725490196
2020-11-18,49,49,0,0,1.0,0.0
2020-11-19,49,47,2,2,0.9591836734693877,0.0784313725490196
2020-11-20,49,47,2,2,0.9591836734693877,0.0784313725490196
2020-11-23,49,47,2,2,0.9591836734693877,0.0784313725490196
2020-11-24,49,48,1,1,0.9795918367346939,0.04
2020-11-25,49,48,1,1,0.9795918367346939,0.04
2020-11-27,49,47,2,2,0.9591836734693877,0.0784313725490196
2020-11-30,49,48,1,1,0.9795918367346939,0.04
2020-12-01,49,48,1,1,0.9795918367346939,0.04
2020-12-02,49,45,4,4,0.9183673469387755,0.1509433962264151
2020-12-03,49,45,4,4,0.9183673469387755,0.1509433962264151
2020-12-04,49,45,4,4,0.9183673469387755,0.1509433962264151
2020-12-07,49,47,2,2,0.9591836734693877,0.0784313725490196
2020-12-08,49,46,3,3,0.9387755102040817,0.11538461538461539
2020-12-09,49,46,3,3,0.9387755102040817,0.11538461538461539
2020-12-10,49,47,2,2,0.9591836734693877,0.0784313725490196
2020-12-11,49,46,3,3,0.9387755102040817,0.11538461538461539
2020-12-14,49,45,4,4,0.9183673469387755,0.1509433962264151
2020-12-15,49,47,2,2,0.9591836734693877,0.0784313725490196
2020-12-16,49,45,4,4,0.9183673469387755,0.1509433962264151
2020-12-17,49,48,1,1,0.9795918367346939,0.04
2020-12-18,49,47,2,2,0.9591836734693877,0.0784313725490196
2020-12-21,49,49,0,0,1.0,0.0
2020-12-22,49,47,2,2,0.9591836734693877,0.0784313725490196
2020-12-23,49,47,2,2,0.9591836734693877,0.0784313725490196
2020-12-24,49,47,2,2,0.9591836734693877,0.0784313725490196
2020-12-28,49,48,1,1,0.9795918367346939,0.04
2020-12-29,49,48,1,1,0.9795918367346939,0.04
2020-12-30,49,47,2,2,0.9591836734693877,0.0784313725490196
2020-12-31,49,45,4,4,0.9183673469387755,0.1509433962264151
2021-01-04,49,47,2,2,0.9591836734693877,0.0784313725490196
2021-01-05,49,48,1,1,0.9795918367346939,0.04
2021-01-06,49,48,1,1,0.9795918367346939,0.04
2021-01-07,49,46,3,3,0.9387755102040817,0.11538461538461539
2021-01-08,49,48,1,1,0.9795918367346939,0.04
2021-01-11,49,47,2,2,0.9591836734693877,0.0784313725490196
2021-01-12,49,47,2,2,0.9591836734693877,0.0784313725490196
2021-01-13,49,46,3,3,0.9387755102040817,0.11538461538461539
2021-01-14,49,45,4,4,0.9183673469387755,0.1509433962264151
2021-01-15,49,48,1,1,0.9795918367346939,0.04
2021-01-19,49,46,3,3,0.9387755102040817,0.11538461538461539
2021-01-20,49,47,2,2,0.9591836734693877,0.0784313725490196
2021-01-21,49,48,1,1,0.9795918367346939,0.04
2021-01-22,49,47,2,2,0.9591836734693877,0.0784313725490196
2021-01-25,49,48,1,1,0.9795918367346939,0.04
2021-01-26,49,46,3,3,0.9387755102040817,0.11538461538461539
2021-01-27,49,48,1,1,0.9795918367346939,0.04
2021-01-28,49,48,1,1,0.9795918367346939,0.04
2021-01-29,49,46,3,3,0.9387755102040817,0.11538461538461539
2021-02-01,49,45,4,4,0.9183673469387755,0.1509433962264151
2021-02-02,49,45,4,4,0.9183673469387755,0.1509433962264151
2021-02-03,49,44,5,5,0.8979591836734694,0.18518518518518517
2021-02-04,49,46,3,3,0.9387755102040817,0.11538461538461539
2021-02-05,49,47,2,2,0.9591836734693877,0.0784313725490196
2021-02-08,49,47,2,2,0.9591836734693877,0.0784313725490196
2021-02-09,49,47,2,2,0.9591836734693877,0.0784313725490196
2021-02-10,49,47,2,2,0.9591836734693877,0.0784313725490196
2021-02-11,49,48,1,1,0.9795918367346939,0.04
2021-02-12,49,47,2,2,0.9591836734693877,0.0784313725490196
2021-02-16,49,47,2,2,0.9591836734693877,0.0784313725490196
2021-02-17,49,47,2,2,0.9591836734693877,0.0784313725490196
2021-02-18,49,48,1,1,0.9795918367346939,0.04
2021-02-19,49,47,2,2,0.9591836734693877,0.0784313725490196
2021-02-22,49,46,3,3,0.9387755102040817,0.11538461538461539
2021-02-23,49,47,2,2,0.9591836734693877,0.0784313725490196
2021-02-24,49,46,3,3,0.9387755102040817,0.11538461538461539
2021-02-25,49,48,1,1,0.9795918367346939,0.04
2021-02-26,49,45,4,4,0.9183673469387755,0.1509433962264151
2021-03-01,49,46,3,3,0.9387755102040817,0.11538461538461539
2021-03-02,49,46,3,3,0.9387755102040817,0.11538461538461539
2021-03-03,49,45,4,4,0.9183673469387755,0.1509433962264151
2021-03-04,49,47,2,2,0.9591836734693877,0.0784313725490196
2021-03-05,49,45,4,4,0.9183673469387755,0.1509433962264151
2021-03-08,49,47,2,2,0.9591836734693877,0.0784313725490196
2021-03-09,49,43,6,6,0.8775510204081632,0.21818181818181817
2021-03-10,49,47,2,2,0.9591836734693877,0.0784313725490196
2021-03-11,49,45,4,4,0.9183673469387755,0.1509433962264151
2021-03-12,49,43,6,6,0.8775510204081632,0.21818181818181817
2021-03-15,49,45,4,4,0.9183673469387755,0.1509433962264151
2021-03-16,49,44,5,5,0.8979591836734694,0.18518518518518517
2021-03-17,49,42,7,7,0.8571428571428571,0.25
2021-03-18,49,42,7,7,0.8571428571428571,0.25
2021-03-19,49,41,8,8,0.8367346938775511,0.2807017543859649
2021-03-22,49,44,5,5,0.8979591836734694,0.18518518518518517
2021-03-23,49,42,7,7,0.8571428571428571,0.25
2021-03-24,49,41,8,8,0.8367346938775511,0.2807017543859649
2021-03-25,49,44,5,5,0.8979591836734694,0.18518518518518517
2021-03-26,49,42,7,7,0.8571428571428571,0.25
2021-03-29,49,46,3,3,0.9387755102040817,0.11538461538461539
2021-03-30,49,46,3,3,0.9387755102040817,0.11538461538461539
2021-03-31,49,44,5,5,0.8979591836734694,0.18518518518518517
2021-04-01,49,46,3,3,0.9387755102040817,0.11538461538461539
2021-04-05,49,46,3,3,0.9387755102040817,0.11538461538461539
2021-04-06,49,46,3,3,0.9387755102040817,0.11538461538461539
2021-04-07,49,46,3,3,0.9387755102040817,0.11538461538461539
2021-04-08,49,45,4,4,0.9183673469387755,0.1509433962264151
2021-04-09,49,47,2,2,0.9591836734693877,0.0784313725490196
2021-04-12,49,46,3,3,0.9387755102040817,0.11538461538461539
2021-04-13,49,45,4,4,0.9183673469387755,0.1509433962264151
2021-04-14,49,47,2,2,0.9591836734693877,0.0784313725490196
2021-04-15,49,47,2,2,0.9591836734693877,0.0784313725490196
2021-04-16,49,47,2,2,0.9591836734693877,0.0784313725490196
2021-04-19,49,46,3,3,0.9387755102040817,0.11538461538461539
2021-04-20,49,45,4,4,0.9183673469387755,0.1509433962264151
2021-04-21,49,46,3,3,0.9387755102040817,0.11538461538461539
2021-04-22,49,46,3,3,0.9387755102040817,0.11538461538461539
2021-04-23,49,48,1,1,0.9795918367346939,0.04
2021-04-26,49,45,4,4,0.9183673469387755,0.1509433962264151
2021-04-27,49,43,6,6,0.8775510204081632,0.21818181818181817
2021-04-28,49,44,5,5,0.8979591836734694,0.18518518518518517
2021-04-29,49,45,4,4,0.9183673469387755,0.1509433962264151
2021-04-30,49,45,4,4,0.9183673469387755,0.1509433962264151
2021-05-03,49,43,6,6,0.8775510204081632,0.21818181818181817
2021-05-04,49,44,5,5,0.8979591836734694,0.18518518518518517
2021-05-05,49,46,3,3,0.9387755102040817,0.11538461538461539
2021-05-06,49,44,5,5,0.8979591836734694,0.18518518518518517
2021-05-07,49,46,3,3,0.9387755102040817,0.11538461538461539
2021-05-10,49,47,2,2,0.9591836734693877,0.0784313725490196
2021-05-11,49,44,5,5,0.8979591836734694,0.18518518518518517
2021-05-12,49,46,3,3,0.9387755102040817,0.11538461538461539
2021-05-13,49,47,2,2,0.9591836734693877,0.0784313725490196
2021-05-14,49,45,4,4,0.9183673469387755,0.1509433962264151
2021-05-17,49,46,3,3,0.9387755102040817,0.11538461538461539
2021-05-18,49,46,3,3,0.9387755102040817,0.11538461538461539
2021-05-19,49,44,5,5,0.8979591836734694,0.18518518518518517
2021-05-20,49,48,1,1,0.9795918367346939,0.04
2021-05-21,49,47,2,2,0.9591836734693877,0.0784313725490196
2021-05-24,49,47,2,2,0.9591836734693877,0.0784313725490196
2021-05-25,49,44,5,5,0.8979591836734694,0.18518518518518517
2021-05-26,49,46,3,3,0.9387755102040817,0.11538461538461539
2021-05-27,49,46,3,3,0.9387755102040817,0.11538461538461539
2021-05-28,49,45,4,4,0.9183673469387755,0.1509433962264151
2021-06-01,49,44,5,5,0.8979591836734694,0.18518518518518517
2021-06-02,49,46,3,3,0.9387755102040817,0.11538461538461539
2021-06-03,49,45,4,4,0.9183673469387755,0.1509433962264151
2021-06-04,49,45,4,4,0.9183673469387755,0.1509433962264151
2021-06-07,49,45,4,4,0.9183673469387755,0.1509433962264151
2021-06-08,49,46,3,3,0.9387755102040817,0.11538461538461539
2021-06-09,49,46,3,3,0.9387755102040817,0.11538461538461539
2021-06-10,49,43,6,6,0.8775510204081632,0.21818181818181817
2021-06-11,49,46,3,3,0.9387755102040817,0.11538461538461539
2021-06-14,49,46,3,3,0.9387755102040817,0.11538461538461539
2021-06-15,49,47,2,2,0.9591836734693877,0.0784313725490196
2021-06-16,49,48,1,1,0.9795918367346939,0.04
2021-06-17,49,46,3,3,0.9387755102040817,0.11538461538461539
2021-06-18,49,45,4,4,0.9183673469387755,0.1509433962264151
2021-06-21,49,48,1,1,0.9795918367346939,0.04
2021-06-22,49,44,5,5,0.8979591836734694,0.18518518518518517
2021-06-23,49,47,2,2,0.9591836734693877,0.0784313725490196
2021-06-24,49,46,3,3,0.9387755102040817,0.11538461538461539
2021-06-25,49,48,1,1,0.9795918367346939,0.04
2021-06-28,49,46,3,3,0.9387755102040817,0.11538461538461539
2021-06-29,49,47,2,2,0.9591836734693877,0.0784313725490196
2021-06-30,49,46,3,3,0.9387755102040817,0.11538461538461539
2021-07-01,49,45,4,4,0.9183673469387755,0.1509433962264151
2021-07-02,49,47,2,2,0.9591836734693877,0.0784313725490196
2021-07-06,49,46,3,3,0.9387755102040817,0.11538461538461539
2021-07-07,49,46,3,3,0.9387755102040817,0.11538461538461539
2021-07-08,49,45,4,4,0.9183673469387755,0.1509433962264151
2021-07-09,49,47,2,2,0.9591836734693877,0.0784313725490196
2021-07-12,49,44,5,5,0.8979591836734694,0.18518518518518517
2021-07-13,49,46,3,3,0.9387755102040817,0.11538461538461539
2021-07-14,49,46,3,3,0.9387755102040817,0.11538461538461539
2021-07-15,49,46,3,3,0.9387755102040817,0.11538461538461539
2021-07-16,49,46,3,3,0.9387755102040817,0.11538461538461539
2021-07-19,49,46,3,3,0.9387755102040817,0.11538461538461539
2021-07-20,49,45,4,4,0.9183673469387755,0.1509433962264151
2021-07-21,49,48,1,1,0.9795918367346939,0.04
2021-07-22,49,46,3,3,0.9387755102040817,0.11538461538461539
2021-07-23,49,46,3,3,0.9387755102040817,0.11538461538461539
2021-07-26,49,46,3,3,0.9387755102040817,0.11538461538461539
2021-07-27,49,44,5,5,0.8979591836734694,0.18518518518518517
2021-07-28,49,43,6,6,0.8775510204081632,0.21818181818181817
2021-07-29,49,45,4,4,0.9183673469387755,0.1509433962264151
2021-07-30,49,45,4,4,0.9183673469387755,0.1509433962264151
2021-08-02,49,46,3,3,0.9387755102040817,0.11538461538461539
2021-08-03,49,47,2,2,0.9591836734693877,0.0784313725490196
2021-08-04,49,46,3,3,0.9387755102040817,0.11538461538461539
2021-08-05,49,45,4,4,0.9183673469387755,0.1509433962264151
2021-08-06,49,47,2,2,0.9591836734693877,0.0784313725490196
2021-08-09,49,47,2,2,0.9591836734693877,0.0784313725490196
2021-08-10,49,46,3,3,0.9387755102040817,0.11538461538461539
2021-08-11,49,45,4,4,0.9183673469387755,0.1509433962264151
2021-08-12,49,45,4,4,0.9183673469387755,0.1509433962264151
2021-08-13,49,46,3,3,0.9387755102040817,0.11538461538461539
2021-08-16,49,45,4,4,0.9183673469387755,0.1509433962264151
2021-08-17,49,46,3,3,0.9387755102040817,0.11538461538461539
2021-08-18,49,44,5,5,0.8979591836734694,0.18518518518518517
2021-08-19,49,44,5,5,0.8979591836734694,0.18518518518518517
2021-08-20,49,47,2,2,0.9591836734693877,0.0784313725490196
2021-08-23,49,47,2,2,0.9591836734693877,0.0784313725490196
2021-08-24,49,47,2,2,0.9591836734693877,0.0784313725490196
2021-08-25,49,48,1,1,0.9795918367346939,0.04
2021-08-26,49,47,2,2,0.9591836734693877,0.0784313725490196
2021-08-27,49,47,2,2,0.9591836734693877,0.0784313725490196
2021-08-30,49,46,3,3,0.9387755102040817,0.11538461538461539
2021-08-31,49,47,2,2,0.9591836734693877,0.0784313725490196
2021-09-01,49,47,2,2,0.9591836734693877,0.0784313725490196
2021-09-02,49,45,4,4,0.9183673469387755,0.1509433962264151
2021-09-03,49,44,5,5,0.8979591836734694,0.18518518518518517
2021-09-07,49,48,1,1,0.9795918367346939,0.04
2021-09-08,49,46,3,3,0.9387755102040817,0.11538461538461539
2021-09-09,49,46,3,3,0.9387755102040817,0.11538461538461539
2021-09-10,49,45,4,4,0.9183673469387755,0.1509433962264151
2021-09-13,49,43,6,6,0.8775510204081632,0.21818181818181817
2021-09-14,49,45,4,4,0.9183673469387755,0.1509433962264151
2021-09-15,49,45,4,4,0.9183673469387755,0.1509433962264151
2021-09-16,49,45,4,4,0.9183673469387755,0.1509433962264151
2021-09-17,49,44,5,5,0.8979591836734694,0.18518518518518517
2021-09-20,49,46,3,3,0.9387755102040817,0.11538461538461539
2021-09-21,49,46,3,3,0.9387755102040817,0.11538461538461539
2021-09-22,49,46,3,3,0.9387755102040817,0.11538461538461539
2021-09-23,49,46,3,3,0.9387755102040817,0.11538461538461539
2021-09-24,49,46,3,3,0.9387755102040817,0.11538461538461539
2021-09-27,49,47,2,2,0.9591836734693877,0.0784313725490196
2021-09-28,49,48,1,1,0.9795918367346939,0.04
2021-09-29,49,47,2,2,0.9591836734693877,0.0784313725490196
2021-09-30,49,46,3,3,0.9387755102040817,0.11538461538461539
2021-10-01,49,46,3,3,0.9387755102040817,0.11538461538461539
2021-10-04,49,45,4,4,0.9183673469387755,0.1509433962264151
2021-10-05,49,46,3,3,0.9387755102040817,0.11538461538461539
2021-10-06,49,47,2,2,0.9591836734693877,0.0784313725490196
2021-10-07,49,49,0,0,1.0,0.0
2021-10-08,49,46,3,3,0.9387755102040817,0.11538461538461539
2021-10-11,49,46,3,3,0.9387755102040817,0.11538461538461539
2021-10-12,49,47,2,2,0.9591836734693877,0.0784313725490196
2021-10-13,49,47,2,2,0.9591836734693877,0.0784313725490196
2021-10-14,49,47,2,2,0.9591836734693877,0.0784313725490196
2021-10-15,49,47,2,2,0.9591836734693877,0.0784313725490196
2021-10-18,49,45,4,4,0.9183673469387755,0.1509433962264151
2021-10-19,49,46,3,3,0.9387755102040817,0.11538461538461539
2021-10-20,49,45,4,4,0.9183673469387755,0.1509433962264151
2021-10-21,49,45,4,4,0.9183673469387755,0.1509433962264151
2021-10-22,49,47,2,2,0.9591836734693877,0.0784313725490196
2021-10-25,49,49,0,0,1.0,0.0
2021-10-26,49,44,5,5,0.8979591836734694,0.18518518518518517
2021-10-27,49,46,3,3,0.9387755102040817,0.11538461538461539
2021-10-28,49,45,4,4,0.9183673469387755,0.1509433962264151
2021-10-29,49,47,2,2,0.9591836734693877,0.0784313725490196
2021-11-01,49,46,3,3,0.9387755102040817,0.11538461538461539
2021-11-02,49,46,3,3,0.9387755102040817,0.11538461538461539
2021-11-03,49,45,4,4,0.9183673469387755,0.1509433962264151
2021-11-04,49,42,7,7,0.8571428571428571,0.25
2021-11-05,49,45,4,4,0.9183673469387755,0.1509433962264151
2021-11-08,49,44,5,5,0.8979591836734694,0.18518518518518517
2021-11-09,49,35,14,14,0.7142857142857143,0.4444444444444444
2021-11-10,49,45,4,4,0.9183673469387755,0.1509433962264151
2021-11-11,49,47,2,2,0.9591836734693877,0.0784313725490196
2021-11-12,49,46,3,3,0.9387755102040817,0.11538461538461539
2021-11-15,49,46,3,3,0.9387755102040817,0.11538461538461539
2021-11-16,49,47,2,2,0.9591836734693877,0.0784313725490196
2021-11-17,49,47,2,2,0.9591836734693877,0.0784313725490196
2021-11-18,49,48,1,1,0.9795918367346939,0.04
2021-11-19,49,45,4,4,0.9183673469387755,0.1509433962264151
2021-11-22,49,47,2,2,0.9591836734693877,0.0784313725490196
2021-11-23,49,46,3,3,0.9387755102040817,0.11538461538461539
2021-11-24,49,47,2,2,0.9591836734693877,0.0784313725490196
2021-11-26,49,45,4,4,0.9183673469387755,0.1509433962264151
2021-11-29,49,46,3,3,0.9387755102040817,0.11538461538461539
2021-11-30,49,45,4,4,0.9183673469387755,0.1509433962264151
2021-12-01,49,46,3,3,0.9387755102040817,0.11538461538461539
2021-12-02,49,45,4,4,0.9183673469387755,0.1509433962264151
2021-12-03,49,46,3,3,0.9387755102040817,0.11538461538461539
2021-12-06,49,44,5,5,0.8979591836734694,0.18518518518518517
2021-12-07,49,44,5,5,0.8979591836734694,0.18518518518518517
2021-12-08,49,44,5,5,0.8979591836734694,0.18518518518518517
2021-12-09,49,44,5,5,0.8979591836734694,0.18518518518518517
2021-12-10,49,43,6,6,0.8775510204081632,0.21818181818181817
2021-12-13,49,44,5,5,0.8979591836734694,0.18518518518518517
2021-12-14,49,42,7,7,0.8571428571428571,0.25
2021-12-15,49,48,1,1,0.9795918367346939,0.04
2021-12-16,49,46,3,3,0.9387755102040817,0.11538461538461539
2021-12-17,49,47,2,2,0.9591836734693877,0.0784313725490196
2021-12-20,49,45,4,4,0.9183673469387755,0.1509433962264151
2021-12-21,49,45,4,4,0.9183673469387755,0.1509433962264151
2021-12-22,49,45,4,4,0.9183673469387755,0.1509433962264151
2021-12-23,49,46,3,3,0.9387755102040817,0.11538461538461539
2021-12-27,49,47,2,2,0.9591836734693877,0.0784313725490196
2021-12-28,49,46,3,3,0.9387755102040817,0.11538461538461539
2021-12-29,49,47,2,2,0.9591836734693877,0.0784313725490196
2021-12-30,49,45,4,4,0.9183673469387755,0.1509433962264151
2021-12-31,49,45,4,4,0.9183673469387755,0.1509433962264151
2022-01-03,49,45,4,4,0.9183673469387755,0.1509433962264151
2022-01-04,49,44,5,5,0.8979591836734694,0.18518518518518517
2022-01-05,49,41,8,8,0.8367346938775511,0.2807017543859649
2022-01-06,49,45,4,4,0.9183673469387755,0.1509433962264151
2022-01-07,49,47,2,2,0.9591836734693877,0.0784313725490196
2022-01-10,49,46,3,3,0.9387755102040817,0.11538461538461539
2022-01-11,49,43,6,6,0.8775510204081632,0.21818181818181817
2022-01-12,49,44,5,5,0.8979591836734694,0.18518518518518517
2022-01-13,49,43,6,6,0.8775510204081632,0.21818181818181817
2022-01-14,49,45,4,4,0.9183673469387755,0.1509433962264151
2022-01-18,49,46,3,3,0.9387755102040817,0.11538461538461539
2022-01-19,49,45,4,4,0.9183673469387755,0.1509433962264151
2022-01-20,49,46,3,3,0.9387755102040817,0.11538461538461539
2022-01-21,49,45,4,4,0.9183673469387755,0.1509433962264151
2022-01-24,49,43,6,6,0.8775510204081632,0.21818181818181817
2022-01-25,49,45,4,4,0.9183673469387755,0.1509433962264151
2022-01-26,49,43,6,6,0.8775510204081632,0.21818181818181817
2022-01-27,49,43,6,6,0.8775510204081632,0.21818181818181817
2022-01-28,49,45,4,4,0.9183673469387755,0.1509433962264151
2022-01-31,49,44,5,5,0.8979591836734694,0.18518518518518517
2022-02-01,49,46,3,3,0.9387755102040817,0.11538461538461539
2022-02-02,49,45,4,4,0.9183673469387755,0.1509433962264151
2022-02-03,49,47,2,2,0.9591836734693877,0.0784313725490196
2022-02-04,49,47,2,2,0.9591836734693877,0.0784313725490196
2022-02-07,49,43,6,6,0.8775510204081632,0.21818181818181817
2022-02-08,49,44,5,5,0.8979591836734694,0.18518518518518517
2022-02-09,49,42,7,7,0.8571428571428571,0.25
2022-02-10,49,45,4,4,0.9183673469387755,0.1509433962264151
2022-02-11,49,47,2,2,0.9591836734693877,0.0784313725490196
2022-02-14,49,44,5,5,0.8979591836734694,0.18518518518518517
2022-02-15,49,44,5,5,0.8979591836734694,0.18518518518518517
2022-02-16,49,45,4,4,0.9183673469387755,0.1509433962264151
2022-02-17,49,41,8,8,0.8367346938775511,0.2807017543859649
2022-02-18,49,43,6,6,0.8775510204081632,0.21818181818181817
2022-02-22,49,45,4,4,0.9183673469387755,0.1509433962264151
2022-02-23,49,44,5,5,0.8979591836734694,0.18518518518518517
2022-02-24,49,43,6,6,0.8775510204081632,0.21818181818181817
2022-02-25,49,42,7,7,0.8571428571428571,0.25
2022-02-28,49,43,6,6,0.8775510204081632,0.21818181818181817
2022-03-01,49,45,4,4,0.9183673469387755,0.1509433962264151
2022-03-02,49,41,8,8,0.8367346938775511,0.2807017543859649
2022-03-03,49,45,4,4,0.9183673469387755,0.1509433962264151
2022-03-04,49,45,4,4,0.9183673469387755,0.1509433962264151
2022-03-07,49,46,3,3,0.9387755102040817,0.11538461538461539
2022-03-08,49,44,5,5,0.8979591836734694,0.18518518518518517
2022-03-09,49,47,2,2,0.9591836734693877,0.0784313725490196
2022-03-10,49,45,4,4,0.9183673469387755,0.1509433962264151
2022-03-11,49,44,5,5,0.8979591836734694,0.18518518518518517
2022-03-14,49,45,4,4,0.9183673469387755,0.1509433962264151
2022-03-15,49,43,6,6,0.8775510204081632,0.21818181818181817
2022-03-16,49,46,3,3,0.9387755102040817,0.11538461538461539
2022-03-17,49,46,3,3,0.9387755102040817,0.11538461538461539
2022-03-18,49,47,2,2,0.9591836734693877,0.0784313725490196
2022-03-21,49,45,4,4,0.9183673469387755,0.1509433962264151
2022-03-22,49,47,2,2,0.9591836734693877,0.0784313725490196
2022-03-23,49,48,1,1,0.9795918367346939,0.04
2022-03-24,49,45,4,4,0.9183673469387755,0.1509433962264151
2022-03-25,49,46,3,3,0.9387755102040817,0.11538461538461539
2022-03-28,49,46,3,3,0.9387755102040817,0.11538461538461539
2022-03-29,49,44,5,5,0.8979591836734694,0.18518518518518517
2022-03-30,49,44,5,5,0.8979591836734694,0.18518518518518517
2022-03-31,49,46,3,3,0.9387755102040817,0.11538461538461539
2022-04-01,49,45,4,4,0.9183673469387755,0.1509433962264151
2022-04-04,49,46,3,3,0.9387755102040817,0.11538461538461539
2022-04-05,49,49,0,0,1.0,0.0
2022-04-06,49,48,1,1,0.9795918367346939,0.04
2022-04-07,49,48,1,1,0.9795918367346939,0.04
2022-04-08,49,48,1,1,0.9795918367346939,0.04
2022-04-11,49,47,2,2,0.9591836734693877,0.0784313725490196
2022-04-12,50,45,5,4,0.9183673469387755,0.16666666666666666
2022-04-13,50,47,3,3,0.94,0.11320754716981132
2022-04-14,50,44,6,6,0.88,0.21428571428571427
2022-04-18,50,48,2,2,0.96,0.07692307692307693
2022-04-19,50,45,5,5,0.9,0.18181818181818182
2022-04-20,50,47,3,3,0.94,0.11320754716981132
2022-04-21,50,48,2,2,0.96,0.07692307692307693
2022-04-22,50,48,2,2,0.96,0.07692307692307693
2022-04-25,50,47,3,3,0.94,0.11320754716981132
2022-04-26,50,45,5,5,0.9,0.18181818181818182
2022-04-27,50,49,1,1,0.98,0.0392156862745098
2022-04-28,50,46,4,4,0.92,0.14814814814814814
2022-04-29,50,47,3,3,0.94,0.11320754716981132
2022-05-02,50,48,2,2,0.96,0.07692307692307693
2022-05-03,50,48,2,2,0.96,0.07692307692307693
2022-05-04,50,47,3,3,0.94,0.11320754716981132
2022-05-05,50,46,4,4,0.92,0.14814814814814814
2022-05-06,50,47,3,3,0.94,0.11320754716981132
2022-05-09,50,47,3,3,0.94,0.11320754716981132
2022-05-10,50,47,3,3,0.94,0.11320754716981132
2022-05-11,50,48,2,2,0.96,0.07692307692307693
2022-05-12,50,50,0,0,1.0,0.0
2022-05-13,50,49,1,1,0.98,0.0392156862745098
2022-05-16,50,48,2,2,0.96,0.07692307692307693
2022-05-17,50,48,2,2,0.96,0.07692307692307693
2022-05-18,50,48,2,2,0.96,0.07692307692307693
2022-05-19,50,48,2,2,0.96,0.07692307692307693
2022-05-20,50,47,3,3,0.94,0.11320754716981132
2022-05-23,50,48,2,2,0.96,0.07692307692307693
2022-05-24,50,47,3,3,0.94,0.11320754716981132
2022-05-25,50,49,1,1,0.98,0.0392156862745098
2022-05-26,50,48,2,2,0.96,0.07692307692307693
2022-05-27,50,46,4,4,0.92,0.14814814814814814
2022-05-31,50,46,4,4,0.92,0.14814814814814814
2022-06-01,50,45,5,5,0.9,0.18181818181818182
2022-06-02,50,46,4,4,0.92,0.14814814814814814
2022-06-03,50,46,4,4,0.92,0.14814814814814814
2022-06-06,50,44,6,6,0.88,0.21428571428571427
2022-06-07,50,44,6,6,0.88,0.21428571428571427
2022-06-08,50,47,3,3,0.94,0.11320754716981132
2022-06-09,50,48,2,2,0.96,0.07692307692307693
2022-06-10,50,46,4,4,0.92,0.14814814814814814
2022-06-13,50,47,3,3,0.94,0.11320754716981132
2022-06-14,50,48,2,2,0.96,0.07692307692307693
2022-06-15,50,46,4,4,0.92,0.14814814814814814
2022-06-16,50,46,4,4,0.92,0.14814814814814814
2022-06-17,50,46,4,4,0.92,0.14814814814814814
2022-06-21,50,48,2,2,0.96,0.07692307692307693
2022-06-22,50,47,3,3,0.94,0.11320754716981132
2022-06-23,50,49,1,1,0.98,0.0392156862745098
2022-06-24,50,46,4,4,0.92,0.14814814814814814
2022-06-27,50,48,2,2,0.96,0.07692307692307693
2022-06-28,50,49,1,1,0.98,0.0392156862745098
2022-06-29,50,48,2,2,0.96,0.07692307692307693
2022-06-30,50,50,0,0,1.0,0.0
2022-07-01,50,50,0,0,1.0,0.0
2022-07-05,50,49,1,1,0.98,0.0392156862745098
2022-07-06,50,48,2,2,0.96,0.07692307692307693
2022-07-07,50,48,2,2,0.96,0.07692307692307693
2022-07-08,50,48,2,2,0.96,0.07692307692307693
2022-07-11,50,48,2,2,0.96,0.07692307692307693
2022-07-12,50,49,1,1,0.98,0.0392156862745098
2022-07-13,50,48,2,2,0.96,0.07692307692307693
2022-07-14,50,47,3,3,0.94,0.11320754716981132
2022-07-15,50,49,1,1,0.98,0.0392156862745098
2022-07-18,50,48,2,2,0.96,0.07692307692307693
2022-07-19,50,49,1,1,0.98,0.0392156862745098
2022-07-20,50,47,3,3,0.94,0.11320754716981132
2022-07-21,50,48,2,2,0.96,0.07692307692307693
2022-07-22,50,48,2,2,0.96,0.07692307692307693
2022-07-25,50,49,1,1,0.98,0.0392156862745098
2022-07-26,50,49,1,1,0.98,0.0392156862745098
2022-07-27,50,49,1,1,0.98,0.0392156862745098
2022-07-28,50,48,2,2,0.96,0.07692307692307693
2022-07-29,50,49,1,1,0.98,0.0392156862745098
2022-08-01,50,48,2,2,0.96,0.07692307692307693
2022-08-02,50,47,3,3,0.94,0.11320754716981132
2022-08-03,50,45,5,5,0.9,0.18181818181818182
2022-08-04,50,47,3,3,0.94,0.11320754716981132
2022-08-05,50,47,3,3,0.94,0.11320754716981132
2022-08-08,50,47,3,3,0.94,0.11320754716981132
2022-08-09,50,47,3,3,0.94,0.11320754716981132
2022-08-10,50,47,3,3,0.94,0.11320754716981132
2022-08-11,50,48,2,2,0.96,0.07692307692307693
2022-08-12,50,48,2,2,0.96,0.07692307692307693
2022-08-15,50,48,2,2,0.96,0.07692307692307693
2022-08-16,50,45,5,5,0.9,0.18181818181818182
2022-08-17,50,50,0,0,1.0,0.0
2022-08-18,50,48,2,2,0.96,0.07692307692307693
2022-08-19,50,47,3,3,0.94,0.11320754716981132
2022-08-22,50,47,3,3,0.94,0.11320754716981132
2022-08-23,50,49,1,1,0.98,0.0392156862745098
2022-08-24,50,49,1,1,0.98,0.0392156862745098
2022-08-25,50,48,2,2,0.96,0.07692307692307693
2022-08-26,50,48,2,2,0.96,0.07692307692307693
2022-08-29,50,46,4,4,0.92,0.14814814814814814
2022-08-30,50,48,2,2,0.96,0.07692307692307693
2022-08-31,50,49,1,1,0.98,0.0392156862745098
2022-09-01,50,47,3,3,0.94,0.11320754716981132
2022-09-02,50,47,3,3,0.94,0.11320754716981132
2022-09-06,50,47,3,3,0.94,0.11320754716981132
2022-09-07,50,49,1,1,0.98,0.0392156862745098
2022-09-08,50,49,1,1,0.98,0.0392156862745098
2022-09-09,50,50,0,0,1.0,0.0
2022-09-12,50,48,2,2,0.96,0.07692307692307693
2022-09-13,50,46,4,4,0.92,0.14814814814814814
2022-09-14,50,46,4,4,0.92,0.14814814814814814
2022-09-15,50,47,3,3,0.94,0.11320754716981132
2022-09-16,50,48,2,2,0.96,0.07692307692307693
2022-09-19,50,48,2,2,0.96,0.07692307692307693
2022-09-20,50,48,2,2,0.96,0.07692307692307693
2022-09-21,50,49,1,1,0.98,0.0392156862745098
2022-09-22,50,48,2,2,0.96,0.07692307692307693
2022-09-23,50,47,3,3,0.94,0.11320754716981132
2022-09-26,50,46,4,4,0.92,0.14814814814814814
2022-09-27,50,47,3,3,0.94,0.11320754716981132
2022-09-28,50,48,2,2,0.96,0.07692307692307693
2022-09-29,50,47,3,3,0.94,0.11320754716981132
2022-09-30,50,49,1,1,0.98,0.0392156862745098
2022-10-03,50,47,3,3,0.94,0.11320754716981132
2022-10-04,50,48,2,2,0.96,0.07692307692307693
2022-10-05,50,50,0,0,1.0,0.0
2022-10-06,50,49,1,1,0.98,0.0392156862745098
2022-10-07,50,48,2,2,0.96,0.07692307692307693
2022-10-10,50,47,3,3,0.94,0.11320754716981132
2022-10-11,50,47,3,3,0.94,0.11320754716981132
2022-10-12,50,47,3,3,0.94,0.11320754716981132
2022-10-13,50,47,3,3,0.94,0.11320754716981132
2022-10-14,50,44,6,6,0.88,0.21428571428571427
2022-10-17,50,46,4,4,0.92,0.14814814814814814
2022-10-18,50,47,3,3,0.94,0.11320754716981132
2022-10-19,50,48,2,2,0.96,0.07692307692307693
2022-10-20,50,48,2,2,0.96,0.07692307692307693
2022-10-21,50,46,4,4,0.92,0.14814814814814814
2022-10-24,50,47,3,3,0.94,0.11320754716981132
2022-10-25,50,45,5,5,0.9,0.18181818181818182
2022-10-26,50,45,5,5,0.9,0.18181818181818182
2022-10-27,50,47,3,3,0.94,0.11320754716981132
2022-10-28,50,44,6,6,0.88,0.21428571428571427
2022-10-31,50,47,3,3,0.94,0.11320754716981132
2022-11-01,50,47,3,3,0.94,0.11320754716981132
2022-11-02,50,44,6,6,0.88,0.21428571428571427
2022-11-03,50,47,3,3,0.94,0.11320754716981132
2022-11-04,50,49,1,1,0.98,0.0392156862745098
2022-11-07,50,48,2,2,0.96,0.07692307692307693
2022-11-08,50,48,2,2,0.96,0.07692307692307693
2022-11-09,50,48,2,2,0.96,0.07692307692307693
2022-11-10,50,48,2,2,0.96,0.07692307692307693
2022-11-11,50,49,1,1,0.98,0.0392156862745098
2022-11-14,50,48,2,2,0.96,0.07692307692307693
2022-11-15,50,48,2,2,0.96,0.07692307692307693
2022-11-16,50,49,1,1,0.98,0.0392156862745098
2022-11-17,50,49,1,1,0.98,0.0392156862745098
2022-11-18,50,47,3,3,0.94,0.11320754716981132
2022-11-21,50,48,2,2,0.96,0.07692307692307693
2022-11-22,50,48,2,2,0.96,0.07692307692307693
2022-11-23,50,48,2,2,0.96,0.07692307692307693
2022-11-25,50,48,2,2,0.96,0.07692307692307693
2022-11-28,50,47,3,3,0.94,0.11320754716981132
2022-11-29,50,48,2,2,0.96,0.07692307692307693
2022-11-30,50,46,4,4,0.92,0.14814814814814814
2022-12-01,50,49,1,1,0.98,0.0392156862745098
2022-12-02,50,48,2,2,0.96,0.07692307692307693
2022-12-05,50,49,1,1,0.98,0.0392156862745098
2022-12-06,50,48,2,2,0.96,0.07692307692307693
2022-12-07,50,48,2,2,0.96,0.07692307692307693
2022-12-08,50,49,1,1,0.98,0.0392156862745098
2022-12-09,50,48,2,2,0.96,0.07692307692307693
2022-12-12,50,45,5,5,0.9,0.18181818181818182
2022-12-13,50,47,3,3,0.94,0.11320754716981132
2022-12-14,50,48,2,2,0.96,0.07692307692307693
2022-12-15,50,47,3,3,0.94,0.11320754716981132
2022-12-16,50,47,3,3,0.94,0.11320754716981132
2022-12-19,50,47,3,3,0.94,0.11320754716981132
2022-12-20,50,47,3,3,0.94,0.11320754716981132
2022-12-21,50,47,3,3,0.94,0.11320754716981132
2022-12-22,50,47,3,3,0.94,0.11320754716981132
2022-12-23,50,47,3,3,0.94,0.11320754716981132
2022-12-27,50,48,2,2,0.96,0.07692307692307693
2022-12-28,50,47,3,3,0.94,0.11320754716981132
2022-12-29,50,48,2,2,0.96,0.07692307692307693
2022-12-30,50,47,3,3,0.94,0.11320754716981132
2023-01-03,50,48,2,2,0.96,0.07692307692307693
2023-01-04,50,47,3,3,0.94,0.11320754716981132
2023-01-05,50,48,2,2,0.96,0.07692307692307693
2023-01-06,50,47,3,3,0.94,0.11320754716981132
2023-01-09,50,45,5,5,0.9,0.18181818181818182
2023-01-10,50,47,3,3,0.94,0.11320754716981132
2023-01-11,50,46,4,4,0.92,0.14814814814814814
2023-01-12,50,47,3,3,0.94,0.11320754716981132
2023-01-13,50,47,3,3,0.94,0.11320754716981132
2023-01-17,50,48,2,2,0.96,0.07692307692307693
2023-01-18,50,47,3,3,0.94,0.11320754716981132
2023-01-19,50,46,4,4,0.92,0.14814814814814814
2023-01-20,50,49,1,1,0.98,0.0392156862745098
2023-01-23,50,48,2,2,0.96,0.07692307692307693
2023-01-24,50,49,1,1,0.98,0.0392156862745098
2023-01-25,50,46,4,4,0.92,0.14814814814814814
2023-01-26,50,46,4,4,0.92,0.14814814814814814
2023-01-27,50,47,3,3,0.94,0.11320754716981132
2023-01-30,50,46,4,4,0.92,0.14814814814814814
2023-01-31,50,44,6,6,0.88,0.21428571428571427
2023-02-01,50,47,3,3,0.94,0.11320754716981132
2023-02-02,50,45,5,5,0.9,0.18181818181818182
2023-02-03,50,48,2,2,0.96,0.07692307692307693
2023-02-06,50,43,7,7,0.86,0.24561403508771928
2023-02-07,50,47,3,3,0.94,0.11320754716981132
2023-02-08,50,46,4,4,0.92,0.14814814814814814
2023-02-09,50,49,1,1,0.98,0.0392156862745098
2023-02-10,50,48,2,2,0.96,0.07692307692307693
2023-02-13,50,47,3,3,0.94,0.11320754716981132
2023-02-14,50,46,4,4,0.92,0.14814814814814814
2023-02-15,50,47,3,3,0.94,0.11320754716981132
2023-02-16,50,48,2,2,0.96,0.07692307692307693
2023-02-17,50,46,4,4,0.92,0.14814814814814814
2023-02-21,50,47,3,3,0.94,0.11320754716981132
2023-02-22,50,47,3,3,0.94,0.11320754716981132
2023-02-23,50,48,2,2,0.96,0.07692307692307693
2023-02-24,50,46,4,4,0.92,0.14814814814814814
2023-02-27,50,46,4,4,0.92,0.14814814814814814
2023-02-28,50,49,1,1,0.98,0.0392156862745098
2023-03-01,50,46,4,4,0.92,0.14814814814814814
2023-03-02,50,47,3,3,0.94,0.11320754716981132
2023-03-03,50,47,3,3,0.94,0.11320754716981132
2023-03-06,50,45,5,5,0.9,0.18181818181818182
2023-03-07,50,44,6,6,0.88,0.21428571428571427
2023-03-08,50,42,8,8,0.84,0.27586206896551724
2023-03-09,50,44,6,6,0.88,0.21428571428571427
2023-03-10,50,46,4,4,0.92,0.14814814814814814
2023-03-13,50,48,2,2,0.96,0.07692307692307693
2023-03-14,50,45,5,5,0.9,0.18181818181818182
2023-03-15,50,48,2,2,0.96,0.07692307692307693
2023-03-16,50,48,2,2,0.96,0.07692307692307693
2023-03-17,50,46,4,4,0.92,0.14814814814814814
2023-03-20,50,48,2,2,0.96,0.07692307692307693
2023-03-21,50,46,4,4,0.92,0.14814814814814814
2023-03-22,50,48,2,2,0.96,0.07692307692307693
2023-03-23,50,48,2,2,0.96,0.07692307692307693
2023-03-24,50,48,2,2,0.96,0.07692307692307693
2023-03-27,50,47,3,3,0.94,0.11320754716981132
2023-03-28,50,48,2,2,0.96,0.07692307692307693
2023-03-29,50,47,3,3,0.94,0.11320754716981132
2023-03-30,50,46,4,4,0.92,0.14814814814814814
2023-03-31,50,46,4,4,0.92,0.14814814814814814
2023-04-03,50,48,2,2,0.96,0.07692307692307693
2023-04-04,50,47,3,3,0.94,0.11320754716981132
2023-04-05,50,47,3,3,0.94,0.11320754716981132
2023-04-06,50,46,4,4,0.92,0.14814814814814814
2023-04-10,50,48,2,2,0.96,0.07692307692307693
2023-04-11,50,48,2,2,0.96,0.07692307692307693
2023-04-12,50,45,5,5,0.9,0.18181818181818182
2023-04-13,50,48,2,2,0.96,0.07692307692307693
2023-04-14,50,46,4,4,0.92,0.14814814814814814
2023-04-17,50,47,3,3,0.94,0.11320754716981132
2023-04-18,50,45,5,5,0.9,0.18181818181818182
2023-04-19,50,45,5,5,0.9,0.18181818181818182
2023-04-20,50,45,5,5,0.9,0.18181818181818182
2023-04-21,50,47,3,3,0.94,0.11320754716981132
2023-04-24,50,47,3,3,0.94,0.11320754716981132
2023-04-25,50,47,3,3,0.94,0.11320754716981132
2023-04-26,50,47,3,3,0.94,0.11320754716981132
2023-04-27,50,45,5,5,0.9,0.18181818181818182
2023-04-28,50,47,3,3,0.94,0.11320754716981132
2023-05-01,50,45,5,5,0.9,0.18181818181818182
2023-05-02,50,49,1,1,0.98,0.0392156862745098
2023-05-03,50,47,3,3,0.94,0.11320754716981132
2023-05-04,50,44,6,6,0.88,0.21428571428571427
2023-05-05,50,48,2,2,0.96,0.07692307692307693
2023-05-08,50,48,2,2,0.96,0.07692307692307693
2023-05-09,50,48,2,2,0.96,0.07692307692307693
2023-05-10,50,45,5,5,0.9,0.18181818181818182
2023-05-11,50,47,3,3,0.94,0.11320754716981132
2023-05-12,50,47,3,3,0.94,0.11320754716981132
2023-05-15,50,47,3,3,0.94,0.11320754716981132
2023-05-16,50,46,4,4,0.92,0.14814814814814814
2023-05-17,50,48,2,2,0.96,0.07692307692307693
2023-05-18,50,47,3,3,0.94,0.11320754716981132
2023-05-19,50,45,5,5,0.9,0.18181818181818182
2023-05-22,50,47,3,3,0.94,0.11320754716981132
2023-05-23,50,47,3,3,0.94,0.11320754716981132
2023-05-24,50,46,4,4,0.92,0.14814814814814814
2023-05-25,50,45,5,5,0.9,0.18181818181818182
2023-05-26,50,46,4,4,0.92,0.14814814814814814
2023-05-30,50,46,4,4,0.92,0.14814814814814814
2023-05-31,50,48,2,2,0.96,0.07692307692307693
2023-06-01,50,46,4,4,0.92,0.14814814814814814
2023-06-02,50,45,5,5,0.9,0.18181818181818182
2023-06-05,50,44,6,6,0.88,0.21428571428571427
2023-06-06,50,47,3,3,0.94,0.11320754716981132
2023-06-07,50,47,3,3,0.94,0.11320754716981132
2023-06-08,50,49,1,1,0.98,0.0392156862745098
2023-06-09,50,49,1,1,0.98,0.0392156862745098
2023-06-12,50,47,3,3,0.94,0.11320754716981132
2023-06-13,50,47,3,3,0.94,0.11320754716981132
2023-06-14,50,45,5,5,0.9,0.18181818181818182
2023-06-15,50,47,3,3,0.94,0.11320754716981132
2023-06-16,50,49,1,1,0.98,0.0392156862745098
2023-06-20,50,45,5,5,0.9,0.18181818181818182
2023-06-21,50,47,3,3,0.94,0.11320754716981132
2023-06-22,50,46,4,4,0.92,0.14814814814814814
2023-06-23,50,47,3,3,0.94,0.11320754716981132
2023-06-26,50,47,3,3,0.94,0.11320754716981132
2023-06-27,50,48,2,2,0.96,0.07692307692307693
2023-06-28,50,45,5,5,0.9,0.18181818181818182
2023-06-29,50,47,3,3,0.94,0.11320754716981132
2023-06-30,50,45,5,5,0.9,0.18181818181818182
2023-07-03,50,48,2,2,0.96,0.07692307692307693
2023-07-05,50,47,3,3,0.94,0.11320754716981132
2023-07-06,50,47,3,3,0.94,0.11320754716981132
2023-07-07,50,47,3,3,0.94,0.11320754716981132
2023-07-10,50,47,3,3,0.94,0.11320754716981132
2023-07-11,50,49,1,1,0.98,0.0392156862745098
2023-07-12,50,46,4,4,0.92,0.14814814814814814
2023-07-13,50,48,2,2,0.96,0.07692307692307693
2023-07-14,50,47,3,3,0.94,0.11320754716981132
2023-07-17,50,47,3,3,0.94,0.11320754716981132
2023-07-18,50,48,2,2,0.96,0.07692307692307693
2023-07-19,50,46,4,4,0.92,0.14814814814814814
2023-07-20,50,48,2,2,0.96,0.07692307692307693
2023-07-21,50,47,3,3,0.94,0.11320754716981132
2023-07-24,50,46,4,4,0.92,0.14814814814814814
2023-07-25,50,47,3,3,0.94,0.11320754716981132
2023-07-26,50,49,1,1,0.98,0.0392156862745098
2023-07-27,50,44,6,6,0.88,0.21428571428571427
2023-07-28,50,46,4,4,0.92,0.14814814814814814
2023-07-31,50,48,2,2,0.96,0.07692307692307693
2023-08-01,50,47,3,3,0.94,0.11320754716981132
2023-08-02,50,48,2,2,0.96,0.07692307692307693
2023-08-03,50,47,3,3,0.94,0.11320754716981132
2023-08-04,50,44,6,6,0.88,0.21428571428571427
2023-08-07,50,48,2,2,0.96,0.07692307692307693
2023-08-08,50,45,5,5,0.9,0.18181818181818182
2023-08-09,50,48,2,2,0.96,0.07692307692307693
2023-08-10,50,46,4,4,0.92,0.14814814814814814
2023-08-11,50,47,3,3,0.94,0.11320754716981132
2023-08-14,50,45,5,5,0.9,0.18181818181818182
2023-08-15,50,47,3,3,0.94,0.11320754716981132
2023-08-16,50,48,2,2,0.96,0.07692307692307693
2023-08-17,50,48,2,2,0.96,0.07692307692307693
2023-08-18,50,47,3,3,0.94,0.11320754716981132
2023-08-21,50,46,4,4,0.92,0.14814814814814814
2023-08-22,50,48,2,2,0.96,0.07692307692307693
2023-08-23,50,47,3,3,0.94,0.11320754716981132
2023-08-24,50,45,5,5,0.9,0.18181818181818182
2023-08-25,50,45,5,5,0.9,0.18181818181818182
2023-08-28,50,47,3,3,0.94,0.11320754716981132
2023-08-29,50,45,5,5,0.9,0.18181818181818182
2023-08-30,50,46,4,4,0.92,0.14814814814814814
2023-08-31,50,46,4,4,0.92,0.14814814814814814
2023-09-01,50,47,3,3,0.94,0.11320754716981132
2023-09-05,50,43,7,7,0.86,0.24561403508771928
2023-09-06,50,47,3,3,0.94,0.11320754716981132
2023-09-07,50,46,4,4,0.92,0.14814814814814814
2023-09-08,50,46,4,4,0.92,0.14814814814814814
2023-09-11,50,46,4,4,0.92,0.14814814814814814
2023-09-12,50,48,2,2,0.96,0.07692307692307693
2023-09-13,50,48,2,2,0.96,0.07692307692307693
2023-09-14,50,46,4,4,0.92,0.14814814814814814
2023-09-15,50,47,3,3,0.94,0.11320754716981132
2023-09-18,50,45,5,5,0.9,0.18181818181818182
2023-09-19,50,47,3,3,0.94,0.11320754716981132
2023-09-20,50,47,3,3,0.94,0.11320754716981132
2023-09-21,50,47,3,3,0.94,0.11320754716981132
2023-09-22,50,49,1,1,0.98,0.0392156862745098
2023-09-25,50,46,4,4,0.92,0.14814814814814814
2023-09-26,50,47,3,3,0.94,0.11320754716981132
2023-09-27,50,46,4,4,0.92,0.14814814814814814
2023-09-28,50,46,4,4,0.92,0.14814814814814814
2023-09-29,50,47,3,3,0.94,0.11320754716981132
2023-10-02,50,47,3,3,0.94,0.11320754716981132
2023-10-03,50,48,2,2,0.96,0.07692307692307693
2023-10-04,50,49,1,1,0.98,0.0392156862745098
2023-10-05,50,48,2,2,0.96,0.07692307692307693
2023-10-06,50,46,4,4,0.92,0.14814814814814814
2023-10-09,50,48,2,2,0.96,0.07692307692307693
2023-10-10,50,49,1,1,0.98,0.0392156862745098
2023-10-11,50,47,3,3,0.94,0.11320754716981132
2023-10-12,50,45,5,5,0.9,0.18181818181818182
2023-10-13,50,47,3,3,0.94,0.11320754716981132
2023-10-16,50,45,5,5,0.9,0.18181818181818182
2023-10-17,50,46,4,4,0.92,0.14814814814814814
2023-10-18,50,47,3,3,0.94,0.11320754716981132
2023-10-19,50,50,0,0,1.0,0.0
2023-10-20,50,46,4,4,0.92,0.14814814814814814
2023-10-23,50,48,2,2,0.96,0.07692307692307693
2023-10-24,50,49,1,1,0.98,0.0392156862745098
2023-10-25,50,50,0,0,1.0,0.0
2023-10-26,50,48,2,2,0.96,0.07692307692307693
2023-10-27,50,47,3,3,0.94,0.11320754716981132
2023-10-30,50,46,4,4,0.92,0.14814814814814814
2023-10-31,50,46,4,4,0.92,0.14814814814814814
2023-11-01,50,47,3,3,0.94,0.11320754716981132
2023-11-02,50,47,3,3,0.94,0.11320754716981132
2023-11-03,50,47,3,3,0.94,0.11320754716981132
2023-11-06,50,46,4,4,0.92,0.14814814814814814
2023-11-07,50,45,5,5,0.9,0.18181818181818182
2023-11-08,50,45,5,5,0.9,0.18181818181818182
2023-11-09,50,44,6,6,0.88,0.21428571428571427
2023-11-10,50,45,5,5,0.9,0.18181818181818182
2023-11-13,50,45,5,5,0.9,0.18181818181818182
2023-11-14,50,44,6,6,0.88,0.21428571428571427
2023-11-15,50,48,2,2,0.96,0.07692307692307693
2023-11-16,50,48,2,2,0.96,0.07692307692307693
2023-11-17,50,48,2,2,0.96,0.07692307692307693
2023-11-20,50,48,2,2,0.96,0.07692307692307693
2023-11-21,50,48,2,2,0.96,0.07692307692307693
2023-11-22,50,47,3,3,0.94,0.11320754716981132
2023-11-24,50,47,3,3,0.94,0.11320754716981132
2023-11-27,50,45,5,5,0.9,0.18181818181818182
2023-11-28,50,47,3,3,0.94,0.11320754716981132
2023-11-29,50,49,1,1,0.98,0.0392156862745098
2023-11-30,50,48,2,2,0.96,0.07692307692307693
2023-12-01,50,46,4,4,0.92,0.14814814814814814
2023-12-04,50,47,3,3,0.94,0.11320754716981132
2023-12-05,50,48,2,2,0.96,0.07692307692307693
2023-12-06,50,48,2,2,0.96,0.07692307692307693
2023-12-07,50,47,3,3,0.94,0.11320754716981132
2023-12-08,50,46,4,4,0.92,0.14814814814814814
2023-12-11,50,47,3,3,0.94,0.11320754716981132
2023-12-12,50,47,3,3,0.94,0.11320754716981132
2023-12-13,50,48,2,2,0.96,0.07692307692307693
2023-12-14,50,48,2,2,0.96,0.07692307692307693
2023-12-15,50,48,2,2,0.96,0.07692307692307693
2023-12-18,50,45,5,5,0.9,0.18181818181818182
2023-12-19,50,47,3,3,0.94,0.11320754716981132
2023-12-20,50,48,2,2,0.96,0.07692307692307693
2023-12-21,50,47,3,3,0.94,0.11320754716981132
2023-12-22,50,48,2,2,0.96,0.07692307692307693
2023-12-26,50,48,2,2,0.96,0.07692307692307693
2023-12-27,50,48,2,2,0.96,0.07692307692307693
2023-12-28,50,47,3,3,0.94,0.11320754716981132
2023-12-29,50,45,5,5,0.9,0.18181818181818182
2024-01-02,50,47,3,3,0.94,0.11320754716981132
2024-01-03,50,47,3,3,0.94,0.11320754716981132
2024-01-04,50,49,1,1,0.98,0.0392156862745098
2024-01-05,50,46,4,4,0.92,0.14814814814814814
2024-01-08,50,49,1,1,0.98,0.0392156862745098
2024-01-09,50,48,2,2,0.96,0.07692307692307693
2024-01-10,50,48,2,2,0.96,0.07692307692307693
2024-01-11,50,48,2,2,0.96,0.07692307692307693
2024-01-12,50,45,5,5,0.9,0.18181818181818182
2024-01-16,50,47,3,3,0.94,0.11320754716981132
2024-01-17,50,45,5,5,0.9,0.18181818181818182
2024-01-18,50,46,4,4,0.92,0.14814814814814814
2024-01-19,50,48,2,2,0.96,0.07692307692307693
2024-01-22,50,48,2,2,0.96,0.07692307692307693
2024-01-23,50,49,1,1,0.98,0.0392156862745098
2024-01-24,50,49,1,1,0.98,0.0392156862745098
2024-01-25,50,48,2,2,0.96,0.07692307692307693
2024-01-26,50,48,2,2,0.96,0.07692307692307693
2024-01-29,50,49,1,1,0.98,0.0392156862745098
2024-01-30,50,47,3,3,0.94,0.11320754716981132
2024-01-31,50,49,1,1,0.98,0.0392156862745098
2024-02-01,50,46,4,4,0.92,0.14814814814814814
2024-02-02,50,46,4,4,0.92,0.14814814814814814
2024-02-05,50,46,4,4,0.92,0.14814814814814814
2024-02-06,50,46,4,4,0.92,0.14814814814814814
2024-02-07,50,47,3,3,0.94,0.11320754716981132
2024-02-08,50,47,3,3,0.94,0.11320754716981132
2024-02-09,50,48,2,2,0.96,0.07692307692307693
2024-02-12,50,46,4,4,0.92,0.14814814814814814
2024-02-13,50,47,3,3,0.94,0.11320754716981132
2024-02-14,50,47,3,3,0.94,0.11320754716981132
2024-02-15,50,47,3,3,0.94,0.11320754716981132
2024-02-16,50,47,3,3,0.94,0.11320754716981132
2024-02-20,50,47,3,3,0.94,0.11320754716981132
2024-02-21,50,48,2,2,0.96,0.07692307692307693
2024-02-22,50,50,0,0,1.0,0.0
2024-02-23,50,48,2,2,0.96,0.07692307692307693
2024-02-26,50,48,2,2,0.96,0.07692307692307693
2024-02-27,50,47,3,3,0.94,0.11320754716981132
2024-02-28,50,48,2,2,0.96,0.07692307692307693
2024-02-29,50,49,1,1,0.98,0.0392156862745098
2024-03-01,50,49,1,1,0.98,0.0392156862745098
2024-03-04,50,48,2,2,0.96,0.07692307692307693
2024-03-05,50,47,3,3,0.94,0.11320754716981132
2024-03-06,50,47,3,3,0.94,0.11320754716981132
2024-03-07,50,47,3,3,0.94,0.11320754716981132
2024-03-08,50,47,3,3,0.94,0.11320754716981132
2024-03-11,50,45,5,5,0.9,0.18181818181818182
2024-03-12,50,48,2,2,0.96,0.07692307692307693
2024-03-13,50,45,5,5,0.9,0.18181818181818182
2024-03-14,50,48,2,2,0.96,0.07692307692307693
2024-03-15,50,45,5,5,0.9,0.18181818181818182
2024-03-18,50,47,3,3,0.94,0.11320754716981132
2024-03-19,50,48,2,2,0.96,0.07692307692307693
2024-03-20,50,48,2,2,0.96,0.07692307692307693
2024-03-21,50,48,2,2,0.96,0.07692307692307693
2024-03-22,50,50,0,0,1.0,0.0
2024-03-25,50,46,4,4,0.92,0.14814814814814814
2024-03-26,50,47,3,3,0.94,0.11320754716981132
2024-03-27,50,47,3,3,0.94,0.11320754716981132
2024-03-28,50,45,5,5,0.9,0.18181818181818182
2024-04-01,50,47,3,3,0.94,0.11320754716981132
2024-04-02,50,47,3,3,0.94,0.11320754716981132
2024-04-03,50,49,1,1,0.98,0.0392156862745098
2024-04-04,50,47,3,3,0.94,0.11320754716981132
2024-04-05,50,46,4,4,0.92,0.14814814814814814
2024-04-08,50,48,2,2,0.96,0.07692307692307693
2024-04-09,50,49,1,1,0.98,0.0392156862745098
2024-04-10,50,49,1,1,0.98,0.0392156862745098
2024-04-11,50,48,2,2,0.96,0.07692307692307693
2024-04-12,50,48,2,2,0.96,0.07692307692307693
2024-04-15,50,48,2,2,0.96,0.07692307692307693
2024-04-16,50,48,2,2,0.96,0.07692307692307693
2024-04-17,50,48,2,2,0.96,0.07692307692307693
2024-04-18,50,48,2,2,0.96,0.07692307692307693
2024-04-19,50,49,1,1,0.98,0.0392156862745098
2024-04-22,50,48,2,2,0.96,0.07692307692307693
2024-04-23,50,49,1,1,0.98,0.0392156862745098
2024-04-24,50,49,1,1,0.98,0.0392156862745098
2024-04-25,50,48,2,2,0.96,0.07692307692307693
2024-04-26,50,47,3,3,0.94,0.11320754716981132
2024-04-29,50,48,2,2,0.96,0.07692307692307693
2024-04-30,50,48,2,2,0.96,0.07692307692307693
2024-05-01,50,46,4,4,0.92,0.14814814814814814
2024-05-02,50,48,2,2,0.96,0.07692307692307693
2024-05-03,50,48,2,2,0.96,0.07692307692307693
2024-05-06,50,47,3,3,0.94,0.11320754716981132
2024-05-07,50,48,2,2,0.96,0.07692307692307693
2024-05-08,50,47,3,3,0.94,0.11320754716981132
2024-05-09,50,46,4,4,0.92,0.14814814814814814
2024-05-10,50,47,3,3,0.94,0.11320754716981132
2024-05-13,50,46,4,4,0.92,0.14814814814814814
2024-05-14,50,49,1,1,0.98,0.0392156862745098
2024-05-15,50,47,3,3,0.94,0.11320754716981132
2024-05-16,50,46,4,4,0.92,0.14814814814814814
2024-05-17,50,47,3,3,0.94,0.11320754716981132
2024-05-20,50,47,3,3,0.94,0.11320754716981132
2024-05-21,50,49,1,1,0.98,0.0392156862745098
2024-05-22,50,48,2,2,0.96,0.07692307692307693
2024-05-23,50,46,4,4,0.92,0.14814814814814814
2024-05-24,50,47,3,3,0.94,0.11320754716981132
2024-05-28,50,47,3,3,0.94,0.11320754716981132
2024-05-29,50,46,4,4,0.92,0.14814814814814814
2024-05-30,50,46,4,4,0.92,0.14814814814814814
2024-05-31,50,47,3,3,0.94,0.11320754716981132
2024-06-03,50,47,3,3,0.94,0.11320754716981132
2024-06-04,50,47,3,3,0.94,0.11320754716981132
2024-06-05,50,49,1,1,0.98,0.0392156862745098
2024-06-06,50,47,3,3,0.94,0.11320754716981132
2024-06-07,50,48,2,2,0.96,0.07692307692307693
2024-06-10,50,47,3,3,0.94,0.11320754716981132
2024-06-11,50,49,1,1,0.98,0.0392156862745098
2024-06-12,50,48,2,2,0.96,0.07692307692307693
2024-06-13,50,48,2,2,0.96,0.07692307692307693
2024-06-14,50,48,2,2,0.96,0.07692307692307693
2024-06-17,50,49,1,1,0.98,0.0392156862745098
2024-06-18,50,48,2,2,0.96,0.07692307692307693
2024-06-20,50,47,3,3,0.94,0.11320754716981132
2024-06-21,50,47,3,3,0.94,0.11320754716981132
2024-06-24,50,47,3,3,0.94,0.11320754716981132
2024-06-25,50,49,1,1,0.98,0.0392156862745098
2024-06-26,50,48,2,2,0.96,0.07692307692307693
2024-06-27,50,48,2,2,0.96,0.07692307692307693
2024-06-28,50,46,4,4,0.92,0.14814814814814814
2024-07-01,50,47,3,3,0.94,0.11320754716981132
2024-07-02,50,47,3,3,0.94,0.11320754716981132
2024-07-03,50,47,3,3,0.94,0.11320754716981132
2024-07-05,50,48,2,2,0.96,0.07692307692307693
2024-07-08,50,48,2,2,0.96,0.07692307692307693
2024-07-09,50,45,5,5,0.9,0.18181818181818182
2024-07-10,50,48,2,2,0.96,0.07692307692307693
2024-07-11,50,46,4,4,0.92,0.14814814814814814
2024-07-12,50,50,0,0,1.0,0.0
2024-07-15,50,47,3,3,0.94,0.11320754716981132
2024-07-16,50,50,0,0,1.0,0.0
2024-07-17,50,49,1,1,0.98,0.0392156862745098
2024-07-18,50,48,2,2,0.96,0.07692307692307693
2024-07-19,50,49,1,1,0.98,0.0392156862745098
2024-07-22,50,48,2,2,0.96,0.07692307692307693
2024-07-23,50,49,1,1,0.98,0.0392156862745098
2024-07-24,50,49,1,1,0.98,0.0392156862745098
2024-07-25,50,48,2,2,0.96,0.07692307692307693
2024-07-26,50,48,2,2,0.96,0.07692307692307693
2024-07-29,50,48,2,2,0.96,0.07692307692307693
2024-07-30,50,46,4,4,0.92,0.14814814814814814
2024-07-31,50,48,2,2,0.96,0.07692307692307693
2024-08-01,50,47,3,3,0.94,0.11320754716981132
2024-08-02,50,49,1,1,0.98,0.0392156862745098
2024-08-05,50,48,2,2,0.96,0.07692307692307693
2024-08-06,50,47,3,3,0.94,0.11320754716981132
2024-08-07,50,49,1,1,0.98,0.0392156862745098
2024-08-08,50,48,2,2,0.96,0.07692307692307693
2024-08-09,50,48,2,2,0.96,0.07692307692307693
2024-08-12,50,50,0,0,1.0,0.0
2024-08-13,50,47,3,3,0.94,0.11320754716981132
2024-08-14,50,46,4,4,0.92,0.14814814814814814
2024-08-15,50,44,6,6,0.88,0.21428571428571427
2024-08-16,50,47,3,3,0.94,0.11320754716981132
2024-08-19,50,44,6,6,0.88,0.21428571428571427
2024-08-20,50,47,3,3,0.94,0.11320754716981132
2024-08-21,50,47,3,3,0.94,0.11320754716981132
2024-08-22,50,46,4,4,0.92,0.14814814814814814
2024-08-23,50,45,5,5,0.9,0.18181818181818182
2024-08-26,50,44,6,6,0.88,0.21428571428571427
2024-08-27,50,47,3,3,0.94,0.11320754716981132
2024-08-28,50,43,7,7,0.86,0.24561403508771928
2024-08-29,50,45,5,5,0.9,0.18181818181818182
2024-08-30,50,44,6,6,0.88,0.21428571428571427
2024-09-03,50,46,4,4,0.92,0.14814814814814814
2024-09-04,50,47,3,3,0.94,0.11320754716981132
2024-09-05,50,47,3,3,0.94,0.11320754716981132
2024-09-06,50,47,3,3,0.94,0.11320754716981132
2024-09-09,50,44,6,6,0.88,0.21428571428571427
2024-09-10,50,45,5,5,0.9,0.18181818181818182
2024-09-11,50,46,4,4,0.92,0.14814814814814814
2024-09-12,50,45,5,5,0.9,0.18181818181818182
2024-09-13,50,46,4,4,0.92,0.14814814814814814
2024-09-16,50,47,3,3,0.94,0.11320754716981132
2024-09-17,50,49,1,1,0.98,0.0392156862745098
2024-09-18,50,48,2,2,0.96,0.07692307692307693
2024-09-19,50,48,2,2,0.96,0.07692307692307693
2024-09-20,50,47,3,3,0.94,0.11320754716981132
2024-09-23,50,47,3,3,0.94,0.11320754716981132
2024-09-24,50,47,3,3,0.94,0.11320754716981132
2024-09-25,50,48,2,2,0.96,0.07692307692307693
2024-09-26,50,49,1,1,0.98,0.0392156862745098
2024-09-27,50,47,3,3,0.94,0.11320754716981132
2024-09-30,50,47,3,3,0.94,0.11320754716981132
2024-10-01,50,47,3,3,0.94,0.11320754716981132
2024-10-02,50,45,5,5,0.9,0.18181818181818182
2024-10-03,50,48,2,2,0.96,0.07692307692307693
2024-10-04,50,48,2,2,0.96,0.07692307692307693
2024-10-07,50,46,4,4,0.92,0.14814814814814814
2024-10-08,50,47,3,3,0.94,0.11320754716981132
2024-10-09,50,47,3,3,0.94,0.11320754716981132
2024-10-10,50,47,3,3,0.94,0.11320754716981132
2024-10-11,50,47,3,3,0.94,0.11320754716981132
2024-10-14,50,46,4,4,0.92,0.14814814814814814
2024-10-15,50,46,4,4,0.92,0.14814814814814814
2024-10-16,50,48,2,2,0.96,0.07692307692307693
2024-10-17,50,47,3,3,0.94,0.11320754716981132
2024-10-18,50,45,5,5,0.9,0.18181818181818182
2024-10-21,50,48,2,2,0.96,0.07692307692307693
2024-10-22,50,46,4,4,0.92,0.14814814814814814
2024-10-23,50,47,3,3,0.94,0.11320754716981132
2024-10-24,50,47,3,3,0.94,0.11320754716981132
2024-10-25,50,44,6,6,0.88,0.21428571428571427
2024-10-28,50,46,4,4,0.92,0.14814814814814814
2024-10-29,50,46,4,4,0.92,0.14814814814814814
2024-10-30,50,45,5,5,0.9,0.18181818181818182
2024-10-31,50,47,3,3,0.94,0.11320754716981132
2024-11-01,50,45,5,5,0.9,0.18181818181818182
2024-11-04,50,45,5,5,0.9,0.18181818181818182
2024-11-05,50,47,3,3,0.94,0.11320754716981132
2024-11-06,50,47,3,3,0.94,0.11320754716981132
2024-11-07,50,47,3,3,0.94,0.11320754716981132
2024-11-08,50,48,2,2,0.96,0.07692307692307693
2024-11-11,50,48,2,2,0.96,0.07692307692307693
2024-11-12,50,49,1,1,0.98,0.0392156862745098
2024-11-13,50,46,4,4,0.92,0.14814814814814814
2024-11-14,50,44,6,6,0.88,0.21428571428571427
2024-11-15,50,47,3,3,0.94,0.11320754716981132
2024-11-18,50,45,5,5,0.9,0.18181818181818182
2024-11-19,50,47,3,3,0.94,0.11320754716981132
2024-11-20,50,49,1,1,0.98,0.0392156862745098
2024-11-21,50,46,4,4,0.92,0.14814814814814814
2024-11-22,50,45,5,5,0.9,0.18181818181818182
2024-11-25,50,46,4,4,0.92,0.14814814814814814
2024-11-26,50,46,4,4,0.92,0.14814814814814814
2024-11-27,50,45,5,5,0.9,0.18181818181818182
2024-11-29,50,46,4,4,0.92,0.14814814814814814
2024-12-02,50,47,3,3,0.94,0.11320754716981132
2024-12-03,50,48,2,2,0.96,0.07692307692307693
2024-12-04,50,49,1,1,0.98,0.0392156862745098
2024-12-05,50,48,2,2,0.96,0.07692307692307693
2024-12-06,50,43,7,7,0.86,0.24561403508771928
2024-12-09,50,46,4,4,0.92,0.14814814814814814
2024-12-10,50,48,2,2,0.96,0.07692307692307693
2024-12-11,50,48,2,2,0.96,0.07692307692307693
2024-12-12,50,46,4,4,0.92,0.14814814814814814
2024-12-13,50,47,3,3,0.94,0.11320754716981132
2024-12-16,50,47,3,3,0.94,0.11320754716981132
2024-12-17,50,47,3,3,0.94,0.11320754716981132
2024-12-18,50,47,3,3,0.94,0.11320754716981132
2024-12-19,50,46,4,4,0.92,0.14814814814814814
2024-12-20,50,48,2,2,0.96,0.07692307692307693
2024-12-23,50,49,1,1,0.98,0.0392156862745098
2024-12-24,50,47,3,3,0.94,0.11320754716981132
2024-12-26,50,47,3,3,0.94,0.11320754716981132
2024-12-27,50,48,2,2,0.96,0.07692307692307693
2024-12-30,50,48,2,2,0.96,0.07692307692307693
2024-12-31,50,49,1,1,0.98,0.0392156862745098
2025-01-02,50,46,4,4,0.92,0.14814814814814814
2025-01-03,50,46,4,4,0.92,0.14814814814814814
2025-01-06,50,48,2,2,0.96,0.07692307692307693
2025-01-07,50,49,1,1,0.98,0.0392156862745098
2025-01-08,50,47,3,3,0.94,0.11320754716981132
2025-01-10,50,46,4,4,0.92,0.14814814814814814
2025-01-13,50,46,4,4,0.92,0.14814814814814814
2025-01-14,50,47,3,3,0.94,0.11320754716981132
2025-01-15,50,47,3,3,0.94,0.11320754716981132
2025-01-16,50,48,2,2,0.96,0.07692307692307693
2025-01-17,50,49,1,1,0.98,0.0392156862745098
2025-01-21,50,48,2,2,0.96,0.07692307692307693
2025-01-22,50,46,4,4,0.92,0.14814814814814814
2025-01-23,50,48,2,2,0.96,0.07692307692307693
2025-01-24,50,48,2,2,0.96,0.07692307692307693
2025-01-27,50,48,2,2,0.96,0.07692307692307693
2025-01-28,50,48,2,2,0.96,0.07692307692307693
2025-01-29,50,48,2,2,0.96,0.07692307692307693
2025-01-30,50,49,1,1,0.98,0.0392156862745098
2025-01-31,50,49,1,1,0.98,0.0392156862745098
2025-02-03,50,49,1,1,0.98,0.0392156862745098
2025-02-04,50,48,2,2,0.96,0.07692307692307693
2025-02-05,50,47,3,3,0.94,0.11320754716981132
2025-02-06,50,49,1,1,0.98,0.0392156862745098
2025-02-07,50,47,3,3,0.94,0.11320754716981132
2025-02-10,50,47,3,3,0.94,0.11320754716981132
2025-02-11,50,45,5,5,0.9,0.18181818181818182
2025-02-12,50,48,2,2,0.96,0.07692307692307693
2025-02-13,50,48,2,2,0.96,0.07692307692307693
2025-02-14,50,47,3,3,0.94,0.11320754716981132
2025-02-18,50,45,5,5,0.9,0.18181818181818182
2025-02-19,50,48,2,2,0.96,0.07692307692307693
2025-02-20,50,48,2,2,0.96,0.07692307692307693
2025-02-21,50,46,4,4,0.92,0.14814814814814814
2025-02-24,50,49,1,1,0.98,0.0392156862745098
2025-02-25,50,48,2,2,0.96,0.07692307692307693
2025-02-26,50,42,8,8,0.84,0.27586206896551724
2025-02-27,50,46,4,4,0.92,0.14814814814814814
2025-02-28,50,48,2,2,0.96,0.07692307692307693
2025-03-03,50,48,2,2,0.96,0.07692307692307693
2025-03-04,50,48,2,2,0.96,0.07692307692307693
2025-03-05,50,48,2,2,0.96,0.07692307692307693
2025-03-06,50,48,2,2,0.96,0.07692307692307693
2025-03-07,50,47,3,3,0.94,0.11320754716981132
2025-03-10,50,49,1,1,0.98,0.0392156862745098
2025-03-11,50,48,2,2,0.96,0.07692307692307693
2025-03-12,50,47,3,3,0.94,0.11320754716981132
2025-03-13,50,47,3,3,0.94,0.11320754716981132
2025-03-14,50,46,4,4,0.92,0.14814814814814814
2025-03-17,50,47,3,3,0.94,0.11320754716981132
2025-03-18,50,48,2,2,0.96,0.07692307692307693
2025-03-19,50,48,2,2,0.96,0.07692307692307693
2025-03-20,50,48,2,2,0.96,0.07692307692307693
2025-03-21,50,48,2,2,0.96,0.07692307692307693
2025-03-24,50,46,4,4,0.92,0.14814814814814814
2025-03-25,50,47,3,3,0.94,0.11320754716981132
2025-03-26,50,48,2,2,0.96,0.07692307692307693
2025-03-27,50,47,3,3,0.94,0.11320754716981132
2025-03-28,50,48,2,2,0.96,0.07692307692307693
2025-03-31,50,47,3,3,0.94,0.11320754716981132
2025-04-01,50,47,3,3,0.94,0.11320754716981132
2025-04-02,50,46,4,4,0.92,0.14814814814814814
2025-04-03,50,49,1,1,0.98,0.0392156862745098
2025-04-04,50,47,3,3,0.94,0.11320754716981132
2025-04-07,50,45,5,5,0.9,0.18181818181818182
2025-04-08,50,45,5,5,0.9,0.18181818181818182
2025-04-09,50,45,5,5,0.9,0.18181818181818182
2025-04-10,50,45,5,5,0.9,0.18181818181818182
2025-04-11,50,48,2,2,0.96,0.07692307692307693
2025-04-14,50,48,2,2,0.96,0.07692307692307693
2025-04-15,50,47,3,3,0.94,0.11320754716981132
2025-04-16,50,45,5,5,0.9,0.18181818181818182
2025-04-17,50,48,2,2,0.96,0.07692307692307693
2025-04-21,50,50,0,0,1.0,0.0
2025-04-22,50,47,3,3,0.94,0.11320754716981132
2025-04-23,50,46,4,4,0.92,0.14814814814814814
2025-04-24,50,48,2,2,0.96,0.07692307692307693
2025-04-25,50,45,5,5,0.9,0.18181818181818182
2025-04-28,50,48,2,2,0.96,0.07692307692307693
2025-04-29,50,49,1,1,0.98,0.0392156862745098
2025-04-30,50,48,2,2,0.96,0.07692307692307693
2025-05-01,50,48,2,2,0.96,0.07692307692307693
2025-05-02,50,47,3,3,0.94,0.11320754716981132
2025-05-05,50,45,5,5,0.9,0.18181818181818182
2025-05-06,50,46,4,4,0.92,0.14814814814814814
2025-05-07,50,48,2,2,0.96,0.07692307692307693
2025-05-08,50,45,5,5,0.9,0.18181818181818182
2025-05-09,50,40,10,10,0.8,0.3333333333333333
2025-05-12,50,44,6,6,0.88,0.21428571428571427
2025-05-13,50,47,3,3,0.94,0.11320754716981132
2025-05-14,50,49,1,1,0.98,0.0392156862745098
2025-05-15,50,49,1,1,0.98,0.0392156862745098
2025-05-16,50,47,3,3,0.94,0.11320754716981132
2025-05-19,50,47,3,3,0.94,0.11320754716981132
2025-05-20,50,48,2,2,0.96,0.07692307692307693
2025-05-21,50,46,4,4,0.92,0.14814814814814814
2025-05-22,50,47,3,3,0.94,0.11320754716981132
2025-05-23,50,47,3,3,0.94,0.11320754716981132
2025-05-27,50,47,3,3,0.94,0.11320754716981132
2025-05-28,50,47,3,3,0.94,0.11320754716981132
2025-05-29,50,48,2,2,0.96,0.07692307692307693
2025-05-30,50,49,1,1,0.98,0.0392156862745098
2025-06-02,50,46,4,4,0.92,0.14814814814814814
2025-06-03,50,45,5,5,0.9,0.18181818181818182
2025-06-04,50,46,4,4,0.92,0.14814814814814814
2025-06-05,50,48,2,2,0.96,0.07692307692307693
2025-06-06,50,46,4,4,0.92,0.14814814814814814
2025-06-09,50,46,4,4,0.92,0.14814814814814814
2025-06-10,50,48,2,2,0.96,0.07692307692307693
2025-06-11,50,45,5,5,0.9,0.18181818181818182
2025-06-12,50,48,2,2,0.96,0.07692307692307693
2025-06-13,50,48,2,2,0.96,0.07692307692307693
2025-06-16,50,47,3,3,0.94,0.11320754716981132
2025-06-17,50,47,3,3,0.94,0.11320754716981132
2025-06-18,50,47,3,3,0.94,0.11320754716981132
2025-06-20,50,47,3,3,0.94,0.11320754716981132
2025-06-23,50,48,2,2,0.96,0.07692307692307693
2025-06-24,50,49,1,1,0.98,0.0392156862745098
2025-06-25,50,49,1,1,0.98,0.0392156862745098
2025-06-26,50,45,5,5,0.9,0.18181818181818182
2025-06-27,50,47,3,3,0.94,0.11320754716981132
2025-06-30,50,48,2,2,0.96,0.07692307692307693
2025-07-01,50,49,1,1,0.98,0.0392156862745098
2025-07-02,50,48,2,2,0.96,0.07692307692307693
2025-07-03,50,48,2,2,0.96,0.07692307692307693
2025-07-07,50,48,2,2,0.96,0.07692307692307693
2025-07-08,50,47,3,3,0.94,0.11320754716981132
2025-07-09,50,48,2,2,0.96,0.07692307692307693
2025-07-10,50,47,3,3,0.94,0.11320754716981132
2025-07-11,50,48,2,2,0.96,0.07692307692307693
2025-07-14,50,48,2,2,0.96,0.07692307692307693
2025-07-15,50,48,2,2,0.96,0.07692307692307693
2025-07-16,50,45,5,5,0.9,0.18181818181818182
2025-07-17,50,47,3,3,0.94,0.11320754716981132
2025-07-18,50,46,4,4,0.92,0.14814814814814814
2025-07-21,50,45,5,5,0.9,0.18181818181818182
2025-07-22,50,47,3,3,0.94,0.11320754716981132
2025-07-23,50,46,4,4,0.92,0.14814814814814814
2025-07-24,50,49,1,1,0.98,0.0392156862745098
2025-07-25,50,49,1,1,0.98,0.0392156862745098
2025-07-28,50,47,3,3,0.94,0.11320754716981132
2025-07-29,50,46,4,4,0.92,0.14814814814814814
2025-07-30,50,48,2,2,0.96,0.07692307692307693
2025-07-31,50,48,2,2,0.96,0.07692307692307693
2025-08-01,50,44,6,6,0.88,0.21428571428571427
2025-08-04,50,47,3,3,0.94,0.11320754716981132
2025-08-05,50,46,4,4,0.92,0.14814814814814814
2025-08-06,50,45,5,5,0.9,0.18181818181818182
2025-08-07,50,47,3,3,0.94,0.11320754716981132
2025-08-08,50,47,3,3,0.94,0.11320754716981132
2025-08-11,50,45,5,5,0.9,0.18181818181818182
2025-08-12,50,47,3,3,0.94,0.11320754716981132
2025-08-13,50,46,4,4,0.92,0.14814814814814814
2025-08-14,50,47,3,3,0.94,0.11320754716981132
2025-08-15,50,46,4,4,0.92,0.14814814814814814
2025-08-18,50,48,2,2,0.96,0.07692307692307693
2025-08-19,50,47,3,3,0.94,0.11320754716981132
2025-08-20,50,48,2,2,0.96,0.07692307692307693
2025-08-21,50,47,3,3,0.94,0.11320754716981132
2025-08-22,50,48,2,2,0.96,0.07692307692307693
2025-08-25,50,48,2,2,0.96,0.07692307692307693
2025-08-26,50,48,2,2,0.96,0.07692307692307693
2025-08-27,50,47,3,3,0.94,0.11320754716981132
2025-08-28,50,47,3,3,0.94,0.11320754716981132
2025-08-29,50,47,3,3,0.94,0.11320754716981132
2025-09-02,50,47,3,3,0.94,0.11320754716981132
2025-09-03,50,47,3,3,0.94,0.11320754716981132
2025-09-04,50,48,2,2,0.96,0.07692307692307693
2025-09-05,50,46,4,4,0.92,0.14814814814814814
2025-09-08,50,46,4,4,0.92,0.14814814814814814
2025-09-09,50,49,1,1,0.98,0.0392156862745098
2025-09-10,50,48,2,2,0.96,0.07692307692307693
2025-09-11,50,48,2,2,0.96,0.07692307692307693
2025-09-12,50,45,5,5,0.9,0.18181818181818182
2025-09-15,50,48,2,2,0.96,0.07692307692307693
2025-09-16,50,49,1,1,0.98,0.0392156862745098
2025-09-17,50,47,3,3,0.94,0.11320754716981132
2025-09-18,50,48,2,2,0.96,0.07692307692307693
2025-09-19,50,48,2,2,0.96,0.07692307692307693
2025-09-22,50,48,2,2,0.96,0.07692307692307693
2025-09-23,50,46,4,4,0.92,0.14814814814814814
2025-09-24,50,47,3,3,0.94,0.11320754716981132
2025-09-25,50,47,3,3,0.94,0.11320754716981132
2025-09-26,50,47,3,3,0.94,0.11320754716981132
2025-09-29,50,48,2,2,0.96,0.07692307692307693
2025-09-30,50,48,2,2,0.96,0.07692307692307693
2025-10-01,50,48,2,2,0.96,0.07692307692307693
2025-10-02,50,48,2,2,0.96,0.07692307692307693
2025-10-03,50,49,1,1,0.98,0.0392156862745098
2025-10-06,50,47,3,3,0.94,0.11320754716981132
2025-10-07,50,48,2,2,0.96,0.07692307692307693
2025-10-08,50,46,4,4,0.92,0.14814814814814814
2025-10-09,50,44,6,6,0.88,0.21428571428571427
2025-10-10,50,47,3,3,0.94,0.11320754716981132
2025-10-13,50,45,5,5,0.9,0.18181818181818182
2025-10-14,50,49,1,1,0.98,0.0392156862745098
2025-10-15,50,46,4,4,0.92,0.14814814814814814
2025-10-16,50,47,3,3,0.94,0.11320754716981132
2025-10-17,50,45,5,5,0.9,0.18181818181818182
2025-10-20,50,49,1,1,0.98,0.0392156862745098
2025-10-21,50,46,4,4,0.92,0.14814814814814814
2025-10-22,50,47,3,3,0.94,0.11320754716981132
2025-10-23,50,47,3,3,0.94,0.11320754716981132
2025-10-24,50,47,3,3,0.94,0.11320754716981132
2025-10-27,50,48,2,2,0.96,0.07692307692307693
2025-10-28,50,48,2,2,0.96,0.07692307692307693
2025-10-29,50,48,2,2,0.96,0.07692307692307693
2025-10-30,50,48,2,2,0.96,0.07692307692307693
2025-10-31,50,48,2,2,0.96,0.07692307692307693
2025-11-03,50,47,3,3,0.94,0.11320754716981132
2025-11-04,50,44,6,6,0.88,0.21428571428571427
2025-11-05,50,49,1,1,0.98,0.0392156862745098
2025-11-06,50,46,4,4,0.92,0.14814814814814814
2025-11-07,50,47,3,3,0.94,0.11320754716981132
2025-11-10,50,44,6,6,0.88,0.21428571428571427
2025-11-11,50,45,5,5,0.9,0.18181818181818182
2025-11-12,50,46,4,4,0.92,0.14814814814814814
2025-11-13,50,46,4,4,0.92,0.14814814814814814
2025-11-14,50,49,1,1,0.98,0.0392156862745098
2025-11-17,50,49,1,1,0.98,0.0392156862745098
2025-11-18,50,47,3,3,0.94,0.11320754716981132
2025-11-19,50,48,2,2,0.96,0.07692307692307693
2025-11-20,50,47,3,3,0.94,0.11320754716981132
2025-11-21,50,49,1,1,0.98,0.0392156862745098
2025-11-24,50,49,1,1,0.98,0.0392156862745098
2025-11-25,50,50,0,0,1.0,0.0
2025-11-26,50,48,2,2,0.96,0.07692307692307693
2025-11-28,50,45,5,5,0.9,0.18181818181818182
2025-12-01,50,45,5,5,0.9,0.18181818181818182
2025-12-02,50,47,3,3,0.94,0.11320754716981132
2025-12-03,50,48,2,2,0.96,0.07692307692307693
2025-12-04,50,46,4,4,0.92,0.14814814814814814
2025-12-05,50,47,3,3,0.94,0.11320754716981132
2025-12-08,50,47,3,3,0.94,0.11320754716981132
2025-12-09,50,48,2,2,0.96,0.07692307692307693
2025-12-10,50,48,2,2,0.96,0.07692307692307693
2025-12-11,50,46,4,4,0.92,0.14814814814814814
2025-12-12,50,47,3,3,0.94,0.11320754716981132
2025-12-15,50,46,4,4,0.92,0.14814814814814814
2025-12-16,50,47,3,3,0.94,0.11320754716981132
2025-12-17,50,48,2,2,0.96,0.07692307692307693
2025-12-18,50,45,5,5,0.9,0.18181818181818182
2025-12-19,50,47,3,3,0.94,0.11320754716981132
2025-12-22,50,44,6,6,0.88,0.21428571428571427
2025-12-23,50,46,4,4,0.92,0.14814814814814814
2025-12-24,50,46,4,4,0.92,0.14814814814814814
2025-12-26,50,48,2,2,0.96,0.07692307692307693
2025-12-29,50,47,3,3,0.94,0.11320754716981132
2025-12-30,50,48,2,2,0.96,0.07692307692307693
