rebalance_signal_date,symbol,eligibility_reason
2022-01-31,A,eligible
2022-01-31,AA,eligible
2022-01-31,AAAP,missing_or_invalid_current_price
2022-01-31,AAC.U,missing_or_invalid_current_price
2022-01-31,AACB,missing_or_invalid_current_price
2022-01-31,AACBR,missing_or_invalid_current_price
2022-01-31,AACBU,missing_or_invalid_current_price
2022-01-31,AACG,missing_or_invalid_t_minus_252_price
2022-01-31,AACI,missing_or_invalid_current_price
2022-01-31,AACIU,missing_or_invalid_current_price
2022-01-31,AACIW,missing_or_invalid_current_price
2022-01-31,AACO,missing_or_invalid_current_price
2022-01-31,AACOU,missing_or_invalid_current_price
2022-01-31,AACOW,missing_or_invalid_current_price
2022-01-31,AACP,missing_or_invalid_current_price
2022-01-31,AACPR,missing_or_invalid_current_price
2022-01-31,AACPU,missing_or_invalid_current_price
2022-01-31,AACPW,missing_or_invalid_current_price
2022-01-31,AADR,missing_or_invalid_t_minus_21_price
2022-01-31,AADX,missing_or_invalid_current_price
2022-01-31,AAEQ,missing_or_invalid_current_price
2022-01-31,AAL,eligible
2022-01-31,AALG,missing_or_invalid_current_price
2022-01-31,AAME,missing_or_invalid_current_price
2022-01-31,AAMI,eligible
2022-01-31,AAOI,eligible
2022-01-31,AAON,eligible
2022-01-31,AAP,eligible
2022-01-31,AAPB,missing_or_invalid_current_price
2022-01-31,AAPD,missing_or_invalid_current_price
2022-01-31,AAPG,missing_or_invalid_current_price
2022-01-31,AAPL,eligible
2022-01-31,AAPU,missing_or_invalid_current_price
2022-01-31,AARD,missing_or_invalid_current_price
2022-01-31,AAT,eligible
2022-01-31,AAUB,missing_or_invalid_current_price
2022-01-31,AAUC,missing_or_invalid_current_price
2022-01-31,AAUS,missing_or_invalid_current_price
2022-01-31,AAVM,missing_or_invalid_t_minus_252_price
2022-01-31,AAXJ,eligible
2022-01-31,AB,eligible
2022-01-31,ABAT,missing_or_invalid_current_price
2022-01-31,ABBV,eligible
2022-01-31,ABCB,eligible
2022-01-31,ABCL,eligible
2022-01-31,ABCS,missing_or_invalid_current_price
2022-01-31,ABEO,eligible
2022-01-31,ABEV,eligible
2022-01-31,ABG,eligible
2022-01-31,ABI,missing_or_invalid_current_price
2022-01-31,ABIG,missing_or_invalid_current_price
2022-01-31,ABLV,missing_or_invalid_current_price
2022-01-31,ABLVW,missing_or_invalid_current_price
2022-01-31,ABM,eligible
2022-01-31,ABNB,eligible
2022-01-31,ABOS,missing_or_invalid_t_minus_252_price
2022-01-31,ABR,eligible
2022-01-31,ABR.PRD,missing_or_invalid_t_minus_21_price
2022-01-31,ABR.PRE,missing_or_invalid_t_minus_21_price
2022-01-31,ABR.PRF,missing_or_invalid_t_minus_21_price
2022-01-31,ABSI,missing_or_invalid_t_minus_252_price
2022-01-31,ABT,eligible
2022-01-31,ABTC,eligible
2022-01-31,ABTS,eligible
2022-01-31,ABUS,eligible
2022-01-31,ABVC,missing_or_invalid_t_minus_21_price
2022-01-31,ABVX,missing_or_invalid_current_price
2022-01-31,ABX,missing_or_invalid_current_price
2022-01-31,ABXL,missing_or_invalid_current_price
2022-01-31,ACA,eligible
2022-01-31,ACAA,missing_or_invalid_current_price
2022-01-31,ACAAU,missing_or_invalid_current_price
2022-01-31,ACAAW,missing_or_invalid_current_price
2022-01-31,ACAD,eligible
2022-01-31,ACB,eligible
2022-01-31,ACCL,missing_or_invalid_current_price
2022-01-31,ACCO,eligible
2022-01-31,ACCS,eligible
2022-01-31,ACDC,missing_or_invalid_current_price
2022-01-31,ACEL,eligible
2022-01-31,ACEP,missing_or_invalid_current_price
2022-01-31,ACET,eligible
2022-01-31,ACFN,missing_or_invalid_current_price
2022-01-31,ACGC,missing_or_invalid_current_price
2022-01-31,ACGCU,missing_or_invalid_current_price
2022-01-31,ACGCW,missing_or_invalid_current_price
2022-01-31,ACGL,eligible
2022-01-31,ACGLN,missing_or_invalid_t_minus_21_price
2022-01-31,ACGLO,eligible
2022-01-31,ACH,eligible
2022-01-31,ACHC,eligible
2022-01-31,ACHR,eligible
2022-01-31,ACHR.WS,missing_or_invalid_t_minus_252_price
2022-01-31,ACHV,eligible
2022-01-31,ACI,eligible
2022-01-31,ACIC,eligible
2022-01-31,ACIU,eligible
2022-01-31,ACIW,eligible
2022-01-31,ACLO,missing_or_invalid_current_price
2022-01-31,ACLS,eligible
2022-02-28,A,eligible
2022-02-28,AA,eligible
2022-02-28,AAAP,missing_or_invalid_current_price
2022-02-28,AAC.U,missing_or_invalid_t_minus_21_price
2022-02-28,AACB,missing_or_invalid_current_price
2022-02-28,AACBR,missing_or_invalid_current_price
2022-02-28,AACBU,missing_or_invalid_current_price
2022-02-28,AACG,eligible
2022-02-28,AACI,missing_or_invalid_current_price
2022-02-28,AACIU,missing_or_invalid_current_price
2022-02-28,AACIW,missing_or_invalid_current_price
2022-02-28,AACO,missing_or_invalid_current_price
2022-02-28,AACOU,missing_or_invalid_current_price
2022-02-28,AACOW,missing_or_invalid_current_price
2022-02-28,AACP,missing_or_invalid_current_price
2022-02-28,AACPR,missing_or_invalid_current_price
2022-02-28,AACPU,missing_or_invalid_current_price
2022-02-28,AACPW,missing_or_invalid_current_price
2022-02-28,AADR,missing_or_invalid_t_minus_252_price
2022-02-28,AADX,missing_or_invalid_current_price
2022-02-28,AAEQ,missing_or_invalid_current_price
2022-02-28,AAL,eligible
2022-02-28,AALG,missing_or_invalid_current_price
2022-02-28,AAME,missing_or_invalid_current_price
2022-02-28,AAMI,eligible
2022-02-28,AAOI,eligible
2022-02-28,AAON,eligible
2022-02-28,AAP,eligible
2022-02-28,AAPB,missing_or_invalid_current_price
2022-02-28,AAPD,missing_or_invalid_current_price
2022-02-28,AAPG,missing_or_invalid_current_price
2022-02-28,AAPL,eligible
2022-02-28,AAPU,missing_or_invalid_current_price
2022-02-28,AARD,missing_or_invalid_current_price
2022-02-28,AAT,eligible
2022-02-28,AAUB,missing_or_invalid_current_price
2022-02-28,AAUC,missing_or_invalid_current_price
2022-02-28,AAUS,missing_or_invalid_current_price
2022-02-28,AAVM,missing_or_invalid_current_price
2022-02-28,AAXJ,eligible
2022-02-28,AB,eligible
2022-02-28,ABAT,missing_or_invalid_current_price
2022-02-28,ABBV,eligible
2022-02-28,ABCB,eligible
2022-02-28,ABCL,eligible
2022-02-28,ABCS,missing_or_invalid_current_price
2022-02-28,ABEO,eligible
2022-02-28,ABEV,eligible
2022-02-28,ABG,eligible
2022-02-28,ABI,missing_or_invalid_current_price
2022-02-28,ABIG,missing_or_invalid_current_price
2022-02-28,ABLV,missing_or_invalid_current_price
2022-02-28,ABLVW,missing_or_invalid_current_price
2022-02-28,ABM,eligible
2022-02-28,ABNB,eligible
2022-02-28,ABOS,missing_or_invalid_t_minus_252_price
2022-02-28,ABR,eligible
2022-02-28,ABR.PRD,missing_or_invalid_t_minus_252_price
2022-02-28,ABR.PRE,missing_or_invalid_t_minus_252_price
2022-02-28,ABR.PRF,missing_or_invalid_t_minus_252_price
2022-02-28,ABSI,missing_or_invalid_t_minus_252_price
2022-02-28,ABT,eligible
2022-02-28,ABTC,eligible
2022-02-28,ABTS,eligible
2022-02-28,ABUS,eligible
2022-02-28,ABVC,missing_or_invalid_t_minus_252_price
2022-02-28,ABVX,missing_or_invalid_current_price
2022-02-28,ABX,eligible
2022-02-28,ABXL,missing_or_invalid_current_price
2022-02-28,ACA,eligible
2022-02-28,ACAA,missing_or_invalid_current_price
2022-02-28,ACAAU,missing_or_invalid_current_price
2022-02-28,ACAAW,missing_or_invalid_current_price
2022-02-28,ACAD,eligible
2022-02-28,ACB,eligible
2022-02-28,ACCL,missing_or_invalid_current_price
2022-02-28,ACCO,eligible
2022-02-28,ACCS,eligible
2022-02-28,ACDC,missing_or_invalid_current_price
2022-02-28,ACEL,eligible
2022-02-28,ACEP,missing_or_invalid_current_price
2022-02-28,ACET,eligible
2022-02-28,ACFN,missing_or_invalid_current_price
2022-02-28,ACGC,missing_or_invalid_current_price
2022-02-28,ACGCU,missing_or_invalid_current_price
2022-02-28,ACGCW,missing_or_invalid_current_price
2022-02-28,ACGL,eligible
2022-02-28,ACGLN,missing_or_invalid_t_minus_252_price
2022-02-28,ACGLO,missing_or_invalid_t_minus_252_price
2022-02-28,ACH,eligible
2022-02-28,ACHC,eligible
2022-02-28,ACHR,eligible
2022-02-28,ACHR.WS,missing_or_invalid_current_price
2022-02-28,ACHV,eligible
2022-02-28,ACI,eligible
2022-02-28,ACIC,eligible
2022-02-28,ACIU,eligible
2022-02-28,ACIW,eligible
2022-02-28,ACLO,missing_or_invalid_current_price
2022-02-28,ACLS,eligible
2022-03-31,A,eligible
2022-03-31,AA,eligible
2022-03-31,AAAP,missing_or_invalid_current_price
2022-03-31,AAC.U,missing_or_invalid_current_price
2022-03-31,AACB,missing_or_invalid_current_price
2022-03-31,AACBR,missing_or_invalid_current_price
2022-03-31,AACBU,missing_or_invalid_current_price
2022-03-31,AACG,missing_or_invalid_t_minus_21_price
2022-03-31,AACI,missing_or_invalid_t_minus_21_price
2022-03-31,AACIU,missing_or_invalid_current_price
2022-03-31,AACIW,missing_or_invalid_current_price
2022-03-31,AACO,missing_or_invalid_current_price
2022-03-31,AACOU,missing_or_invalid_current_price
2022-03-31,AACOW,missing_or_invalid_current_price
2022-03-31,AACP,missing_or_invalid_current_price
2022-03-31,AACPR,missing_or_invalid_current_price
2022-03-31,AACPU,missing_or_invalid_current_price
2022-03-31,AACPW,missing_or_invalid_current_price
2022-03-31,AADR,missing_or_invalid_current_price
2022-03-31,AADX,missing_or_invalid_current_price
2022-03-31,AAEQ,missing_or_invalid_current_price
2022-03-31,AAL,eligible
2022-03-31,AALG,missing_or_invalid_current_price
2022-03-31,AAME,missing_or_invalid_current_price
2022-03-31,AAMI,eligible
2022-03-31,AAOI,eligible
2022-03-31,AAON,eligible
2022-03-31,AAP,eligible
2022-03-31,AAPB,missing_or_invalid_current_price
2022-03-31,AAPD,missing_or_invalid_current_price
2022-03-31,AAPG,missing_or_invalid_current_price
2022-03-31,AAPL,eligible
2022-03-31,AAPU,missing_or_invalid_current_price
2022-03-31,AARD,missing_or_invalid_current_price
2022-03-31,AAT,eligible
2022-03-31,AAUB,missing_or_invalid_current_price
2022-03-31,AAUC,missing_or_invalid_current_price
2022-03-31,AAUS,missing_or_invalid_current_price
2022-03-31,AAVM,missing_or_invalid_current_price
2022-03-31,AAXJ,eligible
2022-03-31,AB,eligible
2022-03-31,ABAT,missing_or_invalid_current_price
2022-03-31,ABBV,eligible
2022-03-31,ABCB,eligible
2022-03-31,ABCL,eligible
2022-03-31,ABCS,missing_or_invalid_current_price
2022-03-31,ABEO,eligible
2022-03-31,ABEV,eligible
2022-03-31,ABG,eligible
2022-03-31,ABI,missing_or_invalid_current_price
2022-03-31,ABIG,missing_or_invalid_current_price
2022-03-31,ABLV,missing_or_invalid_current_price
2022-03-31,ABLVW,missing_or_invalid_current_price
2022-03-31,ABM,eligible
2022-03-31,ABNB,eligible
2022-03-31,ABOS,missing_or_invalid_t_minus_252_price
2022-03-31,ABR,eligible
2022-03-31,ABR.PRD,missing_or_invalid_t_minus_21_price
2022-03-31,ABR.PRE,missing_or_invalid_t_minus_252_price
2022-03-31,ABR.PRF,missing_or_invalid_t_minus_252_price
2022-03-31,ABSI,missing_or_invalid_t_minus_252_price
2022-03-31,ABT,eligible
2022-03-31,ABTC,eligible
2022-03-31,ABTS,eligible
2022-03-31,ABUS,eligible
2022-03-31,ABVC,missing_or_invalid_t_minus_21_price
2022-03-31,ABVX,missing_or_invalid_current_price
2022-03-31,ABX,missing_or_invalid_t_minus_21_price
2022-03-31,ABXL,missing_or_invalid_current_price
2022-03-31,ACA,eligible
2022-03-31,ACAA,missing_or_invalid_current_price
2022-03-31,ACAAU,missing_or_invalid_current_price
2022-03-31,ACAAW,missing_or_invalid_current_price
2022-03-31,ACAD,eligible
2022-03-31,ACB,eligible
2022-03-31,ACCL,missing_or_invalid_current_price
2022-03-31,ACCO,eligible
2022-03-31,ACCS,missing_or_invalid_t_minus_21_price
2022-03-31,ACDC,missing_or_invalid_current_price
2022-03-31,ACEL,eligible
2022-03-31,ACEP,missing_or_invalid_current_price
2022-03-31,ACET,eligible
2022-03-31,ACFN,missing_or_invalid_current_price
2022-03-31,ACGC,missing_or_invalid_current_price
2022-03-31,ACGCU,missing_or_invalid_current_price
2022-03-31,ACGCW,missing_or_invalid_current_price
2022-03-31,ACGL,eligible
2022-03-31,ACGLN,missing_or_invalid_t_minus_252_price
2022-03-31,ACGLO,eligible
2022-03-31,ACH,eligible
2022-03-31,ACHC,eligible
2022-03-31,ACHR,eligible
2022-03-31,ACHR.WS,missing_or_invalid_current_price
2022-03-31,ACHV,eligible
2022-03-31,ACI,eligible
2022-03-31,ACIC,eligible
2022-03-31,ACIU,eligible
2022-03-31,ACIW,eligible
2022-03-31,ACLO,missing_or_invalid_current_price
2022-03-31,ACLS,eligible
2022-04-29,A,eligible
2022-04-29,AA,eligible
2022-04-29,AAAP,missing_or_invalid_current_price
2022-04-29,AAC.U,eligible
2022-04-29,AACB,missing_or_invalid_current_price
2022-04-29,AACBR,missing_or_invalid_current_price
2022-04-29,AACBU,missing_or_invalid_current_price
2022-04-29,AACG,missing_or_invalid_current_price
2022-04-29,AACI,missing_or_invalid_current_price
2022-04-29,AACIU,missing_or_invalid_current_price
2022-04-29,AACIW,missing_or_invalid_current_price
2022-04-29,AACO,missing_or_invalid_current_price
2022-04-29,AACOU,missing_or_invalid_current_price
2022-04-29,AACOW,missing_or_invalid_current_price
2022-04-29,AACP,missing_or_invalid_current_price
2022-04-29,AACPR,missing_or_invalid_current_price
2022-04-29,AACPU,missing_or_invalid_current_price
2022-04-29,AACPW,missing_or_invalid_current_price
2022-04-29,AADR,missing_or_invalid_current_price
2022-04-29,AADX,missing_or_invalid_current_price
2022-04-29,AAEQ,missing_or_invalid_current_price
2022-04-29,AAL,eligible
2022-04-29,AALG,missing_or_invalid_current_price
2022-04-29,AAME,missing_or_invalid_current_price
2022-04-29,AAMI,eligible
2022-04-29,AAOI,eligible
2022-04-29,AAON,eligible
2022-04-29,AAP,eligible
2022-04-29,AAPB,missing_or_invalid_current_price
2022-04-29,AAPD,missing_or_invalid_current_price
2022-04-29,AAPG,missing_or_invalid_current_price
2022-04-29,AAPL,eligible
2022-04-29,AAPU,missing_or_invalid_current_price
2022-04-29,AARD,missing_or_invalid_current_price
2022-04-29,AAT,eligible
2022-04-29,AAUB,missing_or_invalid_current_price
2022-04-29,AAUC,missing_or_invalid_current_price
2022-04-29,AAUS,missing_or_invalid_current_price
2022-04-29,AAVM,eligible
2022-04-29,AAXJ,eligible
2022-04-29,AB,eligible
2022-04-29,ABAT,missing_or_invalid_current_price
2022-04-29,ABBV,eligible
2022-04-29,ABCB,eligible
2022-04-29,ABCL,eligible
2022-04-29,ABCS,missing_or_invalid_current_price
2022-04-29,ABEO,eligible
2022-04-29,ABEV,eligible
2022-04-29,ABG,eligible
2022-04-29,ABI,missing_or_invalid_current_price
2022-04-29,ABIG,missing_or_invalid_current_price
2022-04-29,ABLV,missing_or_invalid_current_price
2022-04-29,ABLVW,missing_or_invalid_current_price
2022-04-29,ABM,eligible
2022-04-29,ABNB,eligible
2022-04-29,ABOS,missing_or_invalid_t_minus_252_price
2022-04-29,ABR,eligible
2022-04-29,ABR.PRD,missing_or_invalid_t_minus_21_price
2022-04-29,ABR.PRE,missing_or_invalid_t_minus_252_price
2022-04-29,ABR.PRF,missing_or_invalid_t_minus_252_price
2022-04-29,ABSI,missing_or_invalid_t_minus_252_price
2022-04-29,ABT,eligible
2022-04-29,ABTC,eligible
2022-04-29,ABTS,eligible
2022-04-29,ABUS,eligible
2022-04-29,ABVC,missing_or_invalid_t_minus_252_price
2022-04-29,ABVX,missing_or_invalid_current_price
2022-04-29,ABX,eligible
2022-04-29,ABXL,missing_or_invalid_current_price
2022-04-29,ACA,eligible
2022-04-29,ACAA,missing_or_invalid_current_price
2022-04-29,ACAAU,missing_or_invalid_current_price
2022-04-29,ACAAW,missing_or_invalid_current_price
2022-04-29,ACAD,eligible
2022-04-29,ACB,eligible
2022-04-29,ACCL,missing_or_invalid_current_price
2022-04-29,ACCO,eligible
2022-04-29,ACCS,missing_or_invalid_t_minus_21_price
2022-04-29,ACDC,missing_or_invalid_current_price
2022-04-29,ACEL,eligible
2022-04-29,ACEP,missing_or_invalid_current_price
2022-04-29,ACET,eligible
2022-04-29,ACFN,missing_or_invalid_current_price
2022-04-29,ACGC,missing_or_invalid_current_price
2022-04-29,ACGCU,missing_or_invalid_current_price
2022-04-29,ACGCW,missing_or_invalid_current_price
2022-04-29,ACGL,eligible
2022-04-29,ACGLN,missing_or_invalid_t_minus_252_price
2022-04-29,ACGLO,missing_or_invalid_t_minus_252_price
2022-04-29,ACH,eligible
2022-04-29,ACHC,eligible
2022-04-29,ACHR,eligible
2022-04-29,ACHR.WS,missing_or_invalid_t_minus_252_price
2022-04-29,ACHV,eligible
2022-04-29,ACI,eligible
2022-04-29,ACIC,eligible
2022-04-29,ACIU,eligible
2022-04-29,ACIW,eligible
2022-04-29,ACLO,missing_or_invalid_current_price
2022-04-29,ACLS,eligible
2022-05-31,A,eligible
2022-05-31,AA,eligible
2022-05-31,AAAP,missing_or_invalid_current_price
2022-05-31,AAC.U,missing_or_invalid_current_price
2022-05-31,AACB,missing_or_invalid_current_price
2022-05-31,AACBR,missing_or_invalid_current_price
2022-05-31,AACBU,missing_or_invalid_current_price
2022-05-31,AACG,missing_or_invalid_current_price
2022-05-31,AACI,missing_or_invalid_current_price
2022-05-31,AACIU,missing_or_invalid_current_price
2022-05-31,AACIW,missing_or_invalid_current_price
2022-05-31,AACO,missing_or_invalid_current_price
2022-05-31,AACOU,missing_or_invalid_current_price
2022-05-31,AACOW,missing_or_invalid_current_price
2022-05-31,AACP,missing_or_invalid_current_price
2022-05-31,AACPR,missing_or_invalid_current_price
2022-05-31,AACPU,missing_or_invalid_current_price
2022-05-31,AACPW,missing_or_invalid_current_price
2022-05-31,AADR,missing_or_invalid_current_price
2022-05-31,AADX,missing_or_invalid_current_price
2022-05-31,AAEQ,missing_or_invalid_current_price
2022-05-31,AAL,eligible
2022-05-31,AALG,missing_or_invalid_current_price
2022-05-31,AAME,missing_or_invalid_current_price
2022-05-31,AAMI,eligible
2022-05-31,AAOI,eligible
2022-05-31,AAON,eligible
2022-05-31,AAP,eligible
2022-05-31,AAPB,missing_or_invalid_current_price
2022-05-31,AAPD,missing_or_invalid_current_price
2022-05-31,AAPG,missing_or_invalid_current_price
2022-05-31,AAPL,eligible
2022-05-31,AAPU,missing_or_invalid_current_price
2022-05-31,AARD,missing_or_invalid_current_price
2022-05-31,AAT,eligible
2022-05-31,AAUB,missing_or_invalid_current_price
2022-05-31,AAUC,missing_or_invalid_current_price
2022-05-31,AAUS,missing_or_invalid_current_price
2022-05-31,AAVM,missing_or_invalid_current_price
2022-05-31,AAXJ,eligible
2022-05-31,AB,eligible
2022-05-31,ABAT,missing_or_invalid_current_price
2022-05-31,ABBV,eligible
2022-05-31,ABCB,eligible
2022-05-31,ABCL,eligible
2022-05-31,ABCS,missing_or_invalid_current_price
2022-05-31,ABEO,eligible
2022-05-31,ABEV,eligible
2022-05-31,ABG,eligible
2022-05-31,ABI,missing_or_invalid_current_price
2022-05-31,ABIG,missing_or_invalid_current_price
2022-05-31,ABLV,missing_or_invalid_current_price
2022-05-31,ABLVW,missing_or_invalid_current_price
2022-05-31,ABM,eligible
2022-05-31,ABNB,eligible
2022-05-31,ABOS,missing_or_invalid_t_minus_252_price
2022-05-31,ABR,eligible
2022-05-31,ABR.PRD,missing_or_invalid_t_minus_252_price
2022-05-31,ABR.PRE,missing_or_invalid_t_minus_252_price
2022-05-31,ABR.PRF,missing_or_invalid_t_minus_252_price
2022-05-31,ABSI,missing_or_invalid_t_minus_252_price
2022-05-31,ABT,eligible
2022-05-31,ABTC,eligible
2022-05-31,ABTS,eligible
2022-05-31,ABUS,eligible
2022-05-31,ABVC,missing_or_invalid_current_price
2022-05-31,ABVX,missing_or_invalid_current_price
2022-05-31,ABX,eligible
2022-05-31,ABXL,missing_or_invalid_current_price
2022-05-31,ACA,eligible
2022-05-31,ACAA,missing_or_invalid_current_price
2022-05-31,ACAAU,missing_or_invalid_current_price
2022-05-31,ACAAW,missing_or_invalid_current_price
2022-05-31,ACAD,eligible
2022-05-31,ACB,eligible
2022-05-31,ACCL,missing_or_invalid_current_price
2022-05-31,ACCO,eligible
2022-05-31,ACCS,eligible
2022-05-31,ACDC,missing_or_invalid_t_minus_21_price
2022-05-31,ACEL,eligible
2022-05-31,ACEP,missing_or_invalid_current_price
2022-05-31,ACET,eligible
2022-05-31,ACFN,missing_or_invalid_current_price
2022-05-31,ACGC,missing_or_invalid_current_price
2022-05-31,ACGCU,missing_or_invalid_current_price
2022-05-31,ACGCW,missing_or_invalid_current_price
2022-05-31,ACGL,eligible
2022-05-31,ACGLN,missing_or_invalid_t_minus_252_price
2022-05-31,ACGLO,missing_or_invalid_t_minus_252_price
2022-05-31,ACH,eligible
2022-05-31,ACHC,eligible
2022-05-31,ACHR,eligible
2022-05-31,ACHR.WS,missing_or_invalid_current_price
2022-05-31,ACHV,eligible
2022-05-31,ACI,eligible
2022-05-31,ACIC,eligible
2022-05-31,ACIU,eligible
2022-05-31,ACIW,eligible
2022-05-31,ACLO,missing_or_invalid_current_price
2022-05-31,ACLS,eligible
2022-06-30,A,eligible
2022-06-30,AA,eligible
2022-06-30,AAAP,missing_or_invalid_current_price
2022-06-30,AAC.U,missing_or_invalid_current_price
2022-06-30,AACB,missing_or_invalid_current_price
2022-06-30,AACBR,missing_or_invalid_current_price
2022-06-30,AACBU,missing_or_invalid_current_price
2022-06-30,AACG,missing_or_invalid_current_price
2022-06-30,AACI,missing_or_invalid_current_price
2022-06-30,AACIU,missing_or_invalid_current_price
2022-06-30,AACIW,missing_or_invalid_current_price
2022-06-30,AACO,missing_or_invalid_current_price
2022-06-30,AACOU,missing_or_invalid_current_price
2022-06-30,AACOW,missing_or_invalid_current_price
2022-06-30,AACP,missing_or_invalid_current_price
2022-06-30,AACPR,missing_or_invalid_current_price
2022-06-30,AACPU,missing_or_invalid_current_price
2022-06-30,AACPW,missing_or_invalid_current_price
2022-06-30,AADR,missing_or_invalid_current_price
2022-06-30,AADX,missing_or_invalid_current_price
2022-06-30,AAEQ,missing_or_invalid_current_price
2022-06-30,AAL,eligible
2022-06-30,AALG,missing_or_invalid_current_price
2022-06-30,AAME,missing_or_invalid_current_price
2022-06-30,AAMI,eligible
2022-06-30,AAOI,eligible
2022-06-30,AAON,eligible
2022-06-30,AAP,eligible
2022-06-30,AAPB,missing_or_invalid_current_price
2022-06-30,AAPD,missing_or_invalid_current_price
2022-06-30,AAPG,missing_or_invalid_current_price
2022-06-30,AAPL,eligible
2022-06-30,AAPU,missing_or_invalid_current_price
2022-06-30,AARD,missing_or_invalid_current_price
2022-06-30,AAT,eligible
2022-06-30,AAUB,missing_or_invalid_current_price
2022-06-30,AAUC,missing_or_invalid_current_price
2022-06-30,AAUS,missing_or_invalid_current_price
2022-06-30,AAVM,missing_or_invalid_current_price
2022-06-30,AAXJ,eligible
2022-06-30,AB,eligible
2022-06-30,ABAT,missing_or_invalid_current_price
2022-06-30,ABBV,eligible
2022-06-30,ABCB,eligible
2022-06-30,ABCL,eligible
2022-06-30,ABCS,missing_or_invalid_current_price
2022-06-30,ABEO,eligible
2022-06-30,ABEV,eligible
2022-06-30,ABG,eligible
2022-06-30,ABI,missing_or_invalid_current_price
2022-06-30,ABIG,missing_or_invalid_current_price
2022-06-30,ABLV,missing_or_invalid_current_price
2022-06-30,ABLVW,missing_or_invalid_current_price
2022-06-30,ABM,eligible
2022-06-30,ABNB,eligible
2022-06-30,ABOS,missing_or_invalid_t_minus_252_price
2022-06-30,ABR,eligible
2022-06-30,ABR.PRD,eligible
2022-06-30,ABR.PRE,missing_or_invalid_current_price
2022-06-30,ABR.PRF,missing_or_invalid_t_minus_252_price
2022-06-30,ABSI,missing_or_invalid_t_minus_252_price
2022-06-30,ABT,eligible
2022-06-30,ABTC,eligible
2022-06-30,ABTS,eligible
2022-06-30,ABUS,eligible
2022-06-30,ABVC,missing_or_invalid_t_minus_21_price
2022-06-30,ABVX,missing_or_invalid_current_price
2022-06-30,ABX,missing_or_invalid_current_price
2022-06-30,ABXL,missing_or_invalid_current_price
2022-06-30,ACA,eligible
2022-06-30,ACAA,missing_or_invalid_current_price
2022-06-30,ACAAU,missing_or_invalid_current_price
2022-06-30,ACAAW,missing_or_invalid_current_price
2022-06-30,ACAD,eligible
2022-06-30,ACB,eligible
2022-06-30,ACCL,missing_or_invalid_current_price
2022-06-30,ACCO,eligible
2022-06-30,ACCS,missing_or_invalid_t_minus_252_price
2022-06-30,ACDC,missing_or_invalid_t_minus_252_price
2022-06-30,ACEL,eligible
2022-06-30,ACEP,missing_or_invalid_current_price
2022-06-30,ACET,eligible
2022-06-30,ACFN,missing_or_invalid_current_price
2022-06-30,ACGC,missing_or_invalid_current_price
2022-06-30,ACGCU,missing_or_invalid_current_price
2022-06-30,ACGCW,missing_or_invalid_current_price
2022-06-30,ACGL,eligible
2022-06-30,ACGLN,eligible
2022-06-30,ACGLO,eligible
2022-06-30,ACH,eligible
2022-06-30,ACHC,eligible
2022-06-30,ACHR,eligible
2022-06-30,ACHR.WS,missing_or_invalid_t_minus_21_price
2022-06-30,ACHV,eligible
2022-06-30,ACI,eligible
2022-06-30,ACIC,eligible
2022-06-30,ACIU,eligible
2022-06-30,ACIW,eligible
2022-06-30,ACLO,missing_or_invalid_current_price
2022-06-30,ACLS,eligible
2022-07-29,A,eligible
2022-07-29,AA,eligible
2022-07-29,AAAP,missing_or_invalid_current_price
2022-07-29,AAC.U,missing_or_invalid_t_minus_21_price
2022-07-29,AACB,missing_or_invalid_current_price
2022-07-29,AACBR,missing_or_invalid_current_price
2022-07-29,AACBU,missing_or_invalid_current_price
2022-07-29,AACG,eligible
2022-07-29,AACI,missing_or_invalid_current_volume
2022-07-29,AACIU,missing_or_invalid_current_price
2022-07-29,AACIW,missing_or_invalid_current_volume
2022-07-29,AACO,missing_or_invalid_current_price
2022-07-29,AACOU,missing_or_invalid_current_price
2022-07-29,AACOW,missing_or_invalid_current_price
2022-07-29,AACP,missing_or_invalid_current_price
2022-07-29,AACPR,missing_or_invalid_current_price
2022-07-29,AACPU,missing_or_invalid_current_price
2022-07-29,AACPW,missing_or_invalid_current_price
2022-07-29,AADR,missing_or_invalid_current_price
2022-07-29,AADX,missing_or_invalid_current_price
2022-07-29,AAEQ,missing_or_invalid_current_price
2022-07-29,AAL,eligible
2022-07-29,AALG,missing_or_invalid_current_price
2022-07-29,AAME,missing_or_invalid_t_minus_21_price
2022-07-29,AAMI,eligible
2022-07-29,AAOI,eligible
2022-07-29,AAON,eligible
2022-07-29,AAP,eligible
2022-07-29,AAPB,missing_or_invalid_current_price
2022-07-29,AAPD,missing_or_invalid_current_price
2022-07-29,AAPG,missing_or_invalid_current_price
2022-07-29,AAPL,eligible
2022-07-29,AAPU,missing_or_invalid_current_price
2022-07-29,AARD,missing_or_invalid_current_price
2022-07-29,AAT,eligible
2022-07-29,AAUB,missing_or_invalid_current_price
2022-07-29,AAUC,missing_or_invalid_current_price
2022-07-29,AAUS,missing_or_invalid_current_price
2022-07-29,AAVM,missing_or_invalid_current_volume
2022-07-29,AAXJ,eligible
2022-07-29,AB,eligible
2022-07-29,ABAT,missing_or_invalid_current_price
2022-07-29,ABBV,eligible
2022-07-29,ABCB,eligible
2022-07-29,ABCL,eligible
2022-07-29,ABCS,missing_or_invalid_current_price
2022-07-29,ABEO,eligible
2022-07-29,ABEV,eligible
2022-07-29,ABG,eligible
2022-07-29,ABI,missing_or_invalid_current_price
2022-07-29,ABIG,missing_or_invalid_current_price
2022-07-29,ABLV,missing_or_invalid_current_price
2022-07-29,ABLVW,missing_or_invalid_current_price
2022-07-29,ABM,eligible
2022-07-29,ABNB,eligible
2022-07-29,ABOS,eligible
2022-07-29,ABR,eligible
2022-07-29,ABR.PRD,eligible
2022-07-29,ABR.PRE,missing_or_invalid_current_volume
2022-07-29,ABR.PRF,missing_or_invalid_t_minus_21_price
2022-07-29,ABSI,eligible
2022-07-29,ABT,eligible
2022-07-29,ABTC,eligible
2022-07-29,ABTS,eligible
2022-07-29,ABUS,eligible
2022-07-29,ABVC,missing_or_invalid_t_minus_252_price
2022-07-29,ABVX,missing_or_invalid_current_price
2022-07-29,ABX,missing_or_invalid_current_volume
2022-07-29,ABXL,missing_or_invalid_current_price
2022-07-29,ACA,eligible
2022-07-29,ACAA,missing_or_invalid_current_price
2022-07-29,ACAAU,missing_or_invalid_current_price
2022-07-29,ACAAW,missing_or_invalid_current_price
2022-07-29,ACAD,eligible
2022-07-29,ACB,eligible
2022-07-29,ACCL,missing_or_invalid_current_price
2022-07-29,ACCO,eligible
2022-07-29,ACCS,eligible
2022-07-29,ACDC,missing_or_invalid_t_minus_252_price
2022-07-29,ACEL,eligible
2022-07-29,ACEP,missing_or_invalid_current_price
2022-07-29,ACET,eligible
2022-07-29,ACFN,missing_or_invalid_current_price
2022-07-29,ACGC,missing_or_invalid_current_price
2022-07-29,ACGCU,missing_or_invalid_current_price
2022-07-29,ACGCW,missing_or_invalid_current_price
2022-07-29,ACGL,eligible
2022-07-29,ACGLN,eligible
2022-07-29,ACGLO,missing_or_invalid_t_minus_21_price
2022-07-29,ACH,eligible
2022-07-29,ACHC,eligible
2022-07-29,ACHR,eligible
2022-07-29,ACHR.WS,missing_or_invalid_t_minus_252_price
2022-07-29,ACHV,eligible
2022-07-29,ACI,eligible
2022-07-29,ACIC,eligible
2022-07-29,ACIU,eligible
2022-07-29,ACIW,eligible
2022-07-29,ACLO,missing_or_invalid_current_price
2022-07-29,ACLS,eligible
2022-08-31,A,eligible
2022-08-31,AA,eligible
2022-08-31,AAAP,missing_or_invalid_current_price
2022-08-31,AAC.U,missing_or_invalid_t_minus_21_price
2022-08-31,AACB,missing_or_invalid_current_price
2022-08-31,AACBR,missing_or_invalid_current_price
2022-08-31,AACBU,missing_or_invalid_current_price
2022-08-31,AACG,eligible
2022-08-31,AACI,missing_or_invalid_current_volume
2022-08-31,AACIU,missing_or_invalid_current_volume
2022-08-31,AACIW,missing_or_invalid_current_volume
2022-08-31,AACO,missing_or_invalid_current_price
2022-08-31,AACOU,missing_or_invalid_current_price
2022-08-31,AACOW,missing_or_invalid_current_price
2022-08-31,AACP,missing_or_invalid_current_price
2022-08-31,AACPR,missing_or_invalid_current_price
2022-08-31,AACPU,missing_or_invalid_current_price
2022-08-31,AACPW,missing_or_invalid_current_price
2022-08-31,AADR,missing_or_invalid_current_volume
2022-08-31,AADX,missing_or_invalid_current_price
2022-08-31,AAEQ,missing_or_invalid_current_price
2022-08-31,AAL,eligible
2022-08-31,AALG,missing_or_invalid_current_price
2022-08-31,AAME,missing_or_invalid_current_volume
2022-08-31,AAMI,eligible
2022-08-31,AAOI,eligible
2022-08-31,AAON,eligible
2022-08-31,AAP,eligible
2022-08-31,AAPB,missing_or_invalid_current_volume
2022-08-31,AAPD,missing_or_invalid_t_minus_21_price
2022-08-31,AAPG,missing_or_invalid_current_price
2022-08-31,AAPL,eligible
2022-08-31,AAPU,missing_or_invalid_t_minus_21_price
2022-08-31,AARD,missing_or_invalid_current_price
2022-08-31,AAT,eligible
2022-08-31,AAUB,missing_or_invalid_current_price
2022-08-31,AAUC,missing_or_invalid_current_price
2022-08-31,AAUS,missing_or_invalid_current_price
2022-08-31,AAVM,missing_or_invalid_current_volume
2022-08-31,AAXJ,eligible
2022-08-31,AB,eligible
2022-08-31,ABAT,missing_or_invalid_current_price
2022-08-31,ABBV,eligible
2022-08-31,ABCB,eligible
2022-08-31,ABCL,eligible
2022-08-31,ABCS,missing_or_invalid_current_price
2022-08-31,ABEO,eligible
2022-08-31,ABEV,eligible
2022-08-31,ABG,eligible
2022-08-31,ABI,missing_or_invalid_current_price
2022-08-31,ABIG,missing_or_invalid_current_price
2022-08-31,ABLV,missing_or_invalid_current_price
2022-08-31,ABLVW,missing_or_invalid_current_price
2022-08-31,ABM,eligible
2022-08-31,ABNB,eligible
2022-08-31,ABOS,eligible
2022-08-31,ABR,eligible
2022-08-31,ABR.PRD,missing_or_invalid_current_volume
2022-08-31,ABR.PRE,missing_or_invalid_current_volume
2022-08-31,ABR.PRF,missing_or_invalid_t_minus_252_price
2022-08-31,ABSI,eligible
2022-08-31,ABT,eligible
2022-08-31,ABTC,eligible
2022-08-31,ABTS,eligible
2022-08-31,ABUS,eligible
2022-08-31,ABVC,eligible
2022-08-31,ABVX,missing_or_invalid_current_price
2022-08-31,ABX,missing_or_invalid_t_minus_252_price
2022-08-31,ABXL,missing_or_invalid_current_price
2022-08-31,ACA,eligible
2022-08-31,ACAA,missing_or_invalid_current_price
2022-08-31,ACAAU,missing_or_invalid_current_price
2022-08-31,ACAAW,missing_or_invalid_current_price
2022-08-31,ACAD,eligible
2022-08-31,ACB,eligible
2022-08-31,ACCL,missing_or_invalid_current_price
2022-08-31,ACCO,eligible
2022-08-31,ACCS,missing_or_invalid_t_minus_21_price
2022-08-31,ACDC,missing_or_invalid_t_minus_252_price
2022-08-31,ACEL,eligible
2022-08-31,ACEP,missing_or_invalid_current_price
2022-08-31,ACET,eligible
2022-08-31,ACFN,missing_or_invalid_current_price
2022-08-31,ACGC,missing_or_invalid_current_price
2022-08-31,ACGCU,missing_or_invalid_current_price
2022-08-31,ACGCW,missing_or_invalid_current_price
2022-08-31,ACGL,eligible
2022-08-31,ACGLN,eligible
2022-08-31,ACGLO,eligible
2022-08-31,ACH,eligible
2022-08-31,ACHC,eligible
2022-08-31,ACHR,eligible
2022-08-31,ACHR.WS,missing_or_invalid_current_volume
2022-08-31,ACHV,eligible
2022-08-31,ACI,eligible
2022-08-31,ACIC,eligible
2022-08-31,ACIU,eligible
2022-08-31,ACIW,eligible
2022-08-31,ACLO,missing_or_invalid_current_price
2022-08-31,ACLS,eligible
2022-09-30,A,eligible
2022-09-30,AA,eligible
2022-09-30,AAAP,missing_or_invalid_current_price
2022-09-30,AAC.U,missing_or_invalid_current_volume
2022-09-30,AACB,missing_or_invalid_current_price
2022-09-30,AACBR,missing_or_invalid_current_price
2022-09-30,AACBU,missing_or_invalid_current_price
2022-09-30,AACG,missing_or_invalid_current_volume
2022-09-30,AACI,missing_or_invalid_t_minus_21_price
2022-09-30,AACIU,missing_or_invalid_current_volume
2022-09-30,AACIW,missing_or_invalid_current_volume
2022-09-30,AACO,missing_or_invalid_current_price
2022-09-30,AACOU,missing_or_invalid_current_price
2022-09-30,AACOW,missing_or_invalid_current_price
2022-09-30,AACP,missing_or_invalid_current_price
2022-09-30,AACPR,missing_or_invalid_current_price
2022-09-30,AACPU,missing_or_invalid_current_price
2022-09-30,AACPW,missing_or_invalid_current_price
2022-09-30,AADR,missing_or_invalid_current_volume
2022-09-30,AADX,missing_or_invalid_current_price
2022-09-30,AAEQ,missing_or_invalid_current_price
2022-09-30,AAL,eligible
2022-09-30,AALG,missing_or_invalid_current_price
2022-09-30,AAME,missing_or_invalid_current_volume
2022-09-30,AAMI,eligible
2022-09-30,AAOI,eligible
2022-09-30,AAON,eligible
2022-09-30,AAP,eligible
2022-09-30,AAPB,missing_or_invalid_t_minus_21_price
2022-09-30,AAPD,missing_or_invalid_t_minus_252_price
2022-09-30,AAPG,missing_or_invalid_current_price
2022-09-30,AAPL,eligible
2022-09-30,AAPU,missing_or_invalid_t_minus_252_price
2022-09-30,AARD,missing_or_invalid_current_price
2022-09-30,AAT,eligible
2022-09-30,AAUB,missing_or_invalid_current_price
2022-09-30,AAUC,missing_or_invalid_current_price
2022-09-30,AAUS,missing_or_invalid_current_price
2022-09-30,AAVM,missing_or_invalid_current_volume
2022-09-30,AAXJ,eligible
2022-09-30,AB,eligible
2022-09-30,ABAT,missing_or_invalid_current_price
2022-09-30,ABBV,eligible
2022-09-30,ABCB,eligible
2022-09-30,ABCL,eligible
2022-09-30,ABCS,missing_or_invalid_current_price
2022-09-30,ABEO,eligible
2022-09-30,ABEV,eligible
2022-09-30,ABG,eligible
2022-09-30,ABI,missing_or_invalid_current_price
2022-09-30,ABIG,missing_or_invalid_current_price
2022-09-30,ABLV,missing_or_invalid_current_price
2022-09-30,ABLVW,missing_or_invalid_current_price
2022-09-30,ABM,eligible
2022-09-30,ABNB,eligible
2022-09-30,ABOS,eligible
2022-09-30,ABR,eligible
2022-09-30,ABR.PRD,missing_or_invalid_t_minus_21_price
2022-09-30,ABR.PRE,missing_or_invalid_t_minus_21_price
2022-09-30,ABR.PRF,missing_or_invalid_t_minus_252_price
2022-09-30,ABSI,eligible
2022-09-30,ABT,eligible
2022-09-30,ABTC,eligible
2022-09-30,ABTS,missing_or_invalid_current_volume
2022-09-30,ABUS,eligible
2022-09-30,ABVC,missing_or_invalid_t_minus_252_price
2022-09-30,ABVX,missing_or_invalid_current_price
2022-09-30,ABX,missing_or_invalid_current_volume
2022-09-30,ABXL,missing_or_invalid_current_price
2022-09-30,ACA,eligible
2022-09-30,ACAA,missing_or_invalid_current_price
2022-09-30,ACAAU,missing_or_invalid_current_price
2022-09-30,ACAAW,missing_or_invalid_current_price
2022-09-30,ACAD,eligible
2022-09-30,ACB,eligible
2022-09-30,ACCL,missing_or_invalid_current_price
2022-09-30,ACCO,eligible
2022-09-30,ACCS,missing_or_invalid_current_volume
2022-09-30,ACDC,missing_or_invalid_t_minus_252_price
2022-09-30,ACEL,eligible
2022-09-30,ACEP,missing_or_invalid_current_price
2022-09-30,ACET,eligible
2022-09-30,ACFN,missing_or_invalid_current_price
2022-09-30,ACGC,missing_or_invalid_current_price
2022-09-30,ACGCU,missing_or_invalid_current_price
2022-09-30,ACGCW,missing_or_invalid_current_price
2022-09-30,ACGL,eligible
2022-09-30,ACGLN,eligible
2022-09-30,ACGLO,eligible
2022-09-30,ACH,eligible
2022-09-30,ACHC,eligible
2022-09-30,ACHR,eligible
2022-09-30,ACHR.WS,missing_or_invalid_current_volume
2022-09-30,ACHV,eligible
2022-09-30,ACI,eligible
2022-09-30,ACIC,eligible
2022-09-30,ACIU,eligible
2022-09-30,ACIW,eligible
2022-09-30,ACLO,missing_or_invalid_current_price
2022-09-30,ACLS,eligible
2022-10-31,A,eligible
2022-10-31,AA,eligible
2022-10-31,AAAP,missing_or_invalid_current_price
2022-10-31,AAC.U,missing_or_invalid_current_volume
2022-10-31,AACB,missing_or_invalid_current_price
2022-10-31,AACBR,missing_or_invalid_current_price
2022-10-31,AACBU,missing_or_invalid_current_price
2022-10-31,AACG,missing_or_invalid_current_volume
2022-10-31,AACI,missing_or_invalid_t_minus_252_price
2022-10-31,AACIU,missing_or_invalid_current_volume
2022-10-31,AACIW,missing_or_invalid_current_volume
2022-10-31,AACO,missing_or_invalid_current_price
2022-10-31,AACOU,missing_or_invalid_current_price
2022-10-31,AACOW,missing_or_invalid_current_price
2022-10-31,AACP,missing_or_invalid_current_price
2022-10-31,AACPR,missing_or_invalid_current_price
2022-10-31,AACPU,missing_or_invalid_current_price
2022-10-31,AACPW,missing_or_invalid_current_price
2022-10-31,AADR,missing_or_invalid_current_volume
2022-10-31,AADX,missing_or_invalid_current_price
2022-10-31,AAEQ,missing_or_invalid_current_price
2022-10-31,AAL,eligible
2022-10-31,AALG,missing_or_invalid_current_price
2022-10-31,AAME,missing_or_invalid_t_minus_21_price
2022-10-31,AAMI,eligible
2022-10-31,AAOI,eligible
2022-10-31,AAON,eligible
2022-10-31,AAP,eligible
2022-10-31,AAPB,missing_or_invalid_current_volume
2022-10-31,AAPD,missing_or_invalid_t_minus_252_price
2022-10-31,AAPG,missing_or_invalid_current_price
2022-10-31,AAPL,eligible
2022-10-31,AAPU,missing_or_invalid_t_minus_252_price
2022-10-31,AARD,missing_or_invalid_current_price
2022-10-31,AAT,eligible
2022-10-31,AAUB,missing_or_invalid_current_price
2022-10-31,AAUC,missing_or_invalid_current_price
2022-10-31,AAUS,missing_or_invalid_current_price
2022-10-31,AAVM,missing_or_invalid_current_volume
2022-10-31,AAXJ,eligible
2022-10-31,AB,eligible
2022-10-31,ABAT,missing_or_invalid_current_price
2022-10-31,ABBV,eligible
2022-10-31,ABCB,eligible
2022-10-31,ABCL,eligible
2022-10-31,ABCS,missing_or_invalid_current_price
2022-10-31,ABEO,eligible
2022-10-31,ABEV,eligible
2022-10-31,ABG,eligible
2022-10-31,ABI,missing_or_invalid_current_price
2022-10-31,ABIG,missing_or_invalid_current_price
2022-10-31,ABLV,missing_or_invalid_current_price
2022-10-31,ABLVW,missing_or_invalid_current_price
2022-10-31,ABM,eligible
2022-10-31,ABNB,eligible
2022-10-31,ABOS,eligible
2022-10-31,ABR,eligible
2022-10-31,ABR.PRD,eligible
2022-10-31,ABR.PRE,eligible
2022-10-31,ABR.PRF,eligible
2022-10-31,ABSI,eligible
2022-10-31,ABT,eligible
2022-10-31,ABTC,eligible
2022-10-31,ABTS,missing_or_invalid_current_volume
2022-10-31,ABUS,eligible
2022-10-31,ABVC,eligible
2022-10-31,ABVX,missing_or_invalid_current_price
2022-10-31,ABX,missing_or_invalid_current_volume
2022-10-31,ABXL,missing_or_invalid_current_price
2022-10-31,ACA,eligible
2022-10-31,ACAA,missing_or_invalid_current_price
2022-10-31,ACAAU,missing_or_invalid_current_price
2022-10-31,ACAAW,missing_or_invalid_current_price
2022-10-31,ACAD,eligible
2022-10-31,ACB,eligible
2022-10-31,ACCL,missing_or_invalid_current_price
2022-10-31,ACCO,eligible
2022-10-31,ACCS,missing_or_invalid_current_volume
2022-10-31,ACDC,missing_or_invalid_t_minus_252_price
2022-10-31,ACEL,eligible
2022-10-31,ACEP,missing_or_invalid_current_price
2022-10-31,ACET,eligible
2022-10-31,ACFN,missing_or_invalid_current_price
2022-10-31,ACGC,missing_or_invalid_current_price
2022-10-31,ACGCU,missing_or_invalid_current_price
2022-10-31,ACGCW,missing_or_invalid_current_price
2022-10-31,ACGL,eligible
2022-10-31,ACGLN,eligible
2022-10-31,ACGLO,missing_or_invalid_current_volume
2022-10-31,ACH,eligible
2022-10-31,ACHC,eligible
2022-10-31,ACHR,eligible
2022-10-31,ACHR.WS,missing_or_invalid_current_volume
2022-10-31,ACHV,eligible
2022-10-31,ACI,eligible
2022-10-31,ACIC,eligible
2022-10-31,ACIU,eligible
2022-10-31,ACIW,eligible
2022-10-31,ACLO,missing_or_invalid_current_price
2022-10-31,ACLS,eligible
2022-11-30,A,eligible
2022-11-30,AA,eligible
2022-11-30,AAAP,missing_or_invalid_current_price
2022-11-30,AAC.U,missing_or_invalid_current_volume
2022-11-30,AACB,missing_or_invalid_current_price
2022-11-30,AACBR,missing_or_invalid_current_price
2022-11-30,AACBU,missing_or_invalid_current_price
2022-11-30,AACG,missing_or_invalid_current_volume
2022-11-30,AACI,missing_or_invalid_current_volume
2022-11-30,AACIU,missing_or_invalid_current_volume
2022-11-30,AACIW,missing_or_invalid_t_minus_21_price
2022-11-30,AACO,missing_or_invalid_current_price
2022-11-30,AACOU,missing_or_invalid_current_price
2022-11-30,AACOW,missing_or_invalid_current_price
2022-11-30,AACP,missing_or_invalid_current_price
2022-11-30,AACPR,missing_or_invalid_current_price
2022-11-30,AACPU,missing_or_invalid_current_price
2022-11-30,AACPW,missing_or_invalid_current_price
2022-11-30,AADR,missing_or_invalid_t_minus_21_price
2022-11-30,AADX,missing_or_invalid_current_price
2022-11-30,AAEQ,missing_or_invalid_current_price
2022-11-30,AAL,eligible
2022-11-30,AALG,missing_or_invalid_current_price
2022-11-30,AAME,missing_or_invalid_current_volume
2022-11-30,AAMI,eligible
2022-11-30,AAOI,eligible
2022-11-30,AAON,eligible
2022-11-30,AAP,eligible
2022-11-30,AAPB,missing_or_invalid_t_minus_21_price
2022-11-30,AAPD,missing_or_invalid_t_minus_252_price
2022-11-30,AAPG,missing_or_invalid_current_price
2022-11-30,AAPL,eligible
2022-11-30,AAPU,missing_or_invalid_t_minus_252_price
2022-11-30,AARD,missing_or_invalid_current_price
2022-11-30,AAT,eligible
2022-11-30,AAUB,missing_or_invalid_current_price
2022-11-30,AAUC,missing_or_invalid_current_price
2022-11-30,AAUS,missing_or_invalid_current_price
2022-11-30,AAVM,missing_or_invalid_t_minus_21_price
2022-11-30,AAXJ,eligible
2022-11-30,AB,eligible
2022-11-30,ABAT,missing_or_invalid_current_price
2022-11-30,ABBV,eligible
2022-11-30,ABCB,eligible
2022-11-30,ABCL,eligible
2022-11-30,ABCS,missing_or_invalid_current_price
2022-11-30,ABEO,eligible
2022-11-30,ABEV,eligible
2022-11-30,ABG,eligible
2022-11-30,ABI,missing_or_invalid_current_price
2022-11-30,ABIG,missing_or_invalid_current_price
2022-11-30,ABLV,missing_or_invalid_current_price
2022-11-30,ABLVW,missing_or_invalid_current_volume
2022-11-30,ABM,eligible
2022-11-30,ABNB,eligible
2022-11-30,ABOS,eligible
2022-11-30,ABR,eligible
2022-11-30,ABR.PRD,eligible
2022-11-30,ABR.PRE,eligible
2022-11-30,ABR.PRF,eligible
2022-11-30,ABSI,eligible
2022-11-30,ABT,eligible
2022-11-30,ABTC,eligible
2022-11-30,ABTS,missing_or_invalid_current_volume
2022-11-30,ABUS,eligible
2022-11-30,ABVC,missing_or_invalid_current_volume
2022-11-30,ABVX,missing_or_invalid_current_price
2022-11-30,ABX,missing_or_invalid_current_volume
2022-11-30,ABXL,missing_or_invalid_current_price
2022-11-30,ACA,eligible
2022-11-30,ACAA,missing_or_invalid_current_price
2022-11-30,ACAAU,missing_or_invalid_current_price
2022-11-30,ACAAW,missing_or_invalid_current_price
2022-11-30,ACAD,eligible
2022-11-30,ACB,eligible
2022-11-30,ACCL,missing_or_invalid_current_price
2022-11-30,ACCO,eligible
2022-11-30,ACCS,missing_or_invalid_current_volume
2022-11-30,ACDC,missing_or_invalid_t_minus_252_price
2022-11-30,ACEL,eligible
2022-11-30,ACEP,missing_or_invalid_current_price
2022-11-30,ACET,eligible
2022-11-30,ACFN,missing_or_invalid_current_price
2022-11-30,ACGC,missing_or_invalid_current_price
2022-11-30,ACGCU,missing_or_invalid_current_price
2022-11-30,ACGCW,missing_or_invalid_current_price
2022-11-30,ACGL,eligible
2022-11-30,ACGLN,eligible
2022-11-30,ACGLO,missing_or_invalid_t_minus_21_price
2022-11-30,ACH,eligible
2022-11-30,ACHC,eligible
2022-11-30,ACHR,eligible
2022-11-30,ACHR.WS,missing_or_invalid_current_volume
2022-11-30,ACHV,eligible
2022-11-30,ACI,eligible
2022-11-30,ACIC,missing_or_invalid_t_minus_21_price
2022-11-30,ACIU,eligible
2022-11-30,ACIW,eligible
2022-11-30,ACLO,missing_or_invalid_current_price
2022-11-30,ACLS,eligible
2022-12-30,A,eligible
2022-12-30,AA,eligible
2022-12-30,AAAP,missing_or_invalid_current_price
2022-12-30,AAC.U,missing_or_invalid_current_volume
2022-12-30,AACB,missing_or_invalid_current_price
2022-12-30,AACBR,missing_or_invalid_current_price
2022-12-30,AACBU,missing_or_invalid_current_price
2022-12-30,AACG,missing_or_invalid_current_volume
2022-12-30,AACI,missing_or_invalid_current_volume
2022-12-30,AACIU,missing_or_invalid_current_volume
2022-12-30,AACIW,missing_or_invalid_current_volume
2022-12-30,AACO,missing_or_invalid_current_price
2022-12-30,AACOU,missing_or_invalid_current_price
2022-12-30,AACOW,missing_or_invalid_current_price
2022-12-30,AACP,missing_or_invalid_current_price
2022-12-30,AACPR,missing_or_invalid_current_price
2022-12-30,AACPU,missing_or_invalid_current_price
2022-12-30,AACPW,missing_or_invalid_current_price
2022-12-30,AADR,missing_or_invalid_current_volume
2022-12-30,AADX,missing_or_invalid_current_price
2022-12-30,AAEQ,missing_or_invalid_current_price
2022-12-30,AAL,eligible
2022-12-30,AALG,missing_or_invalid_current_price
2022-12-30,AAME,missing_or_invalid_current_volume
2022-12-30,AAMI,eligible
2022-12-30,AAOI,eligible
2022-12-30,AAON,eligible
2022-12-30,AAP,eligible
2022-12-30,AAPB,missing_or_invalid_current_volume
2022-12-30,AAPD,missing_or_invalid_t_minus_252_price
2022-12-30,AAPG,missing_or_invalid_current_price
2022-12-30,AAPL,eligible
2022-12-30,AAPU,missing_or_invalid_t_minus_252_price
2022-12-30,AARD,missing_or_invalid_current_price
2022-12-30,AAT,eligible
2022-12-30,AAUB,missing_or_invalid_current_price
2022-12-30,AAUC,missing_or_invalid_current_price
2022-12-30,AAUS,missing_or_invalid_current_price
2022-12-30,AAVM,eligible
2022-12-30,AAXJ,eligible
2022-12-30,AB,eligible
2022-12-30,ABAT,missing_or_invalid_current_price
2022-12-30,ABBV,eligible
2022-12-30,ABCB,eligible
2022-12-30,ABCL,eligible
2022-12-30,ABCS,missing_or_invalid_current_price
2022-12-30,ABEO,eligible
2022-12-30,ABEV,eligible
2022-12-30,ABG,eligible
2022-12-30,ABI,missing_or_invalid_current_price
2022-12-30,ABIG,missing_or_invalid_current_price
2022-12-30,ABLV,missing_or_invalid_current_price
2022-12-30,ABLVW,missing_or_invalid_current_volume
2022-12-30,ABM,eligible
2022-12-30,ABNB,eligible
2022-12-30,ABOS,eligible
2022-12-30,ABR,eligible
2022-12-30,ABR.PRD,missing_or_invalid_t_minus_21_price
2022-12-30,ABR.PRE,missing_or_invalid_t_minus_21_price
2022-12-30,ABR.PRF,missing_or_invalid_t_minus_252_price
2022-12-30,ABSI,eligible
2022-12-30,ABT,eligible
2022-12-30,ABTC,missing_or_invalid_current_volume
2022-12-30,ABTS,missing_or_invalid_t_minus_21_price
2022-12-30,ABUS,eligible
2022-12-30,ABVC,missing_or_invalid_current_volume
2022-12-30,ABVX,missing_or_invalid_current_price
2022-12-30,ABX,missing_or_invalid_current_volume
2022-12-30,ABXL,missing_or_invalid_current_price
2022-12-30,ACA,eligible
2022-12-30,ACAA,missing_or_invalid_current_price
2022-12-30,ACAAU,missing_or_invalid_current_price
2022-12-30,ACAAW,missing_or_invalid_current_price
2022-12-30,ACAD,eligible
2022-12-30,ACB,eligible
2022-12-30,ACCL,missing_or_invalid_current_price
2022-12-30,ACCO,eligible
2022-12-30,ACCS,missing_or_invalid_t_minus_21_price
2022-12-30,ACDC,missing_or_invalid_t_minus_252_price
2022-12-30,ACEL,eligible
2022-12-30,ACEP,missing_or_invalid_current_price
2022-12-30,ACET,eligible
2022-12-30,ACFN,missing_or_invalid_current_price
2022-12-30,ACGC,missing_or_invalid_current_price
2022-12-30,ACGCU,missing_or_invalid_current_price
2022-12-30,ACGCW,missing_or_invalid_current_price
2022-12-30,ACGL,eligible
2022-12-30,ACGLN,missing_or_invalid_t_minus_21_price
2022-12-30,ACGLO,eligible
2022-12-30,ACH,eligible
2022-12-30,ACHC,eligible
2022-12-30,ACHR,eligible
2022-12-30,ACHR.WS,missing_or_invalid_current_volume
2022-12-30,ACHV,missing_or_invalid_t_minus_21_price
2022-12-30,ACI,eligible
2022-12-30,ACIC,eligible
2022-12-30,ACIU,eligible
2022-12-30,ACIW,eligible
2022-12-30,ACLO,missing_or_invalid_current_price
2022-12-30,ACLS,eligible
2023-01-31,A,eligible
2023-01-31,AA,eligible
2023-01-31,AAAP,missing_or_invalid_current_price
2023-01-31,AAC.U,missing_or_invalid_current_volume
2023-01-31,AACB,missing_or_invalid_current_price
2023-01-31,AACBR,missing_or_invalid_current_price
2023-01-31,AACBU,missing_or_invalid_current_price
2023-01-31,AACG,eligible
2023-01-31,AACI,missing_or_invalid_t_minus_21_price
2023-01-31,AACIU,missing_or_invalid_current_volume
2023-01-31,AACIW,missing_or_invalid_current_volume
2023-01-31,AACO,missing_or_invalid_current_price
2023-01-31,AACOU,missing_or_invalid_current_price
2023-01-31,AACOW,missing_or_invalid_current_price
2023-01-31,AACP,missing_or_invalid_current_price
2023-01-31,AACPR,missing_or_invalid_current_price
2023-01-31,AACPU,missing_or_invalid_current_price
2023-01-31,AACPW,missing_or_invalid_current_price
2023-01-31,AADR,missing_or_invalid_t_minus_21_price
2023-01-31,AADX,missing_or_invalid_current_price
2023-01-31,AAEQ,missing_or_invalid_current_price
2023-01-31,AAL,eligible
2023-01-31,AALG,missing_or_invalid_current_price
2023-01-31,AAME,missing_or_invalid_current_volume
2023-01-31,AAMI,eligible
2023-01-31,AAOI,eligible
2023-01-31,AAON,eligible
2023-01-31,AAP,eligible
2023-01-31,AAPB,missing_or_invalid_current_volume
2023-01-31,AAPD,missing_or_invalid_t_minus_252_price
2023-01-31,AAPG,missing_or_invalid_current_price
2023-01-31,AAPL,eligible
2023-01-31,AAPU,missing_or_invalid_t_minus_252_price
2023-01-31,AARD,missing_or_invalid_current_price
2023-01-31,AAT,eligible
2023-01-31,AAUB,missing_or_invalid_current_price
2023-01-31,AAUC,missing_or_invalid_current_price
2023-01-31,AAUS,missing_or_invalid_current_price
2023-01-31,AAVM,missing_or_invalid_t_minus_252_price
2023-01-31,AAXJ,eligible
2023-01-31,AB,eligible
2023-01-31,ABAT,missing_or_invalid_current_price
2023-01-31,ABBV,eligible
2023-01-31,ABCB,eligible
2023-01-31,ABCL,eligible
2023-01-31,ABCS,missing_or_invalid_current_price
2023-01-31,ABEO,eligible
2023-01-31,ABEV,eligible
2023-01-31,ABG,eligible
2023-01-31,ABI,missing_or_invalid_current_price
2023-01-31,ABIG,missing_or_invalid_current_price
2023-01-31,ABLV,missing_or_invalid_current_price
2023-01-31,ABLVW,missing_or_invalid_current_volume
2023-01-31,ABM,eligible
2023-01-31,ABNB,eligible
2023-01-31,ABOS,eligible
2023-01-31,ABR,eligible
2023-01-31,ABR.PRD,eligible
2023-01-31,ABR.PRE,missing_or_invalid_t_minus_21_price
2023-01-31,ABR.PRF,missing_or_invalid_current_volume
2023-01-31,ABSI,eligible
2023-01-31,ABT,eligible
2023-01-31,ABTC,missing_or_invalid_t_minus_21_price
2023-01-31,ABTS,missing_or_invalid_current_volume
2023-01-31,ABUS,eligible
2023-01-31,ABVC,missing_or_invalid_t_minus_21_price
2023-01-31,ABVX,missing_or_invalid_current_price
2023-01-31,ABX,eligible
2023-01-31,ABXL,missing_or_invalid_current_price
2023-01-31,ACA,eligible
2023-01-31,ACAA,missing_or_invalid_current_price
2023-01-31,ACAAU,missing_or_invalid_current_price
2023-01-31,ACAAW,missing_or_invalid_current_price
2023-01-31,ACAD,eligible
2023-01-31,ACB,eligible
2023-01-31,ACCL,missing_or_invalid_current_price
2023-01-31,ACCO,eligible
2023-01-31,ACCS,eligible
2023-01-31,ACDC,missing_or_invalid_t_minus_252_price
2023-01-31,ACEL,eligible
2023-01-31,ACEP,missing_or_invalid_current_price
2023-01-31,ACET,eligible
2023-01-31,ACFN,missing_or_invalid_current_price
2023-01-31,ACGC,missing_or_invalid_current_price
2023-01-31,ACGCU,missing_or_invalid_current_price
2023-01-31,ACGCW,missing_or_invalid_current_price
2023-01-31,ACGL,eligible
2023-01-31,ACGLN,eligible
2023-01-31,ACGLO,eligible
2023-01-31,ACH,eligible
2023-01-31,ACHC,eligible
2023-01-31,ACHR,eligible
2023-01-31,ACHR.WS,missing_or_invalid_t_minus_21_price
2023-01-31,ACHV,eligible
2023-01-31,ACI,eligible
2023-01-31,ACIC,eligible
2023-01-31,ACIU,eligible
2023-01-31,ACIW,eligible
2023-01-31,ACLO,missing_or_invalid_current_price
2023-01-31,ACLS,eligible
2023-02-28,A,eligible
2023-02-28,AA,eligible
2023-02-28,AAAP,missing_or_invalid_current_price
2023-02-28,AAC.U,eligible
2023-02-28,AACB,missing_or_invalid_current_price
2023-02-28,AACBR,missing_or_invalid_current_price
2023-02-28,AACBU,missing_or_invalid_current_price
2023-02-28,AACG,missing_or_invalid_current_volume
2023-02-28,AACI,missing_or_invalid_current_volume
2023-02-28,AACIU,missing_or_invalid_current_volume
2023-02-28,AACIW,missing_or_invalid_current_volume
2023-02-28,AACO,missing_or_invalid_current_price
2023-02-28,AACOU,missing_or_invalid_current_price
2023-02-28,AACOW,missing_or_invalid_current_price
2023-02-28,AACP,missing_or_invalid_current_price
2023-02-28,AACPR,missing_or_invalid_current_price
2023-02-28,AACPU,missing_or_invalid_current_price
2023-02-28,AACPW,missing_or_invalid_current_price
2023-02-28,AADR,missing_or_invalid_current_volume
2023-02-28,AADX,missing_or_invalid_current_price
2023-02-28,AAEQ,missing_or_invalid_current_price
2023-02-28,AAL,eligible
2023-02-28,AALG,missing_or_invalid_current_price
2023-02-28,AAME,missing_or_invalid_current_volume
2023-02-28,AAMI,eligible
2023-02-28,AAOI,eligible
2023-02-28,AAON,eligible
2023-02-28,AAP,eligible
2023-02-28,AAPB,missing_or_invalid_t_minus_21_price
2023-02-28,AAPD,missing_or_invalid_current_volume
2023-02-28,AAPG,missing_or_invalid_current_price
2023-02-28,AAPL,eligible
2023-02-28,AAPU,missing_or_invalid_t_minus_252_price
2023-02-28,AARD,missing_or_invalid_current_price
2023-02-28,AAT,eligible
2023-02-28,AAUB,missing_or_invalid_current_price
2023-02-28,AAUC,missing_or_invalid_current_price
2023-02-28,AAUS,missing_or_invalid_current_price
2023-02-28,AAVM,missing_or_invalid_t_minus_21_price
2023-02-28,AAXJ,eligible
2023-02-28,AB,eligible
2023-02-28,ABAT,missing_or_invalid_current_price
2023-02-28,ABBV,eligible
2023-02-28,ABCB,eligible
2023-02-28,ABCL,eligible
2023-02-28,ABCS,missing_or_invalid_current_price
2023-02-28,ABEO,eligible
2023-02-28,ABEV,eligible
2023-02-28,ABG,eligible
2023-02-28,ABI,missing_or_invalid_current_price
2023-02-28,ABIG,missing_or_invalid_current_price
2023-02-28,ABLV,missing_or_invalid_current_volume
2023-02-28,ABLVW,missing_or_invalid_current_volume
2023-02-28,ABM,eligible
2023-02-28,ABNB,eligible
2023-02-28,ABOS,eligible
2023-02-28,ABR,eligible
2023-02-28,ABR.PRD,eligible
2023-02-28,ABR.PRE,missing_or_invalid_t_minus_21_price
2023-02-28,ABR.PRF,missing_or_invalid_t_minus_21_price
2023-02-28,ABSI,eligible
2023-02-28,ABT,eligible
2023-02-28,ABTC,eligible
2023-02-28,ABTS,missing_or_invalid_t_minus_21_price
2023-02-28,ABUS,eligible
2023-02-28,ABVC,missing_or_invalid_current_volume
2023-02-28,ABVX,missing_or_invalid_current_price
2023-02-28,ABX,missing_or_invalid_t_minus_21_price
2023-02-28,ABXL,missing_or_invalid_current_price
2023-02-28,ACA,eligible
2023-02-28,ACAA,missing_or_invalid_current_price
2023-02-28,ACAAU,missing_or_invalid_current_price
2023-02-28,ACAAW,missing_or_invalid_current_price
2023-02-28,ACAD,eligible
2023-02-28,ACB,eligible
2023-02-28,ACCL,missing_or_invalid_current_price
2023-02-28,ACCO,eligible
2023-02-28,ACCS,missing_or_invalid_current_volume
2023-02-28,ACDC,missing_or_invalid_t_minus_252_price
2023-02-28,ACEL,eligible
2023-02-28,ACEP,missing_or_invalid_current_price
2023-02-28,ACET,eligible
2023-02-28,ACFN,missing_or_invalid_current_price
2023-02-28,ACGC,missing_or_invalid_current_price
2023-02-28,ACGCU,missing_or_invalid_current_price
2023-02-28,ACGCW,missing_or_invalid_current_price
2023-02-28,ACGL,eligible
2023-02-28,ACGLN,eligible
2023-02-28,ACGLO,eligible
2023-02-28,ACH,eligible
2023-02-28,ACHC,eligible
2023-02-28,ACHR,eligible
2023-02-28,ACHR.WS,missing_or_invalid_current_volume
2023-02-28,ACHV,eligible
2023-02-28,ACI,eligible
2023-02-28,ACIC,eligible
2023-02-28,ACIU,eligible
2023-02-28,ACIW,eligible
2023-02-28,ACLO,missing_or_invalid_current_price
2023-02-28,ACLS,eligible
2023-03-31,A,eligible
2023-03-31,AA,eligible
2023-03-31,AAAP,missing_or_invalid_current_price
2023-03-31,AAC.U,missing_or_invalid_current_volume
2023-03-31,AACB,missing_or_invalid_current_price
2023-03-31,AACBR,missing_or_invalid_current_price
2023-03-31,AACBU,missing_or_invalid_current_price
2023-03-31,AACG,missing_or_invalid_current_volume
2023-03-31,AACI,missing_or_invalid_current_volume
2023-03-31,AACIU,missing_or_invalid_current_volume
2023-03-31,AACIW,missing_or_invalid_current_volume
2023-03-31,AACO,missing_or_invalid_current_price
2023-03-31,AACOU,missing_or_invalid_current_price
2023-03-31,AACOW,missing_or_invalid_current_price
2023-03-31,AACP,missing_or_invalid_current_price
2023-03-31,AACPR,missing_or_invalid_current_price
2023-03-31,AACPU,missing_or_invalid_current_price
2023-03-31,AACPW,missing_or_invalid_current_price
2023-03-31,AADR,missing_or_invalid_current_volume
2023-03-31,AADX,missing_or_invalid_current_price
2023-03-31,AAEQ,missing_or_invalid_current_price
2023-03-31,AAL,eligible
2023-03-31,AALG,missing_or_invalid_current_price
2023-03-31,AAME,missing_or_invalid_current_volume
2023-03-31,AAMI,eligible
2023-03-31,AAOI,eligible
2023-03-31,AAON,eligible
2023-03-31,AAP,eligible
2023-03-31,AAPB,missing_or_invalid_current_volume
2023-03-31,AAPD,missing_or_invalid_t_minus_252_price
2023-03-31,AAPG,missing_or_invalid_current_price
2023-03-31,AAPL,eligible
2023-03-31,AAPU,missing_or_invalid_t_minus_252_price
2023-03-31,AARD,missing_or_invalid_current_price
2023-03-31,AAT,eligible
2023-03-31,AAUB,missing_or_invalid_current_price
2023-03-31,AAUC,missing_or_invalid_current_price
2023-03-31,AAUS,missing_or_invalid_current_price
2023-03-31,AAVM,missing_or_invalid_current_volume
2023-03-31,AAXJ,eligible
2023-03-31,AB,eligible
2023-03-31,ABAT,missing_or_invalid_current_price
2023-03-31,ABBV,eligible
2023-03-31,ABCB,eligible
2023-03-31,ABCL,eligible
2023-03-31,ABCS,missing_or_invalid_current_price
2023-03-31,ABEO,eligible
2023-03-31,ABEV,eligible
2023-03-31,ABG,eligible
2023-03-31,ABI,missing_or_invalid_current_price
2023-03-31,ABIG,missing_or_invalid_current_price
2023-03-31,ABLV,missing_or_invalid_current_volume
2023-03-31,ABLVW,missing_or_invalid_current_volume
2023-03-31,ABM,eligible
2023-03-31,ABNB,eligible
2023-03-31,ABOS,eligible
2023-03-31,ABR,eligible
2023-03-31,ABR.PRD,missing_or_invalid_t_minus_252_price
2023-03-31,ABR.PRE,eligible
2023-03-31,ABR.PRF,eligible
2023-03-31,ABSI,eligible
2023-03-31,ABT,eligible
2023-03-31,ABTC,eligible
2023-03-31,ABTS,eligible
2023-03-31,ABUS,eligible
2023-03-31,ABVC,missing_or_invalid_current_volume
2023-03-31,ABVX,missing_or_invalid_current_price
2023-03-31,ABX,missing_or_invalid_current_volume
2023-03-31,ABXL,missing_or_invalid_current_price
2023-03-31,ACA,eligible
2023-03-31,ACAA,missing_or_invalid_current_price
2023-03-31,ACAAU,missing_or_invalid_current_price
2023-03-31,ACAAW,missing_or_invalid_current_price
2023-03-31,ACAD,eligible
2023-03-31,ACB,eligible
2023-03-31,ACCL,missing_or_invalid_current_price
2023-03-31,ACCO,eligible
2023-03-31,ACCS,missing_or_invalid_t_minus_21_price
2023-03-31,ACDC,missing_or_invalid_t_minus_252_price
2023-03-31,ACEL,eligible
2023-03-31,ACEP,missing_or_invalid_current_price
2023-03-31,ACET,eligible
2023-03-31,ACFN,missing_or_invalid_current_price
2023-03-31,ACGC,missing_or_invalid_current_price
2023-03-31,ACGCU,missing_or_invalid_current_price
2023-03-31,ACGCW,missing_or_invalid_current_price
2023-03-31,ACGL,eligible
2023-03-31,ACGLN,eligible
2023-03-31,ACGLO,eligible
2023-03-31,ACH,eligible
2023-03-31,ACHC,eligible
2023-03-31,ACHR,eligible
2023-03-31,ACHR.WS,missing_or_invalid_current_volume
2023-03-31,ACHV,eligible
2023-03-31,ACI,eligible
2023-03-31,ACIC,eligible
2023-03-31,ACIU,eligible
2023-03-31,ACIW,eligible
2023-03-31,ACLO,missing_or_invalid_current_price
2023-03-31,ACLS,eligible
2023-04-28,A,eligible
2023-04-28,AA,eligible
2023-04-28,AAAP,missing_or_invalid_current_price
2023-04-28,AAC.U,missing_or_invalid_current_volume
2023-04-28,AACB,missing_or_invalid_current_price
2023-04-28,AACBR,missing_or_invalid_current_price
2023-04-28,AACBU,missing_or_invalid_current_price
2023-04-28,AACG,missing_or_invalid_current_volume
2023-04-28,AACI,missing_or_invalid_current_volume
2023-04-28,AACIU,missing_or_invalid_current_volume
2023-04-28,AACIW,missing_or_invalid_current_volume
2023-04-28,AACO,missing_or_invalid_current_price
2023-04-28,AACOU,missing_or_invalid_current_price
2023-04-28,AACOW,missing_or_invalid_current_price
2023-04-28,AACP,missing_or_invalid_current_price
2023-04-28,AACPR,missing_or_invalid_current_price
2023-04-28,AACPU,missing_or_invalid_current_price
2023-04-28,AACPW,missing_or_invalid_current_price
2023-04-28,AADR,missing_or_invalid_current_volume
2023-04-28,AADX,missing_or_invalid_current_price
2023-04-28,AAEQ,missing_or_invalid_current_price
2023-04-28,AAL,eligible
2023-04-28,AALG,missing_or_invalid_current_price
2023-04-28,AAME,missing_or_invalid_current_volume
2023-04-28,AAMI,eligible
2023-04-28,AAOI,eligible
2023-04-28,AAON,eligible
2023-04-28,AAP,eligible
2023-04-28,AAPB,missing_or_invalid_t_minus_252_price
2023-04-28,AAPD,missing_or_invalid_t_minus_252_price
2023-04-28,AAPG,missing_or_invalid_current_price
2023-04-28,AAPL,eligible
2023-04-28,AAPU,missing_or_invalid_t_minus_252_price
2023-04-28,AARD,missing_or_invalid_current_price
2023-04-28,AAT,eligible
2023-04-28,AAUB,missing_or_invalid_current_price
2023-04-28,AAUC,missing_or_invalid_current_price
2023-04-28,AAUS,missing_or_invalid_current_price
2023-04-28,AAVM,missing_or_invalid_t_minus_21_price
2023-04-28,AAXJ,eligible
2023-04-28,AB,eligible
2023-04-28,ABAT,missing_or_invalid_current_price
2023-04-28,ABBV,eligible
2023-04-28,ABCB,eligible
2023-04-28,ABCL,eligible
2023-04-28,ABCS,missing_or_invalid_current_price
2023-04-28,ABEO,eligible
2023-04-28,ABEV,eligible
2023-04-28,ABG,eligible
2023-04-28,ABI,missing_or_invalid_current_price
2023-04-28,ABIG,missing_or_invalid_current_price
2023-04-28,ABLV,missing_or_invalid_current_volume
2023-04-28,ABLVW,missing_or_invalid_current_volume
2023-04-28,ABM,eligible
2023-04-28,ABNB,eligible
2023-04-28,ABOS,eligible
2023-04-28,ABR,eligible
2023-04-28,ABR.PRD,missing_or_invalid_t_minus_252_price
2023-04-28,ABR.PRE,eligible
2023-04-28,ABR.PRF,missing_or_invalid_t_minus_21_price
2023-04-28,ABSI,eligible
2023-04-28,ABT,eligible
2023-04-28,ABTC,eligible
2023-04-28,ABTS,missing_or_invalid_current_volume
2023-04-28,ABUS,eligible
2023-04-28,ABVC,eligible
2023-04-28,ABVX,missing_or_invalid_current_price
2023-04-28,ABX,missing_or_invalid_current_volume
2023-04-28,ABXL,missing_or_invalid_current_price
2023-04-28,ACA,eligible
2023-04-28,ACAA,missing_or_invalid_current_price
2023-04-28,ACAAU,missing_or_invalid_current_price
2023-04-28,ACAAW,missing_or_invalid_current_price
2023-04-28,ACAD,eligible
2023-04-28,ACB,eligible
2023-04-28,ACCL,missing_or_invalid_current_price
2023-04-28,ACCO,eligible
2023-04-28,ACCS,missing_or_invalid_current_volume
2023-04-28,ACDC,missing_or_invalid_t_minus_252_price
2023-04-28,ACEL,eligible
2023-04-28,ACEP,missing_or_invalid_current_price
2023-04-28,ACET,eligible
2023-04-28,ACFN,missing_or_invalid_current_price
2023-04-28,ACGC,missing_or_invalid_current_price
2023-04-28,ACGCU,missing_or_invalid_current_price
2023-04-28,ACGCW,missing_or_invalid_current_price
2023-04-28,ACGL,eligible
2023-04-28,ACGLN,eligible
2023-04-28,ACGLO,eligible
2023-04-28,ACH,eligible
2023-04-28,ACHC,eligible
2023-04-28,ACHR,eligible
2023-04-28,ACHR.WS,missing_or_invalid_current_volume
2023-04-28,ACHV,eligible
2023-04-28,ACI,eligible
2023-04-28,ACIC,eligible
2023-04-28,ACIU,eligible
2023-04-28,ACIW,eligible
2023-04-28,ACLO,missing_or_invalid_current_price
2023-04-28,ACLS,eligible
2023-05-31,A,eligible
2023-05-31,AA,eligible
2023-05-31,AAAP,missing_or_invalid_current_price
2023-05-31,AAC.U,missing_or_invalid_current_volume
2023-05-31,AACB,missing_or_invalid_current_price
2023-05-31,AACBR,missing_or_invalid_current_price
2023-05-31,AACBU,missing_or_invalid_current_price
2023-05-31,AACG,missing_or_invalid_current_volume
2023-05-31,AACI,missing_or_invalid_current_volume
2023-05-31,AACIU,missing_or_invalid_current_volume
2023-05-31,AACIW,missing_or_invalid_current_volume
2023-05-31,AACO,missing_or_invalid_current_price
2023-05-31,AACOU,missing_or_invalid_current_price
2023-05-31,AACOW,missing_or_invalid_current_price
2023-05-31,AACP,missing_or_invalid_current_price
2023-05-31,AACPR,missing_or_invalid_current_price
2023-05-31,AACPU,missing_or_invalid_current_price
2023-05-31,AACPW,missing_or_invalid_current_price
2023-05-31,AADR,missing_or_invalid_current_volume
2023-05-31,AADX,missing_or_invalid_current_price
2023-05-31,AAEQ,missing_or_invalid_current_price
2023-05-31,AAL,eligible
2023-05-31,AALG,missing_or_invalid_current_price
2023-05-31,AAME,missing_or_invalid_current_volume
2023-05-31,AAMI,eligible
2023-05-31,AAOI,eligible
2023-05-31,AAON,eligible
2023-05-31,AAP,eligible
2023-05-31,AAPB,missing_or_invalid_t_minus_21_price
2023-05-31,AAPD,missing_or_invalid_t_minus_252_price
2023-05-31,AAPG,missing_or_invalid_current_price
2023-05-31,AAPL,eligible
2023-05-31,AAPU,missing_or_invalid_t_minus_252_price
2023-05-31,AARD,missing_or_invalid_current_price
2023-05-31,AAT,eligible
2023-05-31,AAUB,missing_or_invalid_current_price
2023-05-31,AAUC,missing_or_invalid_current_price
2023-05-31,AAUS,missing_or_invalid_current_price
2023-05-31,AAVM,missing_or_invalid_current_volume
2023-05-31,AAXJ,eligible
2023-05-31,AB,eligible
2023-05-31,ABAT,missing_or_invalid_current_price
2023-05-31,ABBV,eligible
2023-05-31,ABCB,eligible
2023-05-31,ABCL,eligible
2023-05-31,ABCS,missing_or_invalid_current_price
2023-05-31,ABEO,eligible
2023-05-31,ABEV,eligible
2023-05-31,ABG,eligible
2023-05-31,ABI,missing_or_invalid_current_price
2023-05-31,ABIG,missing_or_invalid_current_price
2023-05-31,ABLV,missing_or_invalid_current_volume
2023-05-31,ABLVW,missing_or_invalid_current_volume
2023-05-31,ABM,eligible
2023-05-31,ABNB,eligible
2023-05-31,ABOS,eligible
2023-05-31,ABR,eligible
2023-05-31,ABR.PRD,missing_or_invalid_t_minus_21_price
2023-05-31,ABR.PRE,eligible
2023-05-31,ABR.PRF,missing_or_invalid_t_minus_21_price
2023-05-31,ABSI,eligible
2023-05-31,ABT,eligible
2023-05-31,ABTC,eligible
2023-05-31,ABTS,missing_or_invalid_current_volume
2023-05-31,ABUS,eligible
2023-05-31,ABVC,eligible
2023-05-31,ABVX,missing_or_invalid_current_price
2023-05-31,ABX,missing_or_invalid_current_volume
2023-05-31,ABXL,missing_or_invalid_current_price
2023-05-31,ACA,eligible
2023-05-31,ACAA,missing_or_invalid_current_price
2023-05-31,ACAAU,missing_or_invalid_current_price
2023-05-31,ACAAW,missing_or_invalid_current_price
2023-05-31,ACAD,eligible
2023-05-31,ACB,eligible
2023-05-31,ACCL,missing_or_invalid_current_price
2023-05-31,ACCO,eligible
2023-05-31,ACCS,eligible
2023-05-31,ACDC,eligible
2023-05-31,ACEL,eligible
2023-05-31,ACEP,missing_or_invalid_current_price
2023-05-31,ACET,eligible
2023-05-31,ACFN,missing_or_invalid_current_price
2023-05-31,ACGC,missing_or_invalid_current_price
2023-05-31,ACGCU,missing_or_invalid_current_price
2023-05-31,ACGCW,missing_or_invalid_current_price
2023-05-31,ACGL,eligible
2023-05-31,ACGLN,eligible
2023-05-31,ACGLO,missing_or_invalid_t_minus_21_price
2023-05-31,ACH,eligible
2023-05-31,ACHC,eligible
2023-05-31,ACHR,eligible
2023-05-31,ACHR.WS,missing_or_invalid_current_volume
2023-05-31,ACHV,eligible
2023-05-31,ACI,eligible
2023-05-31,ACIC,eligible
2023-05-31,ACIU,eligible
2023-05-31,ACIW,eligible
2023-05-31,ACLO,missing_or_invalid_current_price
2023-05-31,ACLS,eligible
2023-06-30,A,eligible
2023-06-30,AA,eligible
2023-06-30,AAAP,missing_or_invalid_current_price
2023-06-30,AAC.U,missing_or_invalid_current_volume
2023-06-30,AACB,missing_or_invalid_current_price
2023-06-30,AACBR,missing_or_invalid_current_price
2023-06-30,AACBU,missing_or_invalid_current_price
2023-06-30,AACG,missing_or_invalid_t_minus_21_price
2023-06-30,AACI,missing_or_invalid_current_volume
2023-06-30,AACIU,missing_or_invalid_current_volume
2023-06-30,AACIW,missing_or_invalid_current_volume
2023-06-30,AACO,missing_or_invalid_current_price
2023-06-30,AACOU,missing_or_invalid_current_price
2023-06-30,AACOW,missing_or_invalid_current_price
2023-06-30,AACP,missing_or_invalid_current_price
2023-06-30,AACPR,missing_or_invalid_current_price
2023-06-30,AACPU,missing_or_invalid_current_price
2023-06-30,AACPW,missing_or_invalid_current_price
2023-06-30,AADR,missing_or_invalid_current_volume
2023-06-30,AADX,missing_or_invalid_current_price
2023-06-30,AAEQ,missing_or_invalid_current_price
2023-06-30,AAL,eligible
2023-06-30,AALG,missing_or_invalid_current_price
2023-06-30,AAME,missing_or_invalid_current_volume
2023-06-30,AAMI,eligible
2023-06-30,AAOI,eligible
2023-06-30,AAON,eligible
2023-06-30,AAP,eligible
2023-06-30,AAPB,missing_or_invalid_current_volume
2023-06-30,AAPD,missing_or_invalid_t_minus_252_price
2023-06-30,AAPG,missing_or_invalid_current_price
2023-06-30,AAPL,eligible
2023-06-30,AAPU,missing_or_invalid_t_minus_252_price
2023-06-30,AARD,missing_or_invalid_current_price
2023-06-30,AAT,eligible
2023-06-30,AAUB,missing_or_invalid_current_price
2023-06-30,AAUC,missing_or_invalid_current_price
2023-06-30,AAUS,missing_or_invalid_current_price
2023-06-30,AAVM,missing_or_invalid_current_volume
2023-06-30,AAXJ,eligible
2023-06-30,AB,eligible
2023-06-30,ABAT,missing_or_invalid_current_price
2023-06-30,ABBV,eligible
2023-06-30,ABCB,eligible
2023-06-30,ABCL,eligible
2023-06-30,ABCS,missing_or_invalid_current_price
2023-06-30,ABEO,eligible
2023-06-30,ABEV,eligible
2023-06-30,ABG,eligible
2023-06-30,ABI,missing_or_invalid_current_price
2023-06-30,ABIG,missing_or_invalid_current_price
2023-06-30,ABLV,missing_or_invalid_current_volume
2023-06-30,ABLVW,missing_or_invalid_current_volume
2023-06-30,ABM,eligible
2023-06-30,ABNB,eligible
2023-06-30,ABOS,eligible
2023-06-30,ABR,eligible
2023-06-30,ABR.PRD,eligible
2023-06-30,ABR.PRE,missing_or_invalid_current_volume
2023-06-30,ABR.PRF,missing_or_invalid_t_minus_252_price
2023-06-30,ABSI,eligible
2023-06-30,ABT,eligible
2023-06-30,ABTC,eligible
2023-06-30,ABTS,missing_or_invalid_current_volume
2023-06-30,ABUS,eligible
2023-06-30,ABVC,missing_or_invalid_t_minus_21_price
2023-06-30,ABVX,missing_or_invalid_current_price
2023-06-30,ABX,missing_or_invalid_current_volume
2023-06-30,ABXL,missing_or_invalid_current_price
2023-06-30,ACA,eligible
2023-06-30,ACAA,missing_or_invalid_current_price
2023-06-30,ACAAU,missing_or_invalid_current_price
2023-06-30,ACAAW,missing_or_invalid_current_price
2023-06-30,ACAD,eligible
2023-06-30,ACB,eligible
2023-06-30,ACCL,missing_or_invalid_current_price
2023-06-30,ACCO,eligible
2023-06-30,ACCS,missing_or_invalid_t_minus_21_price
2023-06-30,ACDC,eligible
2023-06-30,ACEL,eligible
2023-06-30,ACEP,missing_or_invalid_current_price
2023-06-30,ACET,eligible
2023-06-30,ACFN,missing_or_invalid_current_price
2023-06-30,ACGC,missing_or_invalid_current_price
2023-06-30,ACGCU,missing_or_invalid_current_price
2023-06-30,ACGCW,missing_or_invalid_current_price
2023-06-30,ACGL,eligible
2023-06-30,ACGLN,eligible
2023-06-30,ACGLO,missing_or_invalid_t_minus_252_price
2023-06-30,ACH,eligible
2023-06-30,ACHC,eligible
2023-06-30,ACHR,eligible
2023-06-30,ACHR.WS,missing_or_invalid_t_minus_21_price
2023-06-30,ACHV,eligible
2023-06-30,ACI,eligible
2023-06-30,ACIC,eligible
2023-06-30,ACIU,eligible
2023-06-30,ACIW,eligible
2023-06-30,ACLO,missing_or_invalid_current_price
2023-06-30,ACLS,eligible
2023-07-31,A,eligible
2023-07-31,AA,eligible
2023-07-31,AAAP,missing_or_invalid_current_price
2023-07-31,AAC.U,missing_or_invalid_t_minus_21_price
2023-07-31,AACB,missing_or_invalid_current_price
2023-07-31,AACBR,missing_or_invalid_current_price
2023-07-31,AACBU,missing_or_invalid_current_price
2023-07-31,AACG,missing_or_invalid_current_volume
2023-07-31,AACI,missing_or_invalid_t_minus_252_price
2023-07-31,AACIU,missing_or_invalid_current_volume
2023-07-31,AACIW,missing_or_invalid_current_volume
2023-07-31,AACO,missing_or_invalid_current_price
2023-07-31,AACOU,missing_or_invalid_current_price
2023-07-31,AACOW,missing_or_invalid_current_price
2023-07-31,AACP,missing_or_invalid_current_price
2023-07-31,AACPR,missing_or_invalid_current_price
2023-07-31,AACPU,missing_or_invalid_current_price
2023-07-31,AACPW,missing_or_invalid_current_price
2023-07-31,AADR,missing_or_invalid_current_volume
2023-07-31,AADX,missing_or_invalid_current_price
2023-07-31,AAEQ,missing_or_invalid_current_price
2023-07-31,AAL,eligible
2023-07-31,AALG,missing_or_invalid_current_price
2023-07-31,AAME,missing_or_invalid_current_volume
2023-07-31,AAMI,eligible
2023-07-31,AAOI,eligible
2023-07-31,AAON,eligible
2023-07-31,AAP,eligible
2023-07-31,AAPB,missing_or_invalid_current_volume
2023-07-31,AAPD,missing_or_invalid_t_minus_21_price
2023-07-31,AAPG,missing_or_invalid_current_price
2023-07-31,AAPL,eligible
2023-07-31,AAPU,missing_or_invalid_current_volume
2023-07-31,AARD,missing_or_invalid_current_price
2023-07-31,AAT,eligible
2023-07-31,AAUB,missing_or_invalid_current_price
2023-07-31,AAUC,missing_or_invalid_current_price
2023-07-31,AAUS,missing_or_invalid_current_price
2023-07-31,AAVM,missing_or_invalid_current_volume
2023-07-31,AAXJ,eligible
2023-07-31,AB,eligible
2023-07-31,ABAT,missing_or_invalid_current_price
2023-07-31,ABBV,eligible
2023-07-31,ABCB,eligible
2023-07-31,ABCL,eligible
2023-07-31,ABCS,missing_or_invalid_current_price
2023-07-31,ABEO,eligible
2023-07-31,ABEV,eligible
2023-07-31,ABG,eligible
2023-07-31,ABI,missing_or_invalid_current_price
2023-07-31,ABIG,missing_or_invalid_current_price
2023-07-31,ABLV,missing_or_invalid_t_minus_21_price
2023-07-31,ABLVW,missing_or_invalid_t_minus_21_price
2023-07-31,ABM,eligible
2023-07-31,ABNB,eligible
2023-07-31,ABOS,eligible
2023-07-31,ABR,eligible
2023-07-31,ABR.PRD,missing_or_invalid_current_volume
2023-07-31,ABR.PRE,missing_or_invalid_t_minus_21_price
2023-07-31,ABR.PRF,missing_or_invalid_current_volume
2023-07-31,ABSI,eligible
2023-07-31,ABT,eligible
2023-07-31,ABTC,eligible
2023-07-31,ABTS,missing_or_invalid_current_volume
2023-07-31,ABUS,eligible
2023-07-31,ABVC,eligible
2023-07-31,ABVX,missing_or_invalid_current_price
2023-07-31,ABX,eligible
2023-07-31,ABXL,missing_or_invalid_current_price
2023-07-31,ACA,eligible
2023-07-31,ACAA,missing_or_invalid_current_price
2023-07-31,ACAAU,missing_or_invalid_current_price
2023-07-31,ACAAW,missing_or_invalid_current_price
2023-07-31,ACAD,eligible
2023-07-31,ACB,eligible
2023-07-31,ACCL,missing_or_invalid_current_price
2023-07-31,ACCO,eligible
2023-07-31,ACCS,eligible
2023-07-31,ACDC,eligible
2023-07-31,ACEL,eligible
2023-07-31,ACEP,missing_or_invalid_current_price
2023-07-31,ACET,eligible
2023-07-31,ACFN,missing_or_invalid_current_price
2023-07-31,ACGC,missing_or_invalid_current_price
2023-07-31,ACGCU,missing_or_invalid_current_price
2023-07-31,ACGCW,missing_or_invalid_current_price
2023-07-31,ACGL,eligible
2023-07-31,ACGLN,eligible
2023-07-31,ACGLO,eligible
2023-07-31,ACH,eligible
2023-07-31,ACHC,eligible
2023-07-31,ACHR,eligible
2023-07-31,ACHR.WS,eligible
2023-07-31,ACHV,eligible
2023-07-31,ACI,eligible
2023-07-31,ACIC,eligible
2023-07-31,ACIU,missing_or_invalid_t_minus_252_price
2023-07-31,ACIW,eligible
2023-07-31,ACLO,missing_or_invalid_current_price
2023-07-31,ACLS,eligible
2023-08-31,A,eligible
2023-08-31,AA,eligible
2023-08-31,AAAP,missing_or_invalid_current_price
2023-08-31,AAC.U,missing_or_invalid_current_volume
2023-08-31,AACB,missing_or_invalid_current_price
2023-08-31,AACBR,missing_or_invalid_current_price
2023-08-31,AACBU,missing_or_invalid_current_price
2023-08-31,AACG,missing_or_invalid_current_volume
2023-08-31,AACI,missing_or_invalid_current_volume
2023-08-31,AACIU,missing_or_invalid_current_volume
2023-08-31,AACIW,missing_or_invalid_current_volume
2023-08-31,AACO,missing_or_invalid_current_price
2023-08-31,AACOU,missing_or_invalid_current_price
2023-08-31,AACOW,missing_or_invalid_current_price
2023-08-31,AACP,missing_or_invalid_current_price
2023-08-31,AACPR,missing_or_invalid_current_price
2023-08-31,AACPU,missing_or_invalid_current_price
2023-08-31,AACPW,missing_or_invalid_current_price
2023-08-31,AADR,missing_or_invalid_current_volume
2023-08-31,AADX,missing_or_invalid_current_price
2023-08-31,AAEQ,missing_or_invalid_current_price
2023-08-31,AAL,eligible
2023-08-31,AALG,missing_or_invalid_current_price
2023-08-31,AAME,missing_or_invalid_current_volume
2023-08-31,AAMI,eligible
2023-08-31,AAOI,eligible
2023-08-31,AAON,eligible
2023-08-31,AAP,eligible
2023-08-31,AAPB,missing_or_invalid_t_minus_21_price
2023-08-31,AAPD,missing_or_invalid_t_minus_21_price
2023-08-31,AAPG,missing_or_invalid_current_price
2023-08-31,AAPL,eligible
2023-08-31,AAPU,missing_or_invalid_t_minus_252_price
2023-08-31,AARD,missing_or_invalid_current_price
2023-08-31,AAT,eligible
2023-08-31,AAUB,missing_or_invalid_current_price
2023-08-31,AAUC,missing_or_invalid_current_price
2023-08-31,AAUS,missing_or_invalid_current_price
2023-08-31,AAVM,missing_or_invalid_current_volume
2023-08-31,AAXJ,eligible
2023-08-31,AB,eligible
2023-08-31,ABAT,missing_or_invalid_current_price
2023-08-31,ABBV,eligible
2023-08-31,ABCB,eligible
2023-08-31,ABCL,eligible
2023-08-31,ABCS,missing_or_invalid_current_price
2023-08-31,ABEO,eligible
2023-08-31,ABEV,eligible
2023-08-31,ABG,eligible
2023-08-31,ABI,missing_or_invalid_current_price
2023-08-31,ABIG,missing_or_invalid_current_price
2023-08-31,ABLV,missing_or_invalid_t_minus_252_price
2023-08-31,ABLVW,missing_or_invalid_current_volume
2023-08-31,ABM,eligible
2023-08-31,ABNB,eligible
2023-08-31,ABOS,eligible
2023-08-31,ABR,eligible
2023-08-31,ABR.PRD,eligible
2023-08-31,ABR.PRE,missing_or_invalid_current_volume
2023-08-31,ABR.PRF,missing_or_invalid_t_minus_21_price
2023-08-31,ABSI,eligible
2023-08-31,ABT,eligible
2023-08-31,ABTC,eligible
2023-08-31,ABTS,missing_or_invalid_current_volume
2023-08-31,ABUS,eligible
2023-08-31,ABVC,eligible
2023-08-31,ABVX,missing_or_invalid_current_price
2023-08-31,ABX,missing_or_invalid_t_minus_21_price
2023-08-31,ABXL,missing_or_invalid_current_price
2023-08-31,ACA,eligible
2023-08-31,ACAA,missing_or_invalid_current_price
2023-08-31,ACAAU,missing_or_invalid_current_price
2023-08-31,ACAAW,missing_or_invalid_current_price
2023-08-31,ACAD,eligible
2023-08-31,ACB,eligible
2023-08-31,ACCL,missing_or_invalid_current_price
2023-08-31,ACCO,eligible
2023-08-31,ACCS,eligible
2023-08-31,ACDC,eligible
2023-08-31,ACEL,eligible
2023-08-31,ACEP,missing_or_invalid_current_price
2023-08-31,ACET,eligible
2023-08-31,ACFN,missing_or_invalid_current_price
2023-08-31,ACGC,missing_or_invalid_current_price
2023-08-31,ACGCU,missing_or_invalid_current_price
2023-08-31,ACGCW,missing_or_invalid_current_price
2023-08-31,ACGL,eligible
2023-08-31,ACGLN,eligible
2023-08-31,ACGLO,eligible
2023-08-31,ACH,eligible
2023-08-31,ACHC,eligible
2023-08-31,ACHR,eligible
2023-08-31,ACHR.WS,missing_or_invalid_current_volume
2023-08-31,ACHV,eligible
2023-08-31,ACI,eligible
2023-08-31,ACIC,eligible
2023-08-31,ACIU,eligible
2023-08-31,ACIW,eligible
2023-08-31,ACLO,missing_or_invalid_current_price
2023-08-31,ACLS,eligible
2023-09-29,A,eligible
2023-09-29,AA,eligible
2023-09-29,AAAP,missing_or_invalid_current_price
2023-09-29,AAC.U,missing_or_invalid_current_volume
2023-09-29,AACB,missing_or_invalid_current_price
2023-09-29,AACBR,missing_or_invalid_current_price
2023-09-29,AACBU,missing_or_invalid_current_price
2023-09-29,AACG,eligible
2023-09-29,AACI,missing_or_invalid_current_volume
2023-09-29,AACIU,missing_or_invalid_current_volume
2023-09-29,AACIW,missing_or_invalid_current_volume
2023-09-29,AACO,missing_or_invalid_current_price
2023-09-29,AACOU,missing_or_invalid_current_price
2023-09-29,AACOW,missing_or_invalid_current_price
2023-09-29,AACP,missing_or_invalid_current_price
2023-09-29,AACPR,missing_or_invalid_current_price
2023-09-29,AACPU,missing_or_invalid_current_price
2023-09-29,AACPW,missing_or_invalid_current_price
2023-09-29,AADR,missing_or_invalid_current_volume
2023-09-29,AADX,missing_or_invalid_current_price
2023-09-29,AAEQ,missing_or_invalid_current_price
2023-09-29,AAL,eligible
2023-09-29,AALG,missing_or_invalid_current_price
2023-09-29,AAME,missing_or_invalid_current_volume
2023-09-29,AAMI,eligible
2023-09-29,AAOI,eligible
2023-09-29,AAON,eligible
2023-09-29,AAP,eligible
2023-09-29,AAPB,missing_or_invalid_current_volume
2023-09-29,AAPD,missing_or_invalid_t_minus_21_price
2023-09-29,AAPG,missing_or_invalid_current_price
2023-09-29,AAPL,eligible
2023-09-29,AAPU,eligible
2023-09-29,AARD,missing_or_invalid_current_price
2023-09-29,AAT,eligible
2023-09-29,AAUB,missing_or_invalid_current_price
2023-09-29,AAUC,missing_or_invalid_current_price
2023-09-29,AAUS,missing_or_invalid_current_price
2023-09-29,AAVM,missing_or_invalid_current_volume
2023-09-29,AAXJ,eligible
2023-09-29,AB,eligible
2023-09-29,ABAT,missing_or_invalid_t_minus_21_price
2023-09-29,ABBV,eligible
2023-09-29,ABCB,eligible
2023-09-29,ABCL,eligible
2023-09-29,ABCS,missing_or_invalid_current_price
2023-09-29,ABEO,eligible
2023-09-29,ABEV,eligible
2023-09-29,ABG,eligible
2023-09-29,ABI,missing_or_invalid_current_price
2023-09-29,ABIG,missing_or_invalid_current_price
2023-09-29,ABLV,missing_or_invalid_current_volume
2023-09-29,ABLVW,missing_or_invalid_current_volume
2023-09-29,ABM,eligible
2023-09-29,ABNB,eligible
2023-09-29,ABOS,eligible
2023-09-29,ABR,eligible
2023-09-29,ABR.PRD,missing_or_invalid_current_volume
2023-09-29,ABR.PRE,missing_or_invalid_current_volume
2023-09-29,ABR.PRF,missing_or_invalid_t_minus_21_price
2023-09-29,ABSI,eligible
2023-09-29,ABT,eligible
2023-09-29,ABTC,eligible
2023-09-29,ABTS,missing_or_invalid_current_volume
2023-09-29,ABUS,eligible
2023-09-29,ABVC,eligible
2023-09-29,ABVX,missing_or_invalid_current_price
2023-09-29,ABX,missing_or_invalid_t_minus_21_price
2023-09-29,ABXL,missing_or_invalid_current_price
2023-09-29,ACA,eligible
2023-09-29,ACAA,missing_or_invalid_current_price
2023-09-29,ACAAU,missing_or_invalid_current_price
2023-09-29,ACAAW,missing_or_invalid_current_price
2023-09-29,ACAD,eligible
2023-09-29,ACB,eligible
2023-09-29,ACCL,missing_or_invalid_current_price
2023-09-29,ACCO,eligible
2023-09-29,ACCS,missing_or_invalid_current_volume
2023-09-29,ACDC,eligible
2023-09-29,ACEL,eligible
2023-09-29,ACEP,missing_or_invalid_current_price
2023-09-29,ACET,eligible
2023-09-29,ACFN,missing_or_invalid_current_price
2023-09-29,ACGC,missing_or_invalid_current_price
2023-09-29,ACGCU,missing_or_invalid_current_price
2023-09-29,ACGCW,missing_or_invalid_current_price
2023-09-29,ACGL,eligible
2023-09-29,ACGLN,eligible
2023-09-29,ACGLO,missing_or_invalid_t_minus_252_price
2023-09-29,ACH,eligible
2023-09-29,ACHC,eligible
2023-09-29,ACHR,eligible
2023-09-29,ACHR.WS,missing_or_invalid_current_volume
2023-09-29,ACHV,eligible
2023-09-29,ACI,eligible
2023-09-29,ACIC,eligible
2023-09-29,ACIU,eligible
2023-09-29,ACIW,eligible
2023-09-29,ACLO,missing_or_invalid_current_price
2023-09-29,ACLS,eligible
2023-10-31,A,eligible
2023-10-31,AA,eligible
2023-10-31,AAAP,missing_or_invalid_current_price
2023-10-31,AAC.U,missing_or_invalid_t_minus_21_price
2023-10-31,AACB,missing_or_invalid_current_price
2023-10-31,AACBR,missing_or_invalid_current_price
2023-10-31,AACBU,missing_or_invalid_current_price
2023-10-31,AACG,missing_or_invalid_current_volume
2023-10-31,AACI,missing_or_invalid_t_minus_21_price
2023-10-31,AACIU,missing_or_invalid_current_volume
2023-10-31,AACIW,missing_or_invalid_current_volume
2023-10-31,AACO,missing_or_invalid_current_price
2023-10-31,AACOU,missing_or_invalid_current_price
2023-10-31,AACOW,missing_or_invalid_current_price
2023-10-31,AACP,missing_or_invalid_current_price
2023-10-31,AACPR,missing_or_invalid_current_price
2023-10-31,AACPU,missing_or_invalid_current_price
2023-10-31,AACPW,missing_or_invalid_current_price
2023-10-31,AADR,missing_or_invalid_current_volume
2023-10-31,AADX,missing_or_invalid_current_price
2023-10-31,AAEQ,missing_or_invalid_current_price
2023-10-31,AAL,eligible
2023-10-31,AALG,missing_or_invalid_current_price
2023-10-31,AAME,missing_or_invalid_current_volume
2023-10-31,AAMI,eligible
2023-10-31,AAOI,eligible
2023-10-31,AAON,eligible
2023-10-31,AAP,eligible
2023-10-31,AAPB,missing_or_invalid_t_minus_21_price
2023-10-31,AAPD,eligible
2023-10-31,AAPG,missing_or_invalid_current_price
2023-10-31,AAPL,eligible
2023-10-31,AAPU,missing_or_invalid_t_minus_21_price
2023-10-31,AARD,missing_or_invalid_current_price
2023-10-31,AAT,eligible
2023-10-31,AAUB,missing_or_invalid_current_price
2023-10-31,AAUC,missing_or_invalid_current_price
2023-10-31,AAUS,missing_or_invalid_current_price
2023-10-31,AAVM,missing_or_invalid_t_minus_21_price
2023-10-31,AAXJ,eligible
2023-10-31,AB,eligible
2023-10-31,ABAT,missing_or_invalid_t_minus_252_price
2023-10-31,ABBV,eligible
2023-10-31,ABCB,eligible
2023-10-31,ABCL,eligible
2023-10-31,ABCS,missing_or_invalid_current_price
2023-10-31,ABEO,eligible
2023-10-31,ABEV,eligible
2023-10-31,ABG,eligible
2023-10-31,ABI,missing_or_invalid_current_price
2023-10-31,ABIG,missing_or_invalid_current_price
2023-10-31,ABLV,missing_or_invalid_current_volume
2023-10-31,ABLVW,missing_or_invalid_current_volume
2023-10-31,ABM,eligible
2023-10-31,ABNB,eligible
2023-10-31,ABOS,eligible
2023-10-31,ABR,eligible
2023-10-31,ABR.PRD,missing_or_invalid_current_volume
2023-10-31,ABR.PRE,missing_or_invalid_current_volume
2023-10-31,ABR.PRF,eligible
2023-10-31,ABSI,eligible
2023-10-31,ABT,eligible
2023-10-31,ABTC,eligible
2023-10-31,ABTS,missing_or_invalid_t_minus_21_price
2023-10-31,ABUS,eligible
2023-10-31,ABVC,missing_or_invalid_t_minus_252_price
2023-10-31,ABVX,missing_or_invalid_t_minus_21_price
2023-10-31,ABX,eligible
2023-10-31,ABXL,missing_or_invalid_current_price
2023-10-31,ACA,eligible
2023-10-31,ACAA,missing_or_invalid_current_price
2023-10-31,ACAAU,missing_or_invalid_current_price
2023-10-31,ACAAW,missing_or_invalid_current_price
2023-10-31,ACAD,eligible
2023-10-31,ACB,eligible
2023-10-31,ACCL,missing_or_invalid_current_price
2023-10-31,ACCO,eligible
2023-10-31,ACCS,eligible
2023-10-31,ACDC,eligible
2023-10-31,ACEL,eligible
2023-10-31,ACEP,missing_or_invalid_current_price
2023-10-31,ACET,eligible
2023-10-31,ACFN,missing_or_invalid_current_price
2023-10-31,ACGC,missing_or_invalid_current_price
2023-10-31,ACGCU,missing_or_invalid_current_price
2023-10-31,ACGCW,missing_or_invalid_current_price
2023-10-31,ACGL,eligible
2023-10-31,ACGLN,eligible
2023-10-31,ACGLO,eligible
2023-10-31,ACH,eligible
2023-10-31,ACHC,eligible
2023-10-31,ACHR,eligible
2023-10-31,ACHR.WS,missing_or_invalid_current_volume
2023-10-31,ACHV,eligible
2023-10-31,ACI,eligible
2023-10-31,ACIC,missing_or_invalid_t_minus_252_price
2023-10-31,ACIU,eligible
2023-10-31,ACIW,eligible
2023-10-31,ACLO,missing_or_invalid_current_price
2023-10-31,ACLS,eligible
2023-11-30,A,eligible
2023-11-30,AA,eligible
2023-11-30,AAAP,missing_or_invalid_current_price
2023-11-30,AAC.U,eligible
2023-11-30,AACB,missing_or_invalid_current_price
2023-11-30,AACBR,missing_or_invalid_current_price
2023-11-30,AACBU,missing_or_invalid_current_price
2023-11-30,AACG,missing_or_invalid_t_minus_21_price
2023-11-30,AACI,missing_or_invalid_current_volume
2023-11-30,AACIU,missing_or_invalid_current_volume
2023-11-30,AACIW,missing_or_invalid_t_minus_21_price
2023-11-30,AACO,missing_or_invalid_current_price
2023-11-30,AACOU,missing_or_invalid_current_price
2023-11-30,AACOW,missing_or_invalid_current_price
2023-11-30,AACP,missing_or_invalid_current_price
2023-11-30,AACPR,missing_or_invalid_current_price
2023-11-30,AACPU,missing_or_invalid_current_price
2023-11-30,AACPW,missing_or_invalid_current_price
2023-11-30,AADR,missing_or_invalid_current_volume
2023-11-30,AADX,missing_or_invalid_current_price
2023-11-30,AAEQ,missing_or_invalid_current_price
2023-11-30,AAL,eligible
2023-11-30,AALG,missing_or_invalid_current_price
2023-11-30,AAME,missing_or_invalid_t_minus_21_price
2023-11-30,AAMI,eligible
2023-11-30,AAOI,eligible
2023-11-30,AAON,eligible
2023-11-30,AAP,eligible
2023-11-30,AAPB,missing_or_invalid_current_volume
2023-11-30,AAPD,missing_or_invalid_t_minus_21_price
2023-11-30,AAPG,missing_or_invalid_current_price
2023-11-30,AAPL,eligible
2023-11-30,AAPU,eligible
2023-11-30,AARD,missing_or_invalid_current_price
2023-11-30,AAT,eligible
2023-11-30,AAUB,missing_or_invalid_current_price
2023-11-30,AAUC,missing_or_invalid_current_price
2023-11-30,AAUS,missing_or_invalid_current_price
2023-11-30,AAVM,eligible
2023-11-30,AAXJ,eligible
2023-11-30,AB,eligible
2023-11-30,ABAT,missing_or_invalid_t_minus_252_price
2023-11-30,ABBV,eligible
2023-11-30,ABCB,eligible
2023-11-30,ABCL,eligible
2023-11-30,ABCS,missing_or_invalid_current_price
2023-11-30,ABEO,eligible
2023-11-30,ABEV,eligible
2023-11-30,ABG,eligible
2023-11-30,ABI,missing_or_invalid_current_price
2023-11-30,ABIG,missing_or_invalid_current_price
2023-11-30,ABLV,missing_or_invalid_current_volume
2023-11-30,ABLVW,missing_or_invalid_current_volume
2023-11-30,ABM,eligible
2023-11-30,ABNB,eligible
2023-11-30,ABOS,eligible
2023-11-30,ABR,eligible
2023-11-30,ABR.PRD,missing_or_invalid_t_minus_21_price
2023-11-30,ABR.PRE,missing_or_invalid_t_minus_21_price
2023-11-30,ABR.PRF,missing_or_invalid_t_minus_252_price
2023-11-30,ABSI,eligible
2023-11-30,ABT,eligible
2023-11-30,ABTC,eligible
2023-11-30,ABTS,missing_or_invalid_current_volume
2023-11-30,ABUS,eligible
2023-11-30,ABVC,missing_or_invalid_t_minus_252_price
2023-11-30,ABVX,missing_or_invalid_t_minus_252_price
2023-11-30,ABX,missing_or_invalid_current_volume
2023-11-30,ABXL,missing_or_invalid_current_price
2023-11-30,ACA,eligible
2023-11-30,ACAA,missing_or_invalid_current_price
2023-11-30,ACAAU,missing_or_invalid_current_price
2023-11-30,ACAAW,missing_or_invalid_current_price
2023-11-30,ACAD,eligible
2023-11-30,ACB,eligible
2023-11-30,ACCL,missing_or_invalid_current_price
2023-11-30,ACCO,eligible
2023-11-30,ACCS,missing_or_invalid_current_volume
2023-11-30,ACDC,eligible
2023-11-30,ACEL,eligible
2023-11-30,ACEP,missing_or_invalid_current_price
2023-11-30,ACET,eligible
2023-11-30,ACFN,missing_or_invalid_current_price
2023-11-30,ACGC,missing_or_invalid_current_price
2023-11-30,ACGCU,missing_or_invalid_current_price
2023-11-30,ACGCW,missing_or_invalid_current_price
2023-11-30,ACGL,eligible
2023-11-30,ACGLN,eligible
2023-11-30,ACGLO,missing_or_invalid_t_minus_252_price
2023-11-30,ACH,eligible
2023-11-30,ACHC,eligible
2023-11-30,ACHR,eligible
2023-11-30,ACHR.WS,missing_or_invalid_current_volume
2023-11-30,ACHV,eligible
2023-11-30,ACI,eligible
2023-11-30,ACIC,eligible
2023-11-30,ACIU,eligible
2023-11-30,ACIW,eligible
2023-11-30,ACLO,missing_or_invalid_current_price
2023-11-30,ACLS,eligible
2023-12-29,A,eligible
2023-12-29,AA,eligible
2023-12-29,AAAP,missing_or_invalid_current_price
2023-12-29,AAC.U,missing_or_invalid_current_price
2023-12-29,AACB,missing_or_invalid_current_price
2023-12-29,AACBR,missing_or_invalid_current_price
2023-12-29,AACBU,missing_or_invalid_current_price
2023-12-29,AACG,missing_or_invalid_t_minus_21_price
2023-12-29,AACI,missing_or_invalid_current_volume
2023-12-29,AACIU,missing_or_invalid_current_volume
2023-12-29,AACIW,missing_or_invalid_current_volume
2023-12-29,AACO,missing_or_invalid_current_price
2023-12-29,AACOU,missing_or_invalid_current_price
2023-12-29,AACOW,missing_or_invalid_current_price
2023-12-29,AACP,missing_or_invalid_current_price
2023-12-29,AACPR,missing_or_invalid_current_price
2023-12-29,AACPU,missing_or_invalid_current_price
2023-12-29,AACPW,missing_or_invalid_current_price
2023-12-29,AADR,missing_or_invalid_t_minus_21_price
2023-12-29,AADX,missing_or_invalid_current_price
2023-12-29,AAEQ,missing_or_invalid_current_price
2023-12-29,AAL,eligible
2023-12-29,AALG,missing_or_invalid_current_price
2023-12-29,AAME,missing_or_invalid_t_minus_252_price
2023-12-29,AAMI,eligible
2023-12-29,AAOI,eligible
2023-12-29,AAON,eligible
2023-12-29,AAP,eligible
2023-12-29,AAPB,missing_or_invalid_t_minus_21_price
2023-12-29,AAPD,missing_or_invalid_t_minus_21_price
2023-12-29,AAPG,missing_or_invalid_current_price
2023-12-29,AAPL,eligible
2023-12-29,AAPU,missing_or_invalid_t_minus_21_price
2023-12-29,AARD,missing_or_invalid_current_price
2023-12-29,AAT,eligible
2023-12-29,AAUB,missing_or_invalid_current_price
2023-12-29,AAUC,missing_or_invalid_current_price
2023-12-29,AAUS,missing_or_invalid_current_price
2023-12-29,AAVM,eligible
2023-12-29,AAXJ,eligible
2023-12-29,AB,eligible
2023-12-29,ABAT,missing_or_invalid_t_minus_252_price
2023-12-29,ABBV,eligible
2023-12-29,ABCB,eligible
2023-12-29,ABCL,eligible
2023-12-29,ABCS,missing_or_invalid_current_price
2023-12-29,ABEO,eligible
2023-12-29,ABEV,eligible
2023-12-29,ABG,eligible
2023-12-29,ABI,missing_or_invalid_current_price
2023-12-29,ABIG,missing_or_invalid_current_price
2023-12-29,ABLV,missing_or_invalid_t_minus_21_price
2023-12-29,ABLVW,missing_or_invalid_current_volume
2023-12-29,ABM,eligible
2023-12-29,ABNB,eligible
2023-12-29,ABOS,eligible
2023-12-29,ABR,eligible
2023-12-29,ABR.PRD,eligible
2023-12-29,ABR.PRE,missing_or_invalid_current_volume
2023-12-29,ABR.PRF,missing_or_invalid_current_volume
2023-12-29,ABSI,eligible
2023-12-29,ABT,eligible
2023-12-29,ABTC,eligible
2023-12-29,ABTS,missing_or_invalid_t_minus_21_price
2023-12-29,ABUS,eligible
2023-12-29,ABVC,eligible
2023-12-29,ABVX,missing_or_invalid_t_minus_252_price
2023-12-29,ABX,missing_or_invalid_t_minus_252_price
2023-12-29,ABXL,missing_or_invalid_current_volume
2023-12-29,ACA,eligible
2023-12-29,ACAA,missing_or_invalid_current_price
2023-12-29,ACAAU,missing_or_invalid_current_price
2023-12-29,ACAAW,missing_or_invalid_current_price
2023-12-29,ACAD,eligible
2023-12-29,ACB,eligible
2023-12-29,ACCL,missing_or_invalid_current_price
2023-12-29,ACCO,eligible
2023-12-29,ACCS,missing_or_invalid_t_minus_252_price
2023-12-29,ACDC,eligible
2023-12-29,ACEL,eligible
2023-12-29,ACEP,missing_or_invalid_current_price
2023-12-29,ACET,eligible
2023-12-29,ACFN,missing_or_invalid_current_price
2023-12-29,ACGC,missing_or_invalid_current_price
2023-12-29,ACGCU,missing_or_invalid_current_price
2023-12-29,ACGCW,missing_or_invalid_current_price
2023-12-29,ACGL,eligible
2023-12-29,ACGLN,missing_or_invalid_t_minus_21_price
2023-12-29,ACGLO,eligible
2023-12-29,ACH,eligible
2023-12-29,ACHC,eligible
2023-12-29,ACHR,eligible
2023-12-29,ACHR.WS,missing_or_invalid_current_volume
2023-12-29,ACHV,missing_or_invalid_t_minus_21_price
2023-12-29,ACI,eligible
2023-12-29,ACIC,eligible
2023-12-29,ACIU,eligible
2023-12-29,ACIW,eligible
2023-12-29,ACLO,missing_or_invalid_current_price
2023-12-29,ACLS,eligible
2024-01-31,A,eligible
2024-01-31,AA,eligible
2024-01-31,AAAP,missing_or_invalid_current_price
2024-01-31,AAC.U,missing_or_invalid_current_price
2024-01-31,AACB,missing_or_invalid_current_price
2024-01-31,AACBR,missing_or_invalid_current_price
2024-01-31,AACBU,missing_or_invalid_current_price
2024-01-31,AACG,missing_or_invalid_current_volume
2024-01-31,AACI,missing_or_invalid_current_volume
2024-01-31,AACIU,missing_or_invalid_current_volume
2024-01-31,AACIW,missing_or_invalid_current_volume
2024-01-31,AACO,missing_or_invalid_current_price
2024-01-31,AACOU,missing_or_invalid_current_price
2024-01-31,AACOW,missing_or_invalid_current_price
2024-01-31,AACP,missing_or_invalid_current_price
2024-01-31,AACPR,missing_or_invalid_current_price
2024-01-31,AACPU,missing_or_invalid_current_price
2024-01-31,AACPW,missing_or_invalid_current_price
2024-01-31,AADR,missing_or_invalid_current_volume
2024-01-31,AADX,missing_or_invalid_current_price
2024-01-31,AAEQ,missing_or_invalid_current_price
2024-01-31,AAL,eligible
2024-01-31,AALG,missing_or_invalid_current_price
2024-01-31,AAME,missing_or_invalid_t_minus_252_price
2024-01-31,AAMI,eligible
2024-01-31,AAOI,eligible
2024-01-31,AAON,eligible
2024-01-31,AAP,eligible
2024-01-31,AAPB,missing_or_invalid_t_minus_252_price
2024-01-31,AAPD,eligible
2024-01-31,AAPG,missing_or_invalid_current_price
2024-01-31,AAPL,eligible
2024-01-31,AAPU,eligible
2024-01-31,AARD,missing_or_invalid_current_price
2024-01-31,AAT,eligible
2024-01-31,AAUB,missing_or_invalid_current_price
2024-01-31,AAUC,missing_or_invalid_current_price
2024-01-31,AAUS,missing_or_invalid_current_price
2024-01-31,AAVM,missing_or_invalid_t_minus_252_price
2024-01-31,AAXJ,eligible
2024-01-31,AB,eligible
2024-01-31,ABAT,missing_or_invalid_t_minus_252_price
2024-01-31,ABBV,eligible
2024-01-31,ABCB,eligible
2024-01-31,ABCL,eligible
2024-01-31,ABCS,missing_or_invalid_t_minus_21_price
2024-01-31,ABEO,eligible
2024-01-31,ABEV,eligible
2024-01-31,ABG,eligible
2024-01-31,ABI,missing_or_invalid_current_price
2024-01-31,ABIG,missing_or_invalid_current_price
2024-01-31,ABLV,missing_or_invalid_t_minus_252_price
2024-01-31,ABLVW,missing_or_invalid_current_volume
2024-01-31,ABM,eligible
2024-01-31,ABNB,eligible
2024-01-31,ABOS,eligible
2024-01-31,ABR,eligible
2024-01-31,ABR.PRD,missing_or_invalid_t_minus_252_price
2024-01-31,ABR.PRE,missing_or_invalid_current_volume
2024-01-31,ABR.PRF,missing_or_invalid_t_minus_21_price
2024-01-31,ABSI,eligible
2024-01-31,ABT,eligible
2024-01-31,ABTC,eligible
2024-01-31,ABTS,eligible
2024-01-31,ABUS,eligible
2024-01-31,ABVC,missing_or_invalid_t_minus_252_price
2024-01-31,ABVX,missing_or_invalid_t_minus_252_price
2024-01-31,ABX,missing_or_invalid_t_minus_252_price
2024-01-31,ABXL,missing_or_invalid_current_volume
2024-01-31,ACA,eligible
2024-01-31,ACAA,missing_or_invalid_current_price
2024-01-31,ACAAU,missing_or_invalid_current_price
2024-01-31,ACAAW,missing_or_invalid_current_price
2024-01-31,ACAD,eligible
2024-01-31,ACB,eligible
2024-01-31,ACCL,missing_or_invalid_current_price
2024-01-31,ACCO,eligible
2024-01-31,ACCS,eligible
2024-01-31,ACDC,eligible
2024-01-31,ACEL,eligible
2024-01-31,ACEP,missing_or_invalid_current_price
2024-01-31,ACET,eligible
2024-01-31,ACFN,missing_or_invalid_current_price
2024-01-31,ACGC,missing_or_invalid_current_price
2024-01-31,ACGCU,missing_or_invalid_current_price
2024-01-31,ACGCW,missing_or_invalid_current_price
2024-01-31,ACGL,eligible
2024-01-31,ACGLN,eligible
2024-01-31,ACGLO,missing_or_invalid_t_minus_252_price
2024-01-31,ACH,eligible
2024-01-31,ACHC,eligible
2024-01-31,ACHR,eligible
2024-01-31,ACHR.WS,missing_or_invalid_current_volume
2024-01-31,ACHV,eligible
2024-01-31,ACI,eligible
2024-01-31,ACIC,eligible
2024-01-31,ACIU,eligible
2024-01-31,ACIW,eligible
2024-01-31,ACLO,missing_or_invalid_current_price
2024-01-31,ACLS,eligible
2024-02-29,A,eligible
2024-02-29,AA,eligible
2024-02-29,AAAP,missing_or_invalid_current_price
2024-02-29,AAC.U,missing_or_invalid_current_price
2024-02-29,AACB,missing_or_invalid_current_price
2024-02-29,AACBR,missing_or_invalid_current_price
2024-02-29,AACBU,missing_or_invalid_current_price
2024-02-29,AACG,missing_or_invalid_t_minus_21_price
2024-02-29,AACI,missing_or_invalid_current_volume
2024-02-29,AACIU,missing_or_invalid_current_volume
2024-02-29,AACIW,missing_or_invalid_current_volume
2024-02-29,AACO,missing_or_invalid_current_price
2024-02-29,AACOU,missing_or_invalid_current_price
2024-02-29,AACOW,missing_or_invalid_current_price
2024-02-29,AACP,missing_or_invalid_current_price
2024-02-29,AACPR,missing_or_invalid_current_price
2024-02-29,AACPU,missing_or_invalid_current_price
2024-02-29,AACPW,missing_or_invalid_current_price
2024-02-29,AADR,missing_or_invalid_current_volume
2024-02-29,AADX,missing_or_invalid_current_price
2024-02-29,AAEQ,missing_or_invalid_current_price
2024-02-29,AAL,eligible
2024-02-29,AALG,missing_or_invalid_current_price
2024-02-29,AAME,missing_or_invalid_t_minus_21_price
2024-02-29,AAMI,eligible
2024-02-29,AAOI,eligible
2024-02-29,AAON,eligible
2024-02-29,AAP,eligible
2024-02-29,AAPB,missing_or_invalid_t_minus_21_price
2024-02-29,AAPD,missing_or_invalid_t_minus_252_price
2024-02-29,AAPG,missing_or_invalid_current_price
2024-02-29,AAPL,eligible
2024-02-29,AAPU,eligible
2024-02-29,AARD,missing_or_invalid_current_price
2024-02-29,AAT,eligible
2024-02-29,AAUB,missing_or_invalid_current_price
2024-02-29,AAUC,missing_or_invalid_current_price
2024-02-29,AAUS,missing_or_invalid_current_price
2024-02-29,AAVM,missing_or_invalid_t_minus_21_price
2024-02-29,AAXJ,eligible
2024-02-29,AB,eligible
2024-02-29,ABAT,missing_or_invalid_t_minus_252_price
2024-02-29,ABBV,eligible
2024-02-29,ABCB,eligible
2024-02-29,ABCL,eligible
2024-02-29,ABCS,missing_or_invalid_current_volume
2024-02-29,ABEO,eligible
2024-02-29,ABEV,eligible
2024-02-29,ABG,eligible
2024-02-29,ABI,missing_or_invalid_current_price
2024-02-29,ABIG,missing_or_invalid_current_price
2024-02-29,ABLV,missing_or_invalid_current_volume
2024-02-29,ABLVW,missing_or_invalid_current_volume
2024-02-29,ABM,eligible
2024-02-29,ABNB,eligible
2024-02-29,ABOS,eligible
2024-02-29,ABR,eligible
2024-02-29,ABR.PRD,eligible
2024-02-29,ABR.PRE,missing_or_invalid_current_volume
2024-02-29,ABR.PRF,eligible
2024-02-29,ABSI,eligible
2024-02-29,ABT,eligible
2024-02-29,ABTC,eligible
2024-02-29,ABTS,eligible
2024-02-29,ABUS,eligible
2024-02-29,ABVC,missing_or_invalid_t_minus_252_price
2024-02-29,ABVX,missing_or_invalid_t_minus_252_price
2024-02-29,ABX,eligible
2024-02-29,ABXL,missing_or_invalid_current_volume
2024-02-29,ACA,eligible
2024-02-29,ACAA,missing_or_invalid_current_price
2024-02-29,ACAAU,missing_or_invalid_current_price
2024-02-29,ACAAW,missing_or_invalid_current_price
2024-02-29,ACAD,eligible
2024-02-29,ACB,eligible
2024-02-29,ACCL,missing_or_invalid_current_price
2024-02-29,ACCO,eligible
2024-02-29,ACCS,missing_or_invalid_t_minus_252_price
2024-02-29,ACDC,eligible
2024-02-29,ACEL,eligible
2024-02-29,ACEP,missing_or_invalid_current_price
2024-02-29,ACET,eligible
2024-02-29,ACFN,missing_or_invalid_current_price
2024-02-29,ACGC,missing_or_invalid_current_price
2024-02-29,ACGCU,missing_or_invalid_current_price
2024-02-29,ACGCW,missing_or_invalid_current_price
2024-02-29,ACGL,eligible
2024-02-29,ACGLN,eligible
2024-02-29,ACGLO,eligible
2024-02-29,ACH,eligible
2024-02-29,ACHC,eligible
2024-02-29,ACHR,eligible
2024-02-29,ACHR.WS,missing_or_invalid_current_volume
2024-02-29,ACHV,eligible
2024-02-29,ACI,eligible
2024-02-29,ACIC,eligible
2024-02-29,ACIU,missing_or_invalid_t_minus_252_price
2024-02-29,ACIW,eligible
2024-02-29,ACLO,missing_or_invalid_current_price
2024-02-29,ACLS,eligible
2024-03-28,A,eligible
2024-03-28,AA,eligible
2024-03-28,AAAP,missing_or_invalid_current_price
2024-03-28,AAC.U,missing_or_invalid_current_price
2024-03-28,AACB,missing_or_invalid_current_price
2024-03-28,AACBR,missing_or_invalid_current_price
2024-03-28,AACBU,missing_or_invalid_current_price
2024-03-28,AACG,eligible
2024-03-28,AACI,missing_or_invalid_t_minus_21_price
2024-03-28,AACIU,missing_or_invalid_current_volume
2024-03-28,AACIW,missing_or_invalid_current_volume
2024-03-28,AACO,missing_or_invalid_current_price
2024-03-28,AACOU,missing_or_invalid_current_price
2024-03-28,AACOW,missing_or_invalid_current_price
2024-03-28,AACP,missing_or_invalid_current_price
2024-03-28,AACPR,missing_or_invalid_current_price
2024-03-28,AACPU,missing_or_invalid_current_price
2024-03-28,AACPW,missing_or_invalid_current_price
2024-03-28,AADR,missing_or_invalid_current_volume
2024-03-28,AADX,missing_or_invalid_current_price
2024-03-28,AAEQ,missing_or_invalid_current_price
2024-03-28,AAL,eligible
2024-03-28,AALG,missing_or_invalid_current_price
2024-03-28,AAME,missing_or_invalid_current_volume
2024-03-28,AAMI,eligible
2024-03-28,AAOI,eligible
2024-03-28,AAON,eligible
2024-03-28,AAP,eligible
2024-03-28,AAPB,missing_or_invalid_t_minus_252_price
2024-03-28,AAPD,eligible
2024-03-28,AAPG,missing_or_invalid_current_price
2024-03-28,AAPL,eligible
2024-03-28,AAPU,eligible
2024-03-28,AARD,missing_or_invalid_current_price
2024-03-28,AAT,eligible
2024-03-28,AAUB,missing_or_invalid_current_price
2024-03-28,AAUC,missing_or_invalid_current_price
2024-03-28,AAUS,missing_or_invalid_current_price
2024-03-28,AAVM,missing_or_invalid_current_volume
2024-03-28,AAXJ,eligible
2024-03-28,AB,eligible
2024-03-28,ABAT,missing_or_invalid_t_minus_252_price
2024-03-28,ABBV,eligible
2024-03-28,ABCB,eligible
2024-03-28,ABCL,eligible
2024-03-28,ABCS,missing_or_invalid_current_volume
2024-03-28,ABEO,eligible
2024-03-28,ABEV,eligible
2024-03-28,ABG,eligible
2024-03-28,ABI,missing_or_invalid_current_price
2024-03-28,ABIG,missing_or_invalid_current_price
2024-03-28,ABLV,missing_or_invalid_current_volume
2024-03-28,ABLVW,missing_or_invalid_current_volume
2024-03-28,ABM,eligible
2024-03-28,ABNB,eligible
2024-03-28,ABOS,eligible
2024-03-28,ABR,eligible
2024-03-28,ABR.PRD,missing_or_invalid_t_minus_21_price
2024-03-28,ABR.PRE,missing_or_invalid_t_minus_21_price
2024-03-28,ABR.PRF,missing_or_invalid_t_minus_21_price
2024-03-28,ABSI,eligible
2024-03-28,ABT,eligible
2024-03-28,ABTC,missing_or_invalid_t_minus_252_price
2024-03-28,ABTS,missing_or_invalid_t_minus_21_price
2024-03-28,ABUS,eligible
2024-03-28,ABVC,missing_or_invalid_t_minus_252_price
2024-03-28,ABVX,missing_or_invalid_t_minus_252_price
2024-03-28,ABX,eligible
2024-03-28,ABXL,missing_or_invalid_t_minus_21_price
2024-03-28,ACA,eligible
2024-03-28,ACAA,missing_or_invalid_current_price
2024-03-28,ACAAU,missing_or_invalid_current_price
2024-03-28,ACAAW,missing_or_invalid_current_price
2024-03-28,ACAD,eligible
2024-03-28,ACB,eligible
2024-03-28,ACCL,missing_or_invalid_current_price
2024-03-28,ACCO,eligible
2024-03-28,ACCS,missing_or_invalid_t_minus_21_price
2024-03-28,ACDC,eligible
2024-03-28,ACEL,eligible
2024-03-28,ACEP,missing_or_invalid_current_price
2024-03-28,ACET,eligible
2024-03-28,ACFN,missing_or_invalid_current_price
2024-03-28,ACGC,missing_or_invalid_current_price
2024-03-28,ACGCU,missing_or_invalid_current_price
2024-03-28,ACGCW,missing_or_invalid_current_price
2024-03-28,ACGL,eligible
2024-03-28,ACGLN,eligible
2024-03-28,ACGLO,eligible
2024-03-28,ACH,eligible
2024-03-28,ACHC,eligible
2024-03-28,ACHR,eligible
2024-03-28,ACHR.WS,missing_or_invalid_current_volume
2024-03-28,ACHV,eligible
2024-03-28,ACI,eligible
2024-03-28,ACIC,eligible
2024-03-28,ACIU,eligible
2024-03-28,ACIW,eligible
2024-03-28,ACLO,missing_or_invalid_current_price
2024-03-28,ACLS,eligible
2024-04-30,A,eligible
2024-04-30,AA,eligible
2024-04-30,AAAP,missing_or_invalid_current_price
2024-04-30,AAC.U,missing_or_invalid_current_price
2024-04-30,AACB,missing_or_invalid_current_price
2024-04-30,AACBR,missing_or_invalid_current_price
2024-04-30,AACBU,missing_or_invalid_current_price
2024-04-30,AACG,missing_or_invalid_current_volume
2024-04-30,AACI,missing_or_invalid_current_volume
2024-04-30,AACIU,missing_or_invalid_current_volume
2024-04-30,AACIW,missing_or_invalid_current_volume
2024-04-30,AACO,missing_or_invalid_current_price
2024-04-30,AACOU,missing_or_invalid_current_price
2024-04-30,AACOW,missing_or_invalid_current_price
2024-04-30,AACP,missing_or_invalid_current_price
2024-04-30,AACPR,missing_or_invalid_current_price
2024-04-30,AACPU,missing_or_invalid_current_price
2024-04-30,AACPW,missing_or_invalid_current_price
2024-04-30,AADR,missing_or_invalid_current_volume
2024-04-30,AADX,missing_or_invalid_current_price
2024-04-30,AAEQ,missing_or_invalid_current_price
2024-04-30,AAL,eligible
2024-04-30,AALG,missing_or_invalid_current_price
2024-04-30,AAME,missing_or_invalid_current_volume
2024-04-30,AAMI,eligible
2024-04-30,AAOI,eligible
2024-04-30,AAON,eligible
2024-04-30,AAP,eligible
2024-04-30,AAPB,missing_or_invalid_t_minus_21_price
2024-04-30,AAPD,eligible
2024-04-30,AAPG,missing_or_invalid_current_price
2024-04-30,AAPL,eligible
2024-04-30,AAPU,eligible
2024-04-30,AARD,missing_or_invalid_current_price
2024-04-30,AAT,eligible
2024-04-30,AAUB,missing_or_invalid_current_price
2024-04-30,AAUC,missing_or_invalid_current_price
2024-04-30,AAUS,missing_or_invalid_current_price
2024-04-30,AAVM,missing_or_invalid_current_volume
2024-04-30,AAXJ,eligible
2024-04-30,AB,eligible
2024-04-30,ABAT,missing_or_invalid_t_minus_252_price
2024-04-30,ABBV,eligible
2024-04-30,ABCB,eligible
2024-04-30,ABCL,eligible
2024-04-30,ABCS,missing_or_invalid_current_volume
2024-04-30,ABEO,eligible
2024-04-30,ABEV,eligible
2024-04-30,ABG,eligible
2024-04-30,ABI,missing_or_invalid_current_price
2024-04-30,ABIG,missing_or_invalid_current_price
2024-04-30,ABLV,missing_or_invalid_current_volume
2024-04-30,ABLVW,missing_or_invalid_current_volume
2024-04-30,ABM,eligible
2024-04-30,ABNB,eligible
2024-04-30,ABOS,eligible
2024-04-30,ABR,eligible
2024-04-30,ABR.PRD,eligible
2024-04-30,ABR.PRE,missing_or_invalid_current_volume
2024-04-30,ABR.PRF,eligible
2024-04-30,ABSI,eligible
2024-04-30,ABT,eligible
2024-04-30,ABTC,eligible
2024-04-30,ABTS,missing_or_invalid_current_volume
2024-04-30,ABUS,eligible
2024-04-30,ABVC,missing_or_invalid_t_minus_252_price
2024-04-30,ABVX,missing_or_invalid_t_minus_252_price
2024-04-30,ABX,missing_or_invalid_current_volume
2024-04-30,ABXL,missing_or_invalid_current_volume
2024-04-30,ACA,eligible
2024-04-30,ACAA,missing_or_invalid_current_price
2024-04-30,ACAAU,missing_or_invalid_current_price
2024-04-30,ACAAW,missing_or_invalid_current_price
2024-04-30,ACAD,eligible
2024-04-30,ACB,eligible
2024-04-30,ACCL,missing_or_invalid_current_price
2024-04-30,ACCO,eligible
2024-04-30,ACCS,missing_or_invalid_current_volume
2024-04-30,ACDC,eligible
2024-04-30,ACEL,eligible
2024-04-30,ACEP,missing_or_invalid_current_price
2024-04-30,ACET,eligible
2024-04-30,ACFN,missing_or_invalid_current_price
2024-04-30,ACGC,missing_or_invalid_current_price
2024-04-30,ACGCU,missing_or_invalid_current_price
2024-04-30,ACGCW,missing_or_invalid_current_price
2024-04-30,ACGL,eligible
2024-04-30,ACGLN,eligible
2024-04-30,ACGLO,missing_or_invalid_t_minus_21_price
2024-04-30,ACH,eligible
2024-04-30,ACHC,eligible
2024-04-30,ACHR,eligible
2024-04-30,ACHR.WS,missing_or_invalid_t_minus_21_price
2024-04-30,ACHV,eligible
2024-04-30,ACI,eligible
2024-04-30,ACIC,eligible
2024-04-30,ACIU,eligible
2024-04-30,ACIW,eligible
2024-04-30,ACLO,missing_or_invalid_current_price
2024-04-30,ACLS,eligible
2024-05-31,A,eligible
2024-05-31,AA,eligible
2024-05-31,AAAP,missing_or_invalid_current_price
2024-05-31,AAC.U,missing_or_invalid_current_price
2024-05-31,AACB,missing_or_invalid_current_price
2024-05-31,AACBR,missing_or_invalid_current_price
2024-05-31,AACBU,missing_or_invalid_current_price
2024-05-31,AACG,missing_or_invalid_current_volume
2024-05-31,AACI,missing_or_invalid_current_volume
2024-05-31,AACIU,missing_or_invalid_current_volume
2024-05-31,AACIW,missing_or_invalid_current_volume
2024-05-31,AACO,missing_or_invalid_current_price
2024-05-31,AACOU,missing_or_invalid_current_price
2024-05-31,AACOW,missing_or_invalid_current_price
2024-05-31,AACP,missing_or_invalid_current_price
2024-05-31,AACPR,missing_or_invalid_current_price
2024-05-31,AACPU,missing_or_invalid_current_price
2024-05-31,AACPW,missing_or_invalid_current_price
2024-05-31,AADR,missing_or_invalid_current_volume
2024-05-31,AADX,missing_or_invalid_current_price
2024-05-31,AAEQ,missing_or_invalid_current_price
2024-05-31,AAL,eligible
2024-05-31,AALG,missing_or_invalid_current_price
2024-05-31,AAME,missing_or_invalid_current_volume
2024-05-31,AAMI,eligible
2024-05-31,AAOI,eligible
2024-05-31,AAON,eligible
2024-05-31,AAP,eligible
2024-05-31,AAPB,eligible
2024-05-31,AAPD,eligible
2024-05-31,AAPG,missing_or_invalid_current_price
2024-05-31,AAPL,eligible
2024-05-31,AAPU,eligible
2024-05-31,AARD,missing_or_invalid_current_price
2024-05-31,AAT,eligible
2024-05-31,AAUB,missing_or_invalid_current_price
2024-05-31,AAUC,missing_or_invalid_current_price
2024-05-31,AAUS,missing_or_invalid_current_price
2024-05-31,AAVM,missing_or_invalid_t_minus_21_price
2024-05-31,AAXJ,eligible
2024-05-31,AB,eligible
2024-05-31,ABAT,missing_or_invalid_t_minus_252_price
2024-05-31,ABBV,eligible
2024-05-31,ABCB,eligible
2024-05-31,ABCL,eligible
2024-05-31,ABCS,missing_or_invalid_current_volume
2024-05-31,ABEO,eligible
2024-05-31,ABEV,eligible
2024-05-31,ABG,eligible
2024-05-31,ABI,missing_or_invalid_current_price
2024-05-31,ABIG,missing_or_invalid_current_price
2024-05-31,ABLV,missing_or_invalid_t_minus_252_price
2024-05-31,ABLVW,missing_or_invalid_current_volume
2024-05-31,ABM,eligible
2024-05-31,ABNB,eligible
2024-05-31,ABOS,eligible
2024-05-31,ABR,eligible
2024-05-31,ABR.PRD,missing_or_invalid_current_volume
2024-05-31,ABR.PRE,missing_or_invalid_current_volume
2024-05-31,ABR.PRF,eligible
2024-05-31,ABSI,eligible
2024-05-31,ABT,eligible
2024-05-31,ABTC,eligible
2024-05-31,ABTS,missing_or_invalid_current_volume
2024-05-31,ABUS,eligible
2024-05-31,ABVC,missing_or_invalid_t_minus_252_price
2024-05-31,ABVX,missing_or_invalid_t_minus_252_price
2024-05-31,ABX,missing_or_invalid_t_minus_252_price
2024-05-31,ABXL,missing_or_invalid_t_minus_21_price
2024-05-31,ACA,eligible
2024-05-31,ACAA,missing_or_invalid_current_price
2024-05-31,ACAAU,missing_or_invalid_current_price
2024-05-31,ACAAW,missing_or_invalid_current_price
2024-05-31,ACAD,eligible
2024-05-31,ACB,eligible
2024-05-31,ACCL,missing_or_invalid_current_price
2024-05-31,ACCO,eligible
2024-05-31,ACCS,missing_or_invalid_current_volume
2024-05-31,ACDC,eligible
2024-05-31,ACEL,eligible
2024-05-31,ACEP,missing_or_invalid_current_price
2024-05-31,ACET,eligible
2024-05-31,ACFN,missing_or_invalid_current_price
2024-05-31,ACGC,missing_or_invalid_current_price
2024-05-31,ACGCU,missing_or_invalid_current_price
2024-05-31,ACGCW,missing_or_invalid_current_price
2024-05-31,ACGL,eligible
2024-05-31,ACGLN,eligible
2024-05-31,ACGLO,eligible
2024-05-31,ACH,eligible
2024-05-31,ACHC,eligible
2024-05-31,ACHR,eligible
2024-05-31,ACHR.WS,missing_or_invalid_current_volume
2024-05-31,ACHV,eligible
2024-05-31,ACI,eligible
2024-05-31,ACIC,eligible
2024-05-31,ACIU,eligible
2024-05-31,ACIW,eligible
2024-05-31,ACLO,missing_or_invalid_current_price
2024-05-31,ACLS,eligible
2024-06-28,A,eligible
2024-06-28,AA,eligible
2024-06-28,AAAP,missing_or_invalid_current_price
2024-06-28,AAC.U,missing_or_invalid_current_price
2024-06-28,AACB,missing_or_invalid_current_price
2024-06-28,AACBR,missing_or_invalid_current_price
2024-06-28,AACBU,missing_or_invalid_current_price
2024-06-28,AACG,missing_or_invalid_current_volume
2024-06-28,AACI,missing_or_invalid_current_volume
2024-06-28,AACIU,missing_or_invalid_current_volume
2024-06-28,AACIW,missing_or_invalid_current_volume
2024-06-28,AACO,missing_or_invalid_current_price
2024-06-28,AACOU,missing_or_invalid_current_price
2024-06-28,AACOW,missing_or_invalid_current_price
2024-06-28,AACP,missing_or_invalid_current_price
2024-06-28,AACPR,missing_or_invalid_current_price
2024-06-28,AACPU,missing_or_invalid_current_price
2024-06-28,AACPW,missing_or_invalid_current_price
2024-06-28,AADR,missing_or_invalid_current_volume
2024-06-28,AADX,missing_or_invalid_current_price
2024-06-28,AAEQ,missing_or_invalid_current_price
2024-06-28,AAL,eligible
2024-06-28,AALG,missing_or_invalid_current_price
2024-06-28,AAME,missing_or_invalid_t_minus_21_price
2024-06-28,AAMI,eligible
2024-06-28,AAOI,eligible
2024-06-28,AAON,eligible
2024-06-28,AAP,eligible
2024-06-28,AAPB,missing_or_invalid_t_minus_252_price
2024-06-28,AAPD,missing_or_invalid_t_minus_252_price
2024-06-28,AAPG,missing_or_invalid_current_price
2024-06-28,AAPL,eligible
2024-06-28,AAPU,eligible
2024-06-28,AARD,missing_or_invalid_current_price
2024-06-28,AAT,eligible
2024-06-28,AAUB,missing_or_invalid_current_price
2024-06-28,AAUC,missing_or_invalid_current_price
2024-06-28,AAUS,missing_or_invalid_current_price
2024-06-28,AAVM,missing_or_invalid_current_volume
2024-06-28,AAXJ,eligible
2024-06-28,AB,eligible
2024-06-28,ABAT,missing_or_invalid_t_minus_252_price
2024-06-28,ABBV,eligible
2024-06-28,ABCB,eligible
2024-06-28,ABCL,eligible
2024-06-28,ABCS,missing_or_invalid_current_volume
2024-06-28,ABEO,eligible
2024-06-28,ABEV,eligible
2024-06-28,ABG,eligible
2024-06-28,ABI,missing_or_invalid_current_price
2024-06-28,ABIG,missing_or_invalid_current_price
2024-06-28,ABLV,missing_or_invalid_t_minus_21_price
2024-06-28,ABLVW,missing_or_invalid_current_volume
2024-06-28,ABM,eligible
2024-06-28,ABNB,eligible
2024-06-28,ABOS,eligible
2024-06-28,ABR,eligible
2024-06-28,ABR.PRD,missing_or_invalid_t_minus_21_price
2024-06-28,ABR.PRE,missing_or_invalid_current_volume
2024-06-28,ABR.PRF,missing_or_invalid_t_minus_21_price
2024-06-28,ABSI,eligible
2024-06-28,ABT,eligible
2024-06-28,ABTC,eligible
2024-06-28,ABTS,missing_or_invalid_current_volume
2024-06-28,ABUS,eligible
2024-06-28,ABVC,missing_or_invalid_t_minus_252_price
2024-06-28,ABVX,missing_or_invalid_t_minus_252_price
2024-06-28,ABX,eligible
2024-06-28,ABXL,missing_or_invalid_current_volume
2024-06-28,ACA,eligible
2024-06-28,ACAA,missing_or_invalid_current_price
2024-06-28,ACAAU,missing_or_invalid_current_price
2024-06-28,ACAAW,missing_or_invalid_current_price
2024-06-28,ACAD,eligible
2024-06-28,ACB,eligible
2024-06-28,ACCL,missing_or_invalid_current_price
2024-06-28,ACCO,eligible
2024-06-28,ACCS,missing_or_invalid_current_volume
2024-06-28,ACDC,eligible
2024-06-28,ACEL,eligible
2024-06-28,ACEP,missing_or_invalid_current_price
2024-06-28,ACET,eligible
2024-06-28,ACFN,missing_or_invalid_current_price
2024-06-28,ACGC,missing_or_invalid_current_price
2024-06-28,ACGCU,missing_or_invalid_current_price
2024-06-28,ACGCW,missing_or_invalid_current_price
2024-06-28,ACGL,eligible
2024-06-28,ACGLN,missing_or_invalid_t_minus_21_price
2024-06-28,ACGLO,missing_or_invalid_current_volume
2024-06-28,ACH,eligible
2024-06-28,ACHC,eligible
2024-06-28,ACHR,eligible
2024-06-28,ACHR.WS,missing_or_invalid_current_volume
2024-06-28,ACHV,eligible
2024-06-28,ACI,eligible
2024-06-28,ACIC,eligible
2024-06-28,ACIU,eligible
2024-06-28,ACIW,eligible
2024-06-28,ACLO,missing_or_invalid_current_price
2024-06-28,ACLS,eligible
2024-07-31,A,eligible
2024-07-31,AA,eligible
2024-07-31,AAAP,missing_or_invalid_current_price
2024-07-31,AAC.U,missing_or_invalid_current_price
2024-07-31,AACB,missing_or_invalid_current_price
2024-07-31,AACBR,missing_or_invalid_current_price
2024-07-31,AACBU,missing_or_invalid_current_price
2024-07-31,AACG,missing_or_invalid_current_volume
2024-07-31,AACI,missing_or_invalid_current_volume
2024-07-31,AACIU,missing_or_invalid_current_volume
2024-07-31,AACIW,missing_or_invalid_current_volume
2024-07-31,AACO,missing_or_invalid_current_price
2024-07-31,AACOU,missing_or_invalid_current_price
2024-07-31,AACOW,missing_or_invalid_current_price
2024-07-31,AACP,missing_or_invalid_current_price
2024-07-31,AACPR,missing_or_invalid_current_price
2024-07-31,AACPU,missing_or_invalid_current_price
2024-07-31,AACPW,missing_or_invalid_current_price
2024-07-31,AADR,missing_or_invalid_current_volume
2024-07-31,AADX,missing_or_invalid_current_price
2024-07-31,AAEQ,missing_or_invalid_current_price
2024-07-31,AAL,eligible
2024-07-31,AALG,missing_or_invalid_current_price
2024-07-31,AAME,missing_or_invalid_current_volume
2024-07-31,AAMI,eligible
2024-07-31,AAOI,eligible
2024-07-31,AAON,eligible
2024-07-31,AAP,eligible
2024-07-31,AAPB,missing_or_invalid_t_minus_252_price
2024-07-31,AAPD,eligible
2024-07-31,AAPG,missing_or_invalid_current_price
2024-07-31,AAPL,eligible
2024-07-31,AAPU,missing_or_invalid_t_minus_252_price
2024-07-31,AARD,missing_or_invalid_current_price
2024-07-31,AAT,eligible
2024-07-31,AAUB,missing_or_invalid_current_price
2024-07-31,AAUC,missing_or_invalid_current_price
2024-07-31,AAUS,missing_or_invalid_current_price
2024-07-31,AAVM,missing_or_invalid_t_minus_21_price
2024-07-31,AAXJ,eligible
2024-07-31,AB,eligible
2024-07-31,ABAT,missing_or_invalid_t_minus_252_price
2024-07-31,ABBV,eligible
2024-07-31,ABCB,eligible
2024-07-31,ABCL,eligible
2024-07-31,ABCS,missing_or_invalid_current_volume
2024-07-31,ABEO,eligible
2024-07-31,ABEV,eligible
2024-07-31,ABG,eligible
2024-07-31,ABI,missing_or_invalid_current_price
2024-07-31,ABIG,missing_or_invalid_current_price
2024-07-31,ABLV,missing_or_invalid_t_minus_21_price
2024-07-31,ABLVW,missing_or_invalid_current_volume
2024-07-31,ABM,eligible
2024-07-31,ABNB,eligible
2024-07-31,ABOS,eligible
2024-07-31,ABR,eligible
2024-07-31,ABR.PRD,missing_or_invalid_t_minus_21_price
2024-07-31,ABR.PRE,eligible
2024-07-31,ABR.PRF,missing_or_invalid_t_minus_252_price
2024-07-31,ABSI,eligible
2024-07-31,ABT,eligible
2024-07-31,ABTC,eligible
2024-07-31,ABTS,missing_or_invalid_t_minus_21_price
2024-07-31,ABUS,eligible
2024-07-31,ABVC,eligible
2024-07-31,ABVX,missing_or_invalid_t_minus_252_price
2024-07-31,ABX,eligible
2024-07-31,ABXL,missing_or_invalid_current_volume
2024-07-31,ACA,eligible
2024-07-31,ACAA,missing_or_invalid_current_price
2024-07-31,ACAAU,missing_or_invalid_current_price
2024-07-31,ACAAW,missing_or_invalid_current_price
2024-07-31,ACAD,eligible
2024-07-31,ACB,eligible
2024-07-31,ACCL,missing_or_invalid_current_price
2024-07-31,ACCO,eligible
2024-07-31,ACCS,eligible
2024-07-31,ACDC,eligible
2024-07-31,ACEL,eligible
2024-07-31,ACEP,missing_or_invalid_current_price
2024-07-31,ACET,eligible
2024-07-31,ACFN,missing_or_invalid_current_price
2024-07-31,ACGC,missing_or_invalid_current_price
2024-07-31,ACGCU,missing_or_invalid_current_price
2024-07-31,ACGCW,missing_or_invalid_current_price
2024-07-31,ACGL,eligible
2024-07-31,ACGLN,eligible
2024-07-31,ACGLO,eligible
2024-07-31,ACH,eligible
2024-07-31,ACHC,eligible
2024-07-31,ACHR,eligible
2024-07-31,ACHR.WS,missing_or_invalid_current_volume
2024-07-31,ACHV,eligible
2024-07-31,ACI,eligible
2024-07-31,ACIC,eligible
2024-07-31,ACIU,eligible
2024-07-31,ACIW,eligible
2024-07-31,ACLO,missing_or_invalid_current_price
2024-07-31,ACLS,eligible
2024-08-30,A,eligible
2024-08-30,AA,eligible
2024-08-30,AAAP,missing_or_invalid_current_price
2024-08-30,AAC.U,missing_or_invalid_current_price
2024-08-30,AACB,missing_or_invalid_current_price
2024-08-30,AACBR,missing_or_invalid_current_price
2024-08-30,AACBU,missing_or_invalid_current_price
2024-08-30,AACG,missing_or_invalid_t_minus_21_price
2024-08-30,AACI,missing_or_invalid_current_volume
2024-08-30,AACIU,missing_or_invalid_current_volume
2024-08-30,AACIW,missing_or_invalid_current_volume
2024-08-30,AACO,missing_or_invalid_current_price
2024-08-30,AACOU,missing_or_invalid_current_price
2024-08-30,AACOW,missing_or_invalid_current_price
2024-08-30,AACP,missing_or_invalid_current_price
2024-08-30,AACPR,missing_or_invalid_current_price
2024-08-30,AACPU,missing_or_invalid_current_price
2024-08-30,AACPW,missing_or_invalid_current_price
2024-08-30,AADR,missing_or_invalid_current_volume
2024-08-30,AADX,missing_or_invalid_current_price
2024-08-30,AAEQ,missing_or_invalid_current_price
2024-08-30,AAL,eligible
2024-08-30,AALG,missing_or_invalid_current_price
2024-08-30,AAME,missing_or_invalid_current_volume
2024-08-30,AAMI,eligible
2024-08-30,AAOI,eligible
2024-08-30,AAON,eligible
2024-08-30,AAP,eligible
2024-08-30,AAPB,missing_or_invalid_t_minus_252_price
2024-08-30,AAPD,missing_or_invalid_t_minus_252_price
2024-08-30,AAPG,missing_or_invalid_current_price
2024-08-30,AAPL,eligible
2024-08-30,AAPU,eligible
2024-08-30,AARD,missing_or_invalid_current_price
2024-08-30,AAT,eligible
2024-08-30,AAUB,missing_or_invalid_current_price
2024-08-30,AAUC,missing_or_invalid_current_price
2024-08-30,AAUS,missing_or_invalid_current_price
2024-08-30,AAVM,missing_or_invalid_t_minus_21_price
2024-08-30,AAXJ,eligible
2024-08-30,AB,eligible
2024-08-30,ABAT,missing_or_invalid_t_minus_252_price
2024-08-30,ABBV,eligible
2024-08-30,ABCB,eligible
2024-08-30,ABCL,eligible
2024-08-30,ABCS,missing_or_invalid_current_volume
2024-08-30,ABEO,eligible
2024-08-30,ABEV,eligible
2024-08-30,ABG,eligible
2024-08-30,ABI,missing_or_invalid_current_price
2024-08-30,ABIG,missing_or_invalid_current_price
2024-08-30,ABLV,missing_or_invalid_current_volume
2024-08-30,ABLVW,missing_or_invalid_current_volume
2024-08-30,ABM,eligible
2024-08-30,ABNB,eligible
2024-08-30,ABOS,eligible
2024-08-30,ABR,eligible
2024-08-30,ABR.PRD,eligible
2024-08-30,ABR.PRE,missing_or_invalid_current_volume
2024-08-30,ABR.PRF,missing_or_invalid_current_volume
2024-08-30,ABSI,eligible
2024-08-30,ABT,eligible
2024-08-30,ABTC,eligible
2024-08-30,ABTS,eligible
2024-08-30,ABUS,eligible
2024-08-30,ABVC,eligible
2024-08-30,ABVX,missing_or_invalid_t_minus_252_price
2024-08-30,ABX,missing_or_invalid_t_minus_252_price
2024-08-30,ABXL,missing_or_invalid_t_minus_21_price
2024-08-30,ACA,eligible
2024-08-30,ACAA,missing_or_invalid_current_price
2024-08-30,ACAAU,missing_or_invalid_current_price
2024-08-30,ACAAW,missing_or_invalid_current_price
2024-08-30,ACAD,eligible
2024-08-30,ACB,eligible
2024-08-30,ACCL,missing_or_invalid_current_price
2024-08-30,ACCO,eligible
2024-08-30,ACCS,eligible
2024-08-30,ACDC,eligible
2024-08-30,ACEL,eligible
2024-08-30,ACEP,missing_or_invalid_current_price
2024-08-30,ACET,eligible
2024-08-30,ACFN,missing_or_invalid_current_price
2024-08-30,ACGC,missing_or_invalid_current_price
2024-08-30,ACGCU,missing_or_invalid_current_price
2024-08-30,ACGCW,missing_or_invalid_current_price
2024-08-30,ACGL,eligible
2024-08-30,ACGLN,eligible
2024-08-30,ACGLO,missing_or_invalid_t_minus_21_price
2024-08-30,ACH,eligible
2024-08-30,ACHC,eligible
2024-08-30,ACHR,eligible
2024-08-30,ACHR.WS,missing_or_invalid_current_volume
2024-08-30,ACHV,eligible
2024-08-30,ACI,eligible
2024-08-30,ACIC,eligible
2024-08-30,ACIU,eligible
2024-08-30,ACIW,eligible
2024-08-30,ACLO,missing_or_invalid_current_price
2024-08-30,ACLS,eligible
2024-09-30,A,eligible
2024-09-30,AA,eligible
2024-09-30,AAAP,missing_or_invalid_current_price
2024-09-30,AAC.U,missing_or_invalid_current_price
2024-09-30,AACB,missing_or_invalid_current_price
2024-09-30,AACBR,missing_or_invalid_current_price
2024-09-30,AACBU,missing_or_invalid_current_price
2024-09-30,AACG,missing_or_invalid_t_minus_21_price
2024-09-30,AACI,missing_or_invalid_current_volume
2024-09-30,AACIU,missing_or_invalid_current_volume
2024-09-30,AACIW,missing_or_invalid_current_volume
2024-09-30,AACO,missing_or_invalid_current_price
2024-09-30,AACOU,missing_or_invalid_current_price
2024-09-30,AACOW,missing_or_invalid_current_price
2024-09-30,AACP,missing_or_invalid_current_price
2024-09-30,AACPR,missing_or_invalid_current_price
2024-09-30,AACPU,missing_or_invalid_current_price
2024-09-30,AACPW,missing_or_invalid_current_price
2024-09-30,AADR,missing_or_invalid_current_volume
2024-09-30,AADX,missing_or_invalid_current_price
2024-09-30,AAEQ,missing_or_invalid_current_price
2024-09-30,AAL,eligible
2024-09-30,AALG,missing_or_invalid_current_price
2024-09-30,AAME,missing_or_invalid_current_volume
2024-09-30,AAMI,eligible
2024-09-30,AAOI,eligible
2024-09-30,AAON,eligible
2024-09-30,AAP,eligible
2024-09-30,AAPB,eligible
2024-09-30,AAPD,eligible
2024-09-30,AAPG,missing_or_invalid_current_price
2024-09-30,AAPL,eligible
2024-09-30,AAPU,missing_or_invalid_t_minus_252_price
2024-09-30,AARD,missing_or_invalid_current_price
2024-09-30,AAT,eligible
2024-09-30,AAUB,missing_or_invalid_current_price
2024-09-30,AAUC,missing_or_invalid_current_price
2024-09-30,AAUS,missing_or_invalid_current_price
2024-09-30,AAVM,missing_or_invalid_current_volume
2024-09-30,AAXJ,eligible
2024-09-30,AB,eligible
2024-09-30,ABAT,eligible
2024-09-30,ABBV,eligible
2024-09-30,ABCB,eligible
2024-09-30,ABCL,eligible
2024-09-30,ABCS,missing_or_invalid_current_volume
2024-09-30,ABEO,eligible
2024-09-30,ABEV,eligible
2024-09-30,ABG,eligible
2024-09-30,ABI,missing_or_invalid_current_price
2024-09-30,ABIG,missing_or_invalid_current_price
2024-09-30,ABLV,missing_or_invalid_t_minus_21_price
2024-09-30,ABLVW,missing_or_invalid_current_volume
2024-09-30,ABM,eligible
2024-09-30,ABNB,eligible
2024-09-30,ABOS,eligible
2024-09-30,ABR,eligible
2024-09-30,ABR.PRD,missing_or_invalid_current_volume
2024-09-30,ABR.PRE,missing_or_invalid_current_volume
2024-09-30,ABR.PRF,eligible
2024-09-30,ABSI,eligible
2024-09-30,ABT,eligible
2024-09-30,ABTC,eligible
2024-09-30,ABTS,missing_or_invalid_current_volume
2024-09-30,ABUS,eligible
2024-09-30,ABVC,missing_or_invalid_t_minus_21_price
2024-09-30,ABVX,missing_or_invalid_t_minus_252_price
2024-09-30,ABX,missing_or_invalid_t_minus_252_price
2024-09-30,ABXL,missing_or_invalid_current_volume
2024-09-30,ACA,eligible
2024-09-30,ACAA,missing_or_invalid_current_price
2024-09-30,ACAAU,missing_or_invalid_current_price
2024-09-30,ACAAW,missing_or_invalid_current_price
2024-09-30,ACAD,eligible
2024-09-30,ACB,eligible
2024-09-30,ACCL,missing_or_invalid_current_price
2024-09-30,ACCO,eligible
2024-09-30,ACCS,missing_or_invalid_t_minus_252_price
2024-09-30,ACDC,eligible
2024-09-30,ACEL,eligible
2024-09-30,ACEP,missing_or_invalid_current_price
2024-09-30,ACET,eligible
2024-09-30,ACFN,missing_or_invalid_current_price
2024-09-30,ACGC,missing_or_invalid_current_price
2024-09-30,ACGCU,missing_or_invalid_current_price
2024-09-30,ACGCW,missing_or_invalid_current_price
2024-09-30,ACGL,eligible
2024-09-30,ACGLN,eligible
2024-09-30,ACGLO,eligible
2024-09-30,ACH,eligible
2024-09-30,ACHC,eligible
2024-09-30,ACHR,eligible
2024-09-30,ACHR.WS,missing_or_invalid_t_minus_21_price
2024-09-30,ACHV,eligible
2024-09-30,ACI,eligible
2024-09-30,ACIC,eligible
2024-09-30,ACIU,eligible
2024-09-30,ACIW,eligible
2024-09-30,ACLO,missing_or_invalid_current_price
2024-09-30,ACLS,eligible
2024-10-31,A,eligible
2024-10-31,AA,eligible
2024-10-31,AAAP,missing_or_invalid_current_price
2024-10-31,AAC.U,missing_or_invalid_current_price
2024-10-31,AACB,missing_or_invalid_current_price
2024-10-31,AACBR,missing_or_invalid_current_price
2024-10-31,AACBU,missing_or_invalid_current_price
2024-10-31,AACG,missing_or_invalid_t_minus_252_price
2024-10-31,AACI,missing_or_invalid_current_volume
2024-10-31,AACIU,missing_or_invalid_current_volume
2024-10-31,AACIW,missing_or_invalid_current_volume
2024-10-31,AACO,missing_or_invalid_current_price
2024-10-31,AACOU,missing_or_invalid_current_price
2024-10-31,AACOW,missing_or_invalid_current_price
2024-10-31,AACP,missing_or_invalid_current_price
2024-10-31,AACPR,missing_or_invalid_current_price
2024-10-31,AACPU,missing_or_invalid_current_price
2024-10-31,AACPW,missing_or_invalid_current_price
2024-10-31,AADR,missing_or_invalid_current_volume
2024-10-31,AADX,missing_or_invalid_current_price
2024-10-31,AAEQ,missing_or_invalid_current_price
2024-10-31,AAL,eligible
2024-10-31,AALG,missing_or_invalid_current_price
2024-10-31,AAME,missing_or_invalid_current_volume
2024-10-31,AAMI,eligible
2024-10-31,AAOI,eligible
2024-10-31,AAON,eligible
2024-10-31,AAP,eligible
2024-10-31,AAPB,eligible
2024-10-31,AAPD,missing_or_invalid_t_minus_252_price
2024-10-31,AAPG,missing_or_invalid_current_price
2024-10-31,AAPL,eligible
2024-10-31,AAPU,eligible
2024-10-31,AARD,missing_or_invalid_current_price
2024-10-31,AAT,eligible
2024-10-31,AAUB,missing_or_invalid_current_price
2024-10-31,AAUC,missing_or_invalid_current_price
2024-10-31,AAUS,missing_or_invalid_current_price
2024-10-31,AAVM,missing_or_invalid_current_volume
2024-10-31,AAXJ,eligible
2024-10-31,AB,eligible
2024-10-31,ABAT,eligible
2024-10-31,ABBV,eligible
2024-10-31,ABCB,eligible
2024-10-31,ABCL,eligible
2024-10-31,ABCS,missing_or_invalid_current_volume
2024-10-31,ABEO,eligible
2024-10-31,ABEV,eligible
2024-10-31,ABG,eligible
2024-10-31,ABI,missing_or_invalid_current_price
2024-10-31,ABIG,missing_or_invalid_current_price
2024-10-31,ABLV,missing_or_invalid_current_volume
2024-10-31,ABLVW,missing_or_invalid_current_volume
2024-10-31,ABM,eligible
2024-10-31,ABNB,eligible
2024-10-31,ABOS,eligible
2024-10-31,ABR,eligible
2024-10-31,ABR.PRD,missing_or_invalid_t_minus_21_price
2024-10-31,ABR.PRE,missing_or_invalid_t_minus_21_price
2024-10-31,ABR.PRF,eligible
2024-10-31,ABSI,eligible
2024-10-31,ABT,eligible
2024-10-31,ABTC,eligible
2024-10-31,ABTS,missing_or_invalid_current_volume
2024-10-31,ABUS,eligible
2024-10-31,ABVC,eligible
2024-10-31,ABVX,eligible
2024-10-31,ABX,missing_or_invalid_t_minus_252_price
2024-10-31,ABXL,missing_or_invalid_t_minus_21_price
2024-10-31,ACA,eligible
2024-10-31,ACAA,missing_or_invalid_current_price
2024-10-31,ACAAU,missing_or_invalid_current_price
2024-10-31,ACAAW,missing_or_invalid_current_price
2024-10-31,ACAD,eligible
2024-10-31,ACB,eligible
2024-10-31,ACCL,missing_or_invalid_current_price
2024-10-31,ACCO,eligible
2024-10-31,ACCS,missing_or_invalid_current_volume
2024-10-31,ACDC,eligible
2024-10-31,ACEL,eligible
2024-10-31,ACEP,missing_or_invalid_current_price
2024-10-31,ACET,eligible
2024-10-31,ACFN,missing_or_invalid_current_price
2024-10-31,ACGC,missing_or_invalid_current_price
2024-10-31,ACGCU,missing_or_invalid_current_price
2024-10-31,ACGCW,missing_or_invalid_current_price
2024-10-31,ACGL,eligible
2024-10-31,ACGLN,eligible
2024-10-31,ACGLO,missing_or_invalid_current_volume
2024-10-31,ACH,eligible
2024-10-31,ACHC,eligible
2024-10-31,ACHR,eligible
2024-10-31,ACHR.WS,missing_or_invalid_t_minus_252_price
2024-10-31,ACHV,eligible
2024-10-31,ACI,eligible
2024-10-31,ACIC,eligible
2024-10-31,ACIU,eligible
2024-10-31,ACIW,eligible
2024-10-31,ACLO,missing_or_invalid_current_price
2024-10-31,ACLS,eligible
2024-11-29,A,eligible
2024-11-29,AA,eligible
2024-11-29,AAAP,missing_or_invalid_current_price
2024-11-29,AAC.U,missing_or_invalid_current_price
2024-11-29,AACB,missing_or_invalid_current_price
2024-11-29,AACBR,missing_or_invalid_current_price
2024-11-29,AACBU,missing_or_invalid_current_price
2024-11-29,AACG,missing_or_invalid_t_minus_252_price
2024-11-29,AACI,missing_or_invalid_current_volume
2024-11-29,AACIU,missing_or_invalid_current_volume
2024-11-29,AACIW,missing_or_invalid_current_volume
2024-11-29,AACO,missing_or_invalid_current_price
2024-11-29,AACOU,missing_or_invalid_current_price
2024-11-29,AACOW,missing_or_invalid_current_price
2024-11-29,AACP,missing_or_invalid_current_price
2024-11-29,AACPR,missing_or_invalid_current_price
2024-11-29,AACPU,missing_or_invalid_current_price
2024-11-29,AACPW,missing_or_invalid_current_price
2024-11-29,AADR,missing_or_invalid_current_volume
2024-11-29,AADX,missing_or_invalid_current_price
2024-11-29,AAEQ,missing_or_invalid_current_price
2024-11-29,AAL,eligible
2024-11-29,AALG,missing_or_invalid_current_price
2024-11-29,AAME,missing_or_invalid_t_minus_21_price
2024-11-29,AAMI,eligible
2024-11-29,AAOI,eligible
2024-11-29,AAON,eligible
2024-11-29,AAP,eligible
2024-11-29,AAPB,missing_or_invalid_t_minus_252_price
2024-11-29,AAPD,missing_or_invalid_t_minus_252_price
2024-11-29,AAPG,missing_or_invalid_current_price
2024-11-29,AAPL,eligible
2024-11-29,AAPU,missing_or_invalid_t_minus_252_price
2024-11-29,AARD,missing_or_invalid_current_price
2024-11-29,AAT,eligible
2024-11-29,AAUB,missing_or_invalid_current_price
2024-11-29,AAUC,missing_or_invalid_current_price
2024-11-29,AAUS,missing_or_invalid_current_price
2024-11-29,AAVM,missing_or_invalid_current_volume
2024-11-29,AAXJ,eligible
2024-11-29,AB,eligible
2024-11-29,ABAT,eligible
2024-11-29,ABBV,eligible
2024-11-29,ABCB,eligible
2024-11-29,ABCL,eligible
2024-11-29,ABCS,missing_or_invalid_current_volume
2024-11-29,ABEO,eligible
2024-11-29,ABEV,eligible
2024-11-29,ABG,eligible
2024-11-29,ABI,missing_or_invalid_current_price
2024-11-29,ABIG,missing_or_invalid_current_price
2024-11-29,ABLV,missing_or_invalid_current_volume
2024-11-29,ABLVW,missing_or_invalid_current_volume
2024-11-29,ABM,eligible
2024-11-29,ABNB,eligible
2024-11-29,ABOS,eligible
2024-11-29,ABR,eligible
2024-11-29,ABR.PRD,missing_or_invalid_t_minus_21_price
2024-11-29,ABR.PRE,missing_or_invalid_current_volume
2024-11-29,ABR.PRF,missing_or_invalid_current_volume
2024-11-29,ABSI,eligible
2024-11-29,ABT,eligible
2024-11-29,ABTC,eligible
2024-11-29,ABTS,missing_or_invalid_current_volume
2024-11-29,ABUS,eligible
2024-11-29,ABVC,eligible
2024-11-29,ABVX,eligible
2024-11-29,ABX,eligible
2024-11-29,ABXL,missing_or_invalid_current_volume
2024-11-29,ACA,eligible
2024-11-29,ACAA,missing_or_invalid_current_price
2024-11-29,ACAAU,missing_or_invalid_current_price
2024-11-29,ACAAW,missing_or_invalid_current_price
2024-11-29,ACAD,eligible
2024-11-29,ACB,eligible
2024-11-29,ACCL,missing_or_invalid_current_price
2024-11-29,ACCO,eligible
2024-11-29,ACCS,eligible
2024-11-29,ACDC,eligible
2024-11-29,ACEL,eligible
2024-11-29,ACEP,missing_or_invalid_current_price
2024-11-29,ACET,eligible
2024-11-29,ACFN,missing_or_invalid_current_price
2024-11-29,ACGC,missing_or_invalid_current_price
2024-11-29,ACGCU,missing_or_invalid_current_price
2024-11-29,ACGCW,missing_or_invalid_current_price
2024-11-29,ACGL,eligible
2024-11-29,ACGLN,missing_or_invalid_t_minus_252_price
2024-11-29,ACGLO,missing_or_invalid_t_minus_21_price
2024-11-29,ACH,eligible
2024-11-29,ACHC,eligible
2024-11-29,ACHR,eligible
2024-11-29,ACHR.WS,missing_or_invalid_current_volume
2024-11-29,ACHV,missing_or_invalid_t_minus_252_price
2024-11-29,ACI,eligible
2024-11-29,ACIC,eligible
2024-11-29,ACIU,eligible
2024-11-29,ACIW,eligible
2024-11-29,ACLO,missing_or_invalid_current_price
2024-11-29,ACLS,eligible
2024-12-31,A,eligible
2024-12-31,AA,eligible
2024-12-31,AAAP,missing_or_invalid_current_price
2024-12-31,AAC.U,missing_or_invalid_current_price
2024-12-31,AACB,missing_or_invalid_current_price
2024-12-31,AACBR,missing_or_invalid_current_price
2024-12-31,AACBU,missing_or_invalid_current_price
2024-12-31,AACG,eligible
2024-12-31,AACI,missing_or_invalid_current_volume
2024-12-31,AACIU,missing_or_invalid_current_volume
2024-12-31,AACIW,missing_or_invalid_current_volume
2024-12-31,AACO,missing_or_invalid_current_price
2024-12-31,AACOU,missing_or_invalid_current_price
2024-12-31,AACOW,missing_or_invalid_current_price
2024-12-31,AACP,missing_or_invalid_current_price
2024-12-31,AACPR,missing_or_invalid_current_price
2024-12-31,AACPU,missing_or_invalid_current_price
2024-12-31,AACPW,missing_or_invalid_current_price
2024-12-31,AADR,missing_or_invalid_current_volume
2024-12-31,AADX,missing_or_invalid_current_price
2024-12-31,AAEQ,missing_or_invalid_current_price
2024-12-31,AAL,eligible
2024-12-31,AALG,missing_or_invalid_current_price
2024-12-31,AAME,eligible
2024-12-31,AAMI,eligible
2024-12-31,AAOI,eligible
2024-12-31,AAON,eligible
2024-12-31,AAP,eligible
2024-12-31,AAPB,eligible
2024-12-31,AAPD,eligible
2024-12-31,AAPG,missing_or_invalid_current_price
2024-12-31,AAPL,eligible
2024-12-31,AAPU,eligible
2024-12-31,AARD,missing_or_invalid_current_price
2024-12-31,AAT,eligible
2024-12-31,AAUB,missing_or_invalid_current_price
2024-12-31,AAUC,missing_or_invalid_current_price
2024-12-31,AAUS,missing_or_invalid_current_price
2024-12-31,AAVM,missing_or_invalid_current_volume
2024-12-31,AAXJ,eligible
2024-12-31,AB,eligible
2024-12-31,ABAT,eligible
2024-12-31,ABBV,eligible
2024-12-31,ABCB,eligible
2024-12-31,ABCL,eligible
2024-12-31,ABCS,missing_or_invalid_current_volume
2024-12-31,ABEO,eligible
2024-12-31,ABEV,eligible
2024-12-31,ABG,eligible
2024-12-31,ABI,missing_or_invalid_current_price
2024-12-31,ABIG,missing_or_invalid_current_price
2024-12-31,ABLV,missing_or_invalid_current_volume
2024-12-31,ABLVW,missing_or_invalid_current_volume
2024-12-31,ABM,eligible
2024-12-31,ABNB,eligible
2024-12-31,ABOS,eligible
2024-12-31,ABR,eligible
2024-12-31,ABR.PRD,eligible
2024-12-31,ABR.PRE,missing_or_invalid_current_volume
2024-12-31,ABR.PRF,missing_or_invalid_t_minus_21_price
2024-12-31,ABSI,eligible
2024-12-31,ABT,eligible
2024-12-31,ABTC,eligible
2024-12-31,ABTS,missing_or_invalid_t_minus_21_price
2024-12-31,ABUS,eligible
2024-12-31,ABVC,eligible
2024-12-31,ABVX,eligible
2024-12-31,ABX,eligible
2024-12-31,ABXL,missing_or_invalid_t_minus_21_price
2024-12-31,ACA,eligible
2024-12-31,ACAA,missing_or_invalid_current_price
2024-12-31,ACAAU,missing_or_invalid_current_price
2024-12-31,ACAAW,missing_or_invalid_current_price
2024-12-31,ACAD,eligible
2024-12-31,ACB,eligible
2024-12-31,ACCL,missing_or_invalid_current_price
2024-12-31,ACCO,eligible
2024-12-31,ACCS,missing_or_invalid_t_minus_21_price
2024-12-31,ACDC,eligible
2024-12-31,ACEL,eligible
2024-12-31,ACEP,missing_or_invalid_current_price
2024-12-31,ACET,eligible
2024-12-31,ACFN,missing_or_invalid_current_price
2024-12-31,ACGC,missing_or_invalid_current_price
2024-12-31,ACGCU,missing_or_invalid_current_price
2024-12-31,ACGCW,missing_or_invalid_current_price
2024-12-31,ACGL,eligible
2024-12-31,ACGLN,eligible
2024-12-31,ACGLO,eligible
2024-12-31,ACH,eligible
2024-12-31,ACHC,eligible
2024-12-31,ACHR,eligible
2024-12-31,ACHR.WS,missing_or_invalid_current_volume
2024-12-31,ACHV,eligible
2024-12-31,ACI,eligible
2024-12-31,ACIC,eligible
2024-12-31,ACIU,eligible
2024-12-31,ACIW,eligible
2024-12-31,ACLO,missing_or_invalid_current_price
2024-12-31,ACLS,eligible
2025-01-31,A,eligible
2025-01-31,AA,eligible
2025-01-31,AAAP,missing_or_invalid_current_price
2025-01-31,AAC.U,missing_or_invalid_current_price
2025-01-31,AACB,missing_or_invalid_current_price
2025-01-31,AACBR,missing_or_invalid_current_price
2025-01-31,AACBU,missing_or_invalid_current_price
2025-01-31,AACG,missing_or_invalid_current_volume
2025-01-31,AACI,missing_or_invalid_current_volume
2025-01-31,AACIU,missing_or_invalid_current_volume
2025-01-31,AACIW,missing_or_invalid_current_volume
2025-01-31,AACO,missing_or_invalid_current_price
2025-01-31,AACOU,missing_or_invalid_current_price
2025-01-31,AACOW,missing_or_invalid_current_price
2025-01-31,AACP,missing_or_invalid_current_price
2025-01-31,AACPR,missing_or_invalid_current_price
2025-01-31,AACPU,missing_or_invalid_current_price
2025-01-31,AACPW,missing_or_invalid_current_price
2025-01-31,AADR,missing_or_invalid_current_volume
2025-01-31,AADX,missing_or_invalid_current_price
2025-01-31,AAEQ,missing_or_invalid_current_price
2025-01-31,AAL,eligible
2025-01-31,AALG,missing_or_invalid_current_price
2025-01-31,AAME,missing_or_invalid_current_volume
2025-01-31,AAMI,eligible
2025-01-31,AAOI,eligible
2025-01-31,AAON,eligible
2025-01-31,AAP,eligible
2025-01-31,AAPB,missing_or_invalid_t_minus_252_price
2025-01-31,AAPD,eligible
2025-01-31,AAPG,missing_or_invalid_t_minus_21_price
2025-01-31,AAPL,eligible
2025-01-31,AAPU,eligible
2025-01-31,AARD,missing_or_invalid_current_price
2025-01-31,AAT,eligible
2025-01-31,AAUB,missing_or_invalid_current_price
2025-01-31,AAUC,missing_or_invalid_current_price
2025-01-31,AAUS,missing_or_invalid_current_price
2025-01-31,AAVM,missing_or_invalid_current_price
2025-01-31,AAXJ,eligible
2025-01-31,AB,eligible
2025-01-31,ABAT,eligible
2025-01-31,ABBV,eligible
2025-01-31,ABCB,eligible
2025-01-31,ABCL,eligible
2025-01-31,ABCS,missing_or_invalid_current_volume
2025-01-31,ABEO,eligible
2025-01-31,ABEV,eligible
2025-01-31,ABG,eligible
2025-01-31,ABI,missing_or_invalid_current_price
2025-01-31,ABIG,missing_or_invalid_current_price
2025-01-31,ABLV,eligible
2025-01-31,ABLVW,missing_or_invalid_current_volume
2025-01-31,ABM,eligible
2025-01-31,ABNB,eligible
2025-01-31,ABOS,eligible
2025-01-31,ABR,eligible
2025-01-31,ABR.PRD,eligible
2025-01-31,ABR.PRE,missing_or_invalid_current_volume
2025-01-31,ABR.PRF,eligible
2025-01-31,ABSI,eligible
2025-01-31,ABT,eligible
2025-01-31,ABTC,eligible
2025-01-31,ABTS,missing_or_invalid_t_minus_21_price
2025-01-31,ABUS,eligible
2025-01-31,ABVC,eligible
2025-01-31,ABVX,eligible
2025-01-31,ABX,eligible
2025-01-31,ABXL,missing_or_invalid_current_volume
2025-01-31,ACA,eligible
2025-01-31,ACAA,missing_or_invalid_current_price
2025-01-31,ACAAU,missing_or_invalid_current_price
2025-01-31,ACAAW,missing_or_invalid_current_price
2025-01-31,ACAD,eligible
2025-01-31,ACB,eligible
2025-01-31,ACCL,missing_or_invalid_current_price
2025-01-31,ACCO,eligible
2025-01-31,ACCS,missing_or_invalid_t_minus_21_price
2025-01-31,ACDC,eligible
2025-01-31,ACEL,eligible
2025-01-31,ACEP,missing_or_invalid_current_price
2025-01-31,ACET,eligible
2025-01-31,ACFN,missing_or_invalid_current_price
2025-01-31,ACGC,missing_or_invalid_current_price
2025-01-31,ACGCU,missing_or_invalid_current_price
2025-01-31,ACGCW,missing_or_invalid_current_price
2025-01-31,ACGL,eligible
2025-01-31,ACGLN,eligible
2025-01-31,ACGLO,eligible
2025-01-31,ACH,eligible
2025-01-31,ACHC,eligible
2025-01-31,ACHR,eligible
2025-01-31,ACHR.WS,missing_or_invalid_current_volume
2025-01-31,ACHV,eligible
2025-01-31,ACI,eligible
2025-01-31,ACIC,eligible
2025-01-31,ACIU,eligible
2025-01-31,ACIW,eligible
2025-01-31,ACLO,missing_or_invalid_current_volume
2025-01-31,ACLS,eligible
2025-02-28,A,eligible
2025-02-28,AA,eligible
2025-02-28,AAAP,missing_or_invalid_current_price
2025-02-28,AAC.U,missing_or_invalid_current_price
2025-02-28,AACB,missing_or_invalid_current_price
2025-02-28,AACBR,missing_or_invalid_current_price
2025-02-28,AACBU,missing_or_invalid_current_volume
2025-02-28,AACG,missing_or_invalid_current_volume
2025-02-28,AACI,missing_or_invalid_current_volume
2025-02-28,AACIU,missing_or_invalid_current_volume
2025-02-28,AACIW,missing_or_invalid_current_volume
2025-02-28,AACO,missing_or_invalid_current_price
2025-02-28,AACOU,missing_or_invalid_current_price
2025-02-28,AACOW,missing_or_invalid_current_price
2025-02-28,AACP,missing_or_invalid_current_price
2025-02-28,AACPR,missing_or_invalid_current_price
2025-02-28,AACPU,missing_or_invalid_current_price
2025-02-28,AACPW,missing_or_invalid_current_price
2025-02-28,AADR,missing_or_invalid_current_volume
2025-02-28,AADX,missing_or_invalid_current_price
2025-02-28,AAEQ,missing_or_invalid_current_price
2025-02-28,AAL,eligible
2025-02-28,AALG,missing_or_invalid_current_price
2025-02-28,AAME,missing_or_invalid_current_volume
2025-02-28,AAMI,eligible
2025-02-28,AAOI,eligible
2025-02-28,AAON,eligible
2025-02-28,AAP,eligible
2025-02-28,AAPB,missing_or_invalid_t_minus_252_price
2025-02-28,AAPD,eligible
2025-02-28,AAPG,missing_or_invalid_t_minus_252_price
2025-02-28,AAPL,eligible
2025-02-28,AAPU,eligible
2025-02-28,AARD,missing_or_invalid_t_minus_21_price
2025-02-28,AAT,eligible
2025-02-28,AAUB,missing_or_invalid_current_price
2025-02-28,AAUC,missing_or_invalid_current_price
2025-02-28,AAUS,missing_or_invalid_current_price
2025-02-28,AAVM,missing_or_invalid_current_volume
2025-02-28,AAXJ,eligible
2025-02-28,AB,eligible
2025-02-28,ABAT,eligible
2025-02-28,ABBV,eligible
2025-02-28,ABCB,eligible
2025-02-28,ABCL,eligible
2025-02-28,ABCS,missing_or_invalid_current_volume
2025-02-28,ABEO,eligible
2025-02-28,ABEV,eligible
2025-02-28,ABG,eligible
2025-02-28,ABI,missing_or_invalid_current_price
2025-02-28,ABIG,missing_or_invalid_current_price
2025-02-28,ABLV,missing_or_invalid_t_minus_21_price
2025-02-28,ABLVW,missing_or_invalid_current_volume
2025-02-28,ABM,eligible
2025-02-28,ABNB,eligible
2025-02-28,ABOS,eligible
2025-02-28,ABR,eligible
2025-02-28,ABR.PRD,missing_or_invalid_current_volume
2025-02-28,ABR.PRE,missing_or_invalid_current_volume
2025-02-28,ABR.PRF,missing_or_invalid_t_minus_252_price
2025-02-28,ABSI,eligible
2025-02-28,ABT,eligible
2025-02-28,ABTC,eligible
2025-02-28,ABTS,eligible
2025-02-28,ABUS,eligible
2025-02-28,ABVC,eligible
2025-02-28,ABVX,eligible
2025-02-28,ABX,eligible
2025-02-28,ABXL,missing_or_invalid_current_volume
2025-02-28,ACA,eligible
2025-02-28,ACAA,missing_or_invalid_current_price
2025-02-28,ACAAU,missing_or_invalid_current_price
2025-02-28,ACAAW,missing_or_invalid_current_price
2025-02-28,ACAD,eligible
2025-02-28,ACB,eligible
2025-02-28,ACCL,missing_or_invalid_current_price
2025-02-28,ACCO,eligible
2025-02-28,ACCS,missing_or_invalid_current_volume
2025-02-28,ACDC,eligible
2025-02-28,ACEL,eligible
2025-02-28,ACEP,missing_or_invalid_current_price
2025-02-28,ACET,eligible
2025-02-28,ACFN,missing_or_invalid_current_price
2025-02-28,ACGC,missing_or_invalid_current_price
2025-02-28,ACGCU,missing_or_invalid_current_price
2025-02-28,ACGCW,missing_or_invalid_current_price
2025-02-28,ACGL,eligible
2025-02-28,ACGLN,eligible
2025-02-28,ACGLO,eligible
2025-02-28,ACH,eligible
2025-02-28,ACHC,eligible
2025-02-28,ACHR,eligible
2025-02-28,ACHR.WS,missing_or_invalid_t_minus_252_price
2025-02-28,ACHV,eligible
2025-02-28,ACI,eligible
2025-02-28,ACIC,eligible
2025-02-28,ACIU,eligible
2025-02-28,ACIW,eligible
2025-02-28,ACLO,missing_or_invalid_current_volume
2025-02-28,ACLS,eligible
2025-03-31,A,eligible
2025-03-31,AA,eligible
2025-03-31,AAAP,missing_or_invalid_current_price
2025-03-31,AAC.U,missing_or_invalid_current_price
2025-03-31,AACB,missing_or_invalid_current_price
2025-03-31,AACBR,missing_or_invalid_current_price
2025-03-31,AACBU,missing_or_invalid_current_volume
2025-03-31,AACG,missing_or_invalid_current_volume
2025-03-31,AACI,missing_or_invalid_current_volume
2025-03-31,AACIU,missing_or_invalid_current_volume
2025-03-31,AACIW,missing_or_invalid_current_volume
2025-03-31,AACO,missing_or_invalid_current_price
2025-03-31,AACOU,missing_or_invalid_current_price
2025-03-31,AACOW,missing_or_invalid_current_price
2025-03-31,AACP,missing_or_invalid_current_price
2025-03-31,AACPR,missing_or_invalid_current_price
2025-03-31,AACPU,missing_or_invalid_current_price
2025-03-31,AACPW,missing_or_invalid_current_price
2025-03-31,AADR,missing_or_invalid_t_minus_21_price
2025-03-31,AADX,missing_or_invalid_current_price
2025-03-31,AAEQ,missing_or_invalid_current_price
2025-03-31,AAL,eligible
2025-03-31,AALG,missing_or_invalid_current_price
2025-03-31,AAME,missing_or_invalid_current_volume
2025-03-31,AAMI,eligible
2025-03-31,AAOI,eligible
2025-03-31,AAON,eligible
2025-03-31,AAP,eligible
2025-03-31,AAPB,eligible
2025-03-31,AAPD,eligible
2025-03-31,AAPG,missing_or_invalid_t_minus_252_price
2025-03-31,AAPL,eligible
2025-03-31,AAPU,eligible
2025-03-31,AARD,missing_or_invalid_t_minus_252_price
2025-03-31,AAT,eligible
2025-03-31,AAUB,missing_or_invalid_current_price
2025-03-31,AAUC,missing_or_invalid_current_price
2025-03-31,AAUS,missing_or_invalid_current_price
2025-03-31,AAVM,missing_or_invalid_current_volume
2025-03-31,AAXJ,eligible
2025-03-31,AB,eligible
2025-03-31,ABAT,eligible
2025-03-31,ABBV,eligible
2025-03-31,ABCB,eligible
2025-03-31,ABCL,eligible
2025-03-31,ABCS,missing_or_invalid_current_volume
2025-03-31,ABEO,eligible
2025-03-31,ABEV,eligible
2025-03-31,ABG,eligible
2025-03-31,ABI,missing_or_invalid_current_price
2025-03-31,ABIG,missing_or_invalid_current_price
2025-03-31,ABLV,eligible
2025-03-31,ABLVW,missing_or_invalid_current_volume
2025-03-31,ABM,eligible
2025-03-31,ABNB,eligible
2025-03-31,ABOS,eligible
2025-03-31,ABR,eligible
2025-03-31,ABR.PRD,missing_or_invalid_t_minus_21_price
2025-03-31,ABR.PRE,missing_or_invalid_t_minus_21_price
2025-03-31,ABR.PRF,eligible
2025-03-31,ABSI,eligible
2025-03-31,ABT,eligible
2025-03-31,ABTC,eligible
2025-03-31,ABTS,missing_or_invalid_current_volume
2025-03-31,ABUS,eligible
2025-03-31,ABVC,eligible
2025-03-31,ABVX,eligible
2025-03-31,ABX,eligible
2025-03-31,ABXL,missing_or_invalid_t_minus_21_price
2025-03-31,ACA,eligible
2025-03-31,ACAA,missing_or_invalid_current_price
2025-03-31,ACAAU,missing_or_invalid_current_price
2025-03-31,ACAAW,missing_or_invalid_current_price
2025-03-31,ACAD,eligible
2025-03-31,ACB,eligible
2025-03-31,ACCL,missing_or_invalid_current_price
2025-03-31,ACCO,eligible
2025-03-31,ACCS,missing_or_invalid_current_volume
2025-03-31,ACDC,eligible
2025-03-31,ACEL,eligible
2025-03-31,ACEP,missing_or_invalid_current_price
2025-03-31,ACET,eligible
2025-03-31,ACFN,missing_or_invalid_current_price
2025-03-31,ACGC,missing_or_invalid_current_price
2025-03-31,ACGCU,missing_or_invalid_current_price
2025-03-31,ACGCW,missing_or_invalid_current_price
2025-03-31,ACGL,eligible
2025-03-31,ACGLN,missing_or_invalid_t_minus_21_price
2025-03-31,ACGLO,eligible
2025-03-31,ACH,eligible
2025-03-31,ACHC,eligible
2025-03-31,ACHR,eligible
2025-03-31,ACHR.WS,missing_or_invalid_t_minus_252_price
2025-03-31,ACHV,eligible
2025-03-31,ACI,eligible
2025-03-31,ACIC,eligible
2025-03-31,ACIU,eligible
2025-03-31,ACIW,eligible
2025-03-31,ACLO,missing_or_invalid_t_minus_21_price
2025-03-31,ACLS,eligible
2025-04-30,A,eligible
2025-04-30,AA,eligible
2025-04-30,AAAP,missing_or_invalid_current_price
2025-04-30,AAC.U,missing_or_invalid_current_price
2025-04-30,AACB,missing_or_invalid_current_volume
2025-04-30,AACBR,missing_or_invalid_current_price
2025-04-30,AACBU,missing_or_invalid_current_volume
2025-04-30,AACG,missing_or_invalid_t_minus_21_price
2025-04-30,AACI,missing_or_invalid_current_volume
2025-04-30,AACIU,missing_or_invalid_current_volume
2025-04-30,AACIW,missing_or_invalid_current_volume
2025-04-30,AACO,missing_or_invalid_current_price
2025-04-30,AACOU,missing_or_invalid_current_price
2025-04-30,AACOW,missing_or_invalid_current_price
2025-04-30,AACP,missing_or_invalid_current_price
2025-04-30,AACPR,missing_or_invalid_current_price
2025-04-30,AACPU,missing_or_invalid_current_price
2025-04-30,AACPW,missing_or_invalid_current_price
2025-04-30,AADR,missing_or_invalid_current_volume
2025-04-30,AADX,missing_or_invalid_current_price
2025-04-30,AAEQ,missing_or_invalid_current_price
2025-04-30,AAL,eligible
2025-04-30,AALG,missing_or_invalid_current_price
2025-04-30,AAME,missing_or_invalid_current_volume
2025-04-30,AAMI,eligible
2025-04-30,AAOI,eligible
2025-04-30,AAON,eligible
2025-04-30,AAP,eligible
2025-04-30,AAPB,eligible
2025-04-30,AAPD,eligible
2025-04-30,AAPG,missing_or_invalid_current_volume
2025-04-30,AAPL,eligible
2025-04-30,AAPU,eligible
2025-04-30,AARD,missing_or_invalid_t_minus_252_price
2025-04-30,AAT,eligible
2025-04-30,AAUB,missing_or_invalid_current_price
2025-04-30,AAUC,missing_or_invalid_current_price
2025-04-30,AAUS,missing_or_invalid_current_price
2025-04-30,AAVM,missing_or_invalid_current_volume
2025-04-30,AAXJ,eligible
2025-04-30,AB,eligible
2025-04-30,ABAT,eligible
2025-04-30,ABBV,eligible
2025-04-30,ABCB,eligible
2025-04-30,ABCL,eligible
2025-04-30,ABCS,missing_or_invalid_t_minus_21_price
2025-04-30,ABEO,eligible
2025-04-30,ABEV,eligible
2025-04-30,ABG,eligible
2025-04-30,ABI,missing_or_invalid_current_price
2025-04-30,ABIG,missing_or_invalid_current_volume
2025-04-30,ABLV,missing_or_invalid_t_minus_21_price
2025-04-30,ABLVW,missing_or_invalid_current_volume
2025-04-30,ABM,eligible
2025-04-30,ABNB,eligible
2025-04-30,ABOS,eligible
2025-04-30,ABR,eligible
2025-04-30,ABR.PRD,missing_or_invalid_t_minus_252_price
2025-04-30,ABR.PRE,missing_or_invalid_current_volume
2025-04-30,ABR.PRF,missing_or_invalid_current_volume
2025-04-30,ABSI,eligible
2025-04-30,ABT,eligible
2025-04-30,ABTC,eligible
2025-04-30,ABTS,missing_or_invalid_current_volume
2025-04-30,ABUS,eligible
2025-04-30,ABVC,eligible
2025-04-30,ABVX,eligible
2025-04-30,ABX,eligible
2025-04-30,ABXL,missing_or_invalid_t_minus_252_price
2025-04-30,ACA,eligible
2025-04-30,ACAA,missing_or_invalid_current_price
2025-04-30,ACAAU,missing_or_invalid_current_price
2025-04-30,ACAAW,missing_or_invalid_current_price
2025-04-30,ACAD,eligible
2025-04-30,ACB,eligible
2025-04-30,ACCL,missing_or_invalid_current_price
2025-04-30,ACCO,eligible
2025-04-30,ACCS,missing_or_invalid_current_volume
2025-04-30,ACDC,eligible
2025-04-30,ACEL,eligible
2025-04-30,ACEP,missing_or_invalid_current_price
2025-04-30,ACET,eligible
2025-04-30,ACFN,missing_or_invalid_current_price
2025-04-30,ACGC,missing_or_invalid_current_price
2025-04-30,ACGCU,missing_or_invalid_current_price
2025-04-30,ACGCW,missing_or_invalid_current_price
2025-04-30,ACGL,eligible
2025-04-30,ACGLN,eligible
2025-04-30,ACGLO,missing_or_invalid_t_minus_252_price
2025-04-30,ACH,eligible
2025-04-30,ACHC,eligible
2025-04-30,ACHR,eligible
2025-04-30,ACHR.WS,missing_or_invalid_t_minus_252_price
2025-04-30,ACHV,eligible
2025-04-30,ACI,eligible
2025-04-30,ACIC,eligible
2025-04-30,ACIU,eligible
2025-04-30,ACIW,eligible
2025-04-30,ACLO,missing_or_invalid_current_volume
2025-04-30,ACLS,eligible
2025-05-30,A,eligible
2025-05-30,AA,eligible
2025-05-30,AAAP,missing_or_invalid_current_price
2025-05-30,AAC.U,missing_or_invalid_current_price
2025-05-30,AACB,missing_or_invalid_current_volume
2025-05-30,AACBR,missing_or_invalid_current_price
2025-05-30,AACBU,missing_or_invalid_current_volume
2025-05-30,AACG,eligible
2025-05-30,AACI,missing_or_invalid_current_volume
2025-05-30,AACIU,missing_or_invalid_t_minus_21_price
2025-05-30,AACIW,missing_or_invalid_current_volume
2025-05-30,AACO,missing_or_invalid_current_price
2025-05-30,AACOU,missing_or_invalid_current_price
2025-05-30,AACOW,missing_or_invalid_current_price
2025-05-30,AACP,missing_or_invalid_current_price
2025-05-30,AACPR,missing_or_invalid_current_price
2025-05-30,AACPU,missing_or_invalid_current_price
2025-05-30,AACPW,missing_or_invalid_current_price
2025-05-30,AADR,missing_or_invalid_current_volume
2025-05-30,AADX,missing_or_invalid_current_price
2025-05-30,AAEQ,missing_or_invalid_current_price
2025-05-30,AAL,eligible
2025-05-30,AALG,missing_or_invalid_current_price
2025-05-30,AAME,missing_or_invalid_current_volume
2025-05-30,AAMI,eligible
2025-05-30,AAOI,eligible
2025-05-30,AAON,eligible
2025-05-30,AAP,eligible
2025-05-30,AAPB,eligible
2025-05-30,AAPD,eligible
2025-05-30,AAPG,missing_or_invalid_t_minus_21_price
2025-05-30,AAPL,eligible
2025-05-30,AAPU,eligible
2025-05-30,AARD,missing_or_invalid_current_volume
2025-05-30,AAT,eligible
2025-05-30,AAUB,missing_or_invalid_current_price
2025-05-30,AAUC,missing_or_invalid_current_price
2025-05-30,AAUS,missing_or_invalid_current_price
2025-05-30,AAVM,missing_or_invalid_current_volume
2025-05-30,AAXJ,eligible
2025-05-30,AB,eligible
2025-05-30,ABAT,eligible
2025-05-30,ABBV,eligible
2025-05-30,ABCB,eligible
2025-05-30,ABCL,eligible
2025-05-30,ABCS,eligible
2025-05-30,ABEO,eligible
2025-05-30,ABEV,eligible
2025-05-30,ABG,eligible
2025-05-30,ABI,missing_or_invalid_current_price
2025-05-30,ABIG,missing_or_invalid_current_volume
2025-05-30,ABLV,missing_or_invalid_current_volume
2025-05-30,ABLVW,missing_or_invalid_current_volume
2025-05-30,ABM,eligible
2025-05-30,ABNB,eligible
2025-05-30,ABOS,eligible
2025-05-30,ABR,eligible
2025-05-30,ABR.PRD,eligible
2025-05-30,ABR.PRE,missing_or_invalid_current_volume
2025-05-30,ABR.PRF,missing_or_invalid_current_volume
2025-05-30,ABSI,eligible
2025-05-30,ABT,eligible
2025-05-30,ABTC,eligible
2025-05-30,ABTS,missing_or_invalid_t_minus_21_price
2025-05-30,ABUS,eligible
2025-05-30,ABVC,eligible
2025-05-30,ABVX,eligible
2025-05-30,ABX,eligible
2025-05-30,ABXL,missing_or_invalid_t_minus_252_price
2025-05-30,ACA,eligible
2025-05-30,ACAA,missing_or_invalid_current_price
2025-05-30,ACAAU,missing_or_invalid_current_price
2025-05-30,ACAAW,missing_or_invalid_current_price
2025-05-30,ACAD,eligible
2025-05-30,ACB,eligible
2025-05-30,ACCL,missing_or_invalid_current_price
2025-05-30,ACCO,eligible
2025-05-30,ACCS,missing_or_invalid_current_volume
2025-05-30,ACDC,eligible
2025-05-30,ACEL,eligible
2025-05-30,ACEP,missing_or_invalid_current_price
2025-05-30,ACET,eligible
2025-05-30,ACFN,missing_or_invalid_current_price
2025-05-30,ACGC,missing_or_invalid_current_price
2025-05-30,ACGCU,missing_or_invalid_current_price
2025-05-30,ACGCW,missing_or_invalid_current_price
2025-05-30,ACGL,eligible
2025-05-30,ACGLN,eligible
2025-05-30,ACGLO,missing_or_invalid_current_volume
2025-05-30,ACH,eligible
2025-05-30,ACHC,eligible
2025-05-30,ACHR,eligible
2025-05-30,ACHR.WS,missing_or_invalid_t_minus_252_price
2025-05-30,ACHV,eligible
2025-05-30,ACI,eligible
2025-05-30,ACIC,eligible
2025-05-30,ACIU,eligible
2025-05-30,ACIW,eligible
2025-05-30,ACLO,missing_or_invalid_current_volume
2025-05-30,ACLS,eligible
2025-06-30,A,eligible
2025-06-30,AA,eligible
2025-06-30,AAAP,missing_or_invalid_current_price
2025-06-30,AAC.U,missing_or_invalid_current_price
2025-06-30,AACB,missing_or_invalid_current_volume
2025-06-30,AACBR,missing_or_invalid_current_volume
2025-06-30,AACBU,missing_or_invalid_current_volume
2025-06-30,AACG,missing_or_invalid_current_volume
2025-06-30,AACI,missing_or_invalid_current_volume
2025-06-30,AACIU,missing_or_invalid_current_volume
2025-06-30,AACIW,missing_or_invalid_t_minus_21_price
2025-06-30,AACO,missing_or_invalid_current_price
2025-06-30,AACOU,missing_or_invalid_current_price
2025-06-30,AACOW,missing_or_invalid_current_price
2025-06-30,AACP,missing_or_invalid_current_price
2025-06-30,AACPR,missing_or_invalid_current_price
2025-06-30,AACPU,missing_or_invalid_current_price
2025-06-30,AACPW,missing_or_invalid_current_price
2025-06-30,AADR,missing_or_invalid_current_volume
2025-06-30,AADX,missing_or_invalid_current_price
2025-06-30,AAEQ,missing_or_invalid_current_price
2025-06-30,AAL,eligible
2025-06-30,AALG,missing_or_invalid_current_price
2025-06-30,AAME,missing_or_invalid_current_volume
2025-06-30,AAMI,eligible
2025-06-30,AAOI,eligible
2025-06-30,AAON,eligible
2025-06-30,AAP,eligible
2025-06-30,AAPB,eligible
2025-06-30,AAPD,eligible
2025-06-30,AAPG,missing_or_invalid_current_volume
2025-06-30,AAPL,eligible
2025-06-30,AAPU,eligible
2025-06-30,AARD,missing_or_invalid_t_minus_21_price
2025-06-30,AAT,eligible
2025-06-30,AAUB,missing_or_invalid_current_price
2025-06-30,AAUC,missing_or_invalid_t_minus_21_price
2025-06-30,AAUS,missing_or_invalid_current_price
2025-06-30,AAVM,missing_or_invalid_current_volume
2025-06-30,AAXJ,eligible
2025-06-30,AB,eligible
2025-06-30,ABAT,eligible
2025-06-30,ABBV,eligible
2025-06-30,ABCB,eligible
2025-06-30,ABCL,eligible
2025-06-30,ABCS,missing_or_invalid_t_minus_21_price
2025-06-30,ABEO,eligible
2025-06-30,ABEV,eligible
2025-06-30,ABG,eligible
2025-06-30,ABI,missing_or_invalid_current_price
2025-06-30,ABIG,missing_or_invalid_t_minus_21_price
2025-06-30,ABLV,missing_or_invalid_t_minus_21_price
2025-06-30,ABLVW,missing_or_invalid_current_volume
2025-06-30,ABM,eligible
2025-06-30,ABNB,eligible
2025-06-30,ABOS,eligible
2025-06-30,ABR,eligible
2025-06-30,ABR.PRD,missing_or_invalid_t_minus_21_price
2025-06-30,ABR.PRE,missing_or_invalid_current_volume
2025-06-30,ABR.PRF,missing_or_invalid_t_minus_21_price
2025-06-30,ABSI,eligible
2025-06-30,ABT,eligible
2025-06-30,ABTC,eligible
2025-06-30,ABTS,missing_or_invalid_t_minus_21_price
2025-06-30,ABUS,eligible
2025-06-30,ABVC,missing_or_invalid_t_minus_21_price
2025-06-30,ABVX,eligible
2025-06-30,ABX,eligible
2025-06-30,ABXL,missing_or_invalid_current_volume
2025-06-30,ACA,eligible
2025-06-30,ACAA,missing_or_invalid_current_price
2025-06-30,ACAAU,missing_or_invalid_current_price
2025-06-30,ACAAW,missing_or_invalid_current_price
2025-06-30,ACAD,eligible
2025-06-30,ACB,eligible
2025-06-30,ACCL,missing_or_invalid_current_price
2025-06-30,ACCO,eligible
2025-06-30,ACCS,missing_or_invalid_current_volume
2025-06-30,ACDC,eligible
2025-06-30,ACEL,eligible
2025-06-30,ACEP,missing_or_invalid_current_price
2025-06-30,ACET,eligible
2025-06-30,ACFN,missing_or_invalid_current_price
2025-06-30,ACGC,missing_or_invalid_current_price
2025-06-30,ACGCU,missing_or_invalid_current_price
2025-06-30,ACGCW,missing_or_invalid_current_price
2025-06-30,ACGL,eligible
2025-06-30,ACGLN,eligible
2025-06-30,ACGLO,missing_or_invalid_t_minus_21_price
2025-06-30,ACH,eligible
2025-06-30,ACHC,eligible
2025-06-30,ACHR,eligible
2025-06-30,ACHR.WS,missing_or_invalid_t_minus_21_price
2025-06-30,ACHV,eligible
2025-06-30,ACI,eligible
2025-06-30,ACIC,eligible
2025-06-30,ACIU,eligible
2025-06-30,ACIW,eligible
2025-06-30,ACLO,missing_or_invalid_current_volume
2025-06-30,ACLS,eligible
2025-07-31,A,eligible
2025-07-31,AA,eligible
2025-07-31,AAAP,missing_or_invalid_current_price
2025-07-31,AAC.U,missing_or_invalid_current_price
2025-07-31,AACB,missing_or_invalid_current_volume
2025-07-31,AACBR,missing_or_invalid_current_volume
2025-07-31,AACBU,missing_or_invalid_current_volume
2025-07-31,AACG,missing_or_invalid_t_minus_252_price
2025-07-31,AACI,eligible
2025-07-31,AACIU,missing_or_invalid_current_volume
2025-07-31,AACIW,missing_or_invalid_current_volume
2025-07-31,AACO,missing_or_invalid_current_price
2025-07-31,AACOU,missing_or_invalid_current_price
2025-07-31,AACOW,missing_or_invalid_current_price
2025-07-31,AACP,missing_or_invalid_current_price
2025-07-31,AACPR,missing_or_invalid_current_price
2025-07-31,AACPU,missing_or_invalid_current_price
2025-07-31,AACPW,missing_or_invalid_current_price
2025-07-31,AADR,missing_or_invalid_current_volume
2025-07-31,AADX,missing_or_invalid_current_price
2025-07-31,AAEQ,missing_or_invalid_current_price
2025-07-31,AAL,eligible
2025-07-31,AALG,missing_or_invalid_current_volume
2025-07-31,AAME,eligible
2025-07-31,AAMI,eligible
2025-07-31,AAOI,eligible
2025-07-31,AAON,eligible
2025-07-31,AAP,eligible
2025-07-31,AAPB,missing_or_invalid_t_minus_252_price
2025-07-31,AAPD,eligible
2025-07-31,AAPG,missing_or_invalid_current_volume
2025-07-31,AAPL,eligible
2025-07-31,AAPU,eligible
2025-07-31,AARD,missing_or_invalid_t_minus_252_price
2025-07-31,AAT,eligible
2025-07-31,AAUB,missing_or_invalid_current_price
2025-07-31,AAUC,missing_or_invalid_t_minus_21_price
2025-07-31,AAUS,missing_or_invalid_current_price
2025-07-31,AAVM,missing_or_invalid_t_minus_252_price
2025-07-31,AAXJ,eligible
2025-07-31,AB,eligible
2025-07-31,ABAT,eligible
2025-07-31,ABBV,eligible
2025-07-31,ABCB,eligible
2025-07-31,ABCL,eligible
2025-07-31,ABCS,eligible
2025-07-31,ABEO,eligible
2025-07-31,ABEV,eligible
2025-07-31,ABG,eligible
2025-07-31,ABI,missing_or_invalid_current_volume
2025-07-31,ABIG,missing_or_invalid_t_minus_21_price
2025-07-31,ABLV,missing_or_invalid_current_volume
2025-07-31,ABLVW,missing_or_invalid_current_volume
2025-07-31,ABM,eligible
2025-07-31,ABNB,eligible
2025-07-31,ABOS,eligible
2025-07-31,ABR,eligible
2025-07-31,ABR.PRD,missing_or_invalid_current_volume
2025-07-31,ABR.PRE,missing_or_invalid_current_volume
2025-07-31,ABR.PRF,missing_or_invalid_current_volume
2025-07-31,ABSI,eligible
2025-07-31,ABT,eligible
2025-07-31,ABTC,eligible
2025-07-31,ABTS,missing_or_invalid_t_minus_21_price
2025-07-31,ABUS,eligible
2025-07-31,ABVC,eligible
2025-07-31,ABVX,eligible
2025-07-31,ABX,eligible
2025-07-31,ABXL,missing_or_invalid_current_volume
2025-07-31,ACA,eligible
2025-07-31,ACAA,missing_or_invalid_current_price
2025-07-31,ACAAU,missing_or_invalid_current_price
2025-07-31,ACAAW,missing_or_invalid_current_price
2025-07-31,ACAD,eligible
2025-07-31,ACB,eligible
2025-07-31,ACCL,missing_or_invalid_current_price
2025-07-31,ACCO,eligible
2025-07-31,ACCS,missing_or_invalid_t_minus_21_price
2025-07-31,ACDC,eligible
2025-07-31,ACEL,eligible
2025-07-31,ACEP,missing_or_invalid_current_price
2025-07-31,ACET,eligible
2025-07-31,ACFN,missing_or_invalid_current_volume
2025-07-31,ACGC,missing_or_invalid_current_price
2025-07-31,ACGCU,missing_or_invalid_current_price
2025-07-31,ACGCW,missing_or_invalid_current_price
2025-07-31,ACGL,eligible
2025-07-31,ACGLN,missing_or_invalid_t_minus_252_price
2025-07-31,ACGLO,missing_or_invalid_t_minus_21_price
2025-07-31,ACH,eligible
2025-07-31,ACHC,eligible
2025-07-31,ACHR,eligible
2025-07-31,ACHR.WS,missing_or_invalid_current_volume
2025-07-31,ACHV,eligible
2025-07-31,ACI,eligible
2025-07-31,ACIC,eligible
2025-07-31,ACIU,eligible
2025-07-31,ACIW,eligible
2025-07-31,ACLO,missing_or_invalid_current_volume
2025-07-31,ACLS,eligible
2025-08-29,A,eligible
2025-08-29,AA,eligible
2025-08-29,AAAP,missing_or_invalid_current_price
2025-08-29,AAC.U,missing_or_invalid_current_price
2025-08-29,AACB,missing_or_invalid_current_volume
2025-08-29,AACBR,missing_or_invalid_current_volume
2025-08-29,AACBU,missing_or_invalid_current_volume
2025-08-29,AACG,missing_or_invalid_t_minus_252_price
2025-08-29,AACI,missing_or_invalid_current_volume
2025-08-29,AACIU,missing_or_invalid_current_volume
2025-08-29,AACIW,missing_or_invalid_current_volume
2025-08-29,AACO,missing_or_invalid_current_price
2025-08-29,AACOU,missing_or_invalid_current_price
2025-08-29,AACOW,missing_or_invalid_current_price
2025-08-29,AACP,missing_or_invalid_current_price
2025-08-29,AACPR,missing_or_invalid_current_price
2025-08-29,AACPU,missing_or_invalid_current_price
2025-08-29,AACPW,missing_or_invalid_current_price
2025-08-29,AADR,missing_or_invalid_current_volume
2025-08-29,AADX,missing_or_invalid_current_price
2025-08-29,AAEQ,missing_or_invalid_current_price
2025-08-29,AAL,eligible
2025-08-29,AALG,missing_or_invalid_current_volume
2025-08-29,AAME,missing_or_invalid_t_minus_21_price
2025-08-29,AAMI,eligible
2025-08-29,AAOI,eligible
2025-08-29,AAON,eligible
2025-08-29,AAP,eligible
2025-08-29,AAPB,eligible
2025-08-29,AAPD,eligible
2025-08-29,AAPG,missing_or_invalid_current_volume
2025-08-29,AAPL,eligible
2025-08-29,AAPU,eligible
2025-08-29,AARD,missing_or_invalid_t_minus_252_price
2025-08-29,AAT,eligible
2025-08-29,AAUB,missing_or_invalid_current_price
2025-08-29,AAUC,missing_or_invalid_t_minus_252_price
2025-08-29,AAUS,missing_or_invalid_current_volume
2025-08-29,AAVM,missing_or_invalid_current_volume
2025-08-29,AAXJ,eligible
2025-08-29,AB,eligible
2025-08-29,ABAT,eligible
2025-08-29,ABBV,eligible
2025-08-29,ABCB,eligible
2025-08-29,ABCL,eligible
2025-08-29,ABCS,missing_or_invalid_current_volume
2025-08-29,ABEO,eligible
2025-08-29,ABEV,eligible
2025-08-29,ABG,eligible
2025-08-29,ABI,missing_or_invalid_current_volume
2025-08-29,ABIG,missing_or_invalid_current_volume
2025-08-29,ABLV,missing_or_invalid_current_volume
2025-08-29,ABLVW,missing_or_invalid_current_volume
2025-08-29,ABM,eligible
2025-08-29,ABNB,eligible
2025-08-29,ABOS,eligible
2025-08-29,ABR,eligible
2025-08-29,ABR.PRD,missing_or_invalid_t_minus_21_price
2025-08-29,ABR.PRE,missing_or_invalid_current_volume
2025-08-29,ABR.PRF,missing_or_invalid_current_volume
2025-08-29,ABSI,eligible
2025-08-29,ABT,eligible
2025-08-29,ABTC,eligible
2025-08-29,ABTS,missing_or_invalid_t_minus_252_price
2025-08-29,ABUS,eligible
2025-08-29,ABVC,missing_or_invalid_t_minus_252_price
2025-08-29,ABVX,eligible
2025-08-29,ABX,eligible
2025-08-29,ABXL,missing_or_invalid_current_volume
2025-08-29,ACA,eligible
2025-08-29,ACAA,missing_or_invalid_current_price
2025-08-29,ACAAU,missing_or_invalid_current_price
2025-08-29,ACAAW,missing_or_invalid_current_price
2025-08-29,ACAD,eligible
2025-08-29,ACB,eligible
2025-08-29,ACCL,missing_or_invalid_current_price
2025-08-29,ACCO,eligible
2025-08-29,ACCS,eligible
2025-08-29,ACDC,eligible
2025-08-29,ACEL,eligible
2025-08-29,ACEP,missing_or_invalid_current_price
2025-08-29,ACET,eligible
2025-08-29,ACFN,missing_or_invalid_t_minus_21_price
2025-08-29,ACGC,missing_or_invalid_current_price
2025-08-29,ACGCU,missing_or_invalid_current_price
2025-08-29,ACGCW,missing_or_invalid_current_price
2025-08-29,ACGL,eligible
2025-08-29,ACGLN,eligible
2025-08-29,ACGLO,missing_or_invalid_t_minus_252_price
2025-08-29,ACH,eligible
2025-08-29,ACHC,eligible
2025-08-29,ACHR,eligible
2025-08-29,ACHR.WS,missing_or_invalid_t_minus_21_price
2025-08-29,ACHV,eligible
2025-08-29,ACI,eligible
2025-08-29,ACIC,eligible
2025-08-29,ACIU,eligible
2025-08-29,ACIW,eligible
2025-08-29,ACLO,missing_or_invalid_current_volume
2025-08-29,ACLS,eligible
2025-09-30,A,eligible
2025-09-30,AA,eligible
2025-09-30,AAAP,missing_or_invalid_current_price
2025-09-30,AAC.U,missing_or_invalid_current_price
2025-09-30,AACB,missing_or_invalid_current_volume
2025-09-30,AACBR,missing_or_invalid_current_volume
2025-09-30,AACBU,missing_or_invalid_current_volume
2025-09-30,AACG,missing_or_invalid_t_minus_252_price
2025-09-30,AACI,missing_or_invalid_current_volume
2025-09-30,AACIU,missing_or_invalid_current_volume
2025-09-30,AACIW,missing_or_invalid_current_volume
2025-09-30,AACO,missing_or_invalid_current_price
2025-09-30,AACOU,missing_or_invalid_current_price
2025-09-30,AACOW,missing_or_invalid_current_price
2025-09-30,AACP,missing_or_invalid_current_price
2025-09-30,AACPR,missing_or_invalid_current_price
2025-09-30,AACPU,missing_or_invalid_current_price
2025-09-30,AACPW,missing_or_invalid_current_price
2025-09-30,AADR,missing_or_invalid_current_volume
2025-09-30,AADX,missing_or_invalid_current_price
2025-09-30,AAEQ,missing_or_invalid_current_price
2025-09-30,AAL,eligible
2025-09-30,AALG,missing_or_invalid_current_volume
2025-09-30,AAME,missing_or_invalid_current_volume
2025-09-30,AAMI,eligible
2025-09-30,AAOI,eligible
2025-09-30,AAON,eligible
2025-09-30,AAP,eligible
2025-09-30,AAPB,eligible
2025-09-30,AAPD,eligible
2025-09-30,AAPG,missing_or_invalid_current_volume
2025-09-30,AAPL,eligible
2025-09-30,AAPU,eligible
2025-09-30,AARD,missing_or_invalid_t_minus_252_price
2025-09-30,AAT,eligible
2025-09-30,AAUB,missing_or_invalid_current_price
2025-09-30,AAUC,missing_or_invalid_t_minus_252_price
2025-09-30,AAUS,missing_or_invalid_current_volume
2025-09-30,AAVM,missing_or_invalid_t_minus_21_price
2025-09-30,AAXJ,eligible
2025-09-30,AB,eligible
2025-09-30,ABAT,eligible
2025-09-30,ABBV,eligible
2025-09-30,ABCB,eligible
2025-09-30,ABCL,eligible
2025-09-30,ABCS,missing_or_invalid_current_volume
2025-09-30,ABEO,eligible
2025-09-30,ABEV,eligible
2025-09-30,ABG,eligible
2025-09-30,ABI,missing_or_invalid_current_volume
2025-09-30,ABIG,missing_or_invalid_current_volume
2025-09-30,ABLV,missing_or_invalid_current_volume
2025-09-30,ABLVW,missing_or_invalid_t_minus_21_price
2025-09-30,ABM,eligible
2025-09-30,ABNB,eligible
2025-09-30,ABOS,eligible
2025-09-30,ABR,eligible
2025-09-30,ABR.PRD,eligible
2025-09-30,ABR.PRE,missing_or_invalid_t_minus_21_price
2025-09-30,ABR.PRF,missing_or_invalid_current_volume
2025-09-30,ABSI,eligible
2025-09-30,ABT,eligible
2025-09-30,ABTC,eligible
2025-09-30,ABTS,eligible
2025-09-30,ABUS,eligible
2025-09-30,ABVC,missing_or_invalid_t_minus_252_price
2025-09-30,ABVX,eligible
2025-09-30,ABX,eligible
2025-09-30,ABXL,missing_or_invalid_current_volume
2025-09-30,ACA,eligible
2025-09-30,ACAA,missing_or_invalid_current_price
2025-09-30,ACAAU,missing_or_invalid_current_price
2025-09-30,ACAAW,missing_or_invalid_current_price
2025-09-30,ACAD,eligible
2025-09-30,ACB,eligible
2025-09-30,ACCL,missing_or_invalid_current_price
2025-09-30,ACCO,eligible
2025-09-30,ACCS,eligible
2025-09-30,ACDC,eligible
2025-09-30,ACEL,eligible
2025-09-30,ACEP,missing_or_invalid_current_price
2025-09-30,ACET,eligible
2025-09-30,ACFN,missing_or_invalid_current_volume
2025-09-30,ACGC,missing_or_invalid_current_price
2025-09-30,ACGCU,missing_or_invalid_current_price
2025-09-30,ACGCW,missing_or_invalid_current_price
2025-09-30,ACGL,eligible
2025-09-30,ACGLN,eligible
2025-09-30,ACGLO,missing_or_invalid_current_volume
2025-09-30,ACH,eligible
2025-09-30,ACHC,eligible
2025-09-30,ACHR,eligible
2025-09-30,ACHR.WS,missing_or_invalid_t_minus_252_price
2025-09-30,ACHV,eligible
2025-09-30,ACI,eligible
2025-09-30,ACIC,eligible
2025-09-30,ACIU,eligible
2025-09-30,ACIW,eligible
2025-09-30,ACLO,missing_or_invalid_current_volume
2025-09-30,ACLS,eligible
2025-10-31,A,eligible
2025-10-31,AA,eligible
2025-10-31,AAAP,missing_or_invalid_current_price
2025-10-31,AAC.U,missing_or_invalid_current_price
2025-10-31,AACB,missing_or_invalid_current_volume
2025-10-31,AACBR,missing_or_invalid_current_volume
2025-10-31,AACBU,missing_or_invalid_current_volume
2025-10-31,AACG,missing_or_invalid_current_volume
2025-10-31,AACI,missing_or_invalid_current_volume
2025-10-31,AACIU,missing_or_invalid_current_volume
2025-10-31,AACIW,missing_or_invalid_current_volume
2025-10-31,AACO,missing_or_invalid_current_price
2025-10-31,AACOU,missing_or_invalid_current_price
2025-10-31,AACOW,missing_or_invalid_current_price
2025-10-31,AACP,missing_or_invalid_current_price
2025-10-31,AACPR,missing_or_invalid_current_price
2025-10-31,AACPU,missing_or_invalid_current_price
2025-10-31,AACPW,missing_or_invalid_current_price
2025-10-31,AADR,missing_or_invalid_current_volume
2025-10-31,AADX,missing_or_invalid_current_price
2025-10-31,AAEQ,missing_or_invalid_current_price
2025-10-31,AAL,eligible
2025-10-31,AALG,missing_or_invalid_current_volume
2025-10-31,AAME,missing_or_invalid_t_minus_21_price
2025-10-31,AAMI,eligible
2025-10-31,AAOI,eligible
2025-10-31,AAON,eligible
2025-10-31,AAP,eligible
2025-10-31,AAPB,eligible
2025-10-31,AAPD,eligible
2025-10-31,AAPG,missing_or_invalid_current_volume
2025-10-31,AAPL,eligible
2025-10-31,AAPU,eligible
2025-10-31,AARD,missing_or_invalid_t_minus_252_price
2025-10-31,AAT,eligible
2025-10-31,AAUB,missing_or_invalid_current_price
2025-10-31,AAUC,missing_or_invalid_t_minus_252_price
2025-10-31,AAUS,missing_or_invalid_current_volume
2025-10-31,AAVM,missing_or_invalid_current_volume
2025-10-31,AAXJ,eligible
2025-10-31,AB,eligible
2025-10-31,ABAT,eligible
2025-10-31,ABBV,eligible
2025-10-31,ABCB,eligible
2025-10-31,ABCL,eligible
2025-10-31,ABCS,missing_or_invalid_current_volume
2025-10-31,ABEO,eligible
2025-10-31,ABEV,eligible
2025-10-31,ABG,eligible
2025-10-31,ABI,missing_or_invalid_current_volume
2025-10-31,ABIG,missing_or_invalid_current_volume
2025-10-31,ABLV,eligible
2025-10-31,ABLVW,missing_or_invalid_current_volume
2025-10-31,ABM,eligible
2025-10-31,ABNB,eligible
2025-10-31,ABOS,eligible
2025-10-31,ABR,eligible
2025-10-31,ABR.PRD,missing_or_invalid_t_minus_21_price
2025-10-31,ABR.PRE,missing_or_invalid_current_volume
2025-10-31,ABR.PRF,missing_or_invalid_t_minus_21_price
2025-10-31,ABSI,eligible
2025-10-31,ABT,eligible
2025-10-31,ABTC,eligible
2025-10-31,ABTS,missing_or_invalid_current_volume
2025-10-31,ABUS,eligible
2025-10-31,ABVC,eligible
2025-10-31,ABVX,eligible
2025-10-31,ABX,eligible
2025-10-31,ABXL,missing_or_invalid_current_volume
2025-10-31,ACA,eligible
2025-10-31,ACAA,missing_or_invalid_current_price
2025-10-31,ACAAU,missing_or_invalid_current_price
2025-10-31,ACAAW,missing_or_invalid_current_price
2025-10-31,ACAD,eligible
2025-10-31,ACB,eligible
2025-10-31,ACCL,missing_or_invalid_t_minus_21_price
2025-10-31,ACCO,eligible
2025-10-31,ACCS,missing_or_invalid_current_volume
2025-10-31,ACDC,eligible
2025-10-31,ACEL,eligible
2025-10-31,ACEP,missing_or_invalid_current_price
2025-10-31,ACET,eligible
2025-10-31,ACFN,missing_or_invalid_t_minus_21_price
2025-10-31,ACGC,missing_or_invalid_current_price
2025-10-31,ACGCU,missing_or_invalid_current_price
2025-10-31,ACGCW,missing_or_invalid_current_price
2025-10-31,ACGL,eligible
2025-10-31,ACGLN,eligible
2025-10-31,ACGLO,missing_or_invalid_t_minus_21_price
2025-10-31,ACH,eligible
2025-10-31,ACHC,eligible
2025-10-31,ACHR,eligible
2025-10-31,ACHR.WS,missing_or_invalid_t_minus_252_price
2025-10-31,ACHV,eligible
2025-10-31,ACI,eligible
2025-10-31,ACIC,eligible
2025-10-31,ACIU,eligible
2025-10-31,ACIW,eligible
2025-10-31,ACLO,missing_or_invalid_current_volume
2025-10-31,ACLS,eligible
2025-11-28,A,eligible
2025-11-28,AA,eligible
2025-11-28,AAAP,missing_or_invalid_current_price
2025-11-28,AAC.U,missing_or_invalid_current_price
2025-11-28,AACB,missing_or_invalid_current_volume
2025-11-28,AACBR,missing_or_invalid_current_volume
2025-11-28,AACBU,missing_or_invalid_current_volume
2025-11-28,AACG,missing_or_invalid_t_minus_21_price
2025-11-28,AACI,missing_or_invalid_current_volume
2025-11-28,AACIU,missing_or_invalid_current_volume
2025-11-28,AACIW,missing_or_invalid_current_volume
2025-11-28,AACO,missing_or_invalid_current_price
2025-11-28,AACOU,missing_or_invalid_current_price
2025-11-28,AACOW,missing_or_invalid_current_price
2025-11-28,AACP,missing_or_invalid_current_price
2025-11-28,AACPR,missing_or_invalid_current_price
2025-11-28,AACPU,missing_or_invalid_current_price
2025-11-28,AACPW,missing_or_invalid_current_price
2025-11-28,AADR,missing_or_invalid_current_volume
2025-11-28,AADX,missing_or_invalid_current_price
2025-11-28,AAEQ,missing_or_invalid_current_price
2025-11-28,AAL,eligible
2025-11-28,AALG,missing_or_invalid_current_volume
2025-11-28,AAME,missing_or_invalid_t_minus_21_price
2025-11-28,AAMI,eligible
2025-11-28,AAOI,eligible
2025-11-28,AAON,eligible
2025-11-28,AAP,eligible
2025-11-28,AAPB,eligible
2025-11-28,AAPD,eligible
2025-11-28,AAPG,missing_or_invalid_current_volume
2025-11-28,AAPL,eligible
2025-11-28,AAPU,eligible
2025-11-28,AARD,missing_or_invalid_t_minus_252_price
2025-11-28,AAT,eligible
2025-11-28,AAUB,missing_or_invalid_current_price
2025-11-28,AAUC,missing_or_invalid_t_minus_252_price
2025-11-28,AAUS,missing_or_invalid_current_volume
2025-11-28,AAVM,missing_or_invalid_current_volume
2025-11-28,AAXJ,eligible
2025-11-28,AB,eligible
2025-11-28,ABAT,eligible
2025-11-28,ABBV,eligible
2025-11-28,ABCB,eligible
2025-11-28,ABCL,eligible
2025-11-28,ABCS,missing_or_invalid_current_volume
2025-11-28,ABEO,eligible
2025-11-28,ABEV,eligible
2025-11-28,ABG,eligible
2025-11-28,ABI,missing_or_invalid_current_volume
2025-11-28,ABIG,missing_or_invalid_current_volume
2025-11-28,ABLV,missing_or_invalid_t_minus_21_price
2025-11-28,ABLVW,missing_or_invalid_current_volume
2025-11-28,ABM,eligible
2025-11-28,ABNB,eligible
2025-11-28,ABOS,eligible
2025-11-28,ABR,eligible
2025-11-28,ABR.PRD,missing_or_invalid_current_volume
2025-11-28,ABR.PRE,missing_or_invalid_current_volume
2025-11-28,ABR.PRF,missing_or_invalid_current_volume
2025-11-28,ABSI,eligible
2025-11-28,ABT,eligible
2025-11-28,ABTC,eligible
2025-11-28,ABTS,missing_or_invalid_current_volume
2025-11-28,ABUS,eligible
2025-11-28,ABVC,eligible
2025-11-28,ABVX,eligible
2025-11-28,ABX,eligible
2025-11-28,ABXL,missing_or_invalid_current_volume
2025-11-28,ACA,eligible
2025-11-28,ACAA,missing_or_invalid_current_price
2025-11-28,ACAAU,missing_or_invalid_current_price
2025-11-28,ACAAW,missing_or_invalid_current_price
2025-11-28,ACAD,eligible
2025-11-28,ACB,eligible
2025-11-28,ACCL,missing_or_invalid_t_minus_252_price
2025-11-28,ACCO,eligible
2025-11-28,ACCS,missing_or_invalid_current_volume
2025-11-28,ACDC,eligible
2025-11-28,ACEL,eligible
2025-11-28,ACEP,missing_or_invalid_t_minus_21_price
2025-11-28,ACET,eligible
2025-11-28,ACFN,missing_or_invalid_current_volume
2025-11-28,ACGC,missing_or_invalid_current_price
2025-11-28,ACGCU,missing_or_invalid_current_price
2025-11-28,ACGCW,missing_or_invalid_current_price
2025-11-28,ACGL,eligible
2025-11-28,ACGLN,eligible
2025-11-28,ACGLO,missing_or_invalid_t_minus_21_price
2025-11-28,ACH,eligible
2025-11-28,ACHC,eligible
2025-11-28,ACHR,eligible
2025-11-28,ACHR.WS,eligible
2025-11-28,ACHV,eligible
2025-11-28,ACI,eligible
2025-11-28,ACIC,eligible
2025-11-28,ACIU,eligible
2025-11-28,ACIW,eligible
2025-11-28,ACLO,missing_or_invalid_current_volume
2025-11-28,ACLS,eligible
2025-12-31,A,eligible
2025-12-31,AA,eligible
2025-12-31,AAAP,missing_or_invalid_current_price
2025-12-31,AAC.U,missing_or_invalid_current_price
2025-12-31,AACB,missing_or_invalid_current_volume
2025-12-31,AACBR,missing_or_invalid_current_volume
2025-12-31,AACBU,missing_or_invalid_current_volume
2025-12-31,AACG,missing_or_invalid_current_volume
2025-12-31,AACI,missing_or_invalid_current_volume
2025-12-31,AACIU,missing_or_invalid_current_volume
2025-12-31,AACIW,missing_or_invalid_current_volume
2025-12-31,AACO,missing_or_invalid_current_price
2025-12-31,AACOU,missing_or_invalid_current_price
2025-12-31,AACOW,missing_or_invalid_current_price
2025-12-31,AACP,missing_or_invalid_current_price
2025-12-31,AACPR,missing_or_invalid_current_price
2025-12-31,AACPU,missing_or_invalid_current_price
2025-12-31,AACPW,missing_or_invalid_current_price
2025-12-31,AADR,missing_or_invalid_current_volume
2025-12-31,AADX,missing_or_invalid_current_price
2025-12-31,AAEQ,missing_or_invalid_current_volume
2025-12-31,AAL,eligible
2025-12-31,AALG,missing_or_invalid_current_volume
2025-12-31,AAME,missing_or_invalid_t_minus_21_price
2025-12-31,AAMI,eligible
2025-12-31,AAOI,eligible
2025-12-31,AAON,eligible
2025-12-31,AAP,eligible
2025-12-31,AAPB,eligible
2025-12-31,AAPD,eligible
2025-12-31,AAPG,missing_or_invalid_current_volume
2025-12-31,AAPL,eligible
2025-12-31,AAPU,eligible
2025-12-31,AARD,missing_or_invalid_t_minus_252_price
2025-12-31,AAT,eligible
2025-12-31,AAUB,missing_or_invalid_current_price
2025-12-31,AAUC,missing_or_invalid_t_minus_252_price
2025-12-31,AAUS,missing_or_invalid_current_volume
2025-12-31,AAVM,missing_or_invalid_t_minus_252_price
2025-12-31,AAXJ,eligible
2025-12-31,AB,eligible
2025-12-31,ABAT,eligible
2025-12-31,ABBV,eligible
2025-12-31,ABCB,eligible
2025-12-31,ABCL,eligible
2025-12-31,ABCS,missing_or_invalid_current_volume
2025-12-31,ABEO,eligible
2025-12-31,ABEV,eligible
2025-12-31,ABG,eligible
2025-12-31,ABI,missing_or_invalid_current_volume
2025-12-31,ABIG,missing_or_invalid_current_volume
2025-12-31,ABLV,missing_or_invalid_current_volume
2025-12-31,ABLVW,missing_or_invalid_current_volume
2025-12-31,ABM,eligible
2025-12-31,ABNB,eligible
2025-12-31,ABOS,eligible
2025-12-31,ABR,eligible
2025-12-31,ABR.PRD,eligible
2025-12-31,ABR.PRE,missing_or_invalid_t_minus_21_price
2025-12-31,ABR.PRF,missing_or_invalid_t_minus_21_price
2025-12-31,ABSI,eligible
2025-12-31,ABT,eligible
2025-12-31,ABTC,eligible
2025-12-31,ABTS,missing_or_invalid_current_volume
2025-12-31,ABUS,eligible
2025-12-31,ABVC,eligible
2025-12-31,ABVX,eligible
2025-12-31,ABX,eligible
2025-12-31,ABXL,missing_or_invalid_current_price
2025-12-31,ACA,eligible
2025-12-31,ACAA,missing_or_invalid_current_price
2025-12-31,ACAAU,missing_or_invalid_current_price
2025-12-31,ACAAW,missing_or_invalid_current_price
2025-12-31,ACAD,eligible
2025-12-31,ACB,eligible
2025-12-31,ACCL,missing_or_invalid_t_minus_21_price
2025-12-31,ACCO,eligible
2025-12-31,ACCS,eligible
2025-12-31,ACDC,eligible
2025-12-31,ACEL,eligible
2025-12-31,ACEP,missing_or_invalid_current_volume
2025-12-31,ACET,eligible
2025-12-31,ACFN,missing_or_invalid_t_minus_21_price
2025-12-31,ACGC,missing_or_invalid_current_price
2025-12-31,ACGCU,missing_or_invalid_current_price
2025-12-31,ACGCW,missing_or_invalid_current_price
2025-12-31,ACGL,eligible
2025-12-31,ACGLN,eligible
2025-12-31,ACGLO,missing_or_invalid_current_volume
2025-12-31,ACH,eligible
2025-12-31,ACHC,eligible
2025-12-31,ACHR,eligible
2025-12-31,ACHR.WS,missing_or_invalid_t_minus_21_price
2025-12-31,ACHV,eligible
2025-12-31,ACI,eligible
2025-12-31,ACIC,eligible
2025-12-31,ACIU,eligible
2025-12-31,ACIW,eligible
2025-12-31,ACLO,missing_or_invalid_current_volume
2025-12-31,ACLS,eligible
2026-01-30,A,eligible
2026-01-30,AA,eligible
2026-01-30,AAAP,missing_or_invalid_current_price
2026-01-30,AAC.U,missing_or_invalid_current_price
2026-01-30,AACB,missing_or_invalid_current_volume
2026-01-30,AACBR,missing_or_invalid_current_volume
2026-01-30,AACBU,missing_or_invalid_current_volume
2026-01-30,AACG,missing_or_invalid_current_volume
2026-01-30,AACI,missing_or_invalid_current_volume
2026-01-30,AACIU,missing_or_invalid_current_volume
2026-01-30,AACIW,missing_or_invalid_current_volume
2026-01-30,AACO,missing_or_invalid_current_price
2026-01-30,AACOU,missing_or_invalid_current_price
2026-01-30,AACOW,missing_or_invalid_current_price
2026-01-30,AACP,missing_or_invalid_current_price
2026-01-30,AACPR,missing_or_invalid_current_price
2026-01-30,AACPU,missing_or_invalid_current_price
2026-01-30,AACPW,missing_or_invalid_current_price
2026-01-30,AADR,missing_or_invalid_t_minus_21_price
2026-01-30,AADX,missing_or_invalid_current_price
2026-01-30,AAEQ,missing_or_invalid_current_volume
2026-01-30,AAL,eligible
2026-01-30,AALG,missing_or_invalid_current_volume
2026-01-30,AAME,missing_or_invalid_current_volume
2026-01-30,AAMI,eligible
2026-01-30,AAOI,eligible
2026-01-30,AAON,eligible
2026-01-30,AAP,eligible
2026-01-30,AAPB,eligible
2026-01-30,AAPD,eligible
2026-01-30,AAPG,missing_or_invalid_t_minus_21_price
2026-01-30,AAPL,eligible
2026-01-30,AAPU,eligible
2026-01-30,AARD,missing_or_invalid_t_minus_252_price
2026-01-30,AAT,eligible
2026-01-30,AAUB,missing_or_invalid_current_price
2026-01-30,AAUC,missing_or_invalid_t_minus_252_price
2026-01-30,AAUS,missing_or_invalid_current_volume
2026-01-30,AAVM,missing_or_invalid_t_minus_21_price
2026-01-30,AAXJ,eligible
2026-01-30,AB,eligible
2026-01-30,ABAT,eligible
2026-01-30,ABBV,eligible
2026-01-30,ABCB,eligible
2026-01-30,ABCL,eligible
2026-01-30,ABCS,missing_or_invalid_t_minus_21_price
2026-01-30,ABEO,eligible
2026-01-30,ABEV,eligible
2026-01-30,ABG,eligible
2026-01-30,ABI,missing_or_invalid_current_volume
2026-01-30,ABIG,missing_or_invalid_current_volume
2026-01-30,ABLV,missing_or_invalid_t_minus_21_price
2026-01-30,ABLVW,missing_or_invalid_current_volume
2026-01-30,ABM,eligible
2026-01-30,ABNB,eligible
2026-01-30,ABOS,eligible
2026-01-30,ABR,eligible
2026-01-30,ABR.PRD,missing_or_invalid_t_minus_252_price
2026-01-30,ABR.PRE,missing_or_invalid_t_minus_252_price
2026-01-30,ABR.PRF,missing_or_invalid_current_volume
2026-01-30,ABSI,eligible
2026-01-30,ABT,eligible
2026-01-30,ABTC,eligible
2026-01-30,ABTS,missing_or_invalid_t_minus_21_price
2026-01-30,ABUS,eligible
2026-01-30,ABVC,eligible
2026-01-30,ABVX,eligible
2026-01-30,ABX,eligible
2026-01-30,ABXL,missing_or_invalid_current_volume
2026-01-30,ACA,eligible
2026-01-30,ACAA,missing_or_invalid_current_price
2026-01-30,ACAAU,missing_or_invalid_current_price
2026-01-30,ACAAW,missing_or_invalid_current_price
2026-01-30,ACAD,eligible
2026-01-30,ACB,eligible
2026-01-30,ACCL,missing_or_invalid_t_minus_252_price
2026-01-30,ACCO,eligible
2026-01-30,ACCS,missing_or_invalid_current_volume
2026-01-30,ACDC,eligible
2026-01-30,ACEL,eligible
2026-01-30,ACEP,missing_or_invalid_current_volume
2026-01-30,ACET,eligible
2026-01-30,ACFN,missing_or_invalid_t_minus_252_price
2026-01-30,ACGC,missing_or_invalid_current_price
2026-01-30,ACGCU,missing_or_invalid_current_price
2026-01-30,ACGCW,missing_or_invalid_current_price
2026-01-30,ACGL,eligible
2026-01-30,ACGLN,eligible
2026-01-30,ACGLO,eligible
2026-01-30,ACH,eligible
2026-01-30,ACHC,eligible
2026-01-30,ACHR,eligible
2026-01-30,ACHR.WS,eligible
2026-01-30,ACHV,eligible
2026-01-30,ACI,eligible
2026-01-30,ACIC,eligible
2026-01-30,ACIU,eligible
2026-01-30,ACIW,eligible
2026-01-30,ACLO,missing_or_invalid_current_volume
2026-01-30,ACLS,eligible
2026-02-27,A,eligible
2026-02-27,AA,eligible
2026-02-27,AAAP,missing_or_invalid_current_price
2026-02-27,AAC.U,missing_or_invalid_current_price
2026-02-27,AACB,missing_or_invalid_current_volume
2026-02-27,AACBR,missing_or_invalid_current_volume
2026-02-27,AACBU,missing_or_invalid_current_volume
2026-02-27,AACG,missing_or_invalid_current_volume
2026-02-27,AACI,missing_or_invalid_current_volume
2026-02-27,AACIU,missing_or_invalid_t_minus_21_price
2026-02-27,AACIW,missing_or_invalid_current_volume
2026-02-27,AACO,missing_or_invalid_current_price
2026-02-27,AACOU,missing_or_invalid_current_volume
2026-02-27,AACOW,missing_or_invalid_current_price
2026-02-27,AACP,missing_or_invalid_current_price
2026-02-27,AACPR,missing_or_invalid_current_price
2026-02-27,AACPU,missing_or_invalid_current_price
2026-02-27,AACPW,missing_or_invalid_current_price
2026-02-27,AADR,missing_or_invalid_current_volume
2026-02-27,AADX,missing_or_invalid_current_price
2026-02-27,AAEQ,missing_or_invalid_current_volume
2026-02-27,AAL,eligible
2026-02-27,AALG,missing_or_invalid_current_volume
2026-02-27,AAME,missing_or_invalid_current_volume
2026-02-27,AAMI,eligible
2026-02-27,AAOI,eligible
2026-02-27,AAON,eligible
2026-02-27,AAP,eligible
2026-02-27,AAPB,eligible
2026-02-27,AAPD,eligible
2026-02-27,AAPG,eligible
2026-02-27,AAPL,eligible
2026-02-27,AAPU,eligible
2026-02-27,AARD,eligible
2026-02-27,AAT,eligible
2026-02-27,AAUB,missing_or_invalid_current_price
2026-02-27,AAUC,missing_or_invalid_t_minus_252_price
2026-02-27,AAUS,missing_or_invalid_current_volume
2026-02-27,AAVM,missing_or_invalid_t_minus_21_price
2026-02-27,AAXJ,eligible
2026-02-27,AB,eligible
2026-02-27,ABAT,eligible
2026-02-27,ABBV,eligible
2026-02-27,ABCB,eligible
2026-02-27,ABCL,eligible
2026-02-27,ABCS,missing_or_invalid_current_volume
2026-02-27,ABEO,eligible
2026-02-27,ABEV,eligible
2026-02-27,ABG,eligible
2026-02-27,ABI,missing_or_invalid_current_volume
2026-02-27,ABIG,missing_or_invalid_current_volume
2026-02-27,ABLV,missing_or_invalid_current_volume
2026-02-27,ABLVW,missing_or_invalid_current_volume
2026-02-27,ABM,eligible
2026-02-27,ABNB,eligible
2026-02-27,ABOS,eligible
2026-02-27,ABR,eligible
2026-02-27,ABR.PRD,missing_or_invalid_t_minus_252_price
2026-02-27,ABR.PRE,eligible
2026-02-27,ABR.PRF,missing_or_invalid_current_volume
2026-02-27,ABSI,eligible
2026-02-27,ABT,eligible
2026-02-27,ABTC,eligible
2026-02-27,ABTS,missing_or_invalid_t_minus_252_price
2026-02-27,ABUS,eligible
2026-02-27,ABVC,eligible
2026-02-27,ABVX,eligible
2026-02-27,ABX,eligible
2026-02-27,ABXL,missing_or_invalid_t_minus_21_price
2026-02-27,ACA,eligible
2026-02-27,ACAA,missing_or_invalid_current_price
2026-02-27,ACAAU,missing_or_invalid_t_minus_21_price
2026-02-27,ACAAW,missing_or_invalid_current_price
2026-02-27,ACAD,eligible
2026-02-27,ACB,eligible
2026-02-27,ACCL,missing_or_invalid_current_volume
2026-02-27,ACCO,eligible
2026-02-27,ACCS,eligible
2026-02-27,ACDC,eligible
2026-02-27,ACEL,eligible
2026-02-27,ACEP,missing_or_invalid_current_volume
2026-02-27,ACET,eligible
2026-02-27,ACFN,missing_or_invalid_t_minus_252_price
2026-02-27,ACGC,missing_or_invalid_current_price
2026-02-27,ACGCU,missing_or_invalid_current_price
2026-02-27,ACGCW,missing_or_invalid_current_price
2026-02-27,ACGL,eligible
2026-02-27,ACGLN,eligible
2026-02-27,ACGLO,eligible
2026-02-27,ACH,eligible
2026-02-27,ACHC,eligible
2026-02-27,ACHR,eligible
2026-02-27,ACHR.WS,missing_or_invalid_t_minus_21_price
2026-02-27,ACHV,eligible
2026-02-27,ACI,eligible
2026-02-27,ACIC,eligible
2026-02-27,ACIU,eligible
2026-02-27,ACIW,eligible
2026-02-27,ACLO,missing_or_invalid_current_volume
2026-02-27,ACLS,eligible
2026-03-31,A,eligible
2026-03-31,AA,eligible
2026-03-31,AAAP,missing_or_invalid_current_price
2026-03-31,AAC.U,missing_or_invalid_current_price
2026-03-31,AACB,missing_or_invalid_current_volume
2026-03-31,AACBR,missing_or_invalid_current_volume
2026-03-31,AACBU,missing_or_invalid_current_volume
2026-03-31,AACG,missing_or_invalid_t_minus_21_price
2026-03-31,AACI,missing_or_invalid_current_volume
2026-03-31,AACIU,missing_or_invalid_current_volume
2026-03-31,AACIW,missing_or_invalid_current_volume
2026-03-31,AACO,missing_or_invalid_current_price
2026-03-31,AACOU,missing_or_invalid_current_volume
2026-03-31,AACOW,missing_or_invalid_current_price
2026-03-31,AACP,missing_or_invalid_current_price
2026-03-31,AACPR,missing_or_invalid_current_price
2026-03-31,AACPU,missing_or_invalid_current_price
2026-03-31,AACPW,missing_or_invalid_current_price
2026-03-31,AADR,missing_or_invalid_current_volume
2026-03-31,AADX,missing_or_invalid_current_price
2026-03-31,AAEQ,missing_or_invalid_t_minus_21_price
2026-03-31,AAL,eligible
2026-03-31,AALG,missing_or_invalid_t_minus_252_price
2026-03-31,AAME,missing_or_invalid_current_volume
2026-03-31,AAMI,eligible
2026-03-31,AAOI,eligible
2026-03-31,AAON,eligible
2026-03-31,AAP,eligible
2026-03-31,AAPB,eligible
2026-03-31,AAPD,eligible
2026-03-31,AAPG,eligible
2026-03-31,AAPL,eligible
2026-03-31,AAPU,eligible
2026-03-31,AARD,eligible
2026-03-31,AAT,eligible
2026-03-31,AAUB,missing_or_invalid_current_price
2026-03-31,AAUC,missing_or_invalid_t_minus_252_price
2026-03-31,AAUS,missing_or_invalid_current_volume
2026-03-31,AAVM,missing_or_invalid_t_minus_252_price
2026-03-31,AAXJ,eligible
2026-03-31,AB,eligible
2026-03-31,ABAT,eligible
2026-03-31,ABBV,eligible
2026-03-31,ABCB,eligible
2026-03-31,ABCL,eligible
2026-03-31,ABCS,missing_or_invalid_t_minus_21_price
2026-03-31,ABEO,eligible
2026-03-31,ABEV,eligible
2026-03-31,ABG,eligible
2026-03-31,ABI,missing_or_invalid_current_volume
2026-03-31,ABIG,missing_or_invalid_current_volume
2026-03-31,ABLV,missing_or_invalid_current_volume
2026-03-31,ABLVW,missing_or_invalid_current_volume
2026-03-31,ABM,eligible
2026-03-31,ABNB,eligible
2026-03-31,ABOS,eligible
2026-03-31,ABR,eligible
2026-03-31,ABR.PRD,missing_or_invalid_t_minus_252_price
2026-03-31,ABR.PRE,missing_or_invalid_t_minus_21_price
2026-03-31,ABR.PRF,missing_or_invalid_current_volume
2026-03-31,ABSI,eligible
2026-03-31,ABT,eligible
2026-03-31,ABTC,eligible
2026-03-31,ABTS,missing_or_invalid_t_minus_21_price
2026-03-31,ABUS,eligible
2026-03-31,ABVC,eligible
2026-03-31,ABVX,eligible
2026-03-31,ABX,eligible
2026-03-31,ABXL,eligible
2026-03-31,ACA,eligible
2026-03-31,ACAA,missing_or_invalid_current_price
2026-03-31,ACAAU,missing_or_invalid_t_minus_252_price
2026-03-31,ACAAW,missing_or_invalid_current_price
2026-03-31,ACAD,eligible
2026-03-31,ACB,eligible
2026-03-31,ACCL,missing_or_invalid_t_minus_252_price
2026-03-31,ACCO,eligible
2026-03-31,ACCS,missing_or_invalid_t_minus_252_price
2026-03-31,ACDC,eligible
2026-03-31,ACEL,eligible
2026-03-31,ACEP,missing_or_invalid_t_minus_252_price
2026-03-31,ACET,eligible
2026-03-31,ACFN,missing_or_invalid_current_volume
2026-03-31,ACGC,missing_or_invalid_current_price
2026-03-31,ACGCU,missing_or_invalid_current_price
2026-03-31,ACGCW,missing_or_invalid_current_price
2026-03-31,ACGL,eligible
2026-03-31,ACGLN,eligible
2026-03-31,ACGLO,eligible
2026-03-31,ACH,eligible
2026-03-31,ACHC,eligible
2026-03-31,ACHR,eligible
2026-03-31,ACHR.WS,missing_or_invalid_current_volume
2026-03-31,ACHV,eligible
2026-03-31,ACI,eligible
2026-03-31,ACIC,eligible
2026-03-31,ACIU,eligible
2026-03-31,ACIW,eligible
2026-03-31,ACLO,missing_or_invalid_current_volume
2026-03-31,ACLS,eligible
2026-04-30,A,eligible
2026-04-30,AA,eligible
2026-04-30,AAAP,missing_or_invalid_current_price
2026-04-30,AAC.U,missing_or_invalid_current_price
2026-04-30,AACB,missing_or_invalid_t_minus_21_price
2026-04-30,AACBR,missing_or_invalid_current_volume
2026-04-30,AACBU,missing_or_invalid_current_volume
2026-04-30,AACG,missing_or_invalid_current_volume
2026-04-30,AACI,missing_or_invalid_current_volume
2026-04-30,AACIU,missing_or_invalid_t_minus_21_price
2026-04-30,AACIW,missing_or_invalid_current_volume
2026-04-30,AACO,missing_or_invalid_current_volume
2026-04-30,AACOU,missing_or_invalid_current_volume
2026-04-30,AACOW,missing_or_invalid_current_price
2026-04-30,AACP,missing_or_invalid_current_price
2026-04-30,AACPR,missing_or_invalid_current_price
2026-04-30,AACPU,missing_or_invalid_current_volume
2026-04-30,AACPW,missing_or_invalid_current_price
2026-04-30,AADR,missing_or_invalid_current_volume
2026-04-30,AADX,missing_or_invalid_current_price
2026-04-30,AAEQ,missing_or_invalid_current_volume
2026-04-30,AAL,eligible
2026-04-30,AALG,missing_or_invalid_current_volume
2026-04-30,AAME,missing_or_invalid_current_volume
2026-04-30,AAMI,eligible
2026-04-30,AAOI,eligible
2026-04-30,AAON,eligible
2026-04-30,AAP,eligible
2026-04-30,AAPB,eligible
2026-04-30,AAPD,eligible
2026-04-30,AAPG,missing_or_invalid_current_volume
2026-04-30,AAPL,eligible
2026-04-30,AAPU,eligible
2026-04-30,AARD,eligible
2026-04-30,AAT,eligible
2026-04-30,AAUB,missing_or_invalid_current_price
2026-04-30,AAUC,missing_or_invalid_t_minus_252_price
2026-04-30,AAUS,missing_or_invalid_current_volume
2026-04-30,AAVM,missing_or_invalid_current_volume
2026-04-30,AAXJ,eligible
2026-04-30,AB,eligible
2026-04-30,ABAT,eligible
2026-04-30,ABBV,eligible
2026-04-30,ABCB,eligible
2026-04-30,ABCL,eligible
2026-04-30,ABCS,missing_or_invalid_current_volume
2026-04-30,ABEO,eligible
2026-04-30,ABEV,eligible
2026-04-30,ABG,eligible
2026-04-30,ABI,missing_or_invalid_current_volume
2026-04-30,ABIG,missing_or_invalid_current_volume
2026-04-30,ABLV,missing_or_invalid_current_volume
2026-04-30,ABLVW,missing_or_invalid_current_volume
2026-04-30,ABM,eligible
2026-04-30,ABNB,eligible
2026-04-30,ABOS,eligible
2026-04-30,ABR,eligible
2026-04-30,ABR.PRD,missing_or_invalid_t_minus_252_price
2026-04-30,ABR.PRE,missing_or_invalid_current_volume
2026-04-30,ABR.PRF,missing_or_invalid_t_minus_21_price
2026-04-30,ABSI,eligible
2026-04-30,ABT,eligible
2026-04-30,ABTC,eligible
2026-04-30,ABTS,eligible
2026-04-30,ABUS,eligible
2026-04-30,ABVC,eligible
2026-04-30,ABVX,eligible
2026-04-30,ABX,eligible
2026-04-30,ABXL,missing_or_invalid_current_volume
2026-04-30,ACA,eligible
2026-04-30,ACAA,missing_or_invalid_current_volume
2026-04-30,ACAAU,missing_or_invalid_current_volume
2026-04-30,ACAAW,missing_or_invalid_current_volume
2026-04-30,ACAD,eligible
2026-04-30,ACB,eligible
2026-04-30,ACCL,missing_or_invalid_t_minus_252_price
2026-04-30,ACCO,eligible
2026-04-30,ACCS,eligible
2026-04-30,ACDC,eligible
2026-04-30,ACEL,eligible
2026-04-30,ACEP,missing_or_invalid_current_volume
2026-04-30,ACET,eligible
2026-04-30,ACFN,missing_or_invalid_current_volume
2026-04-30,ACGC,missing_or_invalid_current_price
2026-04-30,ACGCU,missing_or_invalid_current_volume
2026-04-30,ACGCW,missing_or_invalid_current_price
2026-04-30,ACGL,eligible
2026-04-30,ACGLN,eligible
2026-04-30,ACGLO,eligible
2026-04-30,ACH,eligible
2026-04-30,ACHC,eligible
2026-04-30,ACHR,eligible
2026-04-30,ACHR.WS,missing_or_invalid_current_volume
2026-04-30,ACHV,eligible
2026-04-30,ACI,eligible
2026-04-30,ACIC,eligible
2026-04-30,ACIU,eligible
2026-04-30,ACIW,eligible
2026-04-30,ACLO,missing_or_invalid_current_volume
2026-04-30,ACLS,eligible
2026-05-29,A,eligible
2026-05-29,AA,eligible
2026-05-29,AAAP,missing_or_invalid_current_price
2026-05-29,AAC.U,missing_or_invalid_current_price
2026-05-29,AACB,missing_or_invalid_current_volume
2026-05-29,AACBR,missing_or_invalid_current_volume
2026-05-29,AACBU,missing_or_invalid_current_volume
2026-05-29,AACG,missing_or_invalid_current_volume
2026-05-29,AACI,missing_or_invalid_current_volume
2026-05-29,AACIU,missing_or_invalid_current_volume
2026-05-29,AACIW,missing_or_invalid_current_volume
2026-05-29,AACO,missing_or_invalid_current_volume
2026-05-29,AACOU,missing_or_invalid_current_volume
2026-05-29,AACOW,missing_or_invalid_current_price
2026-05-29,AACP,missing_or_invalid_t_minus_21_price
2026-05-29,AACPR,missing_or_invalid_current_volume
2026-05-29,AACPU,missing_or_invalid_current_volume
2026-05-29,AACPW,missing_or_invalid_current_price
2026-05-29,AADR,eligible
2026-05-29,AADX,missing_or_invalid_current_price
2026-05-29,AAEQ,missing_or_invalid_current_volume
2026-05-29,AAL,eligible
2026-05-29,AALG,missing_or_invalid_current_volume
2026-05-29,AAME,missing_or_invalid_current_volume
2026-05-29,AAMI,eligible
2026-05-29,AAOI,eligible
2026-05-29,AAON,eligible
2026-05-29,AAP,eligible
2026-05-29,AAPB,eligible
2026-05-29,AAPD,eligible
2026-05-29,AAPG,missing_or_invalid_t_minus_21_price
2026-05-29,AAPL,eligible
2026-05-29,AAPU,eligible
2026-05-29,AARD,missing_or_invalid_t_minus_252_price
2026-05-29,AAT,eligible
2026-05-29,AAUB,missing_or_invalid_current_price
2026-05-29,AAUC,missing_or_invalid_t_minus_252_price
2026-05-29,AAUS,missing_or_invalid_current_volume
2026-05-29,AAVM,missing_or_invalid_current_volume
2026-05-29,AAXJ,eligible
2026-05-29,AB,eligible
2026-05-29,ABAT,eligible
2026-05-29,ABBV,eligible
2026-05-29,ABCB,eligible
2026-05-29,ABCL,eligible
2026-05-29,ABCS,missing_or_invalid_t_minus_21_price
2026-05-29,ABEO,eligible
2026-05-29,ABEV,eligible
2026-05-29,ABG,eligible
2026-05-29,ABI,missing_or_invalid_current_volume
2026-05-29,ABIG,missing_or_invalid_current_volume
2026-05-29,ABLV,missing_or_invalid_current_volume
2026-05-29,ABLVW,missing_or_invalid_current_volume
2026-05-29,ABM,eligible
2026-05-29,ABNB,eligible
2026-05-29,ABOS,eligible
2026-05-29,ABR,eligible
2026-05-29,ABR.PRD,missing_or_invalid_current_volume
2026-05-29,ABR.PRE,missing_or_invalid_current_volume
2026-05-29,ABR.PRF,missing_or_invalid_t_minus_21_price
2026-05-29,ABSI,eligible
2026-05-29,ABT,eligible
2026-05-29,ABTC,eligible
2026-05-29,ABTS,missing_or_invalid_t_minus_21_price
2026-05-29,ABUS,eligible
2026-05-29,ABVC,missing_or_invalid_t_minus_21_price
2026-05-29,ABVX,eligible
2026-05-29,ABX,eligible
2026-05-29,ABXL,missing_or_invalid_current_volume
2026-05-29,ACA,eligible
2026-05-29,ACAA,missing_or_invalid_current_volume
2026-05-29,ACAAU,missing_or_invalid_current_volume
2026-05-29,ACAAW,missing_or_invalid_current_volume
2026-05-29,ACAD,eligible
2026-05-29,ACB,eligible
2026-05-29,ACCL,missing_or_invalid_current_volume
2026-05-29,ACCO,eligible
2026-05-29,ACCS,missing_or_invalid_current_volume
2026-05-29,ACDC,eligible
2026-05-29,ACEL,eligible
2026-05-29,ACEP,missing_or_invalid_current_volume
2026-05-29,ACET,eligible
2026-05-29,ACFN,missing_or_invalid_current_volume
2026-05-29,ACGC,missing_or_invalid_t_minus_21_price
2026-05-29,ACGCU,missing_or_invalid_current_volume
2026-05-29,ACGCW,missing_or_invalid_current_price
2026-05-29,ACGL,eligible
2026-05-29,ACGLN,eligible
2026-05-29,ACGLO,missing_or_invalid_t_minus_21_price
2026-05-29,ACH,eligible
2026-05-29,ACHC,eligible
2026-05-29,ACHR,eligible
2026-05-29,ACHR.WS,missing_or_invalid_current_volume
2026-05-29,ACHV,eligible
2026-05-29,ACI,eligible
2026-05-29,ACIC,eligible
2026-05-29,ACIU,eligible
2026-05-29,ACIW,eligible
2026-05-29,ACLO,missing_or_invalid_current_volume
2026-05-29,ACLS,eligible
2026-06-30,A,eligible
2026-06-30,AA,eligible
2026-06-30,AAAP,missing_or_invalid_current_price
2026-06-30,AAC.U,missing_or_invalid_t_minus_21_price
2026-06-30,AACB,missing_or_invalid_t_minus_21_price
2026-06-30,AACBR,missing_or_invalid_current_volume
2026-06-30,AACBU,missing_or_invalid_current_volume
2026-06-30,AACG,missing_or_invalid_t_minus_21_price
2026-06-30,AACI,missing_or_invalid_t_minus_21_price
2026-06-30,AACIU,missing_or_invalid_current_volume
2026-06-30,AACIW,missing_or_invalid_current_volume
2026-06-30,AACO,missing_or_invalid_current_volume
2026-06-30,AACOU,missing_or_invalid_current_volume
2026-06-30,AACOW,missing_or_invalid_current_volume
2026-06-30,AACP,missing_or_invalid_current_volume
2026-06-30,AACPR,missing_or_invalid_current_volume
2026-06-30,AACPU,missing_or_invalid_current_volume
2026-06-30,AACPW,missing_or_invalid_current_volume
2026-06-30,AADR,missing_or_invalid_current_volume
2026-06-30,AADX,missing_or_invalid_t_minus_21_price
2026-06-30,AAEQ,missing_or_invalid_t_minus_21_price
2026-06-30,AAL,eligible
2026-06-30,AALG,missing_or_invalid_t_minus_21_price
2026-06-30,AAME,missing_or_invalid_current_volume
2026-06-30,AAMI,eligible
2026-06-30,AAOI,eligible
2026-06-30,AAON,eligible
2026-06-30,AAP,eligible
2026-06-30,AAPB,eligible
2026-06-30,AAPD,eligible
2026-06-30,AAPG,eligible
2026-06-30,AAPL,eligible
2026-06-30,AAPU,eligible
2026-06-30,AARD,eligible
2026-06-30,AAT,eligible
2026-06-30,AAUB,missing_or_invalid_current_price
2026-06-30,AAUC,missing_or_invalid_t_minus_252_price
2026-06-30,AAUS,missing_or_invalid_t_minus_21_price
2026-06-30,AAVM,missing_or_invalid_current_volume
2026-06-30,AAXJ,eligible
2026-06-30,AB,eligible
2026-06-30,ABAT,eligible
2026-06-30,ABBV,eligible
2026-06-30,ABCB,eligible
2026-06-30,ABCL,eligible
2026-06-30,ABCS,missing_or_invalid_current_volume
2026-06-30,ABEO,eligible
2026-06-30,ABEV,eligible
2026-06-30,ABG,eligible
2026-06-30,ABI,missing_or_invalid_current_volume
2026-06-30,ABIG,missing_or_invalid_current_volume
2026-06-30,ABLV,missing_or_invalid_t_minus_21_price
2026-06-30,ABLVW,missing_or_invalid_current_volume
2026-06-30,ABM,eligible
2026-06-30,ABNB,eligible
2026-06-30,ABOS,eligible
2026-06-30,ABR,eligible
2026-06-30,ABR.PRD,missing_or_invalid_t_minus_21_price
2026-06-30,ABR.PRE,missing_or_invalid_t_minus_21_price
2026-06-30,ABR.PRF,eligible
2026-06-30,ABSI,eligible
2026-06-30,ABT,eligible
2026-06-30,ABTC,eligible
2026-06-30,ABTS,eligible
2026-06-30,ABUS,eligible
2026-06-30,ABVC,eligible
2026-06-30,ABVX,eligible
2026-06-30,ABX,eligible
2026-06-30,ABXL,missing_or_invalid_current_volume
2026-06-30,ACA,eligible
2026-06-30,ACAA,missing_or_invalid_current_volume
2026-06-30,ACAAU,missing_or_invalid_current_volume
2026-06-30,ACAAW,missing_or_invalid_t_minus_21_price
2026-06-30,ACAD,eligible
2026-06-30,ACB,eligible
2026-06-30,ACCL,missing_or_invalid_t_minus_21_price
2026-06-30,ACCO,eligible
2026-06-30,ACCS,missing_or_invalid_t_minus_21_price
2026-06-30,ACDC,eligible
2026-06-30,ACEL,eligible
2026-06-30,ACEP,missing_or_invalid_current_volume
2026-06-30,ACET,eligible
2026-06-30,ACFN,missing_or_invalid_current_volume
2026-06-30,ACGC,missing_or_invalid_current_volume
2026-06-30,ACGCU,missing_or_invalid_current_volume
2026-06-30,ACGCW,missing_or_invalid_current_volume
2026-06-30,ACGL,eligible
2026-06-30,ACGLN,eligible
2026-06-30,ACGLO,eligible
2026-06-30,ACH,eligible
2026-06-30,ACHC,eligible
2026-06-30,ACHR,eligible
2026-06-30,ACHR.WS,missing_or_invalid_current_volume
2026-06-30,ACHV,eligible
2026-06-30,ACI,eligible
2026-06-30,ACIC,eligible
2026-06-30,ACIU,eligible
2026-06-30,ACIW,eligible
2026-06-30,ACLO,missing_or_invalid_current_volume
2026-06-30,ACLS,eligible
2026-07-31,A,eligible
2026-07-31,AA,eligible
2026-07-31,AAAP,missing_or_invalid_current_price
2026-07-31,AAC.U,missing_or_invalid_current_volume
2026-07-31,AACB,missing_or_invalid_current_volume
2026-07-31,AACBR,missing_or_invalid_current_volume
2026-07-31,AACBU,missing_or_invalid_current_volume
2026-07-31,AACG,missing_or_invalid_current_volume
2026-07-31,AACI,missing_or_invalid_current_volume
2026-07-31,AACIU,missing_or_invalid_current_volume
2026-07-31,AACIW,missing_or_invalid_current_volume
2026-07-31,AACO,missing_or_invalid_current_volume
2026-07-31,AACOU,missing_or_invalid_current_volume
2026-07-31,AACOW,missing_or_invalid_current_volume
2026-07-31,AACP,missing_or_invalid_current_volume
2026-07-31,AACPR,missing_or_invalid_current_volume
2026-07-31,AACPU,missing_or_invalid_current_volume
2026-07-31,AACPW,missing_or_invalid_current_volume
2026-07-31,AADR,missing_or_invalid_current_volume
2026-07-31,AADX,missing_or_invalid_t_minus_252_price
2026-07-31,AAEQ,missing_or_invalid_current_volume
2026-07-31,AAL,eligible
2026-07-31,AALG,missing_or_invalid_t_minus_252_price
2026-07-31,AAME,missing_or_invalid_current_volume
2026-07-31,AAMI,eligible
2026-07-31,AAOI,eligible
2026-07-31,AAON,eligible
2026-07-31,AAP,eligible
2026-07-31,AAPB,eligible
2026-07-31,AAPD,eligible
2026-07-31,AAPG,missing_or_invalid_current_volume
2026-07-31,AAPL,eligible
2026-07-31,AAPU,eligible
2026-07-31,AARD,eligible
2026-07-31,AAT,eligible
2026-07-31,AAUB,missing_or_invalid_t_minus_21_price
2026-07-31,AAUC,eligible
2026-07-31,AAUS,missing_or_invalid_current_volume
2026-07-31,AAVM,missing_or_invalid_t_minus_21_price
2026-07-31,AAXJ,eligible
2026-07-31,AB,eligible
2026-07-31,ABAT,eligible
2026-07-31,ABBV,eligible
2026-07-31,ABCB,eligible
2026-07-31,ABCL,eligible
2026-07-31,ABCS,missing_or_invalid_current_volume
2026-07-31,ABEO,eligible
2026-07-31,ABEV,eligible
2026-07-31,ABG,eligible
2026-07-31,ABI,missing_or_invalid_current_volume
2026-07-31,ABIG,missing_or_invalid_current_volume
2026-07-31,ABLV,missing_or_invalid_current_volume
2026-07-31,ABLVW,missing_or_invalid_current_volume
2026-07-31,ABM,eligible
2026-07-31,ABNB,eligible
2026-07-31,ABOS,eligible
2026-07-31,ABR,eligible
2026-07-31,ABR.PRD,missing_or_invalid_current_volume
2026-07-31,ABR.PRE,missing_or_invalid_current_volume
2026-07-31,ABR.PRF,missing_or_invalid_t_minus_252_price
2026-07-31,ABSI,eligible
2026-07-31,ABT,eligible
2026-07-31,ABTC,eligible
2026-07-31,ABTS,missing_or_invalid_current_volume
2026-07-31,ABUS,eligible
2026-07-31,ABVC,eligible
2026-07-31,ABVX,eligible
2026-07-31,ABX,eligible
2026-07-31,ABXL,missing_or_invalid_current_volume
2026-07-31,ACA,eligible
2026-07-31,ACAA,missing_or_invalid_current_volume
2026-07-31,ACAAU,missing_or_invalid_current_volume
2026-07-31,ACAAW,missing_or_invalid_current_volume
2026-07-31,ACAD,eligible
2026-07-31,ACB,eligible
2026-07-31,ACCL,missing_or_invalid_t_minus_21_price
2026-07-31,ACCO,eligible
2026-07-31,ACCS,eligible
2026-07-31,ACDC,eligible
2026-07-31,ACEL,eligible
2026-07-31,ACEP,missing_or_invalid_current_volume
2026-07-31,ACET,eligible
2026-07-31,ACFN,missing_or_invalid_current_volume
2026-07-31,ACGC,missing_or_invalid_current_volume
2026-07-31,ACGCU,missing_or_invalid_current_volume
2026-07-31,ACGCW,missing_or_invalid_current_volume
2026-07-31,ACGL,eligible
2026-07-31,ACGLN,eligible
2026-07-31,ACGLO,eligible
2026-07-31,ACH,eligible
2026-07-31,ACHC,eligible
2026-07-31,ACHR,eligible
2026-07-31,ACHR.WS,missing_or_invalid_current_volume
2026-07-31,ACHV,eligible
2026-07-31,ACI,eligible
2026-07-31,ACIC,eligible
2026-07-31,ACIU,eligible
2026-07-31,ACIW,eligible
2026-07-31,ACLO,missing_or_invalid_current_volume
2026-07-31,ACLS,eligible
2026-08-11,A,eligible
2026-08-11,AA,eligible
2026-08-11,AAAP,missing_or_invalid_t_minus_21_price
2026-08-11,AAC.U,missing_or_invalid_current_volume
2026-08-11,AACB,missing_or_invalid_current_volume
2026-08-11,AACBR,missing_or_invalid_current_volume
2026-08-11,AACBU,missing_or_invalid_current_volume
2026-08-11,AACG,eligible
2026-08-11,AACI,missing_or_invalid_current_volume
2026-08-11,AACIU,missing_or_invalid_current_volume
2026-08-11,AACIW,missing_or_invalid_t_minus_21_price
2026-08-11,AACO,missing_or_invalid_current_volume
2026-08-11,AACOU,missing_or_invalid_current_volume
2026-08-11,AACOW,missing_or_invalid_current_volume
2026-08-11,AACP,missing_or_invalid_current_volume
2026-08-11,AACPR,missing_or_invalid_current_volume
2026-08-11,AACPU,missing_or_invalid_current_volume
2026-08-11,AACPW,missing_or_invalid_current_volume
2026-08-11,AADR,missing_or_invalid_t_minus_21_price
2026-08-11,AADX,missing_or_invalid_t_minus_252_price
2026-08-11,AAEQ,missing_or_invalid_current_volume
2026-08-11,AAL,eligible
2026-08-11,AALG,missing_or_invalid_current_volume
2026-08-11,AAME,missing_or_invalid_current_volume
2026-08-11,AAMI,eligible
2026-08-11,AAOI,eligible
2026-08-11,AAON,eligible
2026-08-11,AAP,eligible
2026-08-11,AAPB,missing_or_invalid_t_minus_21_price
2026-08-11,AAPD,eligible
2026-08-11,AAPG,missing_or_invalid_current_volume
2026-08-11,AAPL,eligible
2026-08-11,AAPU,eligible
2026-08-11,AARD,eligible
2026-08-11,AAT,eligible
2026-08-11,AAUB,missing_or_invalid_current_volume
2026-08-11,AAUC,eligible
2026-08-11,AAUS,missing_or_invalid_current_volume
2026-08-11,AAVM,missing_or_invalid_current_volume
2026-08-11,AAXJ,eligible
2026-08-11,AB,eligible
2026-08-11,ABAT,eligible
2026-08-11,ABBV,eligible
2026-08-11,ABCB,eligible
2026-08-11,ABCL,eligible
2026-08-11,ABCS,missing_or_invalid_current_volume
2026-08-11,ABEO,eligible
2026-08-11,ABEV,eligible
2026-08-11,ABG,eligible
2026-08-11,ABI,missing_or_invalid_current_volume
2026-08-11,ABIG,missing_or_invalid_current_volume
2026-08-11,ABLV,missing_or_invalid_current_volume
2026-08-11,ABLVW,missing_or_invalid_current_volume
2026-08-11,ABM,eligible
2026-08-11,ABNB,eligible
2026-08-11,ABOS,eligible
2026-08-11,ABR,eligible
2026-08-11,ABR.PRD,missing_or_invalid_current_volume
2026-08-11,ABR.PRE,missing_or_invalid_t_minus_252_price
2026-08-11,ABR.PRF,missing_or_invalid_t_minus_21_price
2026-08-11,ABSI,eligible
2026-08-11,ABT,eligible
2026-08-11,ABTC,eligible
2026-08-11,ABTS,missing_or_invalid_t_minus_21_price
2026-08-11,ABUS,eligible
2026-08-11,ABVC,eligible
2026-08-11,ABVX,eligible
2026-08-11,ABX,eligible
2026-08-11,ABXL,missing_or_invalid_current_volume
2026-08-11,ACA,eligible
2026-08-11,ACAA,missing_or_invalid_current_volume
2026-08-11,ACAAU,missing_or_invalid_current_volume
2026-08-11,ACAAW,missing_or_invalid_current_volume
2026-08-11,ACAD,eligible
2026-08-11,ACB,eligible
2026-08-11,ACCL,missing_or_invalid_t_minus_252_price
2026-08-11,ACCO,eligible
2026-08-11,ACCS,eligible
2026-08-11,ACDC,eligible
2026-08-11,ACEL,eligible
2026-08-11,ACEP,missing_or_invalid_current_volume
2026-08-11,ACET,eligible
2026-08-11,ACFN,eligible
2026-08-11,ACGC,missing_or_invalid_current_volume
2026-08-11,ACGCU,missing_or_invalid_current_volume
2026-08-11,ACGCW,missing_or_invalid_current_volume
2026-08-11,ACGL,eligible
2026-08-11,ACGLN,eligible
2026-08-11,ACGLO,eligible
2026-08-11,ACH,eligible
2026-08-11,ACHC,eligible
2026-08-11,ACHR,eligible
2026-08-11,ACHR.WS,missing_or_invalid_current_volume
2026-08-11,ACHV,eligible
2026-08-11,ACI,eligible
2026-08-11,ACIC,eligible
2026-08-11,ACIU,eligible
2026-08-11,ACIW,eligible
2026-08-11,ACLO,missing_or_invalid_current_volume
2026-08-11,ACLS,eligible
